atom_index,initial_velocity_m_s,in_0_to_210mps_design_window,initially_below_50mps,ideal_final_position_mm,ideal_final_velocity_m_s,ideal_exited_185mm,ideal_success_final_0_to_50mps,run05_200_magnets_final_position_mm,run05_200_magnets_final_velocity_m_s,run05_200_magnets_exited_185mm,run05_200_magnets_success_final_0_to_50mps
0,313.0086587905257,False,False,185.0000000000025,312.8779106047983,True,False,185.0000000000025,312.8779949490495,True,False
1,423.2758131477944,False,False,185.0,423.2447442479794,True,False,185.0,423.24475178324843,True,False
2,164.09368954679826,True,False,185.0,33.165354068086124,True,True,185.0,32.92996079458292,True,True
3,123.38696940674218,True,False,185.0,33.147114883951204,True,True,185.0,32.90635729329965,True,True
4,438.4617849575805,False,False,185.0,438.4350036362868,True,False,185.0,438.4350095486688,True,False
5,368.8617552312034,False,False,185.0,368.8045105257498,True,False,185.0,368.80453110275903,True,False
6,231.83228341749933,False,False,185.00000000000017,230.44822739443737,True,False,185.00000000000014,230.4543944020408,True,False
7,184.8525160304553,True,False,185.0,33.16673505410174,True,True,185.0,32.93178420769983,True,True
8,83.93764807234123,True,False,185.0000000000068,32.96845820972808,True,True,185.000000000002,32.68884345695464,True,True
9,157.18851537827837,True,False,185.0,33.164395177278834,True,True,185.0,32.928684626381866,True,True
10,382.820092107478,False,False,184.99999999999997,382.77182597775766,True,False,185.0,382.77184144647845,True,False
11,323.60984775511486,False,False,185.00000000000236,323.5005613682696,True,False,185.00000000000236,323.5006231339172,True,False
12,451.3480114770174,False,False,185.00000000000034,451.32425907448004,True,False,185.00000000000034,451.3242639326194,True,False
13,305.81701267179085,False,False,185.0000000000001,305.6681495790783,True,False,185.00000000000014,305.66825540616753,True,False
14,165.33865477489127,True,False,185.0,33.16548921239795,True,True,185.0,32.930099843884186,True,True
15,489.3830342222233,False,False,185.0,489.3659027646157,True,False,185.0,489.3659057300921,True,False
16,204.14978934106097,True,False,185.0,33.16717701996617,True,True,185.0,32.93232223170378,True,True
17,104.65788786353065,True,False,185.0,33.1082243473176,True,True,185.0,32.85662347817165,True,True
18,226.4829361350636,False,False,185.00000000000014,224.50800108757193,True,False,185.0000000000001,224.51986757409026,True,False
19,208.1026944993033,True,False,185.0,33.16728538345992,True,True,185.0,32.93250300388645,True,True
20,328.4887529928532,False,False,185.0,328.38769542591575,True,False,184.99999999999997,328.38774938733553,True,False
21,444.5715914566409,False,False,185.0,444.54630809769486,True,False,185.00000000000003,444.54631349044087,True,False
22,408.5568731314106,False,False,185.00000000000082,408.5207011297904,True,False,185.00000000000085,408.5207107170645,True,False
23,289.17360870529336,False,False,185.00000000000006,288.9662711766861,True,False,185.00000000000006,288.9664614008457,True,False
24,52.89751710030882,True,False,185.0,31.586444293406863,True,True,185.0,31.251032022195112,True,True
25,108.99043243489484,True,False,185.000000000001,33.12126356339249,True,True,185.0000000000018,32.87358605983108,True,True
26,152.78944584798225,True,False,185.0,33.16355302196724,True,True,185.0,32.92755565967782,True,True
27,79.64097687752195,True,False,185.0,32.90945287796326,True,True,185.0,32.62146521739843,True,True
28,321.0791421072822,False,False,185.00000000000009,320.96521217734875,True,False,185.00000000000003,320.9652785332418,True,False
29,452.2696480928258,False,False,185.00000000000028,452.2460940910725,True,False,185.00000000000028,452.24609889108257,True,False
30,279.8175416042424,False,False,185.00000000000003,279.5617110856049,True,False,185.00000000000006,279.5619882062059,True,False
31,428.3703506688772,False,False,185.00000000000057,428.34081828109,True,False,185.0000000000006,428.34082516800174,True,False
32,119.57307716949296,True,False,185.00000000000003,33.14220055593875,True,True,185.0,32.9001166508269,True,True
33,501.9526527448026,False,False,185.00000000000017,501.9371535409739,True,False,185.00000000000017,501.93715601021853,True,False
34,193.8677132599241,True,False,185.0,33.16698499652408,True,True,184.99999999999997,32.932146219992354,True,True
35,226.32083622487832,False,False,185.00000000000009,224.32160182735095,True,False,185.00000000000006,224.33373787496126,True,False
36,473.0204303173387,False,False,185.00000000000034,473.0008046259394,True,False,185.00000000000037,473.00080818703805,True,False
37,123.348826808345,True,False,185.0,33.14707132988619,True,True,185.0,32.90630070372546,True,True
38,397.7141486269309,False,False,185.00000000000009,397.67345612765087,True,False,185.00000000000009,397.6734677894271,True,False
39,280.4102136755687,False,False,185.00000000000009,280.1579219084928,True,False,185.00000000000006,280.1581921788964,True,False
40,275.02686402071714,False,False,185.00000000000648,274.7395583999305,True,False,185.00000000000654,274.7398999696572,True,False
41,322.0832081564752,False,False,185.00000000000006,321.97115326795625,True,False,185.00000000000006,321.97121773908583,True,False
42,432.9141698343989,False,False,185.0000000000002,432.88592167016293,True,False,185.0000000000002,432.88592810179995,True,False
43,438.3002043718084,False,False,185.0,438.27338181399114,True,False,185.0,438.2733877390765,True,False
44,276.0979310665543,False,False,185.00000000000384,275.8181372808331,True,False,185.0000000000039,275.81846289653555,True,False
45,238.77497107941227,False,False,185.00000000000037,237.8149536187945,True,False,185.00000000000026,237.81808814866937,True,False
46,467.57856478017663,False,False,185.0,467.5580007629979,True,False,185.0,467.5580046363986,True,False
47,210.9372666636108,False,False,185.0,33.16876969070785,True,True,184.99999999999932,32.93567149166678,True,True
48,296.83117381854254,False,False,184.99999999999997,296.65420987516137,True,False,185.0,296.654353423585,True,False
49,442.8226465429322,False,False,185.00000000000003,442.79694628741527,True,False,185.00000000000003,442.7969518646313,True,False
50,190.687834190854,True,False,185.0,33.16691180316447,True,True,185.00000000000026,32.93197759800799,True,True
51,263.0457716458501,False,False,185.0,262.64936590908525,True,False,185.0,262.6499790538824,True,False
52,78.11017218638331,True,False,185.0,32.88412177692409,True,True,185.0,32.592585915921056,True,True
53,225.9405000839124,False,False,185.0,223.88221927482746,True,False,185.0,223.89502174191395,True,False
54,293.83537112710707,False,False,185.00000000000242,293.6473404143135,True,False,185.00000000000247,293.64750025808485,True,False
55,285.4298848454804,False,False,185.00000000000173,285.204895353648,True,False,185.00000000000176,285.2051154043402,True,False
56,86.92663066372478,True,False,185.0,33.000959646670616,True,True,185.0,32.72604989772098,True,True
57,133.26671489962567,True,False,184.99999999999997,33.15582688967084,True,True,185.0,32.91747395090957,True,True
58,250.13934502449467,False,False,185.0000000000001,249.53765286142524,True,False,185.00000000000009,249.53897305061648,True,False
59,266.4775874660423,False,False,185.00000000000023,266.1179978593919,True,False,185.00000000000014,266.1185110641846,True,False
60,182.57109969257655,True,False,185.0,33.16665150401536,True,True,185.0,32.93165882169998,True,True
61,320.7989986424413,False,False,185.00000000000006,320.6845376569808,True,False,185.00000000000006,320.68460455698516,True,False
62,296.01103009558346,False,False,185.00000000000014,295.83113160878474,True,False,185.00000000000014,295.8312793910408,True,False
63,361.9943798993167,False,False,185.00000000000122,361.93185685804144,True,False,185.00000000000122,361.93188068907097,True,False
64,301.5802607702942,False,False,185.00000000000432,301.41901093391834,True,False,185.00000000000438,301.4191327295349,True,False
65,129.3539062181837,True,False,185.0,33.152950132113396,True,True,185.0,32.91374933924797,True,True
66,276.4470074488841,False,False,185.00000000000296,276.16959956548953,True,False,185.00000000000304,276.169920169309,True,False
67,56.8192934301652,True,False,185.0,31.997955372316405,True,True,185.0,31.654254771432004,True,True
68,110.86247301891284,True,False,185.0,33.125955912419585,True,True,185.0,32.87965660744209,True,True
69,363.51686489433206,False,False,185.00000000000074,363.4555684569461,True,False,185.00000000000074,363.45559150795305,True,False
70,130.05955318095283,True,False,185.0,33.15351620742572,True,True,185.0,32.91449761327008,True,True
71,196.50279208196585,True,False,185.0,33.167037938363315,True,True,185.0,32.93218911076462,True,True
72,361.6058098525869,False,False,185.00000000000134,361.5429683227585,True,False,185.00000000000134,361.54299235345815,True,False
73,73.72035073810464,True,False,185.0,32.795309805739635,True,True,185.0,32.49166439432757,True,True
74,233.51222162415735,False,False,185.0000000000005,232.2554567857481,True,False,185.0000000000003,232.26061712336147,True,False
75,389.49042898384056,False,False,185.00000000000003,389.4457754541564,True,False,185.00000000000003,389.4457890263189,True,False
76,358.0332802490032,False,False,185.00000000000003,357.9674022389818,True,False,185.00000000000003,357.9674282591435,True,False
77,98.59952196587776,True,False,185.0,33.08342967647269,True,True,185.0,32.82465576564405,True,True
78,383.7830165496384,False,False,185.00000000000003,383.73529620473994,True,False,185.0,383.73531139393776,True,False
79,325.08070702502783,False,False,185.00000000000128,324.973997742176,True,False,185.0000000000013,324.9740570093426,True,False
80,384.0444731416944,False,False,185.0,383.9968995211549,True,False,185.0,383.99691463978087,True,False
81,331.91119068864543,False,False,185.00000000000006,331.81539435831934,True,False,185.00000000000003,331.81544357695316,True,False
82,215.71475499608533,False,False,185.00000000000034,208.91127111514535,True,False,185.0000000000003,209.03582072576714,True,False
83,382.5219007518986,False,False,185.0,382.473463864021,True,False,185.0,382.4734794226137,True,False
84,239.6571837772479,False,False,185.0000000000152,238.73585545869076,True,False,185.0000000000153,238.73876002889943,True,False
85,227.8408473053817,False,False,185.0000000000005,226.0513318218629,True,False,185.00000000000037,226.06123174833579,True,False
86,525.1575668845057,False,False,184.99999999999997,525.1445693901281,True,False,185.0,525.14457123073,True,False
87,245.36873885139173,False,False,185.00000000000037,244.64744599541214,True,False,185.0000000000002,244.6492918325466,True,False
88,357.760780026346,False,False,185.00000000000003,357.69466210372167,True,False,185.00000000000003,357.6946882921609,True,False
89,96.02351708804008,True,False,184.99999999999724,33.069873192282564,True,True,184.99999999999906,32.80766634012325,True,True
90,132.13612603606558,True,False,185.0,33.155059909664544,True,True,185.0,32.916459837658664,True,True
91,302.93094723998786,False,False,185.00000000000276,302.7738011845483,True,False,185.00000000000279,302.77391759737196,True,False
92,236.1069493371188,False,False,185.00000000000054,235.01258248930662,True,False,185.0000000000006,235.01657752065861,True,False
93,350.4521162476596,False,False,185.0000000000006,350.37908373397585,True,False,185.0000000000006,350.37911470383455,True,False
94,104.58432017710244,True,False,185.0,33.107970695970785,True,True,185.0,32.856340371770095,True,True
95,247.07205300692996,False,False,185.00000000000588,246.39739595873456,True,False,185.00000000000597,246.39902708108764,True,False
96,165.33873904020246,True,False,185.0,33.16548922163767,True,True,185.0,32.930099854190466,True,True
97,199.0052833166466,True,False,185.0,33.16708804613148,True,True,185.0,32.9321808017944,True,True
98,370.5407497967999,False,False,185.00000000000003,370.484701274948,True,False,185.00000000000003,370.4847211668689,True,False
99,184.7456073278714,True,False,185.0,33.16673147676563,True,True,185.00000000000003,32.93178112880045,True,True
100,294.5172167115315,False,False,185.0000000000015,294.33179057650165,True,False,185.00000000000153,294.33194649452633,True,False
101,140.49379461340678,True,False,184.99999999999895,33.15971178508402,True,True,184.99999999999986,32.92249374876953,True,True
102,102.7603546684247,True,False,185.00000000000105,33.10138747643582,True,True,185.00000000000168,32.84775817013582,True,True
103,363.7134747684484,False,False,185.00000000000065,363.6523342980962,True,False,185.00000000000068,363.6523572470031,True,False
104,154.66093529180438,True,False,185.0,33.163937259897686,True,True,185.0,32.92810136530987,True,True
105,128.21863810285672,True,False,184.9999999999973,33.15198923700707,True,True,184.99999999999665,32.91253734094493,True,True
106,257.57178116185,False,False,185.00000000000017,257.1037532860637,True,False,185.00000000000014,257.1045844796354,True,False
107,147.0172959134019,True,False,185.0,33.16208086459798,True,True,185.00000000000003,32.92564127440816,True,True
108,210.36025319442209,False,False,185.0,33.1676258495363,True,True,185.0,32.9329977813527,True,True
109,80.43200510662865,True,False,185.0,32.92158025414514,True,True,185.0,32.635299768985,True,True
110,178.98524513100492,True,False,185.0,33.16648942788142,True,True,185.0,32.93146513247045,True,True
111,241.2070654464996,False,False,185.00000000000415,240.34796311997,True,False,185.0000000000042,240.35051472140847,True,False
112,237.85720088824849,False,False,185.00000000000023,236.85410542785064,True,False,185.00000000000014,236.85750551043967,True,False
113,201.6020122317408,True,False,185.0,33.16713257049702,True,True,185.0,32.93223514624501,True,True
114,132.76301253112484,True,False,185.0,33.1554912821931,True,True,185.0,32.91708199855114,True,True
115,83.92048822015732,True,False,185.00000000000185,32.968253145659226,True,True,185.00000000000037,32.688598185392415,True,True
116,235.3918610253392,False,False,185.00000000000418,234.2562896812664,True,False,185.0000000000043,234.26056755303094,True,False
117,487.14491118439,False,False,185.0,487.1274649299112,True,False,185.0,487.1274679689883,True,False
118,147.05490603879375,True,False,185.00000000000003,33.162092321885154,True,True,185.0,32.925658369552494,True,True
119,390.7685879788857,False,False,185.0,390.72458387272974,True,False,185.0,390.7245971155281,True,False
120,346.8981351508233,False,False,185.00000000000205,346.82137353039985,True,False,185.00000000000207,346.8214072187382,True,False
121,313.09555151590854,False,False,185.0000000000024,312.9650025996092,True,False,185.00000000000242,312.96508671941035,True,False
122,301.9369388663628,False,False,185.00000000000395,301.77678746963414,True,False,185.000000000004,301.7769078191341,True,False
123,157.7242560969062,True,False,185.0,33.16448246273489,True,True,185.0,32.92881195485015,True,True
124,102.23177039189576,True,False,185.0,33.09934190778736,True,True,185.0,32.84513755888427,True,True
125,187.45780432550097,True,False,185.0,33.166822460539905,True,True,185.0000000000049,32.93185746032999,True,True
126,69.55296864844122,True,False,185.0,32.68199505718828,True,True,185.0,32.36494892813951,True,True
127,160.01148555093948,True,False,185.00000000000009,33.16483209453693,True,True,185.00000000000063,32.92923186398004,True,True
128,232.14436322017136,False,False,185.00000000000026,230.78551172943904,True,False,185.00000000000017,230.79147297836047,True,False
129,153.8415590195982,True,False,184.99999999999966,33.16377412523559,True,True,184.99999999999997,32.92781143876698,True,True
130,98.42084830657862,True,False,185.00000000000003,33.08255625761672,True,True,185.0000000000043,32.823561016786705,True,True
131,130.03011197521144,True,False,185.0,33.15349291292063,True,True,185.0,32.914471723764805,True,True
132,146.85363541308183,True,False,185.0,33.16203055855517,True,True,185.0,32.92556443218407,True,True
133,379.8334000268768,False,False,185.0000000000003,379.78338529932506,True,False,185.00000000000034,379.78340169927844,True,False
134,351.74921851071656,False,False,185.00000000000023,351.67748427013436,True,False,185.00000000000023,351.67751431070644,True,False
135,479.4907845894001,False,False,185.00000000000006,479.4722005938479,True,False,185.00000000000009,479.472203893731,True,False
136,537.4307393349447,False,False,185.00000000000003,537.4188471144079,True,False,185.00000000000003,537.4188487671864,True,False
137,241.68032515290412,False,False,185.00000000000173,240.83890249420506,True,False,185.0000000000018,240.8413576709646,True,False
138,59.459573079526,True,False,185.0,32.20351442800667,True,True,185.0,31.86046464816417,True,True
139,170.36921301342835,True,False,185.0,33.165951633055,True,True,185.0,32.93067765454782,True,True
140,165.06401321828076,True,False,185.0,33.165458949774404,True,True,185.0,32.93006852968434,True,True
141,279.2586048332361,False,False,185.0,278.9993701007371,True,False,185.0,278.9996538744882,True,False
142,488.9207673995114,False,False,185.0,488.9035715547885,True,False,185.0,488.90357454157515,True,False
143,206.4853702755128,True,False,185.0,33.16722863439846,True,True,185.0,32.93241558897774,True,True
144,130.00178528098894,True,False,185.0,33.15347054112184,True,True,185.0,32.91444708236936,True,True
145,260.5546633743388,False,False,185.0000000000054,260.12787415273624,True,False,185.00000000000549,260.1285759830524,True,False
146,228.4552124402077,False,False,185.0000000000211,226.74019119292834,True,False,185.00000000002115,226.7493464770329,True,False
147,170.0660870087219,True,False,185.0,33.165928193005385,True,True,185.0,32.93063824522588,True,True
148,257.72344469863185,False,False,185.00000000000017,257.2576564253285,True,False,185.00000000000014,257.2584803177942,True,False
149,286.49375502715486,False,False,185.00000000000037,286.27399687142895,True,False,185.0000000000004,286.27420785900256,True,False
150,127.7069378517019,True,False,185.0000000000046,33.15153469386878,True,True,184.99999999999707,32.91190390512563,True,True
151,109.0558362876156,True,False,184.99999999999747,33.1214365204921,True,True,184.99999999999653,32.873830410905214,True,True
152,294.5255797510852,False,False,185.00000000000148,294.3401852387163,True,False,185.00000000000153,294.34034110908914,True,False
153,237.1067749397908,False,False,185.00000000000009,236.0661043573011,True,False,185.00000000000006,236.06974408565864,True,False
154,206.8324168960748,True,False,185.0,33.1672384545737,True,True,185.0,32.93243115214723,True,True
155,405.484529344002,False,False,185.0,405.44714944641294,True,False,185.00000000000003,405.44715959636346,True,False
156,325.12868253156284,False,False,185.00000000000125,325.02205586069186,True,False,185.00000000000125,325.02211504637256,True,False
157,438.2394069165597,False,False,185.0,438.2125688203638,True,False,185.00000000000003,438.2125747505435,True,False
158,458.598389903286,False,False,185.0,458.5761392849165,True,False,185.00000000000003,458.57614367473246,True,False
159,274.7524050960164,False,False,185.00000000000713,274.46312684792724,True,False,185.00000000000722,274.4634726476751,True,False
160,518.4788619655473,False,False,185.0,518.4652041461411,True,False,185.0,518.4652062485148,True,False
161,251.64943710232063,False,False,185.0000000000003,251.07927814282306,True,False,185.0000000000002,251.08047343866124,True,False
162,257.1292667972616,False,False,185.00000000000014,256.6546101709422,True,False,185.0000000000001,256.65546314603534,True,False
163,308.23613630732723,False,False,185.0,308.0937445435937,True,False,185.00000000000003,308.09384248372317,True,False
164,102.2053691130942,True,False,185.00000000000003,33.099238873624955,True,True,185.0,32.84500560341021,True,True
165,426.3131913437894,False,False,185.00000000000003,426.2830513139613,True,False,185.0,426.2830584277201,True,False
166,276.66077846130986,False,False,185.0000000000025,276.384816954084,True,False,185.00000000000256,276.3851345430081,True,False
167,156.7212132675495,True,False,185.0,33.164313798408045,True,True,185.0,32.928547559879746,True,True
168,222.6535857408729,False,False,185.00000000000048,219.92961236009535,True,False,185.00000000000034,219.9510406001996,True,False
169,447.61935698353466,False,False,185.00000000000003,447.59477833853504,True,False,185.0,447.59478344481846,True,False
170,681.9880314753391,False,False,185.0,681.9831036522247,True,False,185.0,681.9831041833788,True,False
171,258.06317368701707,False,False,185.00000000000023,257.6023435869774,True,False,185.00000000000017,257.60315144156954,True,False
172,345.42594073701736,False,False,185.00000000000006,345.3475565339665,True,False,185.0,345.34759143999514,True,False
173,220.1725609269955,False,False,185.00000000001566,216.6477416151545,True,False,185.0000000000154,216.68230827946095,True,False
174,593.4342025422333,False,False,185.0,593.4260194206935,True,False,185.00000000000003,593.4260203640764,True,False
175,276.5643089476363,False,False,185.00000000000276,276.28769610171645,True,False,185.00000000000279,276.28801504813134,True,False
176,159.9336265613142,True,False,184.99999999999997,33.16482074764644,True,True,185.00000000000014,32.92921048008604,True,True
177,392.3551546176152,False,False,185.00000000000088,392.311938697805,True,False,185.00000000000088,392.3119515660309,True,False
178,198.9053210511788,True,False,185.0,33.16708616907582,True,True,185.0,32.93218024173173,True,True
179,336.359728902394,False,False,185.0000000000014,336.2702138496655,True,False,185.00000000000142,336.27025766775944,True,False
180,359.3475681067175,False,False,185.00000000000003,359.2828303883665,True,False,185.00000000000003,359.2828556296047,True,False
181,598.8095517164538,False,False,185.0,598.8016377776947,True,False,185.00000000000003,598.801638603756,True,False
182,256.3391927208348,False,False,185.00000000000003,255.85234124281445,True,False,185.00000000000003,255.85323490939618,True,False
183,309.27495361314226,False,False,185.00000000000006,309.1352182686723,True,False,185.00000000000006,309.1353129987114,True,False
184,405.13274919310334,False,False,185.00000000000003,405.09522747532685,True,False,185.0,405.09523769551913,True,False
185,218.65587941265565,False,False,185.00000000000045,214.40628479547325,True,False,185.00000000000034,214.45550909100007,True,False
186,111.90536723879327,True,False,185.0,33.12835625888403,True,True,185.0,32.88269859456815,True,True
187,464.1228598452523,False,False,185.0,464.1016680368512,True,False,184.99999999999997,464.10167216244434,True,False
188,226.7825294299592,False,False,185.00000000000023,224.85121116365144,True,False,185.00000000000017,224.86260065746924,True,False
189,447.95482622842326,False,False,185.0,447.9303235071214,True,False,185.00000000000003,447.93032858754526,True,False
190,104.15271832480153,True,False,185.0,33.106477420754835,True,True,185.00000000000003,32.854353949931316,True,True
191,129.58640894074307,True,False,185.0,33.1531414972982,True,True,185.0,32.914026043837445,True,True
192,86.15047428689806,True,False,185.0,32.99309717707271,True,True,185.0,32.71707035845945,True,True
193,126.0097804480361,True,False,185.0,33.14992465864004,True,True,184.99999999999997,32.909912320188425,True,True
194,269.24956553991854,False,False,185.00000000000148,268.91611134612066,True,False,185.0000000000015,268.916558727148,True,False
195,177.45718199375912,True,False,185.0,33.166414546251644,True,True,184.99999999999997,32.931377089326766,True,True
196,394.9564980393274,False,False,185.00000000000043,394.914533066214,True,False,185.00000000000043,394.9145453353275,True,False
197,118.91208182402475,True,False,185.0,33.14122857194741,True,True,185.0,32.89893437699267,True,True
198,186.6988760628816,True,False,185.0,33.16679795891803,True,True,185.0,32.93183158148129,True,True
199,365.7193271814909,False,False,185.0000000000002,365.65974696694025,True,False,185.0000000000002,365.65976893566113,True,False
200,323.13490235655064,False,False,185.0000000000027,323.0247651033277,True,False,185.00000000000273,323.0248277035637,True,False
201,349.4107731244908,False,False,185.000000000001,349.336674543799,True,False,185.00000000000102,349.33670629440263,True,False
202,129.11288818172017,True,False,185.0,33.15275179759119,True,True,185.0,32.91345406017572,True,True
203,250.2977636232924,False,False,185.00000000000014,249.69950412054257,True,False,185.0000000000001,249.70081043819206,True,False
204,243.7116981223475,False,False,185.00000000000017,242.94001132027518,True,False,185.0000000000001,242.94210300430635,True,False
205,151.04608464634316,True,False,185.0,33.16315862659844,True,True,185.0,32.926996176627455,True,True
206,118.21806331618902,True,False,184.99999999999625,33.140176107863525,True,True,184.99999999999903,32.897528802385764,True,True
207,166.9183632690472,True,False,184.99999999999997,33.16564886098757,True,True,185.0,32.93029903652294,True,True
208,153.9018345825923,True,False,184.9999999999999,33.16378639382096,True,True,185.0,32.92783100307928,True,True
209,228.46241218563569,False,False,185.000000000021,226.74823301882728,True,False,185.00000000002103,226.75738003550197,True,False
210,238.04582402510957,False,False,185.00000000000028,237.05183159716447,True,False,185.00000000000017,237.0551747284582,True,False
211,224.0553548745505,False,False,185.00000000001836,221.65493081116898,True,False,185.0000000000184,221.6719113409472,True,False
212,309.5727331600493,False,False,185.00000000000006,309.43374628148916,True,False,185.00000000000006,309.4338401149226,True,False
213,345.1449248955365,False,False,185.00000000000003,345.0662255402482,True,False,185.00000000000006,345.0662606876442,True,False
214,288.2498992785959,False,False,185.00000000000003,288.03839807101065,True,False,185.00000000000003,288.03859515015927,True,False
215,532.6645734839351,False,False,185.0000000000001,532.6522676693942,True,False,185.0000000000001,532.6522693887495,True,False
216,78.76160521742213,True,False,185.0,32.89521646864696,True,True,185.0,32.6052512452893,True,True
217,79.84055101239805,True,False,185.0000000000007,32.91257291613162,True,True,185.00000000000006,32.62501538383036,True,True
218,289.6221547840645,False,False,185.00000000000009,289.4167964373725,True,False,185.00000000000006,289.4169834155293,True,False
219,245.10899306823217,False,False,185.00000000000034,244.38014737745885,True,False,185.00000000000023,244.38202913336082,True,False
220,74.70034732036783,True,False,185.0,32.817492507421846,True,True,185.0,32.51673617009835,True,True
221,65.20127861666896,True,False,185.000000000003,32.52056701072747,True,True,185.0000000000056,32.189605154418985,True,True
222,213.31450466970884,False,False,185.00000000003882,200.76820905939772,True,False,185.00000000002885,201.19654778234056,True,False
223,436.01852935902747,False,False,185.0,435.99111514285926,True,False,185.0,435.9911212748611,True,False
224,439.8943719532981,False,False,185.0,439.86795248407475,True,False,185.0,439.86795829861717,True,False
225,577.2348178655543,False,False,185.0,577.2257449198501,True,False,185.00000000000003,577.2257460091527,True,False
226,163.2719021116678,True,False,185.0,33.16525764384974,True,True,185.0,32.929807230940916,True,True
227,447.2797804055882,False,False,185.00000000000003,447.25512458027424,True,False,185.0,447.2551297137317,True,False
228,217.8331865604895,False,False,185.00000000000003,213.06871670653277,True,False,185.0,213.13006677727114,True,False
229,383.0757002711684,False,False,185.0,383.0275798552285,True,False,185.0,383.02759524679874,True,False
230,391.9912782270546,False,False,185.00000000000097,391.94788326254894,True,False,185.00000000000094,391.94789621533147,True,False
231,146.37071851222936,True,False,185.0,33.161882519522955,True,True,185.0,32.925318783585254,True,True
232,579.9776680726159,False,False,184.99999999999997,579.9687546536771,True,False,185.0,579.9687557112538,True,False
233,450.6558108224768,False,False,185.0000000000004,450.63190791681393,True,False,185.0000000000004,450.631912817888,True,False
234,320.2384535022238,False,False,185.00000000000006,320.12291936726626,True,False,185.00000000000003,320.12298737809454,True,False
235,285.398428253536,False,False,185.00000000000176,285.1732813385036,True,False,185.0000000000018,285.1735016650054,True,False
236,262.81107929519754,False,False,185.0,262.4119520918462,True,False,185.0,262.4125729421941,True,False
237,506.9156227353512,False,False,185.00000000000003,506.9007101054579,True,False,185.00000000000003,506.90071244585795,True,False
238,360.521587531627,False,False,185.00000000000168,360.45784535881165,True,False,185.00000000000168,360.45786995669397,True,False
239,394.79786932028645,False,False,185.00000000000045,394.7558294969002,True,False,185.00000000000048,394.7558418042598,True,False
240,395.39717981065377,False,False,185.00000000000037,395.35542181915474,True,False,185.00000000000037,395.35543398853446,True,False
241,323.0521467614278,False,False,185.00000000000276,322.94186029736767,True,False,185.00000000000279,322.9419230399819,True,False
242,281.10018319219074,False,False,185.00000000000009,280.851921732422,True,False,185.00000000000009,280.8521842580668,True,False
243,360.20717726089043,False,False,185.00000000000006,360.1431705687449,True,False,185.00000000000003,360.1431953338499,True,False
244,220.43086757005264,False,False,185.00000000001043,217.00784028823452,True,False,185.00000000001023,217.04056390538645,True,False
245,75.8164779837272,True,False,185.0,32.84100857659967,True,True,185.0,32.543413708242426,True,True
246,331.1187048329237,False,False,185.00000000000006,331.02172504411186,True,False,185.00000000000003,331.02177533926505,True,False
247,116.40982845972688,True,False,185.00000000000227,33.13721866630502,True,True,185.00000000000287,32.89386331011786,True,True
248,391.7806988009877,False,False,185.000000000001,391.7371997557843,True,False,185.000000000001,391.73721275668987,True,False
249,332.3114005194105,False,False,185.00000000000006,332.21619414726405,True,False,185.00000000000006,332.2162428325446,True,False
250,449.5092943502317,False,False,185.00000000000048,449.4851393002008,True,False,185.00000000000045,449.4851442724419,True,False
251,246.39939956672043,False,False,185.00000000000992,245.70690333342745,True,False,185.00000000000998,245.7086151657878,True,False
252,416.22278463767367,False,False,185.00000000000003,416.18940253023334,True,False,185.00000000000003,416.1894109657556,True,False
253,176.4333341511603,True,False,185.0000000000005,33.166359254054704,True,True,185.00000000000156,32.931254914470145,True,True
254,398.3006396182101,False,False,185.00000000000006,398.260210891314,True,False,185.00000000000006,398.2602224324309,True,False
255,314.27777208975067,False,False,185.0000000000013,314.149892104932,True,False,185.00000000000134,314.1499732309919,True,False
256,397.1318030881436,False,False,185.00000000000017,397.0908463361027,True,False,185.00000000000014,397.0908581202463,True,False
257,233.2049748746809,False,False,185.00000000000048,231.92639680432288,True,False,185.0000000000003,231.93172385678622,True,False
258,400.9377023895792,False,False,185.00000000000003,400.8984311191692,True,False,185.0,400.89844214540574,True,False
259,85.13249448562287,True,False,185.0,32.9821862168585,True,True,185.0,32.704497828458905,True,True
260,314.179593936474,False,False,185.0000000000014,314.05149526744066,True,False,185.00000000000145,314.0515766386127,True,False
261,332.5751634950716,False,False,185.00000000000003,332.48034315623903,True,False,185.00000000000006,332.48039149679596,True,False
262,367.1846606255341,False,False,185.00000000000003,367.1261855653601,True,False,185.00000000000003,367.12620686406666,True,False
263,313.7503031944348,False,False,185.00000000000173,313.6212420622573,True,False,185.0000000000018,313.621324509264,True,False
264,255.23633788775888,False,False,185.00000000000028,254.7316505388761,True,False,185.0000000000003,254.73260530217175,True,False
265,196.08108184567303,True,False,185.0,33.16702928566525,True,True,185.0,32.93219038999812,True,True
266,137.52814434907307,True,False,185.0,33.15830819180404,True,True,185.0,32.92074964638993,True,True
267,208.3354110347157,True,False,185.0,33.1672970803605,True,True,185.0,32.93252044864707,True,True
268,219.42076408167583,False,False,185.00000000000074,215.56680056631242,True,False,185.00000000000048,215.60768496616257,True,False
269,385.0169694637983,False,False,185.0,384.9699361684658,True,False,185.0,384.9699510294168,True,False
270,230.9738983084148,False,False,185.0,229.51639629098517,True,False,184.99999999999997,229.5231806137392,True,False
271,361.4441202079425,False,False,185.0000000000014,361.3811454885927,True,False,185.00000000000142,361.3811696026616,True,False
272,378.35204787552914,False,False,185.0000000000006,378.30113335991797,True,False,185.00000000000063,378.301150262458,True,False
273,485.47670314390416,False,False,185.0,485.4590171472841,True,False,185.0,485.45902021736185,True,False
274,163.69978839767558,True,False,185.00000000000003,33.165309428280004,True,True,185.0,32.929892964196966,True,True
275,358.1493279741137,False,False,185.00000000000003,358.08355176675605,True,False,185.00000000000003,358.0835777157778,True,False
276,469.2012742094664,False,False,185.0,469.180996265305,True,False,185.0,469.1810000213366,True,False
277,297.99475965014085,False,False,185.00000000000003,297.8218424760781,True,False,185.0,297.82198030602126,True,False
278,296.4800531848741,False,False,185.0,296.30184138509776,True,False,185.0,296.3019867302812,True,False
279,364.76996521504697,False,False,185.0000000000004,364.7096534990101,True,False,185.0000000000004,364.70967592177215,True,False
280,315.0268699609151,False,False,185.00000000000074,314.90064124708056,True,False,185.00000000000074,314.90072054823634,True,False
281,293.58887511600926,False,False,185.0000000000028,293.399889843005,True,False,185.00000000000287,293.4000511295756,True,False
282,179.95521832811824,True,False,185.0,33.16653905655001,True,True,185.0,32.93145884347112,True,True
283,107.88034673767116,True,False,185.0,33.11823022596501,True,True,185.0,32.869614560709984,True,True
284,350.5042668004546,False,False,185.00000000000057,350.4312871128928,True,False,185.00000000000063,350.43131804425207,True,False
285,219.7405474219977,False,False,185.000000000025,216.03300208639396,True,False,185.00000000002473,216.0710077809143,True,False
286,265.00168404148025,False,False,185.00000000000017,264.626915622109,True,False,185.0000000000001,264.62746902968524,True,False
287,330.9378201579413,False,False,185.00000000000003,330.8405673708994,True,False,185.0,330.8406179160484,True,False
288,253.85239189752647,False,False,185.00000000000458,253.32387643363973,True,False,185.00000000000466,253.3249158222468,True,False
289,317.483706198326,False,False,185.0,317.36268611352517,True,False,185.0,317.3627598326125,True,False
290,381.8651151838285,False,False,185.00000000000003,381.8162992442044,True,False,185.00000000000003,381.81631500288523,True,False
291,117.67968732846523,True,False,185.0,33.13932686689213,True,True,185.0,32.896534728897535,True,True
292,264.3097927510216,False,False,185.00000000000009,263.92757695269034,True,False,185.00000000000009,263.9281506275023,True,False
293,322.5900850828386,False,False,185.00000000000307,322.47896024925,True,False,185.00000000000307,322.479023809718,True,False
294,260.3925758452877,False,False,185.00000000000603,259.96368932465947,True,False,185.00000000000614,259.96439750870377,True,False
295,273.3007270341232,False,False,185.00000000000014,273.0006756328964,True,False,185.0000000000001,273.0010450617669,True,False
296,408.9986466802349,False,False,185.00000000000082,408.96264394186807,True,False,185.0000000000008,408.96265345912855,True,False
297,424.7500952592232,False,False,185.0,424.7194820369522,True,False,185.00000000000003,424.71948935688215,True,False
298,438.15363369586953,False,False,185.0,438.12677365719355,True,False,185.0,438.12677959461195,True,False
299,142.88633852260216,True,False,185.0,33.16068543417705,True,True,185.0,32.923821564624674,True,True
300,385.9059916598521,False,False,185.0,385.8594449549525,True,False,185.0,385.8594595750115,True,False
301,305.7913387084329,False,False,185.0000000000001,305.6424047073105,True,False,185.0000000000001,305.64251062246694,True,False
302,135.394382537097,True,False,185.0,33.15714041682905,True,True,185.0,32.919181813210855,True,True
303,206.01684767194212,True,False,185.0,33.16721658764586,True,True,185.0,32.932395593349284,True,True
304,561.6403551287082,False,False,185.00000000000014,561.6302979387781,True,False,185.00000000000014,561.6302991502857,True,False
305,26.90453214913352,True,True,185.00000000000006,19.220420379088228,True,True,185.00000000000003,19.14202532012053,True,True
306,409.5582504323207,False,False,185.0000000000007,409.52246055047317,True,False,185.00000000000074,409.52246998125116,True,False
307,498.0722318227982,False,False,185.00000000000028,498.05625208591937,True,False,185.00000000000028,498.0562546423971,True,False
308,231.76832273214103,False,False,185.00000000000014,230.3790060888807,True,False,185.0000000000001,230.3852164341142,True,False
309,134.82308110151172,True,False,185.0,33.15680251609815,True,True,185.0,32.91873867870027,True,True
310,206.83606786682543,True,False,185.0,33.167238562642915,True,True,185.0,32.9324313209881,True,True
311,436.497389159459,False,False,185.00000000000003,436.47010058032464,True,False,185.00000000000003,436.47010666826384,True,False
312,477.43442220138667,False,False,185.00000000000014,477.415515437316,True,False,185.00000000000014,477.4155188240067,True,False
313,241.77219618022255,False,False,185.00000000000142,240.9341388423319,True,False,185.00000000000142,240.93657586191324,True,False
314,213.7034734952526,False,False,185.00000000000128,202.64052140446523,True,False,185.0,202.97467204098066,True,False
315,493.7319574215743,False,False,185.00000000000003,493.7154160084609,True,False,185.0,493.71541873485404,True,False
316,79.38455335631114,True,False,185.00000000000003,32.90538549820344,True,True,184.99999999999997,32.61677636247575,True,True
317,383.75491612981983,False,False,185.0,383.707179978417,True,False,185.0,383.7071951753467,True,False
318,113.65519051982096,True,False,185.0,33.13207594356929,True,True,185.0,32.887424945957406,True,True
319,348.690992112951,False,False,185.00000000000134,348.61614397367697,True,False,185.00000000000136,348.61617627334977,True,False
320,415.1024341170989,False,False,185.00000000000009,415.0686630785002,True,False,185.0000000000001,415.0686716718773,True,False
321,399.3262345701918,False,False,185.0,399.2862614895761,True,False,185.0,399.28627281998575,True,False
322,244.24295970724367,False,False,185.00000000000026,243.48801569702306,True,False,185.00000000000017,243.49002409476392,True,False
323,78.20454610912901,True,False,185.0,32.88576091802017,True,True,185.00000000000088,32.59441155782183,True,True
324,319.52531704916635,False,False,185.00000000000003,319.4083969768106,True,False,185.00000000000003,319.4084664323454,True,False
325,152.79230312626737,True,False,185.0,33.16355365178653,True,True,185.0,32.92755633451735,True,True
326,424.4056845814728,False,False,185.00000000000003,424.3749657306106,True,False,185.0,424.3749730982784,True,False
327,229.50726788740124,False,False,185.00000000000892,227.90836041947398,True,False,185.00000000000904,227.9164072674023,True,False
328,255.070370105828,False,False,185.00000000000057,254.56291266864937,True,False,185.00000000000054,254.56387708937663,True,False
329,313.39320685846576,False,False,185.0000000000021,313.26333729681613,True,False,185.00000000000213,313.2634206517342,True,False
330,315.12193030856656,False,False,185.00000000000065,314.99590897694594,True,False,185.00000000000068,314.9959880519305,True,False
331,588.4314927351307,False,False,185.00000000000003,588.4230478488352,True,False,185.0,588.4230489075784,True,False
332,351.40231444500574,False,False,185.0000000000003,351.3302361545512,True,False,185.00000000000034,351.330266437927,True,False
333,220.7317978880814,False,False,185.00000000000534,217.42097857168594,True,False,185.00000000000523,217.4517300475473,True,False
334,143.9725895505172,True,False,185.0,33.16108419796816,True,True,185.00000000000261,32.92430615681104,True,True
335,424.82777038527513,False,False,185.00000000000003,424.7971809167098,True,False,185.0,424.7971882257618,True,False
336,102.63453270750423,True,False,184.99999999999935,33.1009058499793,True,True,184.9999999999999,32.847095315725966,True,True
337,460.83690176325103,False,False,185.0,460.8150886508005,True,False,185.00000000000003,460.8150929163797,True,False
338,549.1125479649909,False,False,184.99999999999997,549.1015930414118,True,False,185.0,549.1015945643443,True,False
339,112.5595778304187,True,False,185.00000000000534,33.129792767793425,True,True,185.00000000000563,32.88451149306658,True,True
340,272.54061286909496,False,False,185.0000000000001,272.23468296118153,True,False,185.00000000000009,272.2350656275886,True,False
341,258.29096351688685,False,False,185.00000000000026,257.83341324550463,True,False,185.00000000000017,257.8342105705499,True,False
342,213.7875421568166,False,False,185.0,203.00106557227434,True,False,185.00000000000006,203.31875904753633,True,False
343,297.3608199885552,False,False,185.0,297.18571474612764,True,False,185.0,297.185855653234,True,False
344,152.64646328280915,True,False,185.0,33.16352155815501,True,True,185.0,32.92752356579177,True,True
345,121.52190947487702,True,False,185.0,33.144847275437236,True,True,185.0,32.903380990880805,True,True
346,326.4774896038896,False,False,185.00000000000045,326.3731491544441,True,False,185.00000000000048,326.3732061565628,True,False
347,232.82397359898732,False,False,185.00000000000043,231.51747428844382,True,False,185.00000000000028,231.52301825778747,True,False
348,200.728206964636,True,False,185.0,33.16711815806491,True,True,185.0,32.93221048768392,True,True
349,252.29704918923008,False,False,185.00000000001194,251.7396402984082,True,False,185.00000000001205,251.74078679631364,True,False
350,256.8551429141785,False,False,185.00000000000009,256.37630825136483,True,False,185.00000000000009,256.37717507895803,True,False
351,113.75300873254427,True,False,185.0,33.132271218885634,True,True,185.0,32.887663336678614,True,True
352,250.62777115651903,False,False,185.0000000000002,250.03656608870764,True,False,185.00000000000014,250.03784408934249,True,False
353,190.8949828534161,True,False,185.00000000000017,33.16691723592354,True,True,185.00000000000077,32.93198992917866,True,True
354,318.12570444452774,False,False,185.0,318.00599523743443,True,False,185.0,318.00606759537516,True,False
355,401.3197550210908,False,False,185.0,401.28064765474926,True,False,185.0,401.28065861457344,True,False
356,215.8833778476905,False,False,185.0000000000005,209.2982957207791,True,False,185.00000000000045,209.41487945762213,True,False
357,192.70425627972276,True,False,185.0,33.166960972734195,True,True,185.0,32.93209167995914,True,True
358,106.94044196392493,True,False,185.0,33.11550269300569,True,True,185.0,32.86611971401918,True,True
359,124.57546187455743,True,False,185.0,33.14844280089649,True,True,185.0,32.90800556394155,True,True
360,304.8284494522026,False,False,185.00000000000068,304.676820897638,True,False,185.0000000000007,304.67693019046106,True,False
361,542.898278878135,False,False,185.00000000000003,542.8868383050734,True,False,185.0,542.8868398527084,True,False
362,531.5128352874207,False,False,185.00000000000014,531.5004266280811,True,False,185.00000000000017,531.5004283595277,True,False
363,220.47291797491536,False,False,185.00000000000966,217.0659707442622,True,False,185.0000000000095,217.09840791965922,True,False
364,319.35832705029264,False,False,185.00000000000003,319.2410790522492,True,False,185.00000000000003,319.2411488563792,True,False
365,393.6064478640415,False,False,185.00000000000063,393.5638399625201,True,False,185.00000000000068,393.56385254447844,True,False
366,155.19880917080218,True,False,185.00000000000003,33.16403630165181,True,True,185.0,32.92825551287672,True,True
367,232.67794099657573,False,False,185.0000000000004,231.36047436234816,True,False,185.00000000000026,231.3661046005149,True,False
368,386.8110664449293,False,False,185.00000000000003,386.7650080425153,True,False,185.0,386.76502239578645,True,False
369,97.85759340971666,True,False,185.0,33.079736462815816,True,True,185.0,32.819970795913264,True,True
370,587.6680911588423,False,False,185.0,587.6596053400866,True,False,185.00000000000003,587.6596064091062,True,False
371,194.07919608226453,True,False,185.0,33.16698920389131,True,True,185.0,32.93215432526324,True,True
372,271.16403901769047,False,False,185.0,270.8470212875168,True,False,185.0,270.84742947335155,True,False
373,326.0541997088543,False,False,185.00000000000068,325.9491492773308,True,False,185.00000000000068,325.9492069532054,True,False
374,573.4181262486377,False,False,185.0,573.4088248486526,True,False,185.0,573.4088259911902,True,False
375,267.2678626426012,False,False,185.00000000000713,266.91602630961665,True,False,185.00000000000722,266.9165195841918,True,False
376,281.432462937816,False,False,185.0000000000001,281.18610893711013,True,False,185.00000000000006,281.186367839861,True,False
377,377.99348416748137,False,False,185.00000000000068,377.9423485069727,True,False,185.0000000000007,377.94236553354926,True,False
378,203.29576043529508,True,False,185.0,33.167161421077324,True,True,185.0,32.93229113618043,True,True
379,136.12773455418466,True,False,185.0,33.15755663678299,True,True,184.99999999999997,32.91975401362526,True,True
380,169.75730238504943,True,False,185.0,33.16590291067927,True,True,185.0,32.93061103519942,True,True
381,597.0988365929308,False,False,185.0,597.0908383025045,True,False,185.0,597.090839157686,True,False
382,212.0828698079672,False,False,185.00000000000156,190.16988391136567,True,False,185.00000000003382,191.4529957097944,True,False
383,470.6300315115333,False,False,185.00000000000003,470.6100009782192,True,False,185.00000000000003,470.6100046485416,True,False
384,388.4292330203089,False,False,185.00000000000003,388.3840302307234,True,False,185.0,388.3840441018236,True,False
385,380.39685795734033,False,False,185.00000000000023,380.34717972371004,True,False,185.00000000000023,380.3471959406089,True,False
386,280.09201401992453,False,False,185.00000000000009,279.83783129040927,True,False,185.00000000000006,279.83810521998686,True,False
387,267.28650283368114,False,False,185.00000000000708,266.934846360499,True,False,185.00000000000716,266.9353391776789,True,False
388,460.907895148284,False,False,185.0,460.88609571891106,True,False,185.0,460.88609998174184,True,False
389,223.12349329386197,False,False,185.0000000000006,220.51598627354417,True,False,185.00000000000043,220.53575759042758,True,False
390,229.8492872040329,False,False,185.00000000000549,228.28533398610523,True,False,185.00000000000557,228.29305973428941,True,False
391,453.4380494473469,False,False,185.00000000000023,453.4147437499294,True,False,185.0000000000002,453.41474847137437,True,False
392,649.1089697346326,False,False,185.00000000000006,649.1030809912123,True,False,185.00000000000006,649.1030815130933,True,False
393,270.01834373582943,False,False,185.00000000000026,269.6916382444777,True,False,185.00000000000026,269.6920693158875,True,False
394,168.1378476480911,True,False,185.0,33.16576116330409,True,True,185.0,32.930526151207054,True,True
395,417.9082030598103,False,False,185.0,417.875394590231,True,False,184.99999999999997,417.8754027944686,True,False
396,254.0679187174235,False,False,185.00000000000367,253.5432256558009,True,False,185.00000000000375,253.54425122745582,True,False
397,389.7054936050191,False,False,185.00000000000003,389.6609502676293,True,False,185.00000000000003,389.66096378283123,True,False
398,305.30210184008257,False,False,185.00000000000037,305.15180737036445,True,False,185.00000000000037,305.15191498369904,True,False
399,386.0609890316392,False,False,185.0,386.01452645340515,True,False,185.00000000000003,386.01454102853813,True,False
400,269.25206350181054,False,False,185.00000000000148,268.9186315701306,True,False,185.0000000000015,268.91907889683995,True,False
401,136.95143758907312,True,False,184.99999999999923,33.15800625021339,True,True,184.9999999999999,32.92027772238947,True,True
402,363.48207501377954,False,False,185.0000000000007,363.42075092088305,True,False,185.0000000000007,363.4207739897914,True,False
403,264.8601699284381,False,False,185.00000000000014,264.48389604187713,True,False,185.00000000000009,264.4844535178974,True,False
404,237.8101150409028,False,False,185.00000000000023,236.8047263456362,True,False,185.00000000000017,236.80814085163192,True,False
405,331.0044954285447,False,False,185.00000000000003,330.9073433957675,True,False,185.00000000000003,330.9073938473234,True,False
406,206.3009481167168,True,False,185.0,33.16722374333211,True,True,185.00000000000003,32.93240761694565,True,True
407,341.93611021002096,False,False,185.0,341.853683435986,True,False,185.0,341.85372152538366,True,False
408,100.34072465507026,True,False,185.0,33.091484081231584,True,True,185.00000000000003,32.83495175486813,True,True
409,354.50852569461915,False,False,185.0,354.43944844420975,True,False,185.0,354.4394766561955,True,False
410,123.0147768369848,True,False,185.00000000000136,33.1466847024458,True,True,185.00000000000205,32.90574515199762,True,True
411,224.64320758760496,False,False,185.00000000000958,222.3593398390449,True,False,185.0000000000096,222.37483652003786,True,False
412,170.54264146376033,True,False,185.0,33.16596497135779,True,True,185.0,32.930703548956885,True,True
413,186.5165395543879,True,False,185.0,33.16679182478626,True,True,185.00000000000003,32.931825315956466,True,True
414,342.4917482726813,False,False,185.00000000000003,342.40998431555136,True,False,185.0,342.4100218945736,True,False
415,121.8684206690284,True,False,185.0,33.14528896477981,True,True,185.00000000000003,32.904001286553054,True,True
416,371.8405550023445,False,False,185.00000000000006,371.7854089435369,True,False,185.00000000000003,371.7854282723894,True,False
417,378.3194975083684,False,False,185.0000000000006,378.26856297166995,True,False,185.00000000000063,378.26857988537796,True,False
418,201.8648763246948,True,False,185.0,33.16713693529758,True,True,185.0,32.93224300310693,True,True
419,272.54527782946815,False,False,185.0000000000001,272.23938451592096,True,False,185.00000000000009,272.2397670993379,True,False
420,269.76775534704115,False,False,185.0000000000005,269.4388725069347,True,False,185.00000000000057,269.43930881182223,True,False
421,120.5066012368015,True,False,184.9999999999997,33.14350445924118,True,True,184.99999999999997,32.90170156501971,True,True
422,514.0936764112635,False,False,185.0,514.0795601666163,True,False,185.00000000000003,514.0795623434827,True,False
423,236.96602420407865,False,False,185.00000000000006,235.91805408747354,True,False,185.00000000000003,235.92174123973066,True,False
424,290.9015103292544,False,False,185.0000000000001,290.7016492360433,True,False,185.00000000000009,290.7018273549548,True,False
425,170.72975897663784,True,False,185.0,33.16597940510819,True,True,185.0,32.93073313594673,True,True
426,231.455694121558,False,False,185.00000000000006,230.0401844406849,True,False,185.00000000000006,230.04661257007692,True,False
427,271.0754222163851,False,False,185.00000000000003,270.7576704445839,True,False,185.0,270.75808034168523,True,False
428,354.577619609746,False,False,185.0,354.5086071229369,True,False,185.00000000000003,354.5086352916558,True,False
429,358.2725840525741,False,False,185.00000000000006,358.2069157321625,True,False,185.0,358.20694160540233,True,False
430,311.1965258727843,False,False,185.00000000000009,311.06152173520854,True,False,185.00000000000003,311.06161089361086,True,False
431,383.2538778434263,False,False,185.0,383.2058586422787,True,False,185.0,383.20587398098394,True,False
432,81.15952637526992,True,False,184.99999999999997,32.932194414840346,True,True,185.0,32.64744884505185,True,True
433,457.5471592634455,False,False,185.00000000000003,457.52469906560185,True,False,185.00000000000003,457.52470352148134,True,False
434,247.7017558101116,False,False,185.0000000000027,247.0431593617119,True,False,185.00000000000279,247.04471940306348,True,False
435,321.1293933516396,False,False,185.00000000000006,321.0155583124741,True,False,185.00000000000006,321.0156245706751,True,False
436,222.250035731498,False,False,185.00000000000028,219.41863361040254,True,False,185.00000000000023,219.44164636076957,True,False
437,220.49574178527297,False,False,185.00000000000924,217.09746661649868,True,False,185.00000000000904,217.1297498435028,True,False
438,192.6625691769093,True,False,184.99999999999997,33.16696005838196,True,True,185.0,32.93208959201044,True,True
439,556.1581667954271,False,False,185.00000000000003,556.1477294937582,True,False,185.0,556.1477308320206,True,False
440,393.9202780445484,False,False,185.0000000000006,393.8778207954202,True,False,185.0000000000006,393.87783330608966,True,False
441,450.5264656635487,False,False,185.0000000000004,450.5025344913778,True,False,185.0000000000004,450.50253940011305,True,False
442,155.39876387626305,True,False,185.0,33.164073870022264,True,True,185.0,32.928283213161706,True,True
443,126.36172046356494,True,False,185.0,33.1502749147986,True,True,185.0,32.910264290079326,True,True
444,131.56345265969475,True,False,185.0,33.15464972359224,True,True,185.0,32.91599639826226,True,True
445,571.0110341244412,False,False,185.00000000000003,571.0015846347956,True,False,185.00000000000003,571.0015857990925,True,False
446,242.7796769958209,False,False,185.0,241.97717168466727,True,False,185.00000000000003,241.97942068844307,True,False
447,559.7009270321635,False,False,185.00000000000003,559.6907375439301,True,False,185.0,559.6907387868459,True,False
448,443.1519108511425,False,False,185.0,443.12628979492916,True,False,185.0,443.1262953370005,True,False
449,310.44711135801487,False,False,185.00000000000009,310.3102895460335,True,False,185.00000000000006,310.31038081219606,True,False
450,128.22030657149213,True,False,184.9999999999976,33.15199069464006,True,True,184.99999999999687,32.912539546550406,True,True
451,336.08219546906065,False,False,185.00000000000156,335.99230568137875,True,False,185.00000000000156,335.9923498160014,True,False
452,343.2842733940104,False,False,185.00000000000003,343.20344204515516,True,False,185.0,343.20347888908475,True,False
453,485.08000801416233,False,False,185.0,485.0622643505334,True,False,184.99999999999997,485.06226742853266,True,False
454,117.7309002831104,True,False,185.0,33.13940793937251,True,True,185.00000000000003,32.89663205911494,True,True
455,429.80589548439184,False,False,185.00000000000048,429.7767772640567,True,False,185.00000000000048,429.77678400966914,True,False
456,219.8042220548094,False,False,185.00000000002368,216.12465424042344,True,False,185.00000000002333,216.16212238324442,True,False
457,139.48899514576115,True,False,185.0,33.15926197717402,True,True,185.0,32.9219786685774,True,True
458,522.1667641648428,False,False,185.0,522.1534764481233,True,False,185.0,522.1534784002029,True,False
459,282.97606868481654,False,False,185.0000000000064,282.7383012215063,True,False,185.00000000000642,282.7385441529356,True,False
460,342.75915614837334,False,False,185.0,342.67770853364846,True,False,185.0,342.67774586862816,True,False
461,91.78043971098086,True,False,185.0,33.04242123261997,True,True,185.0,32.774529420995194,True,True
462,290.6726145135851,False,False,185.00000000000014,290.4717856333252,True,False,185.00000000000009,290.4719652925623,True,False
463,365.6789756574585,False,False,185.0000000000002,365.6193646020897,True,False,185.00000000000017,365.61938658954176,True,False
464,360.01777642357814,False,False,185.00000000000003,359.9536096495467,True,False,185.00000000000003,359.9536345186603,True,False
465,151.97597954127372,True,False,185.0,33.16337608216337,True,True,185.0,32.92735114876076,True,True
466,293.07796315099915,False,False,185.00000000000364,292.886977014292,True,False,185.00000000000364,292.8871413458442,True,False
467,127.7190921670848,True,False,185.00000000000594,33.15154554751417,True,True,184.99999999999753,32.91191644026924,True,True
468,179.02674933370963,True,False,185.0,33.16649155519232,True,True,185.0,32.93146481724648,True,True
469,134.60192971044955,True,False,185.0,33.156666205123045,True,True,185.0,32.918626030732376,True,True
470,137.66423154056395,True,False,185.0,33.158376170927674,True,True,185.0,32.92085650089851,True,True
471,360.5078372550441,False,False,185.00000000000168,360.4440835455902,True,False,185.00000000000168,360.444108150618,True,False
472,236.11308029696588,False,False,185.00000000000054,235.01905623340522,True,False,185.00000000000054,235.02304894882144,True,False
473,278.39416870297055,False,False,185.00000000000006,278.12953710306306,True,False,185.00000000000006,278.1298315846076,True,False
474,365.4748237786541,False,False,185.00000000000026,365.4150563498333,True,False,185.00000000000026,365.41507843374393,True,False
475,231.2998271213144,False,False,185.00000000000003,229.8709530443865,True,False,185.00000000000003,229.87749360334786,True,False
476,263.9077734453208,False,False,185.00000000000009,263.5211282298505,True,False,185.00000000000006,263.5217140981138,True,False
477,166.75218286695244,True,False,184.99999999999994,33.16563258674964,True,True,185.0,32.93026809329339,True,True
478,55.78678325265112,True,False,185.00000000000003,31.903574525726142,True,True,185.0,31.560872134366477,True,True
479,371.26086259901575,False,False,185.00000000000003,371.20531655488185,True,False,185.00000000000003,371.2053361350435,True,False
480,259.9191689861153,False,False,185.0000000000079,259.48406714397316,True,False,185.000000000008,259.4847942481401,True,False
481,451.4679274994589,False,False,185.0000000000003,451.44420103918554,True,False,185.00000000000034,451.4442058901025,True,False
482,482.8073812208327,False,False,185.0,482.7893022193449,True,False,184.99999999999997,482.78930537824067,True,False
483,151.43825574729405,True,False,185.0,33.1632507701703,True,True,185.0,32.92715600357953,True,True
484,39.71501276235888,True,True,184.99999999999864,28.183930836209697,True,True,184.9999999999989,27.97668441855663,True,True
485,152.30685867178897,True,False,185.0,33.16344789404992,True,True,185.0,32.92744854632851,True,True
486,398.94320269910537,False,False,185.0,398.90306027540663,True,False,185.0,398.9030716841034,True,False
487,346.567227164879,False,False,185.00000000000006,346.4901049434434,True,False,185.00000000000003,346.49013889990425,True,False
488,269.3882465902869,False,False,185.0000000000012,269.05602500657045,True,False,185.00000000000122,269.05646938184833,True,False
489,311.0727877775554,False,False,185.0000000000001,310.93748589296604,True,False,185.00000000000006,310.93757539474524,True,False
490,449.14260101741394,False,False,185.00000000000048,449.11836456093823,True,False,185.00000000000048,449.1183695577224,True,False
491,238.23366629239436,False,False,185.0000000000003,237.248608397535,True,False,185.00000000000026,237.25189607904122,True,False
492,62.20036722048102,True,False,185.0,32.37325299200402,True,True,184.99999999999997,32.034590399338605,True,True
493,295.3493357714528,False,False,185.00000000000054,295.16701843591215,True,False,185.00000000000057,295.16716974779376,True,False
494,425.3220565334894,False,False,185.00000000000003,425.29161763199807,True,False,185.00000000000003,425.2916248732233,True,False
495,259.2645023734773,False,False,185.00000000001037,258.8205789844951,True,False,185.00000000001043,258.8213333168447,True,False
496,169.75155407644831,True,False,185.0,33.16590242088766,True,True,185.0,32.93061070674574,True,True
497,198.14735703838124,True,False,185.0,33.167071434814076,True,True,185.0,32.93217991548474,True,True
498,233.4315450529164,False,False,185.00000000000048,232.1691116714537,True,False,185.00000000000028,232.17431509505255,True,False
499,120.88336071293794,True,False,185.0,33.144011530207266,True,True,185.0,32.90242076891478,True,True
500,460.1587457782357,False,False,185.0,460.13680136882164,True,False,185.0,460.13680566588175,True,False
501,274.85769211434734,False,False,185.00000000000688,274.56917294907845,True,False,185.00000000000696,274.56951711830516,True,False
502,206.67699151296432,True,False,185.0,33.16723394991126,True,True,185.0,32.93242407075705,True,True
503,300.3574411669988,False,False,185.0000000000001,300.19234254906115,True,False,185.00000000000006,300.19246950292023,True,False
504,331.4248276676859,False,False,185.00000000000006,331.3283074470612,True,False,185.00000000000003,331.3283573244623,True,False
505,175.04000996093967,True,False,184.99999999999358,33.166277593144265,True,True,184.9999999999985,32.93111669702901,True,True
506,211.0208240914696,False,False,184.99999999999676,33.16973148477018,True,True,185.00000000000577,32.94141434900406,True,True
507,335.7069476451554,False,False,185.0000000000018,335.6165476881482,True,False,185.00000000000176,335.6165922498833,True,False
508,217.36369117941288,False,False,185.00000000000549,212.25197615960752,True,False,185.00000000000483,212.322348168663,True,False
509,196.32110841220415,True,False,185.0,33.16703420701602,True,True,185.0,32.93218988145179,True,True
510,608.7536839180489,False,False,185.00000000000006,608.746237364774,True,False,185.00000000000006,608.7462381721244,True,False
511,466.4966556602656,False,False,185.0,466.47589784659306,True,False,185.0,466.4759018019755,True,False
512,237.90776979677196,False,False,185.00000000000023,236.90712788250315,True,False,185.0000000000002,236.91051256686518,True,False
513,284.73144478391515,False,False,185.00000000000296,284.50292194418677,True,False,185.000000000003,284.5031482313152,True,False
514,168.29879908214957,True,False,185.0,33.16577473031021,True,True,185.0,32.93054977315017,True,True
515,232.39548641576545,False,False,185.00000000000034,231.05637398643606,True,False,185.00000000000026,231.06217628102928,True,False
516,246.32805341165303,False,False,185.00000000001032,245.63362201616232,True,False,185.00000000001043,245.63534270341836,True,False
517,386.9530808321735,False,False,185.00000000000003,386.9070984088171,True,False,185.0,386.907112720429,True,False
518,160.48821308310931,True,False,185.0,33.164899687365576,True,True,185.0,32.92936143091499,True,True
519,264.3763454709912,False,False,185.0000000000001,263.994855613068,True,False,185.00000000000006,263.99542729998103,True,False
520,261.4801188960038,False,False,185.00000000000222,261.0650136912353,True,False,185.00000000000227,261.06568073382243,True,False
521,212.4625980974811,False,False,185.00000000000114,194.69909077757427,True,False,184.99999999996587,195.5388880405008,True,False
522,231.0263770569236,False,False,185.0,229.5735481363153,True,False,185.00000000000003,229.58029239135766,True,False
523,212.6833923508588,False,False,185.00000000002095,196.65584119086634,True,False,185.000000000006,197.34360611967278,True,False
524,358.62244434204416,False,False,185.00000000000006,358.55708092053743,True,False,185.00000000000006,358.55710658331293,True,False
525,361.757887031756,False,False,185.00000000000128,361.6951704177079,True,False,185.0000000000013,361.69519436904653,True,False
526,366.380005386383,False,False,185.00000000000006,366.3209270030505,True,False,185.0000000000001,366.3209486667474,True,False
527,221.413998163832,False,False,185.0,218.33493245176908,True,False,185.00000000000003,218.36180539973589,True,False
528,184.13160582568844,True,False,185.0,33.16671097475535,True,True,185.0,32.93175769404604,True,True
529,448.9819708609764,False,False,185.00000000000048,448.9576986268554,True,False,185.0000000000005,448.9577036341476,True,False
530,283.5667726064757,False,False,185.00000000000526,283.3321758612243,True,False,185.00000000000534,283.3324130420843,True,False
531,506.73552124734886,False,False,185.00000000000006,506.7205878618709,True,False,185.00000000000003,506.72059020727096,True,False
532,32.958809643933535,True,True,184.99999999999997,24.20832558861304,True,True,184.99999999999997,24.083347744550498,True,True
533,179.8713565335002,True,False,185.0,33.166534905722095,True,True,185.0,32.9314580083691,True,True
534,334.42720307802426,False,False,185.00000000000244,334.33503245037986,True,False,185.00000000000247,334.33507849859905,True,False
535,250.734610009526,False,False,185.00000000000023,250.14566134147984,True,False,185.00000000000017,250.14693035583292,True,False
536,438.9179034711476,False,False,185.0,438.89123808880544,True,False,185.0,438.8912439690279,True,False
537,461.10214113653615,False,False,185.0,461.08037908596714,True,False,185.0,461.08038334125433,True,False
538,197.09512952009547,True,False,185.0,33.167050095118206,True,True,185.0,32.9321853603999,True,True
539,344.51364341546247,False,False,185.00000000000006,344.43422961260484,True,False,185.0,344.43426532318045,True,False
540,222.9750702033592,False,False,185.00000000000057,220.33172263663667,True,False,185.0000000000004,220.35199710950658,True,False
541,355.36759420373795,False,False,185.00000000000003,355.29931622281947,True,False,185.0,355.29934390922944,True,False
542,218.7008821570432,False,False,185.00000000000048,214.4765549445504,True,False,185.00000000000037,214.52522165517647,True,False
543,168.91068079206906,True,False,185.0,33.16582740963553,True,True,185.0,32.930598096306625,True,True
544,346.96590495159404,False,False,185.00000000000207,346.88921689207496,True,False,185.00000000000205,346.8892505270805,True,False
545,149.5988421851267,True,False,185.0,33.162799167700754,True,True,185.0,32.92660657132482,True,True
546,438.6536247612448,False,False,184.99999999999997,438.62689228658246,True,False,185.0,438.6268981850988,True,False
547,431.7385734078693,False,False,185.0000000000003,431.710000392374,True,False,185.00000000000028,431.71000694581613,True,False
548,356.1543333129659,False,False,185.0,356.0867760945718,True,False,185.00000000000003,356.0868032973454,True,False
549,94.12767833607953,True,False,185.0,33.05847221576244,True,True,185.0,32.79371650980199,True,True
550,140.7267987152176,True,False,185.0,33.15981260538136,True,True,185.00000000000006,32.92264621761166,True,True
551,273.6496892023089,False,False,185.0000000000002,273.3522808637912,True,False,185.0000000000001,273.35264441846357,True,False
552,266.3837003069993,False,False,185.00000000000026,266.0231726955437,True,False,185.00000000000014,266.02368834165657,True,False
553,289.37863279212274,False,False,185.00000000000006,289.1722033276273,True,False,185.00000000000006,289.17239205918725,True,False
554,394.5410121007226,False,False,185.00000000000048,394.4988506881304,True,False,185.0000000000005,394.4988630551235,True,False
555,447.1034175865846,False,False,185.00000000000003,447.0787215463701,True,False,185.0,447.0787266946752,True,False
556,441.3333579601047,False,False,185.0,441.30729528957454,True,False,185.00000000000003,441.3073010036345,True,False
557,508.7596677967682,False,False,185.0,508.74496544934163,True,False,185.0,508.74496773725303,True,False
558,287.3772981221005,False,False,185.0,287.16175146078825,True,False,185.0,287.16195528881843,True,False
559,270.3166506942352,False,False,185.00000000000006,269.992509422593,True,False,185.00000000000006,269.9929343869759,True,False
560,160.5271139907034,True,False,185.0,33.164904978696576,True,True,185.0,32.92937134162718,True,True
561,326.17797651755416,False,False,185.00000000000063,326.07313439801123,True,False,185.0000000000006,326.073191875274,True,False
562,173.37383444619033,True,False,185.0,33.166169358504305,True,True,185.0,32.931013908187055,True,True
563,376.7006438387565,False,False,185.000000000001,376.64869974484355,True,False,185.00000000000102,376.6487172152897,True,False
564,125.3189523700451,True,False,184.99999999999991,33.14922819432776,True,True,185.0,32.90894456257547,True,True
565,256.14774798953545,False,False,185.00000000000003,255.65786987573728,True,False,185.00000000000003,255.65877377605477,True,False
566,300.9871368451797,False,False,185.0000000000001,300.8240364003415,True,False,185.00000000000009,300.82416065711806,True,False
567,522.3859844673525,False,False,185.00000000000003,522.3727183203783,True,False,185.0,522.3727202638981,True,False
568,195.49301199461783,True,False,185.0,33.16701733845961,True,True,185.0,32.93218831054804,True,True
569,397.00145058451017,False,False,185.00000000000017,396.9604343591759,True,False,185.00000000000017,396.96044617137636,True,False
570,222.9626322848894,False,False,185.00000000000057,220.31624255699737,True,False,185.0000000000004,220.33656001389045,True,False
571,348.71913461975373,False,False,185.00000000000134,348.6443159848302,True,False,185.00000000000134,348.6443482626814,True,False
572,153.3265057190283,True,False,185.0,33.1636692437973,True,True,184.9999999999942,32.92768802708929,True,True
573,100.90356792550446,True,False,185.0,33.09391431729255,True,True,185.0,32.83810681605864,True,True
574,268.7286160055546,False,False,185.00000000000273,268.39047037482305,True,False,185.00000000000279,268.3909292666723,True,False
575,413.59412005857706,False,False,185.00000000000026,413.5598155395853,True,False,185.00000000000026,413.55982435475977,True,False
576,394.7297822603996,False,False,185.00000000000048,394.687710253368,True,False,185.00000000000048,394.68772257732473,True,False
577,67.70644905615619,True,False,185.0,32.619843147860585,True,True,185.0000000000033,32.296672427291476,True,True
578,60.15120515534864,True,False,185.0,32.2500727622705,True,True,184.99999999999997,31.907714317655298,True,True
579,270.27168553726136,False,False,185.00000000000006,269.9471596626291,True,False,185.00000000000009,269.947585541838,True,False
580,201.6336202729693,True,False,185.0,33.167133093792096,True,True,185.0,32.932236086114216,True,True
581,215.49579864041917,False,False,185.00000000000009,208.38777983542522,True,False,185.0000000000001,208.52391874987953,True,False
582,325.969815984502,False,False,185.0000000000007,325.8646232039894,True,False,185.0000000000007,325.86468101456217,True,False
583,306.2757682071069,False,False,185.0,306.1281640712119,True,False,185.00000000000003,306.12826833819753,True,False
584,131.62460986485038,True,False,185.0,33.15469459625191,True,True,185.0,32.91603497833077,True,True
585,284.24122822680624,False,False,185.00000000000395,284.01017704995644,True,False,185.000000000004,284.0104078420743,True,False
586,444.9826224168107,False,False,185.00000000000003,444.95743569433114,True,False,185.0,444.95744104363945,True,False
587,210.44879811013115,False,False,185.0,33.167681009668584,True,True,185.0,32.93308301707671,True,True
588,290.7014309475568,False,False,185.0000000000001,290.5007242773429,True,False,185.00000000000009,290.50090374236225,True,False
589,149.35321122853264,True,False,185.00000000000676,33.16273588638327,True,True,184.9999999999933,32.92649668113489,True,True
590,212.71077266031656,False,False,185.00000000001538,196.87444586067693,True,False,185.000000000003,197.54647247773684,True,False
591,295.4183182995968,False,False,185.0000000000005,295.2362553088735,True,False,185.00000000000054,295.236406248202,True,False
592,325.8045497881637,False,False,185.0000000000008,325.6990774283179,True,False,185.00000000000082,325.69913550320604,True,False
593,207.1403857177777,True,False,185.00000000000003,33.167247978902616,True,True,185.0,32.93244594069675,True,True
594,357.0417770138517,False,False,185.0,356.9750202165083,True,False,185.0,356.9750468574238,True,False
595,247.8375827718052,False,False,185.00000000000213,247.1823727125611,True,False,185.00000000000222,247.18391794725815,True,False
596,138.32000432819686,True,False,185.0,33.158707293984726,True,True,184.99999999999997,32.92118404993581,True,True
597,260.38491571397816,False,False,185.00000000000605,259.9559296924269,True,False,185.00000000000617,259.95663817853887,True,False
598,239.033356352374,False,False,185.0000000000004,238.08493486155263,True,False,185.00000000000028,238.08799961827484,True,False
599,163.71592638971018,True,False,185.0,33.16531133588791,True,True,185.0,32.92989594224991,True,True
600,137.72683648113028,True,False,185.0,33.158407276241014,True,True,185.0,32.92090207509698,True,True
601,263.9289615871004,False,False,185.00000000000006,263.54255173484637,True,False,185.00000000000003,263.5431369544743,True,False
602,365.86855106068407,False,False,185.00000000000014,365.80908470671983,True,False,185.00000000000017,365.8091066064384,True,False
603,217.68471979074545,False,False,185.00000000000063,212.81518327333484,True,False,185.00000000000043,212.87919019438925,True,False
604,243.6433069062374,False,False,185.00000000000014,242.86942242427799,True,False,185.0000000000001,242.87152515881724,True,False
605,161.27796564576977,True,False,185.0,33.16500302768628,True,True,185.0,32.92952687974011,True,True
606,153.2105471325457,True,False,185.0,33.16364482451218,True,True,185.0000000000043,32.92766154007966,True,True
607,123.14410317576514,True,False,185.0,33.146836594798046,True,True,185.0,32.905966642022875,True,True
608,169.87239080356628,True,False,185.0,33.16591257937416,True,True,185.0,32.93061906561693,True,True
609,265.38906663888014,False,False,185.0000000000002,265.0183735427186,True,False,185.0000000000001,265.0189160062889,True,False
610,327.1893289067606,False,False,185.0000000000002,327.0861672784311,True,False,185.0000000000002,327.08622318110054,True,False
611,413.8116376575413,False,False,185.00000000000023,413.7774107820058,True,False,185.00000000000023,413.7774195638784,True,False
612,462.1449578883583,False,False,185.0,462.1233950243161,True,False,185.0,462.1233992397138,True,False
613,421.1925396830911,False,False,185.0,421.1608109216588,True,False,185.0,421.16081874927426,True,False
614,212.5224371209758,False,False,185.00000000000136,195.26688011241268,True,False,185.00000000003865,196.06040469114544,True,False
615,107.4321962099881,True,False,185.0,33.11694849108157,True,True,185.0,32.868035833934485,True,True
616,394.9766519465972,False,False,185.00000000000043,394.93469647017247,True,False,185.00000000000043,394.93470873457346,True,False
617,241.0656811950362,False,False,185.000000000005,240.20118283901033,True,False,185.00000000000514,240.2037642217935,True,False
618,206.7044592119123,True,False,185.0,33.16723473277779,True,True,185.0,32.932425307813965,True,True
619,184.05293167725495,True,False,185.0,33.166708308950085,True,True,185.0,32.9317538188379,True,True
620,185.8383525494311,True,False,185.0,33.166768625075534,True,True,185.0,32.931805319437906,True,True
621,250.63289680881363,False,False,185.0000000000002,250.04180029700842,True,False,185.00000000000014,250.0430778646542,True,False
622,372.26285867004617,False,False,185.0,372.20800149564855,True,False,185.0,372.20802064369957,True,False
623,340.92051508816434,False,False,185.0,340.8368572938861,True,False,184.99999999999997,340.8368963262184,True,False
624,399.1884898373051,False,False,185.0,399.14845597110093,True,False,185.0,399.14846732959,True,False
625,228.64824881928212,False,False,185.00000000001896,226.95556814301162,True,False,185.00000000001899,226.96450522336588,True,False
626,273.5260712972064,False,False,185.00000000000017,273.2277306115172,True,False,185.0000000000001,273.22809623024233,True,False
627,222.1692021677369,False,False,185.00000000000026,219.3153927958602,True,False,185.0000000000002,219.3387428701083,True,False
628,171.23804048625334,True,False,185.0,33.16601894651443,True,True,185.0,32.93081370043329,True,True
629,156.06297784798682,True,False,185.00000000000003,33.16419956309385,True,True,185.0,32.92835700804072,True,True
630,332.0785432489469,False,False,185.00000000000006,331.98299423943683,True,False,185.00000000000003,331.9830432324925,True,False
631,93.53481469333713,True,False,185.0,33.05463176079588,True,True,185.0,32.789070830117566,True,True
632,108.46840024089023,True,False,185.0,33.119859193798014,True,True,185.0,32.87178655335906,True,True
633,129.70710863575653,True,False,185.0,33.15323872749178,True,True,185.0,32.9141591830304,True,True
634,395.26859214574233,False,False,185.00000000000037,395.22677390365965,True,False,185.0000000000004,395.2267861019849,True,False
635,400.9518027590056,False,False,185.00000000000003,400.9125375545212,True,False,185.0,400.9125485783503,True,False
636,336.7069852399998,False,False,185.0000000000012,336.6179359951913,True,False,185.0000000000012,336.61797942204845,True,False
637,452.0671390736489,False,False,185.00000000000026,452.04354167094175,True,False,185.00000000000028,452.04354648309226,True,False
638,419.8384838048099,False,False,185.0,419.8063158752254,True,False,185.0,419.8063238550617,True,False
639,326.0502401705274,False,False,185.00000000000065,325.9451830656267,True,False,185.00000000000068,325.9452407478271,True,False
640,163.8890805918169,True,False,185.0,33.16533138475227,True,True,185.00000000000003,32.92992670420611,True,True
641,149.34081351466162,True,False,185.00000000000588,33.1627326218635,True,True,185.00000000000713,32.92649086778179,True,True
642,514.245727699803,False,False,185.0,514.2316276950916,True,False,185.0,514.231629871059,True,False
643,154.42343739366487,True,False,184.99999999999386,33.16389148857807,True,True,184.99999999999494,32.92801880531196,True,True
644,244.6069836045604,False,False,185.0000000000003,243.8631852328241,True,False,185.0000000000002,243.8651390705816,True,False
645,214.1775978074909,False,False,185.00000000000074,204.51603355772758,True,False,185.0000000000006,204.7705532997087,True,False
646,374.8027457812727,False,False,185.00000000000003,374.74958266534804,True,False,185.00000000000003,374.749600801256,True,False
647,367.8038480159557,False,False,185.0,367.7458314284195,True,False,185.0,367.74585245030147,True,False
648,366.42161202885165,False,False,185.00000000000009,366.362565052498,True,False,185.00000000000006,366.3625866973857,True,False
649,272.9022012668402,False,False,185.00000000000014,272.59908878827474,True,False,185.0000000000001,272.59946508043197,True,False
650,262.22074029612764,False,False,185.0000000000005,261.81464227833044,True,False,185.00000000000054,261.81528309052584,True,False
651,475.74522587892,False,False,185.0000000000002,475.7260482632769,True,False,185.0000000000002,475.7260517205328,True,False
652,181.0822009567162,True,False,185.00000000000003,33.166588927236305,True,True,185.0,32.93152386667344,True,True
653,390.1138314767679,False,False,185.00000000000003,390.06949633027057,True,False,185.0,390.06950973701424,True,False
654,352.82397825855537,False,False,185.00000000000003,352.75329554216376,True,False,185.0,352.7533248490745,True,False
655,355.6005711921826,False,False,185.00000000000003,355.53250775719283,True,False,185.0,355.53253530118786,True,False
656,334.696549812244,False,False,185.00000000000233,334.6047558646965,True,False,185.00000000000236,334.6048015990492,True,False
657,340.7173530257603,False,False,185.0,340.63344589576644,True,False,185.00000000000003,340.63348512474886,True,False
658,306.18466683245504,False,False,185.00000000000003,306.03681389901334,True,False,185.0,306.0369184725915,True,False
659,230.6300425551705,False,False,185.0000000000005,229.14129678334453,True,False,185.00000000000048,229.14835170831782,True,False
660,181.52569520033776,True,False,185.0,33.16660749056604,True,True,185.0,32.93156467937813,True,True
661,226.1406544498844,False,False,185.00000000000003,224.11381018798505,True,False,185.00000000000006,224.12625584954463,True,False
662,121.57369489608703,True,False,185.0,33.14491322834811,True,True,185.0,32.903472015746246,True,True
663,149.5850351458984,True,False,185.0,33.16279569207343,True,True,185.0,32.92660051904362,True,True
664,151.1482383432068,True,False,185.0,33.16318253830282,True,True,185.0,32.92703659101448,True,True
665,326.4702076059978,False,False,185.00000000000048,326.36585499967174,True,False,185.00000000000048,326.36591201312234,True,False
666,517.6174885832436,False,False,185.0,517.6037423158201,True,False,185.0,517.6037444452554,True,False
667,338.6300966689837,False,False,185.0000000000003,338.54356666734975,True,False,185.00000000000037,338.54360799838855,True,False
668,121.53757635179768,True,False,185.0,33.144867226423145,True,True,185.0,32.903408205735055,True,True
669,64.60834881728427,True,False,185.0,32.49415164961877,True,True,185.0,32.1615641373802,True,True
670,203.32197368680391,True,False,185.0,33.16716188605643,True,True,185.0,32.93229207020066,True,True
671,242.8458398036404,False,False,185.00000000000003,242.04558565746962,True,False,185.0,242.0478229944789,True,False
672,346.0880161156572,False,False,185.00000000000003,346.01036748266245,True,False,185.00000000000003,346.0104018284496,True,False
673,310.4948418803389,False,False,185.00000000000009,310.358136870847,True,False,185.00000000000006,310.3582279999261,True,False
674,361.0076115961268,False,False,185.00000000000153,360.94427535105314,True,False,185.00000000000156,360.94429969122035,True,False
675,143.54695245881274,True,False,185.0,33.160928183031075,True,True,185.0,32.92412688162952,True,True
676,400.6027029698224,False,False,184.99999999999997,400.5632872048519,True,False,185.0,400.5632982897064,True,False
677,262.1181237558674,False,False,185.00000000000065,261.7107953852352,True,False,185.0000000000007,261.7114397547122,True,False
678,183.9449994225027,True,False,185.0,33.16670461558139,True,True,185.0,32.9317481163817,True,True
679,130.07708198046973,True,False,185.0,33.15353009330708,True,True,185.0,32.91451322530069,True,True
680,388.9984655225247,False,False,185.00000000000003,388.9535585099827,True,False,185.0,388.95357221860434,True,False
681,267.0362864563555,False,False,185.00000000000784,266.6822041675654,True,False,185.00000000000793,266.6827031620042,True,False
682,102.0579621391367,True,False,185.0,33.09865762740989,True,True,185.0,32.844233957171504,True,True
683,133.82319671774667,True,False,185.0,33.156185606212205,True,True,185.0,32.91792592225883,True,True
684,229.09919392095668,False,False,185.00000000001359,227.45684943041573,True,False,185.00000000001373,227.46530346467384,True,False
685,129.70670017330676,True,False,185.0,33.153238402592855,True,True,185.0,32.91415874136438,True,True
686,208.30390578637417,True,False,185.0,33.16729541204282,True,True,185.0,32.93251796686925,True,True
687,481.74377401072,False,False,185.0,481.72553511297235,True,False,185.00000000000003,481.7255383173096,True,False
688,345.8564382946853,False,False,185.00000000000006,345.77853347690507,True,False,185.00000000000003,345.77856801566656,True,False
689,332.99042923089075,False,False,185.00000000000003,332.8962122193135,True,False,185.0,332.89626002478053,True,False
690,148.29540477932562,True,False,185.0,33.16244999110439,True,True,185.00000000000293,32.92609262027093,True,True
691,249.47384719866827,False,False,185.0,248.85739739359587,True,False,185.00000000000003,248.85877799357823,True,False
692,291.61652009577347,False,False,185.00000000000014,291.4196390837684,True,False,185.00000000000009,291.41981251160644,True,False
693,250.34172019817055,False,False,185.00000000000017,249.74440780730728,True,False,185.0000000000001,249.74571030685624,True,False
694,157.02271975664277,True,False,185.0,33.16436643827975,True,True,185.00000000000003,32.928639615204354,True,True
695,80.14058329514194,True,False,185.0,32.917184624706366,True,True,185.0,32.63023936817945,True,True
696,330.851197248824,False,False,185.00000000000003,330.7538133451917,True,False,185.0,330.7538640127207,True,False
697,192.7033948267702,True,False,185.0,33.16696095388882,True,True,185.0,32.93209163679627,True,True
698,275.8114559564342,False,False,185.00000000000455,275.5296815491286,True,False,185.0000000000046,275.5300113314951,True,False
699,100.64845734949505,True,False,185.00000000000003,33.0928248073825,True,True,185.0,32.83669744715838,True,True
700,286.0579559691811,False,False,185.00000000000082,285.83607645341846,True,False,185.00000000000082,285.83629109017755,True,False
701,343.591971447001,False,False,185.00000000000003,343.51149818738975,True,False,185.0,343.5115347449084,True,False
702,307.01493636451653,False,False,185.0,306.86932901247434,True,False,185.0,306.8694308302946,True,False
703,226.21653853672865,False,False,185.00000000000006,224.2014005328337,True,False,185.00000000000006,224.2137144917527,True,False
704,205.76249924690163,True,False,185.0,33.167210517270014,True,True,185.0,32.9323850046058,True,True
705,341.6951787247888,False,False,185.0,341.6124622142844,True,False,185.0,341.61250052373936,True,False
706,259.5057407939822,False,False,185.0000000000095,259.06509922789445,True,False,185.00000000000958,259.0658433659557,True,False
707,129.17556051849243,True,False,185.0,33.15280330929175,True,True,185.00000000000003,32.913527873757225,True,True
708,292.1658688124,False,False,185.00000000000503,291.9712340373283,True,False,185.00000000000506,291.9714039808089,True,False
709,402.9193747357737,False,False,185.00000000000003,402.8809435376123,True,False,184.99999999999997,402.88095421549014,True,False
710,181.51782812378164,True,False,185.0,33.16660716044629,True,True,185.0,32.93156392863572,True,True
711,277.8768673547837,False,False,185.00000000000045,277.60892706552755,True,False,185.00000000000045,277.6092282030777,True,False
712,414.509518710566,False,False,185.00000000000017,414.4755393266701,True,False,185.00000000000014,414.4755480050653,True,False
713,308.5647548103327,False,False,185.00000000000003,308.42321108522987,True,False,185.00000000000003,308.42330800127337,True,False
714,68.48541270734039,True,False,185.0,32.64709550078505,True,True,185.0,32.326476313547346,True,True
715,414.02314689129753,False,False,185.0000000000002,413.9889952839312,True,False,185.00000000000017,413.9890040340911,True,False
716,249.2119885981174,False,False,185.00000000000003,248.5895782152076,True,False,185.0,248.5909835629447,True,False
717,293.3882167205336,False,False,185.00000000000313,293.1984492336289,True,False,185.00000000000313,293.19861171650984,True,False
718,127.7569938929732,True,False,184.99999999999451,33.15157935422394,True,True,184.99999999999858,32.91195553562165,True,True
719,297.938576882783,False,False,185.0,297.76546738051053,True,False,185.00000000000003,297.76560547916455,True,False
720,66.0855616773977,True,False,185.0,32.55778338932808,True,True,185.0,32.22954877957036,True,True
721,85.73067568384612,True,False,185.0,32.98868224396275,True,True,185.00000000000614,32.71200949766952,True,True
722,416.0637255585764,False,False,185.00000000000006,416.0302886083203,True,False,185.00000000000006,416.03029706613,True,False
723,311.30502294937907,False,False,185.00000000000009,311.1702791195264,True,False,185.00000000000006,311.17036797781515,True,False
724,302.7509405785788,False,False,185.00000000000293,302.5932562886956,True,False,185.000000000003,302.59337339954243,True,False
725,370.84403170559614,False,False,185.0,370.7881955685156,True,False,185.00000000000003,370.7882153314679,True,False
726,182.81727833591148,True,False,185.00000000000003,33.166661745324106,True,True,185.0,32.93167696029897,True,True
727,121.8832868179031,True,False,185.0,33.14530780716023,True,True,185.0,32.904026637982774,True,True
728,111.52416788712053,True,False,185.0,33.12749647158186,True,True,185.0,32.88157571836579,True,True
729,287.3573232105803,False,False,185.0,287.1416826349536,True,False,184.99999999999997,287.1418866217959,True,False
730,266.05973642759045,False,False,185.00000000000023,265.69594398538334,True,False,185.00000000000014,265.69646816919595,True,False
731,385.6305628825587,False,False,185.00000000000003,385.5838661687687,True,False,185.0,385.5838808632731,True,False
732,291.1294097365925,False,False,185.00000000000014,290.9305055361511,True,False,185.00000000000009,290.9306821395007,True,False
733,198.09617046786528,True,False,185.0,33.16707041234662,True,True,185.0,32.932180065884566,True,True
734,204.0008097526294,True,False,185.0,33.167174223087365,True,True,185.0,32.93231677093707,True,True
735,233.20685853668328,False,False,185.00000000000048,231.92841607838574,True,False,185.0000000000003,231.93374208695192,True,False
736,158.11572750303196,True,False,184.99999999999997,33.164543923589754,True,True,185.0,32.92887656854912,True,True
737,261.32171765606984,False,False,185.0000000000027,260.9046470390638,True,False,185.00000000000276,260.9053198812639,True,False
738,114.04038789395403,True,False,185.0,33.13284591391827,True,True,185.0000000000048,32.88834654603952,True,True
739,112.94345845740511,True,False,185.0,33.13060598283289,True,True,185.0,32.8855579913226,True,True
740,279.2986528981374,False,False,185.00000000000003,279.03966427680615,True,False,185.0,279.0399475675658,True,False
741,354.957609469303,False,False,185.0,354.888951653499,True,False,185.0,354.88897958957637,True,False
742,285.2903755519805,False,False,185.00000000000193,285.0646866708271,True,False,185.000000000002,285.0649079465971,True,False
743,304.0953101545211,False,False,185.00000000000136,303.94158309103676,True,False,185.00000000000142,303.9416950633014,True,False
744,246.0934377885293,False,False,185.00000000001174,245.392582966409,True,False,185.00000000001182,245.39433320242722,True,False
745,213.649274984169,False,False,185.00000000000367,202.40063655953594,True,False,185.00000000000063,202.74603848211075,True,False
746,50.46126052794335,True,False,184.99999999999997,31.2420056161867,True,True,185.00000000000392,30.918685360615022,True,True
747,163.2499822327213,True,False,185.0,33.16525496577644,True,True,185.0,32.92980226618807,True,True
748,286.91893293696376,False,False,185.00000000000009,286.7012161904558,True,False,185.0000000000001,286.70142369288067,True,False
749,108.70247948206938,True,False,185.0,33.12049579481086,True,True,184.99999999999446,32.87257359836495,True,True
750,225.55743388450568,False,False,185.00000000000068,223.43662724792728,True,False,185.00000000000065,223.4501529679389,True,False
751,194.6163811500024,True,False,185.0,33.166999858332645,True,True,185.00000000000003,32.93217178033664,True,True
752,180.01970365898535,True,False,185.0,33.1665422023399,True,True,185.0,32.931459878812674,True,True
753,187.05285792741265,True,False,185.0,33.16680963336441,True,True,185.00000000000003,32.93184428304072,True,True
754,174.46965108250657,True,False,185.0,33.16624298312301,True,True,185.00000000000563,32.931087694509216,True,True
755,250.95712839112488,False,False,185.00000000000023,250.37283685290467,True,False,185.00000000000014,250.37408739269895,True,False
756,334.87687854041417,False,False,185.00000000000222,334.7853355778459,True,False,185.00000000000225,334.7853811027679,True,False
757,366.2419131678069,False,False,185.0000000000001,366.18273037898376,True,False,185.0000000000001,366.18275210560944,True,False
758,117.32844321710556,True,False,185.0,33.13875900313898,True,True,185.0,32.895785917333946,True,True
759,389.0119353210209,False,False,185.00000000000003,388.96703527512807,True,False,185.00000000000003,388.9670489799841,True,False
760,258.5917424019009,False,False,185.00000000000026,258.1384690165866,True,False,185.00000000000017,258.13925271903634,True,False
761,310.05834751255435,False,False,185.00000000000006,309.92056904015885,True,False,185.00000000000006,309.9206614332424,True,False
762,252.2406536669316,False,False,185.0000000000122,251.68215195873125,True,False,185.00000000001228,251.68330260037675,True,False
763,265.043644031369,False,False,185.00000000000014,264.66932026329346,True,False,185.00000000000014,264.66987246866023,True,False
764,296.88818775167715,False,False,185.0,296.7114252461094,True,False,185.00000000000003,296.71156850748486,True,False
765,128.16607872493242,True,False,185.00000000000455,33.15194314309408,True,True,185.0000000000053,32.91246706739714,True,True
766,113.39595520048483,True,False,185.0,33.13154845364831,True,True,185.0,32.886727691527405,True,True
767,329.8436494865662,False,False,185.0,329.7447221310952,True,False,185.0,329.74477418367746,True,False
768,271.1411576644704,False,False,185.00000000000003,270.82395064123,True,False,185.00000000000003,270.8243592680153,True,False
769,401.02913509714335,False,False,185.00000000000003,400.98990313788715,True,False,185.0,400.98991414848905,True,False
770,401.9562126486335,False,False,185.0,401.91737625203376,True,False,185.0,401.91738710519934,True,False
771,393.3944919268976,False,False,185.00000000000068,393.35178186228984,True,False,185.0000000000007,393.3517944943655,True,False
772,291.764561464421,False,False,185.00000000000014,291.5682894475046,True,False,185.00000000000009,291.5684619234256,True,False
773,250.3067072446999,False,False,185.00000000000014,249.70864063358806,True,False,185.0000000000001,249.70994617354086,True,False
774,272.6046802030287,False,False,185.0000000000001,272.29925230766224,True,False,185.00000000000009,272.2996338372632,True,False
775,198.47757767102905,True,False,185.0,33.16707795889055,True,True,185.00000000000003,32.93217931414884,True,True
776,165.4641363972683,True,False,185.0,33.16550290552395,True,True,185.0,32.93011551936883,True,True
777,239.8518748551431,False,False,185.00000000001378,238.93875023129016,True,False,185.0000000000139,238.94160707028482,True,False
778,374.5765472898825,False,False,185.00000000000003,374.52323626159705,True,False,185.00000000000003,374.5232544810721,True,False
779,201.16519877663808,True,False,185.0,33.167125366320725,True,True,185.0,32.93222241262852,True,True
780,155.85345180098673,True,False,185.0,33.16416097698904,True,True,185.0,32.92832236035682,True,True
781,343.5023765620935,False,False,185.00000000000003,343.4217992635646,True,False,185.00000000000003,343.42183590405114,True,False
782,201.89232338449213,True,False,185.0,33.16713739274615,True,True,185.0,32.932243841086084,True,True
783,398.08899608959774,False,False,185.00000000000006,398.04847244825197,True,False,185.00000000000006,398.0484840328548,True,False
784,337.27822208763763,False,False,185.0000000000009,337.18993175177275,True,False,185.0000000000009,337.18997453809465,True,False
785,305.8419635646082,False,False,185.0000000000001,305.69316933716533,True,False,185.0000000000001,305.6932750786784,True,False
786,474.5794087166561,False,False,185.00000000000026,474.5600411009516,True,False,185.00000000000028,474.5600446031,True,False
787,474.4560598997864,False,False,185.00000000000028,474.43667203255904,True,False,185.00000000000028,474.4366755396216,True,False
788,328.18144248120524,False,False,185.0,328.0798927934516,True,False,185.0,328.07994720679596,True,False
789,203.60629961205333,True,False,185.0,33.167166979305726,True,True,185.0,32.9323023469042,True,True
790,440.0577539972032,False,False,185.00000000000003,440.03137537179066,True,False,185.0,440.03138117563253,True,False
791,171.07211870544165,True,False,185.0,33.16600599211921,True,True,185.0,32.93078773209269,True,True
792,323.6344884022944,False,False,185.00000000000233,323.52524590634835,True,False,185.00000000000236,323.5253076300936,True,False
793,224.7999492347707,False,False,185.0000000000075,222.54553157540514,True,False,185.00000000000753,222.56066320767945,True,False
794,335.91736581801143,False,False,185.00000000000165,335.8272524328481,True,False,185.00000000000168,335.82729675392835,True,False
795,359.1878397484289,False,False,185.00000000000003,359.1229649186632,True,False,185.00000000000003,359.12299025021633,True,False
796,193.32831224815348,True,False,185.0,33.166974102016944,True,True,185.0,32.932122585843544,True,True
797,216.2862366756134,False,False,185.00000000000085,210.17359276065446,True,False,185.00000000000054,210.27393551869758,True,False
798,283.854102631371,False,False,185.0000000000047,283.62102597186964,True,False,185.00000000000475,283.62126042008487,True,False
799,300.05606784602105,False,False,185.0000000000001,299.89000047403874,True,False,185.00000000000009,299.89012874985474,True,False
800,259.52765869017543,False,False,185.0000000000094,259.0873134789638,True,False,185.00000000000946,259.0880567004569,True,False
801,258.93603924592685,False,False,185.00000000000028,258.48758770073835,True,False,185.00000000000017,258.4883561889817,True,False
802,263.62083679501615,False,False,185.00000000000003,263.2309829558405,True,False,185.0,263.23157772761,True,False
803,333.2376699173207,False,False,185.00000000000009,333.1438095579154,True,False,185.00000000000003,333.1438570523536,True,False
804,440.84588386314925,False,False,185.00000000000003,440.8197010601089,True,False,185.0,440.81970681046135,True,False
805,158.7345192790902,True,False,185.0,33.16464294170699,True,True,185.0,32.928979511058884,True,True
806,199.30039326505025,True,False,185.0,33.16709350085395,True,True,185.0,32.93218323923617,True,True
807,182.6956884584793,True,False,185.0,33.16665671414881,True,True,185.0,32.93166814103269,True,True
808,245.59848346181525,False,False,185.00000000000034,244.8837695926159,True,False,185.00000000000023,244.8855843940684,True,False
809,375.7274527551783,False,False,185.00000000000122,375.67488845247726,True,False,185.00000000000125,375.6749062584929,True,False
810,314.7087848690797,False,False,185.00000000000097,314.5818586986399,True,False,185.000000000001,314.58193876857894,True,False
811,204.49843981882375,True,False,185.0,33.167183718044164,True,True,185.0,32.93233511920621,True,True
812,345.43828532564794,False,False,185.00000000000003,345.35991492631456,True,False,185.00000000000003,345.3599498217543,True,False
813,360.5692221387091,False,False,185.00000000000168,360.505519909499,True,False,185.00000000000165,360.50554448260436,True,False
814,436.4504841369833,False,False,185.0,436.42318328625225,True,False,185.00000000000003,436.4231893786189,True,False
815,163.26498402010952,True,False,185.0,33.16525679852121,True,True,185.0,32.929805672632455,True,True
816,420.6346186855913,False,False,185.0,420.60270996693555,True,False,185.0,420.60271785985185,True,False
817,55.49863812496285,True,False,185.0,31.875622869845838,True,True,185.0,31.53330428370721,True,True
818,291.2576649096557,False,False,185.00000000000014,291.0592963124087,True,False,185.00000000000009,291.05947206979835,True,False
819,490.1849097666637,False,False,185.0,490.16788922783417,True,False,185.0,490.16789215422614,True,False
820,303.421574424247,False,False,185.00000000000213,303.26588213250477,True,False,185.00000000000216,303.265996651566,True,False
821,249.33620502317697,False,False,185.0,248.7166331850301,True,False,185.00000000000003,248.718026723225,True,False
822,225.96347985028345,False,False,185.0,223.90885019001044,True,False,185.0,223.92161098089548,True,False
823,207.8422623699594,True,False,185.0,33.16727376866537,True,True,185.00000000000003,32.93248553683552,True,True
824,266.86604978866546,False,False,185.00000000000836,266.51030280166344,True,False,185.0000000000084,266.51080607143535,True,False
825,206.33213582817325,True,False,185.0,33.16722455591051,True,True,185.0,32.932408954335294,True,True
826,376.7031235533823,False,False,185.00000000000102,376.6511810268648,True,False,185.000000000001,376.6511984964732,True,False
827,209.1534599950068,True,False,185.0,33.16735471023638,True,True,185.0,32.93260571465918,True,True
828,314.7797520390268,False,False,185.0000000000009,314.6529819488348,True,False,185.00000000000094,314.65306184620357,True,False
829,120.39165818727145,True,False,184.99999999999534,33.14334792312797,True,True,184.99999999999872,32.90150653468185,True,True
830,183.1759214791769,True,False,185.0,33.166676237819544,True,True,185.0,32.93170200389158,True,True
831,507.0969438096936,False,False,185.00000000000003,507.08205203644155,True,False,185.00000000000003,507.08205437194647,True,False
832,223.2004807486261,False,False,185.00000000000063,220.61123472533743,True,False,185.00000000000043,220.63075197388315,True,False
833,242.71026746088228,False,False,185.0,241.9053897710205,True,False,185.0,241.90765110238235,True,False
834,214.89173997241969,False,False,185.00000000001234,206.79446742942892,True,False,185.00000000000955,206.97207249882914,True,False
835,339.03609985712575,False,False,185.0000000000002,338.9500889364291,True,False,185.00000000000023,338.95012984586606,True,False
836,222.65769219740503,False,False,185.00000000000048,219.93477549049734,True,False,185.00000000000034,219.9561884134209,True,False
837,297.2237128780987,False,False,185.00000000000003,297.04812918152317,True,False,185.0,297.0482707663502,True,False
838,369.5816901266799,False,False,185.0,369.5249626066024,True,False,185.0,369.52498289334073,True,False
839,266.2430511629035,False,False,185.00000000000023,265.88111151475835,True,False,185.0000000000001,265.88163084852437,True,False
840,215.5115849681464,False,False,185.00000000000009,208.42637020063995,True,False,185.0000000000001,208.5616219054501,True,False
841,496.4453826635434,False,False,185.0,496.4291954724837,True,False,185.0,496.42919807828974,True,False
842,212.22313531592908,False,False,185.00000000001424,192.06590546356674,True,False,185.0,193.14628229123386,True,False
843,146.27663792537993,True,False,185.0,33.16185372167102,True,True,185.0,32.92527604491548,True,True
844,156.5291247058294,True,False,185.0,33.16428046265904,True,True,185.0,32.9284863367051,True,True
845,335.4936452104228,False,False,185.00000000000188,335.40295345075833,True,False,185.0000000000019,335.402998259183,True,False
846,397.6693613026736,False,False,185.00000000000009,397.62864856339894,True,False,185.00000000000009,397.62866023473407,True,False
847,179.36153564352472,True,False,185.0,33.1665088106114,True,True,185.0,32.93146082587377,True,True
848,393.4431779688516,False,False,185.00000000000068,393.4004914006773,True,False,185.0000000000007,393.40050402111603,True,False
849,278.87109752952364,False,False,185.0,278.60946362658,True,False,185.0,278.6097521337732,True,False
850,228.18216898283632,False,False,185.00000000000057,226.43469409394598,True,False,185.00000000000037,226.44417056118886,True,False
851,44.25048870101504,True,True,185.0,29.87109647186628,True,True,185.0,29.604958133843816,True,True
852,222.29047551329185,False,False,185.0000000000003,219.47016874989458,True,False,185.00000000000023,219.49301534855255,True,False
853,226.5693111454421,False,False,185.00000000000014,224.60712071843594,True,False,185.0000000000001,224.6188469284039,True,False
854,302.6500719817313,False,False,185.00000000000307,302.49208493502056,True,False,185.0000000000031,302.49220243829956,True,False
855,367.5489006925424,False,False,185.0,367.49069593546136,True,False,185.0,367.49071707132003,True,False
856,309.84252506773623,False,False,185.00000000000009,309.70421139381557,True,False,185.00000000000006,309.70430442085495,True,False
857,253.5745992381841,False,False,185.00000000000585,253.04109393696908,True,False,185.00000000000597,253.0421514732819,True,False
858,491.22656276065294,False,False,185.00000000000003,491.20968485955905,True,False,184.99999999999997,491.2096877280838,True,False
859,113.10184888684556,True,False,185.0,33.13094136619027,True,True,185.0,32.885909594589826,True,True
860,211.8964360042081,False,False,185.00000000001938,187.04582529157148,True,False,185.00000000000023,188.72220249499404,True,False
861,413.9203491492399,False,False,185.0000000000002,413.88616098837036,True,False,185.0000000000002,413.88616975389886,True,False
862,194.5648481501012,True,False,185.0,33.1669988351951,True,True,185.0,32.932170301841055,True,True
863,246.05763721941895,False,False,185.0000000000119,245.35579408471096,True,False,185.00000000001202,245.35754888764666,True,False
864,442.73679990020537,False,False,185.0,442.71107894085134,True,False,185.00000000000003,442.71108452625475,True,False
865,473.54363695593565,False,False,185.0000000000003,473.52409839301663,True,False,185.0000000000003,473.5241019344337,True,False
866,432.7235297314588,False,False,185.00000000000023,432.6952292312376,True,False,185.00000000000023,432.69523568199673,True,False
867,263.28264001018096,False,False,185.0,262.88895284092536,True,False,185.0,262.8895583246487,True,False
868,183.50563642893047,True,False,185.0,33.16668889593873,True,True,185.0,32.93172286071387,True,True
869,117.35883051685462,True,False,185.0,33.13880890313526,True,True,185.0,32.895855762913385,True,True
870,374.0676549841667,False,False,185.00000000000003,374.0140091031649,True,False,185.00000000000003,374.0140275147386,True,False
871,249.2817542727222,False,False,185.00000000000003,248.66094061704405,True,False,185.00000000000003,248.6623393166741,True,False
872,371.70905860191306,False,False,185.0,371.65382216113346,True,False,185.0,371.65384154736455,True,False
873,111.09400464298324,True,False,185.0,33.126498620828876,True,True,185.0,32.88034710747554,True,True
874,121.98905947539954,True,False,185.0,33.145440493801416,True,True,185.0,32.90420255916855,True,True
875,293.8719226555364,False,False,185.00000000000236,293.68403289782896,True,False,185.00000000000244,293.6841925290642,True,False
876,256.1502531288676,False,False,185.0,255.66041480453154,True,False,185.00000000000003,255.66131857001477,True,False
877,620.254232371503,False,False,185.0,620.2472812603955,True,False,185.0,620.2472819837374,True,False
878,216.3477614111273,False,False,185.00000000000085,210.30178104959577,True,False,185.0000000000005,210.39994110292395,True,False
879,296.03817951739154,False,False,185.00000000000014,295.8583792887838,True,False,185.00000000000014,295.85852692800285,True,False
880,216.05417914185023,False,False,185.0000000000007,209.67739595341826,True,False,185.0000000000005,209.7866520097002,True,False
881,193.37994870998617,True,False,185.00000000000003,33.16697515549792,True,True,185.0,32.93212502586592,True,True
882,205.3268496083004,True,False,184.99999999999997,33.16720072429437,True,True,185.0,32.932367109612414,True,True
883,386.05926919580605,False,False,185.0,386.0128056852565,True,False,185.0,386.01282026089325,True,False
884,286.08714700872,False,False,185.00000000000077,285.86541051456123,True,False,185.00000000000082,285.86562490402673,True,False
885,156.48786062285652,True,False,185.0,33.16427333149205,True,True,185.0,32.92847338138079,True,True
886,222.17728600990927,False,False,185.00000000000026,219.32573137509291,True,False,185.00000000000023,219.34904739876677,True,False
887,150.89366804112456,True,False,185.0,33.163122911841754,True,True,185.00000000000003,32.926940942684304,True,True
888,260.80538094320764,False,False,185.0000000000045,260.381805516797,True,False,185.00000000000455,260.3824977129922,True,False
889,311.99769938622984,False,False,185.00000000000344,311.8646007551417,True,False,185.00000000000347,311.8646877457881,True,False
890,246.9544286914606,False,False,185.00000000000654,246.27670415096216,True,False,185.00000000000662,246.2783490221528,True,False
891,355.00797171406595,False,False,185.0,354.9393607146966,True,False,185.0,354.93938862056257,True,False
892,306.71759060646986,False,False,185.0,306.57118466235556,True,False,185.0,306.57128744936904,True,False
893,171.56382334145488,True,False,185.0,33.1660443265785,True,True,185.0,32.93085844654691,True,True
894,261.78051117370296,False,False,185.00000000000142,261.36909510501846,True,False,185.00000000000145,261.3697513426622,True,False
895,122.24002143338777,True,False,185.0,33.14574881167022,True,True,185.0,32.9045812225464,True,True
896,306.8005296965824,False,False,185.0,306.65434713129036,True,False,185.00000000000003,306.65444964618575,True,False
897,309.63938472993414,False,False,185.00000000000009,309.5005645980804,True,False,185.00000000000006,309.5006582322556,True,False
898,102.59813627032663,True,False,184.9999999999975,33.10076624392709,True,True,184.9999999999994,32.84691350004641,True,True
899,444.1424990294065,False,False,185.0,444.1171142466308,True,False,185.00000000000003,444.1171196834319,True,False
900,286.18109224588886,False,False,185.00000000000068,285.9598151292666,True,False,185.0000000000007,285.96002872546444,True,False
901,135.73401900487326,True,False,185.00000000000003,33.15733801712379,True,True,185.0,32.91947323636454,True,True
902,297.3260973120955,False,False,185.00000000000003,297.1508710772838,True,False,185.00000000000003,297.1510121555834,True,False
903,302.05760692454936,False,False,185.00000000000384,301.8978247201934,True,False,185.00000000000387,301.89794458450604,True,False
904,318.22529447341736,False,False,185.00000000000003,318.10578681568313,True,False,185.00000000000003,318.1058589656415,True,False
905,197.5163961562613,True,False,185.0,33.16705870037351,True,True,185.0,32.93218259952602,True,True
906,199.6241131357848,True,False,185.0,33.167099336376005,True,True,185.0,32.932187348910404,True,True
907,206.86126031958185,True,False,185.0,33.16723931128763,True,True,185.00000000000003,32.932432489361155,True,True
908,289.2638652458806,False,False,185.00000000000009,289.0569281794404,True,False,185.00000000000006,289.0571177477516,True,False
909,394.7569134849276,False,False,185.00000000000048,394.7148543064347,True,False,185.00000000000048,394.71486662389145,True,False
910,292.19013406075777,False,False,185.000000000005,291.99559764984053,True,False,185.00000000000503,291.9957674428797,True,False
911,252.5503528175809,False,False,185.00000000001083,251.99781214578206,True,False,185.0000000000109,251.9989402554465,True,False
912,306.5153959783877,False,False,185.0,306.3684434233676,True,False,185.0,306.36854688438643,True,False
913,368.9677555823515,False,False,185.0,368.9105874333328,True,False,185.00000000000003,368.910607966243,True,False
914,310.95761746046475,False,False,185.00000000000009,310.82203760616443,True,False,185.00000000000006,310.8221274282331,True,False
915,427.6806965853225,False,False,185.00000000000065,427.65096236782097,True,False,185.00000000000065,427.6509693261221,True,False
916,223.155771110733,False,False,185.00000000000063,220.55594723561194,True,False,185.00000000000043,220.57561146810494,True,False
917,462.0545751637089,False,False,185.0,462.03299513415686,True,False,185.0,462.0329993530786,True,False
918,390.7569243966024,False,False,185.00000000000003,390.7129144232282,True,False,185.0,390.71292766887916,True,False
919,214.9632615182954,False,False,185.0000000000088,206.996382429361,True,False,185.00000000000642,207.16819284588018,True,False
920,265.3401880533233,False,False,185.00000000000017,264.96898440867,True,False,185.0000000000001,264.9695282355439,True,False
921,493.1823631419666,False,False,185.00000000000003,493.1657487018402,True,False,185.00000000000003,493.1657514589934,True,False
922,548.8174683254845,False,False,185.0,548.8064909762105,True,False,185.0,548.8064925013433,True,False
923,139.46925554028647,True,False,185.0,33.159253089790106,True,True,185.0,32.921967902193295,True,True
924,202.90011040727697,True,False,185.0,33.16715449088082,True,True,185.0,32.93227727831835,True,True
925,192.11045236314183,True,False,185.0,33.1669474990554,True,True,184.99999999999946,32.932060862777924,True,True
926,276.7908554092562,False,False,185.00000000000225,276.51576858991143,True,False,185.0000000000023,276.51608435920804,True,False
927,440.6509230700037,False,False,185.0,440.6246920105632,True,False,185.0,440.6246977759381,True,False
928,215.03040241604347,False,False,185.00000000000603,207.1823683444035,True,False,185.00000000000404,207.34898327402863,True,False
929,178.3486349868317,True,False,185.00000000000003,33.16645763767222,True,True,185.0,32.931453960639274,True,True
930,388.0221507288314,False,False,185.0,387.97673476759763,True,False,185.00000000000003,387.97674875842665,True,False
931,274.9191769559744,False,False,185.00000000000676,274.6310997196442,True,False,185.0000000000068,274.63144294048664,True,False
932,471.0946768783414,False,False,185.00000000000003,471.0747259200726,True,False,185.0,471.0747295665724,True,False
933,67.91556794529025,True,False,185.0,32.62731196397543,True,True,185.0,32.30490174470941,True,True
934,280.3072600630789,False,False,185.00000000000006,280.05435873028057,True,False,185.00000000000006,280.0546301773126,True,False
935,145.18619598000407,True,False,185.0,33.16150076053698,True,True,185.0,32.92491174825882,True,True
936,388.1917813429958,False,False,185.00000000000003,388.1464543781139,True,False,185.0,388.14646831794585,True,False
937,281.5923524812498,False,False,185.0000000000001,281.3469087111796,True,False,185.00000000000009,281.34716589064396,True,False
938,180.3658896259618,True,False,184.99999999999997,33.16655840141792,True,True,185.0,32.93147227166302,True,True
939,356.0878019159107,False,False,185.00000000000003,356.020184154814,True,False,185.00000000000003,356.0202113995681,True,False
940,132.45133105704593,True,False,185.0,33.155280021364504,True,True,185.0,32.91679176635874,True,True
941,303.91501964325806,False,False,185.00000000000156,303.76077017464627,True,False,185.00000000000162,303.76088281965326,True,False
942,190.15641407682008,True,False,185.0,33.16689771368314,True,True,185.0,32.93194600681462,True,True
943,387.3163452000176,False,False,185.0,387.27055634333396,True,False,185.00000000000003,387.2705705455411,True,False
944,199.1796914706049,True,False,185.0,33.167091285304274,True,True,185.0,32.93218208513823,True,True
945,283.2787574494762,False,False,185.00000000000585,283.042622469467,True,False,185.00000000000585,283.04286243467624,True,False
946,245.05587762492723,False,False,185.00000000000037,244.3254722173936,True,False,185.00000000000023,244.3273614331641,True,False
947,298.07154978791726,False,False,185.00000000000006,297.89889499115685,True,False,185.00000000000003,297.8990324537092,True,False
948,423.49272949048265,False,False,185.0,423.4617282161275,True,False,185.0,423.46173571730736,True,False
949,173.45455139100582,True,False,185.0,33.166174869797075,True,True,185.0,32.931018252013196,True,True
950,267.71112648972235,False,False,185.00000000000574,267.36353043332355,True,False,185.00000000000583,267.3640129558899,True,False
951,265.47613525916256,False,False,185.0000000000002,265.10634901981206,True,False,185.0000000000001,265.1068890623803,True,False
952,376.8571363786798,False,False,185.00000000000097,376.8052910741484,True,False,185.00000000000097,376.8053084915597,True,False
953,119.24796372434916,True,False,185.0,33.1417288094361,True,True,185.00000000000003,32.89946155299112,True,True
954,442.7251198016586,False,False,185.0,442.69939602363246,True,False,185.0,442.6994016101116,True,False
955,435.6061580359335,False,False,185.00000000000006,435.57863499392823,True,False,185.00000000000006,435.5786411652525,True,False
956,260.31417507542085,False,False,185.00000000000637,259.8842685246854,True,False,185.00000000000642,259.88497980491576,True,False
957,193.3677788437954,True,False,185.0,33.16697490741082,True,True,185.0,32.93212445397353,True,True
958,120.0983344874202,True,False,185.0,33.142942017813276,True,True,185.0,32.90102696604668,True,True
959,340.8859863699044,False,False,185.00000000000003,340.8022862724871,True,False,185.0,340.80232533755805,True,False
960,206.7716974265916,True,False,185.0,33.167236672776305,True,True,185.0,32.93242836152872,True,True
961,154.14901105241125,True,False,185.00000000000003,33.16383653087739,True,True,185.00000000000043,32.9279183624291,True,True
962,59.65926826703396,True,False,185.0,32.217235617730125,True,True,185.0,31.874402700501747,True,True
963,401.5814034856475,False,False,185.0,401.54240782792033,True,False,185.0,401.54241874359656,True,False
964,282.23179838686923,False,False,185.00000000000014,281.9899462553869,True,False,185.0000000000001,281.9901967144863,True,False
965,275.30835469170165,False,False,185.0000000000058,275.0230517445225,True,False,185.00000000000585,275.0233890341402,True,False
966,108.0527364292422,True,False,185.0,33.11871296886771,True,True,185.0,32.87027896993652,True,True
967,173.04947095112468,True,False,185.0,33.16614743517858,True,True,185.0,32.930998709017004,True,True
968,291.91258914089684,False,False,185.00000000000534,291.716923347963,True,False,185.0000000000054,291.7170948781277,True,False
969,350.7756307533517,False,False,185.0000000000005,350.7029250883969,True,False,185.0000000000005,350.70295582073373,True,False
970,260.17918391121714,False,False,185.00000000000688,259.74751247180376,True,False,185.00000000000696,259.74822910783377,True,False
971,71.55879701196137,True,False,185.0,32.74070997069825,True,True,185.0,32.43021602399378,True,True
972,234.4182629083544,False,False,185.00000000001253,233.22241264344973,True,False,185.00000000001265,233.22712015139857,True,False
973,325.8734166023857,False,False,185.00000000000074,325.7680608708831,True,False,185.0000000000008,325.76811883527023,True,False
974,337.5626012832548,False,False,185.00000000000077,337.47468538461715,True,False,185.00000000000077,337.4747278578668,True,False
975,298.7367942175188,False,False,185.00000000000003,298.56638873383474,True,False,185.00000000000006,298.5665230368522,True,False
976,222.45636351791973,False,False,185.0000000000004,219.68078964557242,True,False,185.00000000000028,219.70297220581088,True,False
977,280.16735984748607,False,False,185.00000000000006,279.9136267416319,True,False,185.00000000000006,279.9138998001553,True,False
978,296.6440043722944,False,False,185.0,296.466376810794,True,False,185.0,296.46652131059403,True,False
979,128.69725216781987,True,False,185.0,33.15239837206718,True,True,185.0,32.91308483585445,True,True
980,205.9837456441155,True,False,185.00000000000003,33.16721578081211,True,True,185.0,32.932394207469144,True,True
981,325.6156037204738,False,False,185.0000000000009,325.509810438929,True,False,185.00000000000094,325.50986882409495,True,False
982,229.29182203780692,False,False,185.00000000001137,227.6702233966142,True,False,185.00000000001148,227.6784818346648,True,False
983,91.96268164004124,True,False,184.99999999999997,33.04375516466664,True,True,185.0,32.77599505916933,True,True
984,531.2232176576363,False,False,185.00000000000014,531.210782955045,True,False,185.00000000000014,531.2107846895614,True,False
985,293.2342740988404,False,False,185.00000000000338,293.0439033427337,True,False,185.0000000000034,293.04406673792187,True,False
986,317.03256458498566,False,False,185.0,316.91061114832195,True,False,185.0,316.9106858519732,True,False
987,196.58593706237264,True,False,185.0,33.16703964669733,True,True,185.0,32.93218867313155,True,True
988,416.5132741712508,False,False,185.0,416.4799919059691,True,False,185.00000000000003,416.48000030203184,True,False
989,281.25513692487704,False,False,185.0000000000001,281.0077676542,True,False,185.00000000000009,281.00802847869403,True,False
990,454.90669517745584,False,False,185.0000000000001,454.8836965715545,True,False,185.00000000000014,454.88370119574387,True,False
991,383.99080088003615,False,False,184.99999999999997,383.94319719043153,True,False,185.0,383.9432123233916,True,False
992,332.8442394767064,False,False,185.00000000000006,332.7498106865998,True,False,185.00000000000003,332.74985867636184,True,False
993,152.15363276215615,True,False,185.0,33.16341497880296,True,True,185.0,32.92740678042569,True,True
994,227.4225785415561,False,False,185.00000000000043,225.57918085662575,True,False,185.00000000000028,225.58963569579333,True,False
995,341.59568126605245,False,False,185.0,341.51284468817335,True,False,184.99999999999997,341.5128830883257,True,False
996,187.15828802579813,True,False,185.0,33.166813032780865,True,True,185.0000000000001,32.93184801373851,True,True
997,239.495316405224,False,False,185.0000000000163,238.5670777446392,True,False,185.00000000001637,238.5700227959784,True,False
998,354.80871840152435,False,False,185.0,354.7399219177164,True,False,185.0,354.73994994306554,True,False
999,164.24315314100016,True,False,185.0,33.16537011795062,True,True,185.0,32.92998326595882,True,True
1000,188.5921906436114,True,False,184.99999999999474,33.16685515126738,True,True,184.99999999999875,32.93188173876992,True,True
1001,260.8497507501134,False,False,185.0000000000043,260.42674027442905,True,False,185.00000000000435,260.4274307774488,True,False
1002,320.59754706310963,False,False,185.00000000000006,320.4827020310192,True,False,185.00000000000006,320.4827693236995,True,False
1003,226.09500146751984,False,False,185.00000000000006,224.0610588855631,True,False,185.00000000000003,224.07358471288663,True,False
1004,286.45438960425787,False,False,185.0000000000004,286.2344410399209,True,False,185.00000000000045,286.2346523531568,True,False
1005,318.50761587208046,False,False,185.00000000000003,318.3886769744166,True,False,185.0,318.38874853525056,True,False
1006,718.5411560607661,False,False,184.99999999999997,718.5370648761199,True,False,185.0,718.5370652214503,True,False
1007,436.3770126609842,False,False,185.0,436.3496925730371,True,False,185.00000000000003,436.34969867222947,True,False
1008,489.7372611442577,False,False,184.99999999999997,489.7201788050407,True,False,185.0,489.7201817549472,True,False
1009,303.9768793041101,False,False,185.00000000000153,303.82280936371,True,False,185.00000000000156,303.82292177785774,True,False
1010,463.7809942003181,False,False,185.00000000000003,463.7597388787416,True,False,184.99999999999997,463.7597430237595,True,False
1011,490.6328892736895,False,False,185.0,490.6159302780929,True,False,185.00000000000003,490.61593318150955,True,False
1012,73.30797456325277,True,False,185.0,32.78552072529756,True,True,185.0,32.480613403255056,True,True
1013,195.54433789734284,True,False,185.0,33.16701837260181,True,True,185.0,32.932188721201776,True,True
1014,113.976459691474,True,False,185.0,33.13271891425983,True,True,185.0,32.888191516595114,True,True
1015,374.1779630620628,False,False,185.00000000000003,374.12439001040417,True,False,185.00000000000003,374.124408379926,True,False
1016,205.950079373951,True,False,185.00000000000003,33.16721496559383,True,True,185.0,32.93239280050018,True,True
1017,376.4949558832458,False,False,185.00000000000105,376.44288154947463,True,False,185.00000000000105,376.44289909026315,True,False
1018,254.68716548951943,False,False,185.00000000000148,254.17322290000172,True,False,185.00000000000153,254.1742101178158,True,False
1019,226.3445867025669,False,False,185.00000000000009,224.34894414624358,True,False,185.00000000000006,224.361040175962,True,False
1020,312.1350138182737,False,False,185.0000000000033,312.002237937993,True,False,185.00000000000333,312.0023245641843,True,False
1021,200.58581561808336,True,False,185.0,33.167115794291284,True,True,185.0,32.932206870850436,True,True
1022,179.09750094440474,True,False,185.0,33.1664951897877,True,True,185.0,32.93146412991813,True,True
1023,81.68882501112346,True,False,185.0,32.93961200255274,True,True,185.0,32.655838531876704,True,True
1024,272.31634458019414,False,False,185.00000000000009,272.0086477384578,True,False,185.00000000000009,272.0090344394594,True,False
1025,250.88182010521328,False,False,185.00000000000023,250.29595879493462,True,False,185.00000000000017,250.29721554738518,True,False
1026,375.9387481212768,False,False,185.0000000000012,375.8863193399541,True,False,185.0000000000012,375.8863370720063,True,False
1027,280.8232451060384,False,False,185.0000000000001,280.5733773512577,True,False,185.00000000000006,280.5736429490486,True,False
1028,339.5958194020832,False,False,185.0000000000001,339.51051697701473,True,False,185.00000000000006,339.5105573182387,True,False
1029,275.5220426765923,False,False,185.0000000000053,275.23824633890774,True,False,185.00000000000531,275.2385804277391,True,False
1030,289.3874439904137,False,False,185.00000000000006,289.1810534222339,True,False,185.00000000000006,289.1812420892239,True,False
1031,95.89852431537216,True,False,185.0,33.069161577392215,True,True,185.0,32.80681004195403,True,True
1032,130.9391721005232,True,False,185.00000000000117,33.15419404995303,True,True,185.00000000000213,32.91536648032955,True,True
1033,128.27961252008708,True,False,185.0,33.15204226257427,True,True,185.0,32.91261703079963,True,True
1034,32.193686918167366,True,True,184.99999999999574,23.64672323425669,True,True,184.9999999999976,23.529216867987532,True,True
1035,462.0562467346419,False,False,185.0,462.0346670227235,True,False,185.0,462.03467124157936,True,False
1036,371.1264765258224,False,False,185.00000000000003,371.0708371837154,True,False,185.00000000000003,371.0708568216838,True,False
1037,61.60600895250187,True,False,184.99999999999716,32.3396376125262,True,True,184.99999999999676,31.999699952691568,True,True
1038,229.2945301013015,False,False,185.0000000000113,227.67321999981968,True,False,185.00000000001143,227.68147573187855,True,False
1039,338.4824434489913,False,False,185.0000000000004,338.3957235836762,True,False,185.0000000000004,338.3957650684145,True,False
1040,199.9928577006202,True,False,185.0,33.16710579022732,True,True,185.0,32.93219365855803,True,True
1041,291.1303383584574,False,False,185.00000000000014,290.931438043515,True,False,185.00000000000009,290.93161464072506,True,False
1042,259.326061784516,False,False,185.00000000001015,258.88297935425317,True,False,185.00000000001017,258.88373107160606,True,False
1043,250.52216408947416,False,False,185.00000000000017,249.92871551720808,True,False,185.00000000000014,249.93000248326214,True,False
1044,246.4125439720523,False,False,185.0000000000098,245.72040334495537,True,False,185.0000000000099,245.7221135516538,True,False
1045,344.3808918962762,False,False,185.00000000000003,344.3013267012639,True,False,185.00000000000003,344.3013625326357,True,False
1046,448.4605138335772,False,False,185.0000000000005,448.4361249572362,True,False,185.0000000000005,448.4361300007932,True,False
1047,240.1439556141024,False,False,185.00000000001165,239.24292222988456,True,False,185.00000000001177,239.24570938734365,True,False
1048,234.3435064362762,False,False,185.00000000001324,233.14281375206536,True,False,185.0000000000134,233.14755656582074,True,False
1049,156.93885956251864,True,False,185.0,33.164351779448175,True,True,185.0,32.92861548097562,True,True
1050,143.3087139811202,True,False,185.0,33.160841366391324,True,True,185.0,32.924033805225825,True,True
1051,284.416141344359,False,False,185.00000000000355,284.1859969435689,True,False,185.00000000000364,284.1862261260002,True,False
1052,209.66861798982163,True,False,185.0,33.167418512483245,True,True,185.0,32.93269848394274,True,True
1053,276.6764045261115,False,False,185.00000000000244,276.4005483102825,True,False,185.00000000000253,276.4008656798004,True,False
1054,293.8087631432569,False,False,185.00000000000247,293.62062972527474,True,False,185.00000000000253,293.62078972368636,True,False
1055,440.1491124961455,False,False,185.0,440.12275667194774,True,False,185.0,440.1227624697495,True,False
1056,329.6483185560193,False,False,185.00000000000003,329.54908800964586,True,False,185.00000000000003,329.54914033483954,True,False
1057,321.7508967808441,False,False,185.00000000000009,321.63822617296836,True,False,185.00000000000003,321.63829125647385,True,False
1058,202.7249528729829,True,False,185.0,33.16715147084315,True,True,185.0,32.93227126511611,True,True
1059,275.9950417924805,False,False,185.00000000000406,275.71453901556123,True,False,185.00000000000412,275.71486612021465,True,False
1060,274.0066113914017,False,False,185.0000000000002,273.71187103168467,True,False,185.0000000000001,273.7122287123003,True,False
1061,472.558049577141,False,False,185.00000000000037,472.5383464478551,True,False,185.00000000000034,472.5383500278806,True,False
1062,285.0741817415815,False,False,185.00000000000233,284.8474027784309,True,False,185.0000000000024,284.8476259775727,True,False
1063,371.694820592614,False,False,185.0,371.6395743532802,True,False,185.0,371.6395937457448,True,False
1064,227.20554302438467,False,False,185.00000000000037,225.33310115291138,True,False,185.00000000000026,225.34386075967703,True,False
1065,216.82070674771128,False,False,185.00000000002166,211.24554995867607,True,False,185.0000000000205,211.32905675670884,True,False
1066,248.1052132160551,False,False,185.00000000000122,247.45659702498324,True,False,185.00000000000125,247.4581136470659,True,False
1067,511.8883727535157,False,False,185.0,511.8740180954596,True,False,185.0,511.87402029787745,True,False
1068,351.34855619015326,False,False,185.00000000000034,351.27642437832424,True,False,185.00000000000034,351.2764546996725,True,False
1069,493.55978847823815,False,False,185.0,493.5432242353238,True,False,185.0,493.54322697215025,True,False
1070,625.7389780213846,False,False,185.0,625.7322476070485,True,False,184.99999999999997,625.732248350421,True,False
1071,180.61833617263932,True,False,185.0,33.166569432041506,True,True,185.0,32.93148768828934,True,True
1072,240.15650964499272,False,False,185.00000000001154,239.25599024355645,True,False,185.00000000001165,239.25877445722517,True,False
1073,164.83894543355603,True,False,185.0,33.16543418514409,True,True,185.0,32.930046475577825,True,True
1074,419.3588597974454,False,False,185.0,419.3265343190346,True,False,185.00000000000003,419.32654235138284,True,False
1075,308.96436057879373,False,False,185.00000000000003,308.82383843796174,True,False,185.00000000000003,308.82393411579295,True,False
1076,307.3024492063012,False,False,185.0,307.1576081492488,True,False,185.0,307.15770903497423,True,False
1077,141.02187288698494,True,False,185.0,33.15993876963989,True,True,185.0,32.92285313131855,True,True
1078,128.77544408028297,True,False,185.0,33.15246587253142,True,True,185.0,32.913144620891785,True,True
1079,113.0868508586558,True,False,185.0,33.130909937449985,True,True,185.0,32.88587355145442,True,True
1080,240.27790296378444,False,False,185.00000000001063,239.38232965783808,True,False,185.00000000001077,239.3850856176043,True,False
1081,87.75370872852272,True,False,185.0,33.0089269418895,True,True,185.0,32.73535086340182,True,True
1082,491.5236127505305,False,False,185.0,491.50677522828516,True,False,185.0,491.50677808174515,True,False
1083,185.18112336969463,True,False,185.0,33.16674616495394,True,True,185.00000000000003,32.931791969732366,True,True
1084,333.1857945324062,False,False,185.00000000000006,333.09185949845147,True,False,185.00000000000003,333.091907058529,True,False
1085,567.7573066189104,False,False,185.00000000000009,567.7476518548727,True,False,185.00000000000006,567.7476530366844,True,False
1086,187.13415070193724,True,False,185.0,33.16681225808942,True,True,185.0,32.93184717803957,True,True
1087,621.4278249012252,False,False,184.99999999999997,621.4209218248624,True,False,184.99999999999997,621.4209225434087,True,False
1088,400.3718833941105,False,False,184.99999999999997,400.33236764526475,True,False,185.0,400.33237877161594,True,False
1089,336.5459393818774,False,False,185.0000000000013,336.4566745334648,True,False,185.0000000000013,336.45671814147966,True,False
1090,262.2103535112203,False,False,185.00000000000054,261.80413121204145,True,False,185.00000000000054,261.80477238344866,True,False
1091,381.0154549600199,False,False,185.00000000000014,380.96614256304855,True,False,185.0000000000001,380.9661585841686,True,False
1092,317.3879840975491,False,False,185.0,317.26676682327724,True,False,185.0,317.2668407472886,True,False
1093,318.9634743137054,False,False,185.00000000000003,318.8454457426412,True,False,185.00000000000003,318.8455163616606,True,False
1094,234.57284235323644,False,False,185.00000000001108,233.38690501875197,True,False,185.0000000000112,233.39154061186832,True,False
1095,110.20060784806634,True,False,185.0,33.12435343628304,True,True,185.0,32.87756699809393,True,True
1096,114.14815431810928,True,False,184.9999999999939,33.13305728755282,True,True,184.99999999999827,32.88859699573851,True,True
1097,92.07405948624884,True,False,185.00000000000003,33.04455922399607,True,True,185.0,32.77697989679339,True,True
1098,504.5848390418438,False,False,185.00000000000009,504.5696547495065,True,False,185.00000000000009,504.56965715240653,True,False
1099,282.9522799613648,False,False,185.00000000000014,282.714383502795,True,False,185.00000000000009,282.71462667071035,True,False
1100,182.14468708378945,True,False,185.0,33.16663353420176,True,True,185.0,32.931622559337264,True,True
1101,181.52136311220187,True,False,185.0,33.16660730877722,True,True,185.0,32.931564265829955,True,True
1102,137.35685966206617,True,False,184.99999999999292,33.15822036602764,True,True,184.9999999999937,32.92061005741606,True,True
1103,169.17762100420953,True,False,185.0,33.16585132242196,True,True,185.0,32.93060026298269,True,True
1104,210.83139261219875,False,False,185.0,33.1682589033116,True,True,185.00000000000534,32.934214869232875,True,True
1105,311.2308698549228,False,False,185.0000000000001,311.0959481931321,True,False,185.00000000000006,311.0960372562963,True,False
1106,474.1736839229011,False,False,185.00000000000026,474.1542495869878,True,False,185.00000000000028,474.15425310446534,True,False
1107,316.7252627249316,False,False,185.00000000000003,316.60266768031715,True,False,185.0,316.6027430657235,True,False
1108,124.50673836421568,True,False,185.0,33.14836959696319,True,True,185.0,32.907915702248296,True,True
1109,382.83818699073527,False,False,185.0,382.78993119628177,True,False,185.0,382.7899466595313,True,False
1110,288.6893021624117,False,False,185.00000000000006,288.4797965336612,True,False,185.0,288.479990320338,True,False
1111,381.4202750083315,False,False,185.00000000000009,381.3712000120519,True,False,185.00000000000006,381.37121590686877,True,False
1112,328.65291249925707,False,False,185.0,328.5521164410355,True,False,184.99999999999997,328.55217016178136,True,False
1113,173.8841397168616,True,False,185.0,33.166204245284725,True,True,185.0,32.93104560705534,True,True
1114,320.03756485114525,False,False,185.00000000000006,319.92164265937515,True,False,185.00000000000003,319.92171107158157,True,False
1115,155.23275902194453,True,False,185.0,33.16404260933437,True,True,185.0,32.92826146189588,True,True
1116,116.80739586108773,True,False,185.0,33.13789153689157,True,True,185.0,32.89475322946014,True,True
1117,98.6260926833516,True,False,185.00000000000003,33.083559158682334,True,True,185.0,32.82483003778498,True,True
1118,516.1714856442234,False,False,185.00000000000003,516.1575891550407,True,False,185.00000000000003,516.1575913141314,True,False
1119,440.02514648515984,False,False,185.00000000000003,439.99875971507765,True,False,185.0,439.9987655210668,True,False
1120,248.4333933268327,False,False,185.0000000000004,247.79272331456195,True,False,185.00000000000043,247.79420577474687,True,False
1121,94.61542715589152,True,False,185.0,33.06152936675357,True,True,185.0,32.797463722841016,True,True
1122,150.1154108558129,True,False,185.0,33.16292717557578,True,True,185.0,32.92679075363421,True,True
1123,343.1660528721816,False,False,185.0,343.085083350905,True,False,185.0,343.08512030725404,True,False
1124,93.15713228516464,True,False,185.0,33.05211194617972,True,True,185.0,32.786010996406205,True,True
1125,147.27373616114306,True,False,185.0,33.16215743812254,True,True,185.0,32.925752584802126,True,True
1126,69.47501806127705,True,False,185.0,32.67953642133031,True,True,185.00000000000003,32.36224285152727,True,True
1127,284.43460364154083,False,False,185.00000000000355,284.20455465007774,True,False,185.0000000000036,284.2047836633179,True,False
1128,371.1739651844632,False,False,185.00000000000003,371.11835883623235,True,False,185.00000000000003,371.1183784536419,True,False
1129,124.95112315308803,True,False,185.0,33.14884527172791,True,True,185.00000000000009,32.908475110404346,True,True
1130,266.96852194044453,False,False,185.00000000000807,266.6137783940741,True,False,185.00000000000813,266.6142790841725,True,False
1131,175.38820875720623,True,False,184.99999999999838,33.16629807463844,True,True,184.99999999999972,32.93113749016708,True,True
1132,503.5253639684294,False,False,185.0000000000001,503.51005397160054,True,False,185.0000000000001,503.5100564018565,True,False
1133,289.2410555946199,False,False,185.00000000000009,289.03401742901565,True,False,185.00000000000006,289.03420716306675,True,False
1134,249.20323344151285,False,False,185.00000000000003,248.58062223080668,True,False,185.0,248.58202841573333,True,False
1135,204.207107819156,True,False,185.0,33.16717810600348,True,True,185.0,32.93232433809191,True,True
1136,374.66850321022696,False,False,185.00000000000003,374.61525238088996,True,False,185.0,374.6152705660151,True,False
1137,232.712491881316,False,False,185.0000000000004,231.3976336652248,True,False,185.00000000000026,231.40324333012046,True,False
1138,72.4970145861362,True,False,185.0,32.76542741983767,True,True,185.0,32.45793036600666,True,True
1139,225.4383506781516,False,False,185.00000000000134,223.2974456071902,True,False,185.0000000000013,223.31120764186903,True,False
1140,393.3807274673189,False,False,185.00000000000068,393.3380107566116,True,False,185.00000000000068,393.33802339195137,True,False
1141,405.2859585043829,False,False,185.0,405.2484986436234,True,False,185.0,405.2485088324777,True,False
1142,317.93853662689776,False,False,185.0,317.81844732930443,True,False,185.00000000000003,317.81852007802223,True,False
1143,241.8907723294577,False,False,185.00000000000097,241.0570271858689,True,False,185.000000000001,241.05944102489892,True,False
1144,228.02162518552697,False,False,185.00000000000054,226.25458476277,True,False,185.00000000000037,226.26425726441457,True,False
1145,452.57170499414894,False,False,185.00000000000026,452.54821552719295,True,False,185.00000000000026,452.5482203070791,True,False
1146,352.8349875203711,False,False,185.0,352.76431546398913,True,False,185.00000000000006,352.7643447635185,True,False
1147,539.7754054871162,False,False,185.0,539.763709847709,True,False,185.0,539.7637114572801,True,False
1148,210.47269170408177,False,False,185.0,33.16769831509062,True,True,185.0,32.933110586396566,True,True
1149,308.92338448187684,False,False,185.00000000000003,308.7827580698895,True,False,185.00000000000006,308.78285387261286,True,False
1150,341.4821705365011,False,False,185.0,341.39919668345215,True,False,185.00000000000003,341.3992351887597,True,False
1151,260.5495970730304,False,False,185.00000000000546,260.12274253129226,True,False,185.0000000000055,260.1234445585565,True,False
1152,594.8065472891303,False,False,184.99999999999997,594.7984340542307,True,False,184.99999999999997,594.7984349614197,True,False
1153,285.6086226789176,False,False,185.00000000000145,285.3845246442704,True,False,185.0000000000015,285.3847431336982,True,False
1154,326.6289142564422,False,False,185.0000000000004,326.52482615079896,True,False,185.0000000000004,326.5248829172673,True,False
1155,159.54046673289056,True,False,184.99999999999918,33.164763293700936,True,True,184.9999999999999,32.92911127889852,True,True
1156,522.4980023949358,False,False,185.0,522.4847472514009,True,False,185.0,522.4847491902211,True,False
1157,232.76623817874056,False,False,185.0000000000004,231.45542076124573,True,False,185.00000000000028,231.46099862427084,True,False
1158,294.8065964148351,False,False,185.0000000000011,294.6222599966556,True,False,185.00000000000117,294.62241429084236,True,False
1159,254.91736446252477,False,False,185.00000000000088,254.40733269101418,True,False,185.00000000000094,254.40830613610137,True,False
1160,324.1393922239855,False,False,185.00000000000196,324.0310436461326,True,False,185.00000000000196,324.03110450224324,True,False
1161,344.66703405532064,False,False,185.00000000000003,344.5877946814108,True,False,185.00000000000003,344.58783025530926,True,False
1162,224.6793358425528,False,False,185.00000000000907,222.40231436274593,True,False,185.0000000000091,222.41772581775965,True,False
1163,294.9681005722928,False,False,185.00000000000094,294.7843683261558,True,False,185.00000000000097,294.78452172475676,True,False
1164,214.3290702260448,False,False,185.00000000000097,205.0454948878121,True,False,185.00000000000063,205.28021717125483,True,False
1165,375.786473516379,False,False,185.00000000000125,375.7339471172051,True,False,185.00000000000122,375.7339649023654,True,False
1166,188.4768582950336,True,False,184.99999999999343,33.16685196275104,True,True,184.99999999999835,32.93187949391345,True,True
1167,565.6157287926004,False,False,185.00000000000009,565.6059356387914,True,False,185.0000000000001,565.6059368259478,True,False
1168,208.70496407660627,True,False,185.0,33.16731913816532,True,True,185.0,32.932553140149295,True,True
1169,398.4271506580502,False,False,185.00000000000003,398.3867785210462,True,False,185.00000000000003,398.38679003552176,True,False
1170,762.8722284245891,False,False,185.0,762.8689149917905,True,False,185.00000000000003,762.86891520026,True,False
1171,321.306769113824,False,False,185.00000000000009,321.1932681271482,True,False,185.00000000000006,321.19333404460616,True,False
1172,141.58344974794832,True,False,185.0,33.160167453521964,True,True,185.0,32.92317954478463,True,True
1173,506.1441348490758,False,False,185.00000000000006,506.12913303388774,True,False,185.00000000000006,506.1291353953378,True,False
1174,343.7234671194521,False,False,185.00000000000003,343.64314621540933,True,False,185.00000000000003,343.6431826515338,True,False
1175,305.56804698416823,False,False,185.00000000000023,305.418494242122,True,False,185.00000000000023,305.41860092650114,True,False
1176,177.57351239150006,True,False,185.0,33.16642024391797,True,True,185.00000000000003,32.931389887040886,True,True
1177,461.81230230628046,False,False,185.0,461.7906761725207,True,False,184.99999999999997,461.7906804002555,True,False
1178,80.12034476653447,True,False,185.0,32.91687666677682,True,True,185.0,32.62988357817655,True,True
1179,353.06092609256086,False,False,185.00000000000003,352.99047231448003,True,False,185.0,352.99050146322554,True,False
1180,245.0882467293789,False,False,185.00000000000034,244.35879245033578,True,False,185.00000000000023,244.36067711551206,True,False
1181,332.3841233456643,False,False,185.00000000000009,332.28902362785044,True,False,185.00000000000003,332.28907221821544,True,False
1182,255.13019510116587,False,False,185.00000000000048,254.6237388399333,True,False,185.00000000000048,254.62469976376062,True,False
1183,234.73903787341615,False,False,185.00000000000955,233.563610327622,True,False,185.0000000000097,233.5681701895854,True,False
1184,547.1393067647028,False,False,184.99999999999997,547.1282006971003,True,False,185.0,547.1282022243969,True,False
1185,169.60262134843205,True,False,185.0,33.165889510770306,True,True,185.0,32.93060448691179,True,True
1186,97.35602182199746,True,False,185.0,33.07714549854618,True,True,185.0,32.81674321377631,True,True
1187,152.59960626668752,True,False,185.0,33.163511299176214,True,True,185.0,32.927513793725254,True,True
1188,285.0060772884486,False,False,185.00000000000247,284.7789533472099,True,False,185.0000000000025,284.77917715802386,True,False
1189,410.64988262162126,False,False,185.00000000000057,410.6145030380838,True,False,185.00000000000057,410.61451230562824,True,False
1190,212.4375344194936,False,False,185.00000000000094,194.45185568599362,True,False,185.00000000000082,195.3123862948365,True,False
1191,292.4833158048476,False,False,185.00000000000455,292.289962221334,True,False,185.00000000000455,292.2901301897602,True,False
1192,468.9288050062271,False,False,185.0,468.90847940803366,True,False,185.0,468.9084831817345,True,False
1193,166.7635485051783,True,False,184.99999999999997,33.16563370253946,True,True,185.0,32.93027011287576,True,True
1194,261.563378916766,False,False,185.00000000000196,261.1493012030888,True,False,185.00000000000202,261.1499652303648,True,False
1195,371.66005203449,False,False,185.0,371.6047818574408,True,False,185.0,371.60480126513596,True,False
1196,283.6809171093191,False,False,185.0000000000051,283.4469259544743,True,False,185.00000000000514,283.4471620425575,True,False
1197,395.6773831045495,False,False,185.0000000000003,395.6357559917616,True,False,185.0000000000003,395.6357680958351,True,False
1198,84.2261988961162,True,False,185.0,32.97186837888376,True,True,185.0,32.69268462575021,True,True
1199,350.3461266246382,False,False,185.00000000000063,350.2729865842199,True,False,185.00000000000068,350.273017632517,True,False
1200,401.1253420248164,False,False,185.00000000000003,401.0861513710953,True,False,185.0,401.0861623650756,True,False
1201,199.35091287540288,True,False,185.0,33.16709442182201,True,True,185.0,32.93218378543934,True,True
1202,236.15232410892932,False,False,185.00000000000048,235.06049008267289,True,False,185.00000000000048,235.06446801537325,True,False
1203,237.86966256009984,False,False,185.00000000000023,236.86717262066796,True,False,185.00000000000017,236.87056889976833,True,False
1204,298.81926431289565,False,False,185.00000000000006,298.64913474475816,True,False,185.00000000000006,298.6492686555115,True,False
1205,302.5211815285601,False,False,185.00000000000324,302.3628064077682,True,False,185.00000000000327,302.3629244227808,True,False
1206,335.8622884297488,False,False,185.00000000000168,335.7721001567229,True,False,185.00000000000168,335.77214454044736,True,False
1207,239.6455496324792,False,False,185.0000000000153,238.72372737331727,True,False,185.0000000000154,238.72663482886688,True,False
1208,472.164747153122,False,False,185.00000000000037,472.14497782861923,True,False,185.0000000000004,472.1449814249572,True,False
1209,51.05114122351956,True,False,185.0,31.333071590282856,True,True,185.00000000000003,31.006279931985482,True,True
1210,321.432654734313,False,False,185.00000000000009,321.31938998920424,True,False,185.00000000000006,321.3194556695911,True,False
1211,298.76716189937457,False,False,185.00000000000006,298.5968580896998,True,False,185.00000000000003,298.59699224759675,True,False
1212,204.08057366384497,True,False,185.0,33.167175716003214,True,True,185.0,32.93231969252952,True,True
1213,365.5426713957353,False,False,185.00000000000023,365.4829559988821,True,False,185.00000000000026,365.48297805046104,True,False
1214,550.987331975746,False,False,185.0,550.9765181073911,True,False,185.0,550.9765196031669,True,False
1215,209.4995841505101,True,False,185.0,33.16739352658814,True,True,185.0,32.93266264512917,True,True
1216,136.09708742198708,True,False,185.0,33.15753966465636,True,True,185.0,32.91973513810286,True,True
1217,392.0946260336248,False,False,185.0000000000009,392.0512820245955,True,False,185.00000000000094,392.0512949527311,True,False
1218,179.1065490245321,True,False,185.0,33.1664956551963,True,True,185.0,32.93146403089476,True,True
1219,271.3094358698826,False,False,185.00000000000003,270.99361708297914,True,False,185.00000000000003,270.99402248136386,True,False
1220,219.9711097905566,False,False,185.00000000002,216.36311904975153,True,False,185.00000000001972,216.39923009237262,True,False
1221,202.74937301022223,True,False,185.00000000000003,33.167151890493635,True,True,185.00000000000003,32.932272099841384,True,True
1222,254.9922791723013,False,False,185.0000000000007,254.48351033007177,True,False,185.0000000000007,254.48447934280432,True,False
1223,267.5456628005823,False,False,185.00000000000628,267.1964928544856,True,False,185.00000000000637,267.19697935182427,True,False
1224,197.82604947823987,True,False,185.0,33.16706497770626,True,True,185.0,32.932181039120394,True,True
1225,264.9109065153353,False,False,185.00000000000014,264.53517341715155,True,False,185.0000000000001,264.5357294318472,True,False
1226,415.7832053059385,False,False,185.00000000000009,415.7496713327055,True,False,185.00000000000006,415.74967983033736,True,False
1227,186.9471380390996,True,False,185.0,33.1668061858306,True,True,185.0,32.931840476646904,True,True
1228,387.5003147788555,False,False,185.0,387.4546235232447,True,False,185.00000000000003,387.4546376701852,True,False
1229,212.5545043846136,False,False,184.99999999996479,195.55891530485235,True,False,185.00000000003087,196.32934737249633,True,False
1230,154.27336503431306,True,False,185.00000000000136,33.1638616386767,True,True,185.0000000000027,32.927963635194985,True,True
1231,272.24158240867337,False,False,185.0000000000001,271.9332931896107,True,False,185.00000000000009,271.93368124549545,True,False
1232,486.9909246258349,False,False,185.0,486.9734564266692,True,False,185.0,486.9734594680879,True,False
1233,383.8343825349353,False,False,185.0,383.78669106480373,True,False,185.0,383.7867062399754,True,False
1234,308.9952751997437,False,False,185.00000000000006,308.8548316540395,True,False,185.00000000000006,308.8549272376477,True,False
1235,295.91673598356857,False,False,185.00000000000017,295.73649563078254,True,False,185.00000000000017,295.73664391015194,True,False
1236,228.082320200773,False,False,185.00000000000054,226.32271967864577,True,False,185.00000000000037,226.33231741843116,True,False
1237,416.6657445867007,False,False,185.00000000000003,416.6325145625342,True,False,185.00000000000003,416.6325229370735,True,False
1238,242.9345676454107,False,False,185.00000000000003,242.1373168484197,True,False,185.00000000000003,242.1395386642188,True,False
1239,332.69982467910825,False,False,185.00000000000003,332.60518602513554,True,False,185.00000000000003,332.6052342013812,True,False
1240,410.0478290296695,False,False,185.00000000000065,410.0122239596213,True,False,185.00000000000068,410.01223331691875,True,False
1241,180.56819293668556,True,False,185.0,33.166567281759505,True,True,185.0,32.93148428944941,True,True
1242,337.40126698389463,False,False,185.00000000000082,337.31313893247597,True,False,185.00000000000085,337.31318158365707,True,False
1243,446.5743453452842,False,False,185.0,446.5495281257114,True,False,185.00000000000003,446.5495333198253,True,False
1244,252.55880293490245,False,False,185.00000000001077,252.00642353971057,True,False,185.00000000001086,252.00755104291136,True,False
1245,307.4269806184249,False,False,185.00000000000003,307.2824696871965,True,False,185.0,307.2825701762126,True,False
1246,295.7483630525134,False,False,185.00000000000028,295.56750993191423,True,False,185.00000000000028,295.5676591008509,True,False
1247,337.3015128441821,False,False,185.00000000000088,337.2132532586622,True,False,185.0000000000009,337.21329601946275,True,False
1248,376.0746701929503,False,False,185.00000000000114,376.02232833529763,True,False,185.00000000000114,376.02234602108786,True,False
1249,415.6452191779109,False,False,185.00000000000006,415.61163733823724,True,False,185.00000000000006,415.6116458548635,True,False
1250,145.12984002581337,True,False,185.0,33.16148252628141,True,True,185.0,32.92488093582322,True,True
1251,242.69264643366975,False,False,185.0,241.88716470745848,True,False,185.0,241.8894291831313,True,False
1252,361.50237036652845,False,False,185.00000000000136,361.43944367491366,True,False,185.0000000000014,361.4394677591655,True,False
1253,243.43409960486537,False,False,185.00000000000009,242.6534310385261,True,False,185.00000000000009,242.6555680458235,True,False
1254,251.02046616452523,False,False,185.00000000000026,250.43748986899752,True,False,185.00000000000017,250.43873521654734,True,False
1255,376.89468492222034,False,False,185.000000000001,376.8428632825375,True,False,185.000000000001,376.84288068704933,True,False
1256,344.9628943220381,False,False,185.00000000000006,344.88398987915684,True,False,185.00000000000003,344.88402518824154,True,False
1257,226.46766490169807,False,False,185.0000000000001,224.4904620153764,True,False,185.00000000000009,224.5023535438938,True,False
1258,422.98647536953325,False,False,185.00000000000003,422.95531595178215,True,False,185.0,422.95532352824364,True,False
1259,279.1152881237278,False,False,185.0,278.8551698434694,True,False,185.0,278.8554553552882,True,False
1260,258.453165876452,False,False,185.00000000000023,257.9979295725182,True,False,185.00000000000014,257.99871951615546,True,False
1261,347.69622818315054,False,False,185.00000000000173,347.6203266609903,True,False,185.0000000000018,347.62035972327004,True,False
1262,89.44914033166125,True,False,184.99999999999974,33.02404794035788,True,True,184.99999999999986,32.7528038400743,True,True
1263,190.25429333557796,True,False,185.0,33.166900318480515,True,True,185.0,32.931951624129006,True,True
1264,256.6216273852362,False,False,185.00000000000003,256.1391894059179,True,False,185.00000000000006,256.1400682460488,True,False
1265,255.0605910208159,False,False,185.00000000000057,254.55296964296488,True,False,185.0000000000006,254.5539346369864,True,False
1266,225.43821547412503,False,False,185.00000000000134,223.29728739981084,True,False,185.0000000000013,223.31104970602112,True,False
1267,453.9261644785973,False,False,185.0000000000002,453.9029614608571,True,False,185.00000000000017,453.9029661504816,True,False
1268,119.12540049674412,True,False,185.00000000000003,33.141549006057254,True,True,185.0,32.89924617359397,True,True
1269,166.4012745445186,True,False,184.99999999999824,33.16559808788567,True,True,184.99999999999972,32.930212617122514,True,True
1270,245.88842286936173,False,False,185.0000000000129,245.18187882970386,True,False,185.000000000013,245.1836554409299,True,False
1271,307.1166833468666,False,False,185.0,306.9713478352455,True,False,185.0,306.9714493218567,True,False
1272,92.70817973638847,True,False,185.00000000000293,33.049042436867616,True,True,185.00000000000153,32.78235642401305,True,True
1273,116.25504128344676,True,False,184.99999999999986,33.13694998980356,True,True,185.0,32.89349017993471,True,True
1274,390.8134115460837,False,False,185.0,390.7694299778483,True,False,185.0,390.7694432096983,True,False
1275,293.2860003799922,False,False,185.00000000000327,293.0958326361746,True,False,185.00000000000333,293.0959957249489,True,False
1276,399.5779233351102,False,False,185.0,399.5380609960429,True,False,185.0,399.5380722754031,True,False
1277,361.05389406520897,False,False,185.00000000000153,360.99059628830565,True,False,185.00000000000156,360.99062060361064,True,False
1278,349.6981425468504,False,False,185.00000000000088,349.62434030980427,True,False,185.00000000000094,349.62437184383805,True,False
1279,210.78528691532827,False,False,185.0,33.16812686997778,True,True,184.99999999999997,32.933916839220416,True,True
1280,239.11624435316207,False,False,185.00000000000045,238.17149544058407,True,False,185.00000000000026,238.17453825451818,True,False
1281,240.338521711239,False,False,185.00000000001015,239.44540213660048,True,False,185.00000000001026,239.44814412848123,True,False
1282,481.3141583183245,False,False,185.00000000000003,481.295854290607,True,False,185.00000000000003,481.29585751343365,True,False
1283,308.9361382392568,False,False,185.00000000000006,308.79554429332484,True,False,185.00000000000006,308.79564005718316,True,False
1284,247.34923308906943,False,False,185.00000000000438,246.68171971649127,True,False,185.00000000000446,246.68331903585556,True,False
1285,423.5263372185061,False,False,185.00000000000003,423.4953464036125,True,False,185.0,423.49535389947346,True,False
1286,247.99918835884264,False,False,185.00000000000156,247.3479723021562,True,False,185.00000000000162,247.34950017433928,True,False
1287,306.1349253125515,False,False,185.00000000000003,305.98693628288777,True,False,185.00000000000003,305.9870410241423,True,False
1288,127.99921460595029,True,False,185.0,33.15179515935696,True,True,184.9999999999991,32.91224372642258,True,True
1289,301.23992424168495,False,False,185.0000000000001,301.0776162170489,True,False,185.00000000000009,301.07773941260314,True,False
1290,93.8232848894406,True,False,185.000000000002,33.05651837240033,True,True,185.00000000000117,32.79135679352308,True,True
1291,132.52598606915902,True,False,185.00000000000003,33.155331744724286,True,True,185.0,32.916864793850024,True,True
1292,390.8460886625582,False,False,185.00000000000003,390.80212351483084,True,False,185.00000000000003,390.8021367387166,True,False
1293,204.7189925440546,True,False,185.0,33.167188078165246,True,True,185.0,32.93234340070183,True,True
1294,62.36396689843105,True,False,185.0,32.38222239943915,True,True,185.00000000000003,32.0439430043657,True,True
1295,103.59210212956124,True,False,185.0,33.10447931126926,True,True,185.0,32.85180919861805,True,True
1296,256.2459223729569,False,False,185.00000000000003,255.75759990528417,True,False,185.00000000000003,255.75849853972883,True,False
1297,540.6956372217634,False,False,185.0,540.6840175353932,True,False,185.0,540.6840191262768,True,False
1298,501.6027867143191,False,False,185.00000000000017,501.58724499077726,True,False,185.00000000000017,501.5872474677949,True,False
1299,199.0448512623377,True,False,185.0,33.16708878499314,True,True,185.0,32.93218105634628,True,True
1300,271.70040881057616,False,False,185.00000000000003,271.38778091587716,True,False,185.00000000000003,271.38817892874545,True,False
1301,409.2308738389918,False,False,185.00000000000077,409.1949596425948,True,False,185.00000000000077,409.19496912434545,True,False
1302,237.24867348075256,False,False,185.0000000000001,236.21527956426218,True,False,185.00000000000006,236.2188723019838,True,False
1303,194.2893173977349,True,False,185.0,33.166993369221885,True,True,185.0,32.93216169015402,True,True
1304,364.2130507449068,False,False,185.0000000000005,364.1523041152428,True,False,185.00000000000054,364.15232681308794,True,False
1305,394.64823092615154,False,False,185.00000000000048,394.60612032662056,True,False,185.00000000000048,394.606132669403,True,False
1306,348.76205132426884,False,False,185.0000000000013,348.6872776517108,True,False,185.0000000000013,348.6873098961495,True,False
1307,345.07541686452623,False,False,185.00000000000006,344.9966392848725,True,False,185.00000000000003,344.9966744935074,True,False
1308,204.48772515479072,True,False,185.0,33.16718350878436,True,True,185.0,32.93233471991708,True,True
1309,125.9984392767981,True,False,185.0,33.14991330086671,True,True,185.0,32.9099011885276,True,True
1310,268.88836349984354,False,False,185.00000000000227,268.55166685081826,True,False,185.00000000000236,268.55212216451935,True,False
1311,295.3881489075723,False,False,185.0000000000005,295.20597474241055,True,False,185.00000000000054,295.20612584462003,True,False
1312,264.8787425092768,False,False,185.00000000000017,264.50266671811033,True,False,185.00000000000009,264.50322365883505,True,False
1313,224.148278873446,False,False,185.00000000001694,221.76695076927433,True,False,185.00000000001694,221.7836839059329,True,False
1314,274.7443691568629,False,False,185.00000000000716,274.45503285172197,True,False,185.00000000000722,274.4553787763929,True,False
1315,212.6685540245948,False,False,185.00000000002424,196.53537767648976,True,False,185.00000000000804,197.2319172116887,True,False
1316,401.0135188374027,False,False,185.0,400.9742801678185,True,False,185.0,400.974291181097,True,False
1317,67.13808000807944,True,False,185.0,32.598937937703276,True,True,185.0,32.273967928706874,True,True
1318,312.68691569387374,False,False,185.0000000000028,312.55542589557183,True,False,185.00000000000284,312.55551106801545,True,False
1319,173.0183963526895,True,False,185.0,33.16614534909653,True,True,185.0,32.93099717120028,True,True
1320,429.90524414137377,False,False,185.00000000000045,429.876154290648,True,False,185.00000000000048,429.8761610270069,True,False
1321,434.0953329741726,False,False,185.0000000000001,434.06740614496067,True,False,185.00000000000014,434.0674124597841,True,False
1322,255.43557146277672,False,False,185.00000000000009,254.93417909638544,True,False,185.00000000000009,254.93512243185052,True,False
1323,556.7404939474019,False,False,185.0,556.7300979356148,True,False,185.0,556.7300992561966,True,False
1324,470.03821240357,False,False,185.0,470.018079889135,True,False,185.0,470.0180835925317,True,False
1325,283.9533708282196,False,False,185.00000000000455,283.720816005438,True,False,185.00000000000455,283.7210495161895,True,False
1326,131.82231896432484,True,False,185.0,33.15483940765816,True,True,185.0,32.91616291807515,True,True
1327,99.43356035992424,True,False,185.0,33.08739299685357,True,True,185.0,32.82975885752165,True,True
1328,273.07131067808814,False,False,185.00000000000014,272.7695027341983,True,False,185.00000000000009,272.76987609260806,True,False
1329,426.39109416788057,False,False,185.0,426.3609774587393,True,False,185.0,426.36098456300186,True,False
1330,278.94024669777247,False,False,185.0,278.679043293986,True,False,185.00000000000003,278.6793309491534,True,False
1331,117.39300156803446,True,False,185.0,33.1388650019773,True,True,185.0,32.89593293587535,True,True
1332,381.03826818952336,False,False,185.0000000000001,380.9889692130926,True,False,185.0000000000001,380.9889852270779,True,False
1333,351.7341155414992,False,False,185.00000000000023,351.66236636984854,True,False,185.00000000000026,351.662396420916,True,False
1334,176.0853458112056,True,False,185.0,33.166339009850695,True,True,185.0,32.93121129863215,True,True
1335,424.13974981902135,False,False,185.00000000000003,424.10894906587635,True,False,185.0,424.108956473493,True,False
1336,293.63452305624224,False,False,185.00000000000273,293.445715081367,True,False,185.0000000000028,293.4458760979283,True,False
1337,84.28797919977818,True,False,185.0,32.97259016521619,True,True,185.0,32.69353438921068,True,True
1338,81.91776305888364,True,False,185.0,32.942740791718656,True,True,185.0,32.65950317305909,True,True
1339,326.00245121336195,False,False,185.00000000000068,325.89731351820393,True,False,185.0000000000007,325.8973712767068,True,False
1340,346.50422512522726,False,False,185.00000000000003,346.4270339809722,True,False,185.00000000000003,346.4270679878754,True,False
1341,339.49374733630924,False,False,185.0000000000001,339.4083163178536,True,False,185.0000000000001,339.40835676301344,True,False
1342,365.9581510110599,False,False,185.00000000000014,365.8987528787325,True,False,185.00000000000014,365.89877473697175,True,False
1343,313.9773659976986,False,False,185.0000000000016,313.84881520844925,True,False,185.00000000000162,313.84889708584046,True,False
1344,446.3180171413768,False,False,185.0,446.29314092008684,True,False,185.0,446.2931461371544,True,False
1345,158.2738350116964,True,False,185.0,33.164569161325744,True,True,185.0,32.92889928192931,True,True
1346,513.5094311373211,False,False,185.0,513.49525225585,True,False,185.0,513.4952544378506,True,False
1347,218.1803671215324,False,False,185.00000000000014,213.64622449857023,True,False,185.0000000000001,213.7019683675619,True,False
1348,307.7716892000716,False,False,185.0,307.6280865050277,True,False,185.00000000000003,307.6281858980691,True,False
1349,113.33880817690044,True,False,185.0,33.131430635888684,True,True,185.0,32.88656346567108,True,True
1350,138.91436181950414,True,False,185.0,33.15899403431222,True,True,185.00000000000003,32.92160475654993,True,True
1351,130.52530211259776,True,False,185.00000000000722,33.15388019166897,True,True,184.999999999998,32.91492888538881,True,True
1352,333.2273738861555,False,False,185.00000000000006,333.1334987122538,True,False,185.00000000000003,333.13354621974753,True,False
1353,320.75157709838453,False,False,185.00000000000006,320.6370258721094,True,False,185.00000000000006,320.6370928637349,True,False
1354,72.9360343794497,True,False,185.00000000000043,32.77644664366273,True,True,185.0,32.47032863396525,True,True
1355,278.418931651167,False,False,185.00000000000006,278.154456932096,True,False,185.00000000000009,278.1547511003068,True,False
1356,318.5396033091953,False,False,185.00000000000003,318.42072861163206,True,False,185.0,318.420800106662,True,False
1357,391.7965455339838,False,False,185.00000000000097,391.75305433308824,True,False,185.000000000001,391.7530673304128,True,False
1358,99.7604755851564,True,False,185.0,33.088893178941966,True,True,184.99999999999469,32.831618984726916,True,True
1359,700.5809162025803,False,False,185.00000000000006,700.5764399658198,True,False,185.00000000000003,700.5764402908935,True,False
1360,395.782680047576,False,False,185.0000000000003,395.7411019717279,True,False,185.0000000000003,395.7411140520966,True,False
1361,105.56669689942466,True,False,184.9999999999967,33.11123897138496,True,True,184.99999999999923,32.860544235317,True,True
1362,175.02806447377483,True,False,184.99999999999335,33.166276888333584,True,True,184.9999999999984,32.931116124034176,True,True
1363,393.22571269652417,False,False,185.0000000000007,393.1829210397215,True,False,185.00000000000074,393.18293371046866,True,False
1364,210.88721949888316,False,False,185.0,33.16847859491521,True,True,184.9999999999963,32.934772312985444,True,True
1365,271.0195104859453,False,False,185.0,270.7012942838944,True,False,185.0,270.7017052658783,True,False
1366,318.4530165142152,False,False,185.00000000000003,318.3339679202439,True,False,185.00000000000003,318.33403959297596,True,False
1367,319.4100918965644,False,False,185.00000000000006,319.2929456901979,True,False,185.00000000000003,319.29301538668204,True,False
1368,424.18540338274175,False,False,185.0,424.1546167111746,True,False,185.0,424.1546241117834,True,False
1369,170.53760226284788,True,False,185.0,33.165964583274125,True,True,185.0,32.93070276657532,True,True
1370,203.0450231657345,True,False,185.0,33.16715701053998,True,True,185.0,32.932282305048616,True,True
1371,134.9556758904078,True,False,185.0,33.1568835388011,True,True,185.0,32.91881295497034,True,True
1372,204.10377977954775,True,False,185.0,33.16717615228476,True,True,185.0,32.9323205433763,True,True
1373,189.8377029654669,True,False,184.9999999999999,33.166889159334566,True,True,185.0,32.93192875649088,True,True
1374,376.42354824758456,False,False,185.00000000000105,376.37142859389195,True,False,185.0000000000011,376.3714461594498,True,False
1375,264.49840624933535,False,False,185.0000000000001,264.1182424486215,True,False,185.00000000000006,264.1188105135368,True,False
1376,471.8240507693807,False,False,185.00000000000037,471.8042238595238,True,False,185.0000000000004,471.8042274713878,True,False
1377,286.1825015233898,False,False,185.00000000000068,285.96123128739146,True,False,185.0000000000007,285.96144487172387,True,False
1378,496.65737270268016,False,False,185.0,496.6412127503548,True,False,185.0,496.64121534907576,True,False
1379,404.1794389681832,False,False,185.0,404.1415291906328,True,False,185.0,404.1415396127341,True,False
1380,228.55240014881167,False,False,185.00000000002,226.84868788919914,True,False,185.00000000002007,226.85773242255038,True,False
1381,287.6690963452023,False,False,185.00000000000003,287.4549148725253,True,False,185.0,287.4551164104913,True,False
1382,212.96458093647695,False,False,185.0000000000003,198.70202876353616,True,False,185.0000000000005,199.2513525556008,True,False
1383,52.75328461308396,True,False,185.0,31.56823596156865,True,True,185.0000000000029,31.233368236471552,True,True
1384,176.76043271557342,True,False,185.00000000000614,33.16637782931176,True,True,184.9999999999929,32.93129621458116,True,True
1385,425.5156048275275,False,False,185.0,425.4852246073129,True,False,185.0,425.48523182307986,True,False
1386,295.067196060538,False,False,185.00000000000085,294.8838331115099,True,False,185.00000000000088,294.88398596071914,True,False
1387,252.37660600420008,False,False,185.0000000000116,251.8207331734238,True,False,185.00000000001168,251.82187385696014,True,False
1388,194.277752904586,True,False,185.0,33.16699314018968,True,True,185.0,32.932161302688684,True,True
1389,289.92558398714164,False,False,185.00000000000009,289.7215490432035,True,False,185.00000000000006,289.72173386346356,True,False
1390,328.99661094108683,False,False,185.00000000000003,328.8963593278802,True,False,185.00000000000003,328.8964125628105,True,False
1391,158.3429653099986,True,False,185.0,33.16458026877553,True,True,185.0,32.92891014768144,True,True
1392,283.9944965321113,False,False,185.00000000000443,283.7621574025957,True,False,185.00000000000446,283.76239052397733,True,False
1393,67.63812116718529,True,False,185.0,32.617375058353566,True,True,185.0,32.294030678551536,True,True
1394,188.86677463366647,True,False,184.99999999999707,33.16686270678757,True,True,184.99999999999937,32.93188777205732,True,True
1395,161.26357371708522,True,False,185.0,33.165001132341736,True,True,185.0,32.929525311984094,True,True
1396,452.83944408613104,False,False,185.00000000000026,452.8160116215673,True,False,185.00000000000026,452.8160163836633,True,False
1397,408.715589642886,False,False,185.00000000000082,408.67947857785913,True,False,185.00000000000085,408.67948813914313,True,False
1398,134.8362144532212,True,False,184.99999999999997,33.1568106205544,True,True,185.0,32.91874540913839,True,True
1399,102.68516589803768,True,False,184.99999999999997,33.10109986227093,True,True,185.0,32.84735797187984,True,True
1400,377.3015582208505,False,False,185.00000000000082,377.24999206050643,True,False,185.00000000000088,377.250009324552,True,False
1401,359.4813558787724,False,False,185.00000000000006,359.4167326948229,True,False,185.0,359.41675786067003,True,False
1402,197.20799223230645,True,False,185.0,33.1670524075881,True,True,185.0,32.93218458226317,True,True
1403,350.2953742902523,False,False,185.00000000000063,350.22218268343516,True,False,185.0000000000007,350.22221376908334,True,False
1404,205.4308937534082,True,False,185.0,33.16720300079488,True,True,185.0,32.93237134292458,True,True
1405,540.8241865022086,False,False,184.99999999999997,540.8125773727824,True,False,185.0,540.812578961125,True,False
1406,216.3138982652256,False,False,185.00000000000088,210.23139348391507,True,False,185.00000000000054,210.33074609038272,True,False
1407,213.7741115950982,False,False,185.0,202.94437331471386,True,False,185.00000000000003,203.26461840849964,True,False
1408,312.2430163286055,False,False,185.0000000000032,312.11049352338154,True,False,185.00000000000324,312.1105798676996,True,False
1409,365.4792723320752,False,False,185.00000000000023,365.41950831675,True,False,185.00000000000026,365.4195303985379,True,False
1410,348.107119002711,False,False,185.0000000000016,348.03165506846295,True,False,185.0000000000016,348.0316878157421,True,False
1411,493.9328506748848,False,False,185.00000000000003,493.9163358463722,True,False,185.0,493.9163385619933,True,False
1412,323.37765356802055,False,False,185.00000000000253,323.2679523655193,True,False,185.00000000000256,323.26801453881325,True,False
1413,90.46735780292978,True,False,184.99999999999963,33.03239737505012,True,True,184.9999999999998,32.76257888434691,True,True
1414,225.12897124795415,False,False,185.00000000000378,222.9343047396899,True,False,185.00000000000378,222.94870804174877,True,False
1415,378.1435033473725,False,False,185.00000000000065,378.09246037213217,True,False,185.00000000000068,378.09247734694065,True,False
1416,339.7555373149827,False,False,185.00000000000006,339.67043556485834,True,False,185.00000000000003,339.67047574580045,True,False
1417,210.16208433610575,False,False,185.0,33.16753756870592,True,True,185.0,32.932868337240755,True,True
1418,400.2197422000049,False,False,185.0,400.18016035781085,True,False,185.0,400.1801715113546,True,False
1419,177.8150692040084,True,False,185.0,33.166431934329125,True,True,185.0,32.9314141759529,True,True
1420,221.5620096374452,False,False,185.00000000000003,218.52949363110025,True,False,185.00000000000003,218.55561877879651,True,False
1421,207.72764758329075,True,False,185.0,33.16726906617833,True,True,185.0,32.93247839687076,True,True
1422,367.6108684522483,False,False,185.00000000000003,367.5527095094443,True,False,184.99999999999997,367.5527306172822,True,False
1423,239.5007519515603,False,False,185.00000000001629,238.5727466802885,True,False,185.00000000001637,238.57569036035642,True,False
1424,263.319864972445,False,False,185.00000000000003,262.92660249505366,True,False,185.0,262.92720678790977,True,False
1425,218.9686674638554,False,False,185.00000000000063,214.88928176147377,True,False,185.00000000000048,214.9348162602922,True,False
1426,341.3335520158572,False,False,185.0,341.25039794884503,True,False,185.0,341.2504365944833,True,False
1427,416.4614058671791,False,False,185.00000000000003,416.4281058045879,True,False,185.00000000000003,416.4281142077257,True,False
1428,202.48441301634864,True,False,185.0,33.16714735951036,True,True,185.0,32.93226309483087,True,True
1429,65.96554700782261,True,False,185.00000000000003,32.55288025721397,True,True,185.0,32.22418299067135,True,True
1430,434.1295983491923,False,False,185.00000000000014,434.10168076719856,True,False,185.0000000000001,434.10168707856985,True,False
1431,198.87636833197615,True,False,185.0,33.167085622630914,True,True,185.0,32.9321801024153,True,True
1432,265.9436051372604,False,False,185.00000000000023,265.57863160222905,True,False,185.0000000000001,265.5791588931403,True,False
1433,189.37702013542847,True,False,184.9999999999993,33.166876632403955,True,True,184.99999999999991,32.93190603284474,True,True
1434,215.7196615916927,False,False,185.00000000000034,208.92272284450524,True,False,185.0000000000003,209.0470295300864,True,False
1435,358.9831706446801,False,False,185.00000000000003,358.91811953594726,True,False,185.00000000000003,358.9181449873567,True,False
1436,269.2822457738709,False,False,185.0000000000014,268.94908265569154,True,False,185.00000000000145,268.94952932634925,True,False
1437,241.76111838600744,False,False,185.00000000000142,240.922656387766,True,False,185.00000000000145,240.9250955877475,True,False
1438,462.0478116373239,False,False,185.0,462.026230322495,True,False,185.0,462.0262345416818,True,False
1439,385.1228445712552,False,False,185.0,385.0758695902817,True,False,184.99999999999997,385.0758844238456,True,False
1440,241.3770518408735,False,False,185.00000000000318,240.52436684952656,True,False,185.00000000000324,240.52688325112584,True,False
1441,419.7597626382104,False,False,184.99999999999997,419.7275689220911,True,False,185.0,419.7275769102687,True,False
1442,414.6582049776095,False,False,185.00000000000014,414.6242780058044,True,False,185.00000000000014,414.624286662504,True,False
1443,89.08796394469236,True,False,185.0,33.020960470985834,True,True,185.0,32.7492749420139,True,True
1444,315.70727273201373,False,False,185.00000000000034,315.58251779918754,True,False,185.0000000000003,315.58259549838425,True,False
1445,359.31999102101395,False,False,185.00000000000003,359.2552296591529,True,False,185.00000000000003,359.255254915895,True,False
1446,209.74407507992075,True,False,185.0,33.16743148965311,True,True,185.0,32.93271697357794,True,True
1447,271.4813507690103,False,False,185.00000000000003,271.166940956778,True,False,185.0,271.1673430818393,True,False
1448,380.1570533306962,False,False,185.00000000000026,380.10723227002035,True,False,185.00000000000026,380.1072485641191,True,False
1449,195.8430092595754,True,False,185.0,33.16702442494541,True,True,185.0,32.932190210480115,True,True
1450,223.80198897336808,False,False,185.00000000002223,221.34813765381182,True,False,185.00000000002223,221.36581926165331,True,False
1451,341.6637573000566,False,False,185.0,341.58100289839746,True,False,185.00000000000003,341.58104123639134,True,False
1452,163.2388027756056,True,False,185.0,33.165253600384,True,True,185.0,32.92979970308216,True,True
1453,452.3901999093243,False,False,185.00000000000026,452.3666716923919,True,False,185.00000000000028,452.3666764847922,True,False
1454,198.9454462109528,True,False,185.0,33.16708692432138,True,True,185.0,32.932180452013256,True,True
1455,323.7195624940072,False,False,185.00000000000225,323.61047134482044,True,False,185.00000000000227,323.61053292413914,True,False
1456,157.0084687793583,True,False,185.0,33.164363948605605,True,True,185.00000000000003,32.92863561706032,True,True
1457,221.72561569024853,False,False,185.00000000000006,218.74313888028362,True,False,185.00000000000006,218.76847170986886,True,False
1458,271.7406726952717,False,False,185.00000000000006,271.42837070021454,True,False,185.00000000000006,271.4287679636627,True,False
1459,257.2701328142406,False,False,185.00000000000014,256.79760169744407,True,False,185.00000000000009,256.7984476546302,True,False
1460,151.48086342548106,True,False,185.0,33.16326084242912,True,True,185.0,32.92717350991328,True,True
1461,183.45405224849225,True,False,185.0,33.16668696531096,True,True,185.0,32.93171971685125,True,True
1462,249.7353083815119,False,False,185.00000000000009,249.1247225408953,True,False,185.00000000000006,249.12607898128397,True,False
1463,275.4931110715954,False,False,185.00000000000534,275.2091114370422,True,False,185.0000000000054,275.20944595648155,True,False
1464,390.79947340212703,False,False,185.00000000000003,390.75548482729806,True,False,185.0,390.7554980625509,True,False
1465,180.53975511186243,True,False,185.0,33.16656605477352,True,True,185.0,32.931482428150446,True,True
1466,178.03409579602638,True,False,184.99999999999997,33.166442441921774,True,True,185.0,32.931433049243175,True,True
1467,26.745281847804204,True,True,184.99999999999974,19.07320541817324,True,True,184.99999999999983,18.99566693151989,True,True
1468,179.19291783283194,True,False,185.0,33.166500102047124,True,True,185.0,32.931462996318544,True,True
1469,366.4399729122723,False,False,185.00000000000009,366.38093978837327,True,False,185.00000000000009,366.3809614249657,True,False
1470,194.11327135751205,True,False,185.0,33.16698988024626,True,True,185.0,32.93215556617311,True,True
1471,342.1835275046527,False,False,185.0,342.10139679498906,True,False,185.00000000000003,342.1014346573704,True,False
1472,99.18405488720794,True,False,185.00000000000003,33.086226837076566,True,True,185.0,32.828203483779525,True,True
1473,197.23413571546743,True,False,185.0,33.167052942926276,True,True,184.99999999999997,32.93218440428362,True,True
1474,114.57962984702873,True,False,185.0,33.13389291179195,True,True,185.0,32.88972790342589,True,True
1475,364.101132945685,False,False,185.00000000000054,364.0402983916757,True,False,185.00000000000057,364.0403211460776,True,False
1476,382.7526576153644,False,False,185.0,382.70435294217083,True,False,185.0,382.7043684312713,True,False
1477,292.33836926712456,False,False,185.00000000000475,292.14443220403365,True,False,185.0000000000048,292.14460107397684,True,False
1478,153.68831012605094,True,False,184.99999999999812,33.163742994048064,True,True,184.99999999999966,32.9277665309146,True,True
1479,363.9757228179967,False,False,185.0000000000006,363.91478953031174,True,False,185.0000000000006,363.9148123476073,True,False
1480,345.68047332605573,False,False,185.00000000000009,345.60237305640044,True,False,185.00000000000003,345.60240774383385,True,False
1481,535.7958831026383,False,False,185.00000000000006,535.7838511593491,True,False,185.00000000000006,535.7838528373821,True,False
1482,414.7269376166554,False,False,185.00000000000014,414.6930348357654,True,False,185.00000000000014,414.69304348248585,True,False
1483,513.1993618430727,False,False,185.00000000000003,513.1851495662067,True,False,185.0,513.1851517505572,True,False
1484,448.0784813858196,False,False,185.00000000000003,448.0540065696378,True,False,185.00000000000003,448.0540116407201,True,False
1485,276.91205523108056,False,False,185.000000000002,276.6377797474155,True,False,185.00000000000202,276.63809383782325,True,False
1486,441.008663776784,False,False,185.0,440.9825211724799,True,False,185.0,440.9825269104076,True,False
1487,294.88318402416763,False,False,185.00000000000102,294.69913446902945,True,False,185.00000000000108,294.6992883384493,True,False
1488,517.0652681877423,False,False,185.0,517.051464810501,True,False,185.00000000000003,517.0514669538743,True,False
1489,240.1074478692112,False,False,185.0000000000119,239.20491714428903,True,False,185.00000000001205,239.20771288775663,True,False
1490,391.2979279659908,False,False,185.00000000000105,391.2541890092808,True,False,185.00000000000105,391.2542021243842,True,False
1491,544.0550544764664,False,False,185.0,544.0437064786821,True,False,185.0,544.0437080110471,True,False
1492,389.6782141429767,False,False,185.00000000000003,389.63365684921285,True,False,185.0,389.6336703716721,True,False
1493,151.9812604339213,True,False,185.0,33.16337726071189,True,True,185.0,32.92735285739604,True,True
1494,434.6983244038052,False,False,185.00000000000009,434.67055969544936,True,False,185.00000000000009,434.6705659523395,True,False
1495,202.29212077952653,True,False,185.0,33.16714410039439,True,True,185.0,32.93225661883864,True,True
1496,365.43553427181394,False,False,185.00000000000026,365.3757366833586,True,False,185.00000000000023,365.3757587860074,True,False
1497,261.2365920482718,False,False,185.00000000000296,260.8184594175867,True,False,185.000000000003,260.8191354042772,True,False
1498,194.65298374420607,True,False,184.99999999999997,33.16700058529102,True,True,185.0,32.93217280503744,True,True
1499,300.8753028280395,False,False,185.0000000000001,300.71185004596146,True,False,185.00000000000009,300.7119747749804,True,False
1500,468.7410407414345,False,False,185.0,468.72068221500274,True,False,185.00000000000003,468.72068600224713,True,False
1501,295.9079511850744,False,False,185.0000000000002,295.7276789352101,True,False,185.0000000000002,295.72782726091805,True,False
1502,184.50307406831092,True,False,185.0,33.16672340393042,True,True,185.0,32.93177314121651,True,True
1503,336.94260371615775,False,False,185.0000000000011,336.8538686005466,True,False,185.00000000000108,336.85391176143446,True,False
1504,310.7297424388844,False,False,185.00000000000009,310.5936101994933,True,False,185.00000000000003,310.59370066057136,True,False
1505,249.89968220066905,False,False,185.0000000000001,249.29273889330224,True,False,185.00000000000009,249.2940804428639,True,False
1506,291.3403684060721,False,False,185.0000000000001,291.14234408066346,True,False,185.0000000000001,291.1425192958851,True,False
1507,271.4807655758224,False,False,185.00000000000003,271.1663509832673,True,False,185.0,271.16675311942714,True,False
1508,383.4855786501773,False,False,185.0,383.4376906296384,True,False,185.00000000000003,383.437705901279,True,False
1509,433.9321092095488,False,False,185.00000000000014,433.90413827356775,True,False,185.0000000000001,433.9041446044538,True,False
1510,258.64263464874387,False,False,185.00000000000026,258.19007893054237,True,False,185.00000000000017,258.19086035768015,True,False
1511,251.0130328992117,False,False,185.00000000000026,250.42990248418593,True,False,185.00000000000017,250.43114843958398,True,False
1512,98.26868850673029,True,False,185.0,33.08180148502135,True,True,185.0,32.822637878785834,True,True
1513,277.21271406851247,False,False,185.00000000000142,276.94043615185797,True,False,185.00000000000145,276.9407461253552,True,False
1514,92.39457820494243,True,False,185.0,33.046845856295555,True,True,185.0,32.77973086836337,True,True
1515,285.9147145509037,False,False,185.000000000001,285.69213127802766,True,False,185.00000000000102,285.69234713229764,True,False
1516,134.44094484699735,True,False,185.0,33.15656847950048,True,True,185.0,32.918514922107924,True,True
1517,233.21252967964543,False,False,185.00000000000045,231.93449536682684,True,False,185.0000000000003,231.93981823417624,True,False
1518,217.10541057208928,False,False,185.00000000001225,211.78239686348186,True,False,185.0000000000113,211.85860056763423,True,False
1519,277.4809022202598,False,False,185.00000000000097,277.21038817073486,True,False,185.000000000001,277.21069453580316,True,False
1520,349.86285089899246,False,False,185.00000000000085,349.78921777114266,True,False,185.00000000000085,349.7892491795694,True,False
1521,243.15714381893483,False,False,185.00000000000006,242.3673493677386,True,False,185.00000000000006,242.36953285512857,True,False
1522,165.39732209013508,True,False,185.0,33.16549563249122,True,True,185.0,32.93010712067412,True,True
1523,273.98266807689777,False,False,185.00000000000017,273.68774984835375,True,False,185.00000000000009,273.68810791940507,True,False
1524,237.4702691857288,False,False,185.00000000000014,236.44807651384218,True,False,185.0000000000001,236.45159748744703,True,False
1525,340.359522125249,False,False,184.99999999999997,340.2751733061198,True,False,185.0,340.27521288599473,True,False
1526,260.4078081536585,False,False,185.000000000006,259.97911938905753,True,False,185.00000000000605,259.9798269727571,True,False
1527,346.94214802069405,False,False,185.00000000000207,346.8654341853376,True,False,185.00000000000205,346.8654678389093,True,False
1528,81.16557141316413,True,False,185.0,32.93228061986211,True,True,185.00000000000003,32.64754397026503,True,True
1529,323.14544562567136,False,False,185.00000000000273,323.03532736185304,True,False,185.00000000000273,323.03538994384763,True,False
1530,457.6056211506786,False,False,185.00000000000003,457.58317267848906,True,False,185.00000000000003,457.58317713085665,True,False
1531,359.1274973392973,False,False,185.00000000000006,359.06257060641116,True,False,185.00000000000003,359.06259597279643,True,False
1532,285.49954704686104,False,False,185.00000000000162,285.27490560779313,True,False,185.00000000000168,285.275125049024,True,False
1533,312.5142415519707,False,False,185.00000000000296,312.3823512818184,True,False,185.00000000000298,312.38243691429255,True,False
1534,163.38275068844604,True,False,185.0,33.165271187155255,True,True,185.0,32.92983117194755,True,True
1535,329.6170097926095,False,False,185.00000000000003,329.5177305278064,True,False,185.00000000000003,329.5177828965277,True,False
1536,300.2095281196031,False,False,185.00000000000009,300.0439550551981,True,False,185.00000000000009,300.0440826579179,True,False
1537,453.5962906168091,False,False,185.0000000000002,453.573018274499,True,False,185.00000000000023,453.5730229856565,True,False
1538,186.73419598646424,True,False,185.0,33.16679913917865,True,True,185.0,32.931832834345556,True,True
1539,161.23247480140662,True,False,185.0,33.16499704646197,True,True,185.0,32.92952165264421,True,True
1540,342.66336787212407,False,False,185.00000000000003,342.5818071366125,True,False,185.0,342.5818445589181,True,False
1541,202.81099627536665,True,False,185.0,33.167152951382704,True,True,185.0,32.93227421130376,True,True
1542,309.08233863626475,False,False,185.00000000000003,308.94211609871934,True,False,185.00000000000006,308.94221141703747,True,False
1543,196.5045056993206,True,False,185.0,33.16703797356987,True,True,185.0,32.93218910221754,True,True
1544,373.9764411556723,False,False,185.00000000000003,373.9227349486059,True,False,185.0,373.92275339514174,True,False
1545,167.82246965295937,True,False,185.0,33.16573417352787,True,True,185.0,32.93047198770782,True,True
1546,274.3395040104099,False,False,185.00000000000017,274.0472203312191,True,False,185.0000000000001,274.04757264475654,True,False
1547,420.0524125338854,False,False,185.0,420.0203145381624,True,False,185.0,420.0203224953521,True,False
1548,218.43538586592163,False,False,185.0000000000003,214.05796628535597,True,False,185.00000000000026,214.11006442789645,True,False
1549,263.7819134879835,False,False,185.00000000000003,263.39386575243464,True,False,185.00000000000003,263.39445550095354,True,False
1550,355.3300832721425,False,False,185.0,355.26177066018386,True,False,185.0,355.26179836901576,True,False
1551,244.0967719843493,False,False,185.00000000000023,243.3372781370301,True,False,185.00000000000014,243.33930900357734,True,False
1552,218.24307845315823,False,False,185.00000000000017,213.748404143457,True,False,185.00000000000014,213.8032171079047,True,False
1553,359.4160319529139,False,False,185.00000000000006,359.3513528809755,True,False,185.00000000000003,359.35137808369996,True,False
1554,385.1155838247806,False,False,185.0,385.0686048478771,True,False,185.0,385.0686196833677,True,False
1555,333.7121693684634,False,False,185.00000000000006,333.6189882017398,True,False,185.00000000000003,333.61903510838147,True,False
1556,262.05245678747855,False,False,185.0000000000008,261.6443381404936,True,False,185.00000000000082,261.6449847953561,True,False
1557,436.280826883668,False,False,185.00000000000003,436.25348158320793,True,False,185.00000000000003,436.25348769124986,True,False
1558,285.00247029861004,False,False,185.00000000000247,284.77532806516797,True,False,185.00000000000253,284.77555190840513,True,False
1559,161.62139857853313,True,False,185.0,33.16504924693778,True,True,185.0,32.92954817643061,True,True
1560,237.69467176735483,False,False,185.00000000000023,236.68362489636544,True,False,185.00000000000014,236.68707507933868,True,False
1561,110.69552040882868,True,False,185.00000000000023,33.125558260361096,True,True,185.00000000000068,32.87909779032,True,True
1562,352.50406725799644,False,False,185.00000000000006,352.4330738004232,True,False,185.00000000000006,352.43310332401563,True,False
1563,229.24022008141637,False,False,185.00000000001197,227.6131069518934,True,False,185.00000000001208,227.62141718319384,True,False
1564,403.521144445564,False,False,185.0,403.48296347965055,True,False,185.00000000000003,403.48297403707085,True,False
1565,68.64653982167145,True,False,185.0,32.65253935912209,True,True,185.0,32.332512406910155,True,True
1566,229.1371169534631,False,False,185.0000000000132,227.49889158224389,True,False,185.0000000000133,227.50730661994388,True,False
1567,457.3687181300048,False,False,185.00000000000003,457.346222090792,True,False,185.0,457.3462265575949,True,False
1568,283.2260035890175,False,False,185.00000000000594,282.9895852699902,True,False,185.000000000006,282.98982574764074,True,False
1569,153.0972506142719,True,False,185.0,33.163620509576944,True,True,185.00000000000003,32.92763291792598,True,True
1570,101.405816661948,True,False,184.99999999999966,33.09601894152726,True,True,184.9999999999971,32.84082589647743,True,True
1571,122.06177606389625,True,False,185.0,33.145530144673494,True,True,185.0,32.90431983030768,True,True
1572,429.5213448586404,False,False,185.0000000000005,429.49214517446234,True,False,185.0000000000005,429.49215194832976,True,False
1573,298.2605767044162,False,False,185.00000000000006,298.0885653499097,True,False,185.0,298.0887019096174,True,False
1574,278.7367612514493,False,False,185.0,278.4742880413153,True,False,185.0,278.474578211387,True,False
1575,354.9825827922205,False,False,185.0,354.91394819700804,True,False,185.0,354.91397611812397,True,False
1576,256.1049291100696,False,False,185.00000000000003,255.61437013736477,True,False,185.0,255.61527634605625,True,False
1577,392.2112775097755,False,False,185.00000000000088,392.1679909169453,True,False,185.0000000000009,392.1680038178193,True,False
1578,472.158493852055,False,False,185.00000000000037,472.13872347264913,True,False,185.00000000000034,472.13872706927015,True,False
1579,339.7009282998192,False,False,185.00000000000006,339.6157580114094,True,False,185.00000000000009,339.61579824693735,True,False
1580,241.87167435905624,False,False,185.00000000000102,241.03723706274326,True,False,185.00000000000108,241.03965461542128,True,False
1581,359.4084547338286,False,False,185.00000000000003,359.34376917484485,True,False,185.0,359.3437943818369,True,False
1582,288.4069088124206,False,False,185.0,288.1961238218428,True,False,185.00000000000003,288.1963197139815,True,False
1583,275.32459943785955,False,False,185.00000000000577,275.03941143707164,True,False,185.00000000000585,275.0397484818582,True,False
1584,374.07522951364297,False,False,185.00000000000006,374.02158863799247,True,False,185.0,374.02160704667074,True,False
1585,535.928199472474,False,False,185.00000000000006,535.9161789199024,True,False,185.00000000000009,535.9161805960232,True,False
1586,274.12489326636125,False,False,185.00000000000017,273.8310292767162,True,False,185.0000000000001,273.83138503464596,True,False
1587,280.33394045410733,False,False,185.00000000000006,280.08119729643374,True,False,185.00000000000003,280.08146843782094,True,False
1588,380.2276916301217,False,False,185.00000000000026,380.1779127002294,True,False,185.00000000000023,380.1779289716372,True,False
1589,242.35691842990383,False,False,185.00000000000003,241.53979022793877,True,False,185.00000000000003,241.5421157188506,True,False
1590,326.1535433874054,False,False,185.00000000000063,326.0486601938648,True,False,185.00000000000063,326.04871771050153,True,False
1591,298.0599615496635,False,False,185.00000000000003,297.88726719468593,True,False,185.00000000000003,297.88740471267874,True,False
1592,297.2684152840678,False,False,185.00000000000003,297.0929877887029,True,False,185.0,297.09312915198143,True,False
1593,387.273359920258,False,False,185.0,387.2275482172936,True,False,185.0,387.2275624326172,True,False
1594,192.28531571339985,True,False,185.0,33.166951565376834,True,True,185.0,32.93207025663773,True,True
1595,311.3038653685815,False,False,185.00000000000006,311.169118765209,True,False,185.00000000000006,311.16920762668803,True,False
1596,283.17439384836405,False,False,185.000000000006,282.9376978559985,True,False,185.00000000000608,282.9379388367744,True,False
1597,209.17460844987244,True,False,185.0,33.16735672697159,True,True,185.0,32.93260870217273,True,True
1598,215.8511754769484,False,False,185.0000000000005,209.22539952730043,True,False,185.0000000000004,209.34344557059688,True,False
1599,221.7634635223481,False,False,185.00000000000006,218.79235730759936,True,False,185.00000000000006,218.81751175598117,True,False
1600,145.8543680545702,True,False,185.0,33.16171736635246,True,True,185.0,32.92515253661967,True,True
1601,374.082041226246,False,False,185.00000000000006,374.02840485131566,True,False,185.0,374.02842325739124,True,False
1602,562.6793500592648,False,False,185.0000000000001,562.6693627924848,True,False,185.0000000000001,562.6693639934316,True,False
1603,498.45813477025865,False,False,185.00000000000026,498.44220371480424,True,False,185.00000000000028,498.4422062617792,True,False
1604,306.25195012923626,False,False,185.00000000000003,306.10428100388793,True,False,185.0,306.10438535101287,True,False
1605,317.2728843808883,False,False,185.0,317.15142939641055,True,False,185.00000000000003,317.1515035692077,True,False
1606,179.19197661861563,True,False,185.0,33.166500053557606,True,True,185.0,32.93146300824412,True,True
1607,374.8688071460583,False,False,185.00000000000006,374.8156871210441,True,False,185.00000000000003,374.8157052333192,True,False
1608,163.00694384373224,True,False,185.0,33.165225383278504,True,True,185.0,32.92974594355558,True,True
1609,234.8985494214773,False,False,185.0000000000081,233.7330675426111,True,False,185.00000000000824,233.73755627349382,True,False
1610,301.032761198258,False,False,185.0000000000001,300.86980418240654,True,False,185.00000000000009,300.8699282469459,True,False
1611,154.6050539495583,True,False,185.0,33.16392667874198,True,True,185.0,32.92808237983138,True,True
1612,315.55321381307,False,False,185.0000000000004,315.4281273252626,True,False,185.00000000000043,315.4282053820084,True,False
1613,369.4690004425602,False,False,185.00000000000003,369.4121923960357,True,False,185.00000000000003,369.41221272793376,True,False
1614,512.7679765751493,False,False,185.0,512.7537176593399,True,False,185.0,512.7537198483215,True,False
1615,247.59039088987203,False,False,185.00000000000318,246.92899760713868,True,False,185.00000000000327,246.93056991688235,True,False
1616,482.3100879462418,False,False,185.0,482.29193442237056,True,False,185.0,482.2919376022144,True,False
1617,138.2886863374357,True,False,185.0,33.15869160807258,True,True,185.0,32.9211688707382,True,True
1618,287.9491779643105,False,False,185.0,287.7362951069465,True,False,185.0,287.73649447569767,True,False
1619,322.4011348761018,False,False,185.00000000000009,322.2896646201257,True,False,185.00000000000006,322.28972851446645,True,False
1620,476.049000275932,False,False,185.0000000000002,476.0298717541118,True,False,185.0000000000002,476.02987519936346,True,False
1621,277.664811240452,False,False,185.0000000000007,277.395497082747,True,False,185.00000000000074,277.3958010032369,True,False
1622,289.6999577695904,False,False,185.00000000000009,289.4949399406204,True,False,185.00000000000006,289.4951263659758,True,False
1623,217.34634603174413,False,False,185.00000000000585,212.2209224313344,True,False,185.0000000000052,212.29166488030808,True,False
1624,410.5173046042732,False,False,185.0000000000006,410.4818755342969,True,False,185.0000000000006,410.4818848217989,True,False
1625,149.89471244739127,True,False,185.0,33.16287234135519,True,True,185.0,32.92672673014259,True,True
1626,407.8260004201503,False,False,185.0,407.7895459858455,True,False,185.00000000000003,407.78955569402166,True,False
1627,222.5952233351927,False,False,185.00000000000045,219.85615484771242,True,False,185.00000000000034,219.87780246753397,True,False
1628,175.38087688746583,True,False,184.99999999999832,33.16629764436437,True,True,184.99999999999974,32.931136916508365,True,True
1629,230.10712371452703,False,False,185.00000000000333,228.56869081215254,True,False,185.00000000000338,228.57618585522707,True,False
1630,107.02476683959058,True,False,185.0,33.11575457392152,True,True,185.00000000000463,32.86643828859945,True,True
1631,273.50080486568686,False,False,185.00000000000017,273.2022730856351,True,False,185.0000000000001,273.20263912827284,True,False
1632,609.2840765685789,False,False,185.00000000000006,609.2766538932724,True,False,185.00000000000006,609.2766547008326,True,False
1633,215.48778752603548,False,False,185.00000000000009,208.36814373482326,True,False,185.00000000000009,208.50473613367834,True,False
1634,125.01100574243786,True,False,185.0,33.14890857180674,True,True,185.00000000000634,32.90855142011281,True,True
1635,232.86641193015444,False,False,185.00000000000043,231.56307180960252,True,False,185.00000000000028,231.56859104025878,True,False
1636,60.17695748938302,True,False,185.0,32.25175542428919,True,True,185.0,31.909445643778607,True,True
1637,325.6078335183774,False,False,185.00000000000094,325.50202700986455,True,False,185.00000000000097,325.5020854079036,True,False
1638,128.2647432867097,True,False,184.99999999999997,33.15202938171543,True,True,185.0,32.91259775529618,True,True
1639,472.9979835154166,False,False,185.00000000000034,472.9783540742388,True,False,185.00000000000034,472.9783576362566,True,False
1640,417.1336273331485,False,False,185.0,417.100556921762,True,False,185.0,417.10056523163695,True,False
1641,246.07306147187373,False,False,185.00000000001185,245.37164440638352,True,False,185.00000000001194,245.37339723986184,True,False
1642,307.2403691045698,False,False,185.0,307.0953630753108,True,False,185.00000000000003,307.0954641610819,True,False
1643,149.5495394826886,True,False,185.00000000000003,33.16278670633789,True,True,185.0,32.926584986934444,True,True
1644,367.151709463846,False,False,185.00000000000003,367.0932098649883,True,False,185.0,367.09323117838153,True,False
1645,162.44455001083116,True,False,185.0,33.16515757953116,True,True,185.0,32.92962170408451,True,True
1646,176.38913613902733,True,False,185.0000000000003,33.16635669981807,True,True,185.00000000000117,32.93124939869031,True,True
1647,169.86352847371768,True,False,185.0,33.16591184461143,True,True,185.0,32.930618351968334,True,True
1648,160.2226972481746,True,False,185.00000000000395,33.16486258837955,True,True,185.00000000000549,32.92929010795808,True,True
1649,111.45658167210952,True,False,185.0,33.12734154706395,True,True,185.0,32.88135870006346,True,True
1650,119.8316487120989,True,False,185.0,33.14256774605859,True,True,185.0,32.90059512846487,True,True
1651,286.25848349087573,False,False,185.0000000000006,286.0375837681374,True,False,185.0000000000006,286.0377967140139,True,False
1652,372.79865328446914,False,False,185.0,372.74415962559135,True,False,185.00000000000003,372.74417854546067,True,False
1653,303.0759316264843,False,False,185.00000000000256,302.91921718056795,True,False,185.00000000000256,302.91933302662835,True,False
1654,408.25082872495545,False,False,185.00000000000003,408.2145388242496,True,False,185.0,408.21454846114284,True,False
1655,271.5450571390994,False,False,185.00000000000006,271.23116708901057,True,False,185.00000000000003,271.2315680089825,True,False
1656,512.7086828360377,False,False,185.0,512.6944174935235,True,False,185.00000000000003,512.6944196833372,True,False
1657,402.0794876409016,False,False,185.0,402.04070343073283,True,False,185.0,402.04071426188904,True,False
1658,165.41421385800223,True,False,185.0,33.16549747557241,True,True,185.0,32.93010923779231,True,True
1659,228.96712868616044,False,False,185.00000000001518,227.31030387944435,True,False,185.0000000000153,227.31889564226904,True,False
1660,442.312940949041,False,False,185.00000000000003,442.287117433221,True,False,185.0,442.2871230594723,True,False
1661,353.26391447140446,False,False,185.0,353.1936560012662,True,False,185.0,353.19368501478374,True,False
1662,255.54756302665496,False,False,185.00000000000003,255.0480084407567,True,False,185.00000000000003,255.04894542410457,True,False
1663,232.35933610068724,False,False,185.00000000000028,231.0174112321529,True,False,185.00000000000023,231.0232360504264,True,False
1664,115.4655808950896,True,False,185.0,33.13554826236441,True,True,185.0,32.89178780132317,True,True
1665,127.89392252006216,True,False,184.99999999999955,33.15170138525569,True,True,184.99999999999994,32.9121091333443,True,True
1666,145.73928603336088,True,False,185.0,33.16167927636243,True,True,185.0,32.92512923288691,True,True
1667,364.8723972612757,False,False,185.00000000000034,364.812165067931,True,False,185.0000000000004,364.8121874403189,True,False
1668,146.86511806524052,True,False,185.0,33.16203409854837,True,True,185.0,32.925570096817225,True,True
1669,480.3978033263306,False,False,185.00000000000006,480.37935931965825,True,False,185.00000000000003,480.3793625815915,True,False
1670,190.2756523963794,True,False,185.0,33.16690088606832,True,True,185.0,32.931952868944606,True,True
1671,364.2741343252061,False,False,185.0000000000005,364.2134356095173,True,False,185.00000000000054,364.21345827642716,True,False
1672,171.683153343015,True,False,185.0,33.16605346500008,True,True,185.0,32.93087366509852,True,True
1673,198.4664353683648,True,False,185.0,33.16707774116893,True,True,185.0,32.932179322959925,True,True
1674,461.1732671954177,False,False,185.0,461.1515188098338,True,False,185.0,461.1515230622626,True,False
1675,271.8832887308563,False,False,185.00000000000009,271.57213705268754,True,False,185.00000000000006,271.5725316716954,True,False
1676,274.20277921973883,False,False,185.0000000000002,273.9094902045009,True,False,185.0000000000001,273.90984470514115,True,False
1677,247.51024393953003,False,False,185.00000000000355,246.846826399956,True,False,185.00000000000364,246.8484076152467,True,False
1678,412.759411888364,False,False,185.00000000000034,412.72480717004424,True,False,185.00000000000034,412.7248161133401,True,False
1679,463.7579834220243,False,False,185.00000000000003,463.73672381616996,True,False,184.99999999999997,463.7367279624186,True,False
1680,390.4353699851248,False,False,185.00000000000003,390.39119783301834,True,False,185.0,390.391211158424,True,False
1681,106.5128905453994,True,False,185.0,33.1142127548657,True,True,185.00000000000003,32.86446220957769,True,True
1682,314.2769842460454,False,False,185.0000000000013,314.1491025084725,True,False,185.00000000000134,314.1491836364987,True,False
1683,205.51127002235737,True,False,185.0,33.167204785050366,True,True,185.0,32.93237464536657,True,True
1684,298.6216834976392,False,False,185.00000000000003,298.4508918207106,True,False,185.00000000000006,298.4510266689839,True,False
1685,545.4284755765739,False,False,185.0,545.4172361815016,True,False,185.0,545.4172377073212,True,False
1686,334.1574731782685,False,False,185.00000000000006,334.0649231609169,True,False,185.00000000000003,334.0649695316134,True,False
1687,426.9939302984374,False,False,185.0,426.9639932203024,True,False,185.0,426.96400025415704,True,False
1688,418.967181145607,False,False,185.00000000000003,418.93472622319666,True,False,185.0,418.93473429825804,True,False
1689,280.83071088439004,False,False,185.0000000000001,280.58088663144133,True,False,185.00000000000006,280.58115214613787,True,False
1690,355.29478493577733,False,False,185.00000000000003,355.2264397132406,True,False,185.0,355.22646744323066,True,False
1691,174.3889153377904,True,False,185.0,33.1662378143581,True,True,185.00000000000372,32.93108257337043,True,True
1692,135.9140372220138,True,False,185.0,33.15743882387674,True,True,185.0,32.919611706156964,True,True
1693,428.8803527077988,False,False,185.00000000000057,428.850968373902,True,False,185.00000000000054,428.8509752097399,True,False
1694,577.4596029416153,False,False,185.00000000000003,577.4505432136305,True,False,185.0,577.4505442996336,True,False
1695,303.91237471148304,False,False,185.0000000000016,303.7581175601313,True,False,185.00000000000162,303.7582302150183,True,False
1696,128.30188980107522,True,False,185.0,33.152061493919675,True,True,184.99999999999997,32.91264576647107,True,True
1697,289.8985905562525,False,False,185.0000000000001,289.69443838143775,True,False,185.00000000000009,289.6946233933693,True,False
1698,146.51476724902437,True,False,185.0,33.16192649285635,True,True,185.0,32.925389563972125,True,True
1699,155.27099642629886,True,False,185.0,33.16404974711511,True,True,185.0,32.92826746135669,True,True
1700,344.0894315043762,False,False,185.00000000000003,344.0095325062011,True,False,185.0,344.0095686048631,True,False
1701,316.5118934850431,False,False,185.00000000000006,316.3888501396766,True,False,185.00000000000006,316.38892600333065,True,False
1702,231.2844594668657,False,False,185.00000000000003,229.85425647244267,True,False,185.00000000000003,229.8608082580571,True,False
1703,227.7194233034606,False,False,185.0000000000005,225.91454106675144,True,False,185.00000000000034,225.92459785720476,True,False
1704,421.3978595918528,False,False,185.00000000000003,421.3661967083843,True,False,185.0,421.3662045097207,True,False
1705,435.52227853156296,False,False,185.00000000000003,435.4947332814212,True,False,185.00000000000006,435.4947394606834,True,False
1706,456.6694799141565,False,False,185.00000000000006,456.64684267442794,True,False,185.00000000000006,456.6468471856602,True,False
1707,284.5925305560281,False,False,185.0000000000032,284.3632953535933,True,False,185.0000000000033,284.36352291396446,True,False
1708,75.42815390173212,True,False,185.00000000000566,32.83302887624166,True,True,184.99999999999443,32.53434954929061,True,True
1709,527.5712903338342,False,False,185.00000000000023,527.5585208319536,True,False,185.00000000000023,527.5585226131718,True,False
1710,279.3088875694807,False,False,185.0,279.0499617893751,True,False,185.0,279.05024495684927,True,False
1711,112.58170881820396,True,False,184.99999999999514,33.1298403696592,True,True,184.9999999999945,32.88457863792201,True,True
1712,265.8024730768004,False,False,185.00000000000023,265.4360564613929,True,False,185.00000000000014,265.43658755800607,True,False
1713,242.7912450692911,False,False,185.0,241.989134076875,True,False,185.00000000000003,241.99138103491157,True,False
1714,211.2289830527964,False,False,185.0000000000062,150.20129091298773,True,False,185.00000000000003,163.51439750295626,True,False
1715,466.3660437294979,False,False,185.00000000000003,466.3452623519993,True,False,185.0,466.3452663171918,True,False
1716,422.817383776483,False,False,185.0,422.78617129221897,True,False,185.00000000000003,422.78617889362476,True,False
1717,111.75859398829644,True,False,185.0,33.12802963649017,True,True,185.0,32.882291349444735,True,True
1718,117.25668938806425,True,False,185.0,33.138641256353395,True,True,185.0,32.895620573202,True,True
1719,183.05915195959307,True,False,185.0,33.166671582367165,True,True,185.0,32.93169411449324,True,True
1720,164.4978476666735,True,False,185.0,33.165397246867464,True,True,185.0,32.93001465141283,True,True
1721,147.3332657901542,True,False,184.99999999999997,33.16217459702846,True,True,185.0,32.92577696561429,True,True
1722,299.1503308342778,False,False,185.00000000000006,298.9813024741624,True,False,185.00000000000006,298.9814348499447,True,False
1723,196.27028375742952,True,False,185.0,33.16703316387416,True,True,185.0,32.93219004189742,True,True
1724,274.01739402630767,False,False,185.00000000000017,273.7227337164111,True,False,185.0000000000001,273.72309122133805,True,False
1725,195.39764304733447,True,False,185.0,33.16701542251932,True,True,185.0,32.93218740459719,True,True
1726,231.4304130061441,False,False,185.00000000000006,230.01274969153636,True,False,185.00000000000006,230.0191958796746,True,False
1727,290.9396682166766,False,False,185.00000000000014,290.7399678018897,True,False,185.00000000000009,290.74014566513944,True,False
1728,639.9123078278584,False,False,184.99999999999997,639.906105795944,True,False,185.0,639.9061063873521,True,False
1729,294.73536707701123,False,False,185.00000000000122,294.55076328757923,True,False,185.00000000000122,294.55091797753016,True,False
1730,184.9358487737244,True,False,185.0,33.16673785701979,True,True,185.0,32.93178643848941,True,True
1731,213.08955870774807,False,False,185.00000000000085,199.49134844673128,True,False,185.0000000000007,199.99231075939755,True,False
1732,258.95764336909,False,False,185.00000000000026,258.5094917968988,True,False,185.00000000000014,258.5102593420211,True,False
1733,279.46305831635937,False,False,185.0,279.2050764560429,True,False,185.00000000000003,279.2053577754705,True,False
1734,313.92964132157124,False,False,185.00000000000162,313.8009835047242,True,False,185.00000000000165,313.8010655013898,True,False
1735,222.81549658841288,False,False,185.00000000000054,220.1326539589524,True,False,185.0000000000004,220.15348982513427,True,False
1736,544.1809128046237,False,False,185.0,544.1695748179475,True,False,184.99999999999997,544.1695763492694,True,False
1737,99.798693021438,True,False,184.99999999999335,33.08906609995319,True,True,184.99999999999795,32.831831808454865,True,True
1738,169.60908280655656,True,False,185.0,33.165890079652506,True,True,184.99999999999997,32.93060467324201,True,True
1739,164.99959813908336,True,False,185.0,33.16545183973964,True,True,185.00000000000003,32.93006177484951,True,True
1740,158.8862766358681,True,False,185.0,33.16466661902381,True,True,185.00000000000455,32.929006888161396,True,True
1741,215.54078357969067,False,False,185.00000000000014,208.49738884651163,True,False,185.00000000000017,208.63102165015565,True,False
1742,220.36118376981685,False,False,185.0000000000118,216.91121240528017,True,False,185.0000000000116,216.9444188602657,True,False
1743,391.247445070552,False,False,185.00000000000105,391.20368092158344,True,False,185.00000000000105,391.20369404893535,True,False
1744,159.5625906523016,True,False,184.99999999999932,33.1647665291248,True,True,184.99999999999991,32.92911615393191,True,True
1745,364.4751283487912,False,False,185.00000000000048,364.41458692384134,True,False,185.00000000000048,364.4146094912463,True,False
1746,336.1968621537628,False,False,185.00000000000148,336.107127458313,True,False,185.00000000000153,336.1071714623331,True,False
1747,106.4642244112543,True,False,185.0,33.114063100196404,True,True,185.0,32.86425375324335,True,True
1748,251.8865103661858,False,False,185.0000000000003,251.32107036178164,True,False,185.0000000000002,251.32224748907183,True,False
1749,393.85722587584144,False,False,185.00000000000063,393.8147384175651,True,False,185.00000000000063,393.814750942383,True,False
1750,347.4501480743918,False,False,185.00000000000185,347.37398279104355,True,False,185.00000000000185,347.37401604776824,True,False
1751,264.9691052309073,False,False,185.00000000000017,264.59399102802115,True,False,185.0000000000001,264.5945453702651,True,False
1752,406.19203914665337,False,False,185.00000000000003,406.1549422602672,True,False,185.0,406.154952267929,True,False
1753,338.8730622115316,False,False,185.00000000000026,338.78684336964335,True,False,185.00000000000028,338.786884447838,True,False
1754,263.8394832025781,False,False,185.00000000000003,263.45207793894707,True,False,185.00000000000003,263.4526659065888,True,False
1755,217.9628643757022,False,False,185.00000000000003,213.28685377973767,True,False,185.00000000000003,213.34601548522394,True,False
1756,288.0847444091728,False,False,185.00000000000003,287.8724860191394,True,False,185.0,287.8726843510687,True,False
1757,71.25957507140542,True,False,185.0,32.7324746124504,True,True,185.0,32.42105848514095,True,True
1758,510.53473661615146,False,False,185.0,510.5202329102881,True,False,185.0,510.52023514648863,True,False
1759,256.2854429583316,False,False,185.00000000000003,255.79774460356188,True,False,185.00000000000003,255.79864112893898,True,False
1760,167.84927120442475,True,False,185.0,33.165736519495276,True,True,185.0,32.93047677677336,True,True
1761,410.3446343665304,False,False,185.0000000000006,410.3091407033043,True,False,185.00000000000063,410.3091500158391,True,False
1762,210.62228533266227,False,False,185.0,33.16784143442929,True,True,185.0,32.933353453537435,True,True
1763,196.15308738565744,True,False,185.00000000000003,33.16703076045834,True,True,185.0,32.9321903032875,True,True
1764,280.7487132828369,False,False,185.0000000000001,280.49841063634835,True,False,185.00000000000009,280.498677066595,True,False
1765,144.68945834637898,True,False,185.0,33.16133369595174,True,True,185.0000000000001,32.924630486272264,True,True
1766,348.4582602556819,False,False,185.00000000000142,348.38316750117013,True,False,185.00000000000145,348.38319997946235,True,False
1767,186.8777358743657,True,False,185.00000000000003,33.16680390326099,True,True,185.0,32.931837980157084,True,True
1768,277.6633577554706,False,False,185.0000000000007,277.3940341453163,True,False,185.00000000000074,277.3943380850261,True,False
1769,123.73694112399122,True,False,185.0,33.14751866071911,True,True,185.0,32.90676156283016,True,True
1770,199.35798594392404,True,False,185.0,33.167094550462814,True,True,185.0,32.93218386481895,True,True
1771,281.84488015693296,False,False,185.00000000000017,281.60086402459115,True,False,185.0000000000001,281.6011185191403,True,False
1772,237.09595122290247,False,False,185.00000000000006,236.0547222127742,True,False,185.00000000000006,236.05836555922704,True,False
1773,130.2244606206236,True,False,185.0,33.15364688806172,True,True,185.0,32.91464983095925,True,True
1774,328.03926537461325,False,False,185.0,327.9374868672097,True,False,185.0,327.93754149036,True,False
1775,244.59453364501857,False,False,185.0000000000003,243.850358352991,True,False,185.0000000000002,243.85231402365815,True,False
1776,317.6922902250434,False,False,185.0,317.5716982588216,True,False,185.00000000000003,317.5717715322795,True,False
1777,381.9967415746575,False,False,185.00000000000003,381.9480019274272,True,False,185.00000000000003,381.9480176453833,True,False
1778,391.85405546124383,False,False,185.00000000000097,391.8105927120786,True,False,185.00000000000097,391.8106056963999,True,False
1779,414.4707329800488,False,False,185.00000000000017,414.4367399058967,True,False,185.00000000000017,414.43674859001976,True,False
1780,365.31498089384,False,False,185.00000000000026,365.25509063381764,True,False,185.00000000000028,365.25511279396517,True,False
1781,297.7196268758533,False,False,185.00000000000003,297.5457649159645,True,False,185.0,297.54590407144303,True,False
1782,602.292997157114,False,False,185.00000000000009,602.2852513091028,True,False,185.00000000000009,602.2852521075462,True,False
1783,327.42645446112283,False,False,185.00000000000009,327.32368135763784,True,False,185.0000000000001,327.3237368977639,True,False
1784,131.96818508045118,True,False,185.0,33.154942956186865,True,True,185.0,32.91628824380059,True,True
1785,198.0046247793029,True,False,185.0,33.16706857718864,True,True,185.0,32.93218036593658,True,True
1786,292.2119029003009,False,False,185.00000000000495,292.0174546728311,True,False,185.00000000000497,292.01762433076,True,False
1787,174.0905695810545,True,False,185.0,33.166218192545905,True,True,184.99999999999997,32.93106082506799,True,True
1788,428.9595189667707,False,False,185.0000000000005,428.93015752412975,True,False,185.00000000000054,428.93016435209165,True,False
1789,306.93116334123323,False,False,184.99999999999997,306.7853316262516,True,False,185.0,306.78543371608845,True,False
1790,437.8221994543914,False,False,185.0,437.7952543978338,True,False,185.00000000000003,437.7952603633375,True,False
1791,255.67361775191696,False,False,185.0,255.17611947707388,True,False,185.00000000000003,255.17704938222843,True,False
1792,124.58669531264128,True,False,185.0,33.148454782246304,True,True,185.0,32.90801980070175,True,True
1793,211.6951058053559,False,False,185.0000000000119,182.43434808668817,True,False,185.00000000000105,184.82690469141372,True,False
1794,340.5591196040803,False,False,185.0,340.47501755805064,True,False,185.0,340.47505694180404,True,False
1795,199.24901776029512,True,False,185.0,33.167092560429964,True,True,185.0,32.93218272166918,True,True
1796,287.96500702220555,False,False,185.00000000000003,287.7521972162779,True,False,185.0,287.7523964635926,True,False
1797,315.7417379394985,False,False,185.00000000000034,315.61705700992815,True,False,185.00000000000034,315.61713462943993,True,False
1798,294.9531335582598,False,False,185.00000000000097,294.7693454418376,True,False,185.000000000001,294.769498923428,True,False
1799,75.82496175111307,True,False,185.00000000000003,32.841180799213404,True,True,185.00000000000003,32.5436175453846,True,True
1800,371.5494089122398,False,False,185.00000000000003,371.49406246330864,True,False,185.0,371.49408191950874,True,False
1801,329.68226064649656,False,False,185.0,329.58308287827737,True,False,185.0,329.5831351559922,True,False
1802,324.6414791652111,False,False,185.0000000000016,324.53400934392187,True,False,185.00000000000162,324.5340693490604,True,False
1803,107.85597080632878,True,False,185.00000000000003,33.11816145165145,True,True,185.0,32.86952767858918,True,True
1804,278.40956126041954,False,False,185.00000000000006,278.14502719308905,True,False,185.00000000000006,278.1453214798409,True,False
1805,400.78107264863337,False,False,184.99999999999997,400.7417339101353,True,False,184.99999999999997,400.74174496323286,True,False
1806,50.56170696131692,True,False,185.0,31.25789249661269,True,True,185.0,30.933923496256863,True,True
1807,226.32895240918572,False,False,185.00000000000006,224.3309466719777,True,False,185.00000000000006,224.3430690239151,True,False
1808,110.25847265894495,True,False,185.0,33.12449670139271,True,True,185.0,32.877740084440056,True,True
1809,242.83104003020452,False,False,185.00000000000003,242.03028319196164,True,False,185.0,242.032523131669,True,False
1810,305.5170355497738,False,False,185.00000000000026,305.36734094085796,True,False,185.00000000000026,305.36744780243396,True,False
1811,414.6249221113142,False,False,185.00000000000014,414.5909834168835,True,False,185.00000000000014,414.59099207841854,True,False
1812,378.0961755590826,False,False,185.00000000000068,378.0451033686557,True,False,185.00000000000068,378.0451203598381,True,False
1813,319.53505378554934,False,False,185.00000000000006,319.4181527936791,True,False,185.00000000000006,319.4182222291588,True,False
1814,341.2169187294273,False,False,185.0,341.133622850344,True,False,185.0,341.1336616054196,True,False
1815,518.7519970431933,False,False,185.0,518.7383671095746,True,False,185.0,518.7383692019637,True,False
1816,245.6831548179293,False,False,185.00000000001407,244.97084198337703,True,False,185.0000000000141,244.97264552270414,True,False
1817,209.21970545224735,True,False,185.0,33.16736115906467,True,True,185.0,32.93261526203497,True,True
1818,590.8935075004722,False,False,185.0,590.8851928285821,True,False,184.99999999999997,590.8851938391367,True,False
1819,332.53209048193474,False,False,185.00000000000006,332.43720725341564,True,False,185.0,332.43725565047527,True,False
1820,317.10939094381,False,False,185.0,316.9875971685266,True,False,185.0,316.98767170218696,True,False
1821,294.049613700173,False,False,185.0000000000021,293.86240701636524,True,False,185.00000000000216,293.8625656076055,True,False
1822,126.62252685386282,True,False,185.0,33.15052558910648,True,True,185.0,32.91062494275121,True,True
1823,421.0133336625193,False,False,185.00000000000003,420.9815472492958,True,False,185.0,420.9815550980414,True,False
1824,277.6840610096907,False,False,185.00000000000065,277.4148719931331,True,False,185.0000000000007,277.4151756592641,True,False
1825,169.11992652238743,True,False,185.0,33.16584612911181,True,True,185.0,32.93060015317505,True,True
1826,173.19637530629936,True,False,184.99999999999997,33.16615732200963,True,True,185.0,32.93100540036722,True,True
1827,383.1182461226844,False,False,185.0,383.0701499018739,True,False,185.0,383.07016528075343,True,False
1828,56.514608694848974,True,False,185.0,31.971008746763072,True,True,185.0,31.627521428238158,True,True
1829,231.24180700368296,False,False,185.00000000000003,229.80790494124633,True,False,185.0,229.81448802059603,True,False
1830,273.8955747745822,False,False,185.0000000000002,273.60000821537795,True,False,185.0000000000001,273.6003677105227,True,False
1831,442.7475687795759,False,False,185.00000000000003,442.7218504186232,True,False,185.0,442.72185600302686,True,False
1832,112.62785769334616,True,False,185.00000000000003,33.12993917638214,True,True,185.0,32.88471696593529,True,True
1833,360.3798854494453,False,False,185.00000000000006,360.31602424801457,True,False,185.0,360.3160489196298,True,False
1834,130.95206793117748,True,False,185.00000000000173,33.15420377075823,True,True,185.0000000000028,32.91538148098422,True,True
1835,373.346661778845,False,False,185.0,373.292536483524,True,False,185.00000000000003,373.2925551792045,True,False
1836,267.9744668543746,False,False,185.00000000000495,267.62935401059053,True,False,185.000000000005,267.62983025682155,True,False
1837,160.33891174697402,True,False,184.99999999999562,33.16487901965935,True,True,184.9999999999965,32.92932217384701,True,True
1838,329.6515610928661,False,False,185.00000000000003,329.55233559016864,True,False,185.0,329.55238791083826,True,False
1839,167.81295697668136,True,False,185.0,33.1657333373474,True,True,185.0,32.93047028769712,True,True
1840,171.36715069768965,True,False,185.0,33.16602903901915,True,True,185.00000000000003,32.93083241790377,True,True
1841,107.57927899488314,True,False,185.00000000000003,33.11736898276036,True,True,185.0,32.86861827644613,True,True
1842,216.81798744780355,False,False,185.0000000000217,211.24031709836245,True,False,185.0000000000206,211.3238985991916,True,False
1843,192.55248873192912,True,False,185.0,33.166957620689196,True,True,185.0,32.93208406471124,True,True
1844,137.53380224466798,True,False,185.0,33.15831104268187,True,True,185.0,32.92075419464245,True,True
1845,458.2837631124382,False,False,185.00000000000003,458.26145004811843,True,False,185.0,458.2614544575438,True,False
1846,371.587028461756,False,False,185.00000000000003,371.53170796219365,True,False,185.0,371.5317274019238,True,False
1847,171.50163194132787,True,False,185.0,33.1660395187094,True,True,185.0,32.93085042155444,True,True
1848,264.34016291938025,False,False,185.0000000000001,263.9582786474474,True,False,185.00000000000009,263.9588514136209,True,False
1849,373.33360574387456,False,False,185.00000000000003,373.27947171259046,True,False,185.00000000000003,373.2794904135166,True,False
1850,417.48431653479867,False,False,185.0,417.4513650704285,True,False,185.0,417.45137333236585,True,False
1851,296.0589319608696,False,False,185.0000000000001,295.8792067867367,True,False,185.0000000000001,295.8793543166403,True,False
1852,188.91599304123255,True,False,184.9999999999974,33.166864056291566,True,True,184.99999999999946,32.93188913949059,True,True
1853,397.1051787455644,False,False,185.00000000000014,397.0642098558121,True,False,185.00000000000014,397.06422164561144,True,False
1854,316.656097349797,False,False,185.00000000000003,316.5333572383328,True,False,185.0,316.533432777652,True,False
1855,126.09381366171826,True,False,185.0,33.15000904196497,True,True,185.0,32.90998979253118,True,True
1856,423.38080092283786,False,False,185.00000000000003,423.3497647790069,True,False,185.0,423.34977229818134,True,False
1857,158.365517960595,True,False,185.0,33.16458389625825,True,True,185.00000000000003,32.92891382629261,True,True
1858,400.9391581042453,False,False,185.0,400.8998874601377,True,False,185.0,400.8998984861258,True,False
1859,324.7382040441637,False,False,185.0000000000015,324.6309023588007,True,False,185.00000000000156,324.63096220094275,True,False
1860,422.5814379468443,False,False,185.0,422.5501512083482,True,False,185.0,422.5501588458936,True,False
1861,216.64621093161173,False,False,185.00000000002777,210.90543488045907,True,False,185.00000000002655,210.99394447086436,True,False
1862,346.0958645335107,False,False,185.00000000000006,346.01822456228354,True,False,185.00000000000003,346.0182589015299,True,False
1863,511.4470073970312,False,False,184.99999999999997,511.43260436933093,True,False,185.0,511.4326065816861,True,False
1864,171.69179730642267,True,False,185.0,33.1660541224222,True,True,185.0,32.93087475905997,True,True
1865,210.28479826963533,False,False,185.0,33.167587580020125,True,True,185.0,32.93294088597166,True,True
1866,144.4833019421773,True,False,184.99999999999966,33.16126240048993,True,True,184.99999999999997,32.92451695380236,True,True
1867,354.69612766158485,False,False,185.0,354.6272260592107,True,False,185.0,354.6272541534589,True,False
1868,174.49737596399757,True,False,185.0,33.16624474407792,True,True,185.00000000000625,32.93108936447627,True,True
1869,190.79997893595063,True,False,185.00000000000006,33.16691475051088,True,True,185.00000000000048,32.93198429248702,True,True
1870,468.73778007877866,False,False,185.0,468.717420979882,True,False,185.0,468.71742476737654,True,False
1871,179.3758812965996,True,False,185.0,33.166509551931185,True,True,185.0,32.93146065039044,True,True
1872,314.72500219160264,False,False,185.00000000000094,314.5981117124083,True,False,185.00000000000097,314.5981917429156,True,False
1873,310.2131524483789,False,False,185.00000000000009,310.07575605243716,True,False,185.00000000000006,310.07584799586664,True,False
1874,130.07088189272076,True,False,185.0,33.15352518065594,True,True,185.0,32.914507685037194,True,True
1875,442.0185720280497,False,False,185.00000000000003,441.99267695956536,True,False,185.0,441.9926826153603,True,False
1876,183.8812566259924,True,False,185.0,33.16670241402552,True,True,185.0,32.93174461625035,True,True
1877,265.14224721920806,False,False,185.00000000000017,264.76896525267335,True,False,185.00000000000014,264.7695146476845,True,False
1878,352.4588960135131,False,False,185.00000000000009,352.3878585264981,True,False,185.0000000000001,352.3878880807029,True,False
1879,496.80950024504295,False,False,185.00000000000028,496.79335980139757,True,False,185.0000000000003,496.7933623952124,True,False
1880,95.60728724465908,True,False,185.0,33.067481954809,True,True,185.0,32.804772611147236,True,True
1881,407.7710438639475,False,False,185.00000000000003,407.7345680706047,True,False,185.0,407.7345777881814,True,False
1882,417.80328511464296,False,False,185.0,417.77044133096945,True,False,185.0,417.7704495489328,True,False
1883,286.4312538971804,False,False,185.00000000000043,286.211193314844,True,False,185.00000000000045,286.2114048198806,True,False
1884,289.3394958981183,False,False,185.00000000000009,289.1328935387881,True,False,185.00000000000006,289.13308255654164,True,False
1885,90.53771148941632,True,False,185.00000000000017,33.03295588370245,True,True,185.00000000000006,32.763260869262865,True,True
1886,142.6521834553498,True,False,185.0,33.160594520161446,True,True,185.0,32.92368487243901,True,True
1887,219.31531628825653,False,False,185.00000000000074,215.4107945012006,True,False,185.00000000000048,215.45269866932742,True,False
1888,207.28912394077383,True,False,185.0,33.16725291194557,True,True,185.0,32.93245356057494,True,True
1889,230.0694078573312,False,False,185.0000000000036,228.52728519534423,True,False,185.00000000000367,228.5348133941066,True,False
1890,305.97594533602387,False,False,185.00000000000009,305.8275201269674,True,False,185.00000000000006,305.8276254093469,True,False
1891,265.2371518431472,False,False,185.0000000000002,264.86486851234787,True,False,185.0000000000001,264.8654152265853,True,False
1892,179.34303573011383,True,False,185.0,33.16650785423879,True,True,185.0,32.93146105667651,True,True
1893,200.12308204342645,True,False,185.0,33.1671080196057,True,True,185.0,32.93219626305474,True,True
1894,267.30253383573074,False,False,185.00000000000705,266.9510319367289,True,False,185.0000000000071,266.95152436076216,True,False
1895,164.90108615072495,True,False,185.0,33.165440994712476,True,True,185.0,32.93005213515264,True,True
1896,363.26277196426406,False,False,185.0000000000008,363.2012731427457,True,False,185.0000000000008,363.2012963234025,True,False
1897,263.47528475019953,False,False,185.0,263.083788024037,True,False,185.00000000000003,263.0843873777112,True,False
1898,357.1164232829333,False,False,185.00000000000003,357.0497332108522,True,False,185.00000000000003,357.049759804442,True,False
1899,249.30943900710943,False,False,185.00000000000003,248.689257216931,True,False,185.0,248.6906532892992,True,False
1900,167.34741373676138,True,False,185.00000000000372,33.1656905506349,True,True,185.0000000000053,32.93038315106582,True,True
1901,279.60279870735405,False,False,185.00000000000003,279.3456680726818,True,False,185.0,279.3459477292968,True,False
1902,178.33797451855804,True,False,185.0,33.16645711940227,True,True,185.0,32.93145341628262,True,True
1903,348.6820267024879,False,False,185.00000000000134,348.6071691605611,True,False,185.00000000000134,348.607201467172,True,False
1904,197.1135321925326,True,False,185.0,33.167050472297554,True,True,185.0,32.93218523280656,True,True
1905,206.7323367745121,True,False,185.0,33.16723553299636,True,True,185.0,32.93242656942374,True,True
1906,330.28904846951286,False,False,185.00000000000003,330.1908076152586,True,False,185.0,330.1908590570007,True,False
1907,145.80089728987352,True,False,185.0,33.16169964453412,True,True,185.0,32.92514188490427,True,True
1908,203.399290442712,True,False,185.0,33.16716326191086,True,True,185.0,32.932294837642516,True,True
1909,189.06577702471668,True,False,184.99999999999818,33.166868151098484,True,True,184.99999999999966,32.93189390129594,True,True
1910,183.57013398999425,True,False,185.0,33.166691284461834,True,True,185.0,32.93172674074467,True,True
1911,194.88907974462708,True,False,185.0,33.16700527620467,True,True,185.0,32.93217887099395,True,True
1912,113.97809262505328,True,False,185.0,33.132722171811864,True,True,185.00000000000003,32.88819549960173,True,True
1913,265.8810669263731,False,False,185.00000000000023,265.5154549847703,True,False,185.0000000000001,265.5159839582875,True,False
1914,151.07145100958698,True,False,185.0,33.16316455965659,True,True,185.0,32.92700588047291,True,True
1915,444.7247260086079,False,False,185.00000000000003,444.6994787118397,True,False,185.0,444.69948408762104,True,False
1916,145.52149422878384,True,False,184.99999999999997,33.1616081722638,True,True,185.0,32.9250693287761,True,True
1917,594.5501115201793,False,False,185.0,594.5419852878455,True,False,185.0,594.5419862020196,True,False
1918,585.5080788175931,False,False,185.00000000000003,585.4994757333501,True,False,185.00000000000003,585.4994768103006,True,False
1919,367.4556844328472,False,False,185.00000000000003,367.3974106646636,True,False,185.00000000000003,367.3974318425011,True,False
1920,218.73964326325452,False,False,185.0000000000005,214.5368636684411,True,False,185.0000000000004,214.585057601727,True,False
1921,285.3794759345637,False,False,185.0000000000018,285.15423409616056,True,False,185.00000000000185,285.1544545889208,True,False
1922,583.1437709739288,False,False,185.00000000000003,583.1350370296277,True,False,184.99999999999997,583.1350380932781,True,False
1923,199.0992795022969,True,False,185.0,33.16708979749324,True,True,185.0,32.93218143825369,True,True
1924,419.6112975182845,False,False,185.0,419.5790550928209,True,False,185.0,419.57906309736103,True,False
1925,210.1616848058612,False,False,185.0,33.16753742573155,True,True,185.0,32.93286813130223,True,True
1926,388.35318939924815,False,False,185.0,388.3079468937524,True,False,185.0,388.30796078665225,True,False
1927,289.9532630971301,False,False,185.00000000000009,289.7493482608584,True,False,185.00000000000009,289.7495328852852,True,False
1928,254.80603709256815,False,False,185.00000000000114,254.29411968667043,True,False,185.00000000000117,254.29509976159653,True,False
1929,202.56674942201573,True,False,185.0,33.16714876234286,True,True,185.0,32.932265881994795,True,True
1930,315.60609522899085,False,False,185.00000000000037,315.48112268943026,True,False,185.00000000000037,315.4812006231227,True,False
1931,231.95111404349163,False,False,185.00000000000023,230.57674504168637,True,False,185.00000000000017,230.58283258979205,True,False
1932,303.7773276224796,False,False,185.0000000000017,303.6226774722455,True,False,185.00000000000176,303.62279063354225,True,False
1933,468.68871280070886,False,False,185.0,468.668345084568,True,False,185.0,468.6683488758793,True,False
1934,208.2288401197444,True,False,185.0,33.16729154891794,True,True,185.00000000000003,32.93251221238347,True,True
1935,230.72764351955436,False,False,185.00000000000026,229.247877779385,True,False,185.00000000000023,229.25485443653048,True,False
1936,36.31387923277831,True,True,184.99999999999525,26.409408153212503,True,True,184.99999999999727,26.2465799083556,True,True
1937,140.79670180518474,True,False,185.0000000000001,33.15984279371545,True,True,185.00000000000065,32.92269530004332,True,True
1938,331.02674568717686,False,False,185.00000000000003,330.9296272445925,True,False,185.00000000000003,330.9296776654014,True,False
1939,381.4075679983265,False,False,185.00000000000009,381.35848557419257,True,False,185.00000000000009,381.3585014728863,True,False
1940,321.5272180809457,False,False,185.00000000000009,321.414130340444,True,False,185.00000000000006,321.41419584321847,True,False
1941,466.31343275353385,False,False,185.0,466.2926418741506,True,False,185.0,466.2926458435476,True,False
1942,270.7672224076915,False,False,185.0,270.44689802692824,True,False,185.0,270.44731395922446,True,False
1943,218.0930732793187,False,False,185.00000000000009,213.50293880729612,True,False,185.00000000000009,213.5600181722519,True,False
1944,205.8498550925586,True,False,185.0,33.16721256969178,True,True,185.0,32.932388625782906,True,True
1945,207.93669616431455,True,False,185.0,33.16727782237005,True,True,185.0,32.932491654948784,True,True
1946,285.2924739977794,False,False,185.00000000000193,285.0667956599626,True,False,185.000000000002,285.06701691724004,True,False
1947,234.9806758302716,False,False,185.00000000000742,233.82026147134286,True,False,185.00000000000756,233.82471413261763,True,False
1948,481.9142740867018,False,False,185.0,481.8960609496707,True,False,185.00000000000003,481.8960641468461,True,False
1949,204.8902447704667,True,False,185.0,33.167191538500916,True,True,185.0,32.932349930372844,True,True
1950,291.4640913344868,False,False,185.00000000000014,291.26658042458087,True,False,185.00000000000009,291.2667548345663,True,False
1951,398.9192713358571,False,False,185.0,398.87911829916476,True,False,185.00000000000003,398.87912971270686,True,False
1952,43.467055026459406,True,True,184.9999999999974,29.629167748763162,True,True,184.9999999999977,29.37266216047687,True,True
1953,417.1445995149152,False,False,185.0,417.11153283396857,True,False,185.0,417.1115411423801,True,False
1954,182.7204971140495,True,False,185.0,33.166657745315526,True,True,185.00000000000003,32.93166995314024,True,True
1955,178.26201540122813,True,False,185.0,33.166453434036335,True,True,185.0,32.93144912148262,True,True
1956,370.2582884010083,False,False,185.0,370.20204107109726,True,False,184.99999999999997,370.2020610821129,True,False
1957,409.2191118936384,False,False,185.00000000000074,409.1831932198961,True,False,185.00000000000077,409.18320270353854,True,False
1958,356.74173155612027,False,False,185.00000000000003,356.67470561526926,True,False,185.0,356.67473244471915,True,False
1959,249.08189147175125,False,False,185.00000000000003,248.45648653773858,True,False,185.0,248.45790439788368,True,False
1960,451.4842524094266,False,False,185.0000000000003,451.460529477862,True,False,185.00000000000034,451.4605343277555,True,False
1961,168.81891672916515,True,False,185.0,33.16581929711705,True,True,185.00000000000003,32.930595608327714,True,True
1962,199.081818186684,True,False,185.0,33.16708947315712,True,True,185.0,32.93218131103415,True,True
1963,451.45019786972136,False,False,185.00000000000034,451.42646757629603,True,False,185.00000000000034,451.42647242831237,True,False
1964,198.61475162066415,True,False,185.0,33.16708062356838,True,True,185.0,32.932179340619996,True,True
1965,239.80503055063548,False,False,185.00000000001415,238.8899427024421,True,False,185.00000000001427,238.89281092881404,True,False
1966,284.2269274308258,False,False,185.00000000000395,283.9958018868669,True,False,185.00000000000404,283.9960328121483,True,False
1967,365.9140756251895,False,False,185.00000000000014,365.8546439473038,True,False,185.00000000000014,365.8546658259697,True,False
1968,170.31640511596186,True,False,185.0,33.16594757959941,True,True,185.0,32.930670373365786,True,True
1969,421.4979972696475,False,False,185.00000000000003,421.4663664483071,True,False,184.99999999999997,421.4663742362484,True,False
1970,311.0832221826661,False,False,185.0000000000001,310.9479454420511,True,False,185.00000000000006,310.9480349148599,True,False
1971,165.14567067313467,True,False,185.0,33.165467965226085,True,True,185.0,32.930077463951,True,True
1972,99.40661701153552,True,False,184.99999999999997,33.08726865746642,True,True,185.0,32.82959629375863,True,True
1973,344.138591266089,False,False,185.00000000000006,344.0587487064108,True,False,185.00000000000003,344.0587847598743,True,False
1974,304.52613336602207,False,False,185.00000000000094,304.3736444589542,True,False,185.000000000001,304.37375484509647,True,False
1975,533.6845286048849,False,False,185.00000000000009,533.6723129125005,True,False,185.00000000000009,533.6723146195193,True,False
1976,307.368103874827,False,False,185.00000000000003,307.22343699833397,True,False,185.0,307.2235376743047,True,False
1977,97.73422058038582,True,False,185.0,33.07910583949741,True,True,185.0,32.81921122980624,True,True
1978,301.1954996002945,False,False,185.00000000000014,301.0330527161002,True,False,185.00000000000006,301.03317609716674,True,False
1979,185.46142728194343,True,False,185.0,33.16675569765083,True,True,185.00000000000003,32.931797072474474,True,True
1980,300.2515537824118,False,False,185.0000000000001,300.0861157181583,True,False,185.00000000000006,300.08624313664205,True,False
1981,231.37283557799952,False,False,185.00000000000006,229.9502471889286,True,False,185.00000000000006,229.95673476162088,True,False
1982,315.7481022387882,False,False,185.0000000000003,315.6234349677595,True,False,185.0000000000003,315.6235125725741,True,False
1983,519.2306085716853,False,False,185.0,519.2170273167922,True,False,184.99999999999997,519.2170293921023,True,False
1984,277.26145117167727,False,False,185.00000000000134,276.9894950502957,True,False,185.00000000000136,276.9898043630335,True,False
1985,375.454111599948,False,False,185.0000000000013,375.4013712628187,True,False,185.00000000000128,375.40138916616195,True,False
1986,251.7496255787565,False,False,185.0000000000003,251.18146823239746,True,False,185.0000000000002,251.1826558045904,True,False
1987,444.1172329754853,False,False,185.00000000000003,444.0918422033114,True,False,185.0,444.0918476426589,True,False
1988,140.5381964004813,True,False,184.9999999999995,33.15973101018029,True,True,184.99999999999994,32.922520628330226,True,True
1989,492.2150020614255,False,False,185.0,492.19825801478544,True,False,185.0,492.19826082688434,True,False
1990,292.8430407468149,False,False,185.000000000004,292.6511243408442,True,False,185.00000000000404,292.6512901167523,True,False
1991,295.1022803731573,False,False,185.0000000000008,294.91904791611034,True,False,185.00000000000082,294.9192005718285,True,False
1992,405.8769641499618,False,False,185.00000000000003,405.8397415951463,True,False,185.00000000000003,405.8397516642876,True,False
1993,543.3062255751308,False,False,185.0,543.2948177656434,True,False,185.0,543.2948193067306,True,False
1994,422.2177901261306,False,False,185.00000000000003,422.1863884711101,True,False,185.0,422.1863961589103,True,False
1995,125.83819626180546,True,False,185.0,33.14975415684414,True,True,185.0,32.9097139608813,True,True
1996,274.0020323830412,False,False,185.0000000000002,273.7072580192628,True,False,185.00000000000009,273.7076157745124,True,False
1997,463.6166856097147,False,False,185.00000000000003,463.59539967062784,True,False,185.0,463.5954038240618,True,False
1998,234.2875082842143,False,False,185.00000000001376,233.08316734544533,True,False,185.00000000001387,233.08793684410261,True,False
1999,300.39332273064684,False,False,185.0000000000001,300.2283389129414,True,False,185.00000000000006,300.2284657095988,True,False
2000,190.1979552097291,True,False,184.99999999999997,33.16689882031591,True,True,185.0,32.93194837162832,True,True
2001,293.38431517076987,False,False,185.00000000000313,293.19453242852734,True,False,185.00000000000315,293.1946949345786,True,False
2002,175.74161079806206,True,False,184.99999999999983,33.16631888156928,True,True,185.0,32.93117145343173,True,True
2003,212.5615878776675,False,False,184.99999999996314,195.62233219008016,True,False,185.00000000002916,196.38781153202765,True,False
2004,158.55936654580017,True,False,185.0,33.164615049458405,True,True,185.0,32.92894701486615,True,True
2005,411.17124917268126,False,False,185.0000000000005,411.1360632828655,True,False,185.0000000000005,411.1360724712345,True,False
2006,294.0834001720803,False,False,185.00000000000207,293.89632296438117,True,False,185.00000000000213,293.8964813588685,True,False
2007,134.55612523740703,True,False,185.0,33.156638226897975,True,True,185.0,32.918598450045636,True,True
2008,408.4303822995803,False,False,185.00000000000003,408.3941616329595,True,False,185.0,408.39417124114095,True,False
2009,260.67869788656515,False,False,185.00000000000492,260.2535031624817,True,False,185.00000000000503,260.25420020355966,True,False
2010,369.0441440376768,False,False,185.0,368.9870309707847,True,False,185.0,368.9870514725819,True,False
2011,164.96060815973493,True,False,185.0,33.165447541234116,True,True,184.99999999999997,32.93005785857986,True,True
2012,140.84789125663653,True,False,185.00000000000097,33.159864838273734,True,True,185.00000000000202,32.92273118782226,True,True
2013,462.9921114741563,False,False,185.0,462.97070860507813,True,False,185.0,462.9707127875015,True,False
2014,157.39939434068827,True,False,185.0,33.16443072207807,True,True,185.0,32.928738359172215,True,True
2015,175.1223609859954,True,False,184.99999999999517,33.16628244462176,True,True,184.99999999999895,32.93112065211326,True,True
2016,219.60335860923715,False,False,185.00000000002785,215.83423233722462,True,False,185.00000000002754,215.87343531871147,True,False
2017,435.69932892634256,False,False,185.00000000000006,435.6718305238519,True,False,185.00000000000003,435.6718366861634,True,False
2018,263.2973189602983,False,False,185.00000000000003,262.903799342224,True,False,185.0,262.904404355955,True,False
2019,231.23408281351908,False,False,185.00000000000003,229.79950917731503,True,False,185.0,229.80609794518256,True,False
2020,243.81987326391604,False,False,185.0000000000002,243.05164259200225,True,False,185.00000000000014,243.0537169625802,True,False
2021,116.09296644719932,True,False,185.0000000000055,33.136667770911195,True,True,184.99999999999721,32.89314087784041,True,True
2022,84.32693437336536,True,False,185.0,32.973044969209454,True,True,185.00000000000003,32.69407992397905,True,True
2023,122.48501918177566,True,False,185.0,33.14605079271343,True,True,185.0,32.904932140767734,True,True
2024,276.6429069699769,False,False,185.00000000000256,276.3668249688825,True,False,185.00000000000261,276.36714280888486,True,False
2025,318.5974337638576,False,False,185.00000000000006,318.47867501026053,True,False,185.00000000000003,318.4787463858769,True,False
2026,207.96315889721956,True,False,185.0,33.167278989269384,True,True,185.0,32.932493411147526,True,True
2027,293.7352283265202,False,False,185.00000000000261,293.5468106481816,True,False,185.00000000000261,293.5469710745572,True,False
2028,220.6535085181608,False,False,185.00000000000654,217.31412795730196,True,False,185.0000000000064,217.34537552606218,True,False
2029,394.73854463016994,False,False,185.00000000000048,394.69647676686276,True,False,185.00000000000048,394.69648908873734,True,False
2030,288.5764082396493,False,False,185.00000000000003,288.3663925054137,True,False,185.00000000000003,288.3665871284736,True,False
2031,293.6207828611886,False,False,185.00000000000279,293.4319215441404,True,False,185.0000000000028,293.4320826418021,True,False
2032,399.0209569208068,False,False,185.0,398.9808489527111,True,False,185.0,398.980860345667,True,False
2033,254.89415189771088,False,False,185.0000000000009,254.383727833012,True,False,185.00000000000097,254.38470265610738,True,False
2034,253.51730016825027,False,False,185.00000000000617,252.98275667170162,True,False,185.00000000000622,252.98381801025204,True,False
2035,400.2146843726203,False,False,185.0,400.175100330593,True,False,185.0,400.17511148505395,True,False
2036,299.40280162428144,False,False,185.00000000000009,299.23460618806774,True,False,185.00000000000006,299.2347373982002,True,False
2037,148.7069096369591,True,False,184.99999999999744,33.16256234239725,True,True,184.9999999999995,32.92621530638458,True,True
2038,144.2838129293944,True,False,184.99999999999542,33.161193385401816,True,True,184.99999999999898,32.92442700475686,True,True
2039,337.586825123749,False,False,185.00000000000074,337.49894101746077,True,False,185.00000000000077,337.49898346398527,True,False
2040,291.01309982521923,False,False,185.00000000000014,290.8137080975782,True,False,185.00000000000006,290.8138854713565,True,False
2041,496.9993248881341,False,False,185.00000000000034,496.983208742664,True,False,185.0000000000003,496.98321133038417,True,False
2042,331.1560266841132,False,False,185.00000000000003,331.0591030890458,True,False,185.00000000000003,331.0591533333577,True,False
2043,389.0858891173253,False,False,185.0,389.04102729418355,True,False,185.0,389.04104097833215,True,False
2044,303.4043943233366,False,False,185.0000000000022,303.2486514507674,True,False,185.00000000000216,303.24876603551513,True,False
2045,88.25502344807218,True,False,185.0,33.013565614669375,True,True,185.0,32.74066278218204,True,True
2046,152.7905133887063,True,False,185.0,33.16355325728102,True,True,185.0,32.927555911749096,True,True
2047,175.8744248316435,True,False,184.99999999999994,33.16632668626263,True,True,184.99999999999997,32.931186060848184,True,True
2048,378.4979969893799,False,False,185.00000000000057,378.4471721110179,True,False,185.0000000000006,378.44718896308984,True,False
2049,283.9063539977426,False,False,185.0000000000046,283.6735522272537,True,False,185.00000000000466,283.6737861824538,True,False
2050,165.21017685366792,True,False,185.0,33.16547507998905,True,True,185.0,32.93008471341295,True,True
2051,158.09551899915763,True,False,185.0,33.16454071696671,True,True,185.0,32.9288737912026,True,True
2052,341.9042509392463,False,False,185.0,341.82178593361573,True,False,185.0,341.82182405257146,True,False
2053,252.51328926705477,False,False,185.000000000011,251.9600403568309,True,False,185.00000000001108,251.96117113243847,True,False
2054,377.35824725601225,False,False,185.00000000000082,377.30671655347464,True,False,185.00000000000085,377.3067337980685,True,False
2055,369.39489329756753,False,False,185.00000000000003,369.3380322090723,True,False,185.0,369.33805257100295,True,False
2056,146.5689143514363,True,False,185.0,33.161943051535886,True,True,185.0,32.925417433082515,True,True
2057,94.690976360642,True,False,185.0,33.06199680356074,True,True,185.0,32.79801119870434,True,True
2058,265.83197651557936,False,False,185.00000000000023,265.46586227736077,True,False,185.00000000000017,265.46639257583143,True,False
2059,272.32190589389256,False,False,185.00000000000009,272.01425304995377,True,False,185.00000000000009,272.01463965006,True,False
2060,277.9700016908285,False,False,185.00000000000034,277.7026615536617,True,False,185.0000000000004,277.70296147902087,True,False
2061,335.5154274340077,False,False,185.00000000000188,335.424765533283,True,False,185.00000000000188,335.42481031693234,True,False
2062,312.9747148124463,False,False,185.00000000000253,312.84388866655905,True,False,185.00000000000256,312.8439730980376,True,False
2063,216.33976013891865,False,False,185.00000000000085,210.28518628775058,True,False,185.00000000000054,210.38362619926258,True,False
2064,136.2876449504091,True,False,185.0,33.157645599989806,True,True,185.0,32.919850546975546,True,True
2065,236.3265588772347,False,False,185.0000000000001,235.2443632988023,True,False,185.00000000000014,235.24827646805016,True,False
2066,287.7494308736272,False,False,185.0,287.5356230485122,True,False,185.00000000000003,287.53582396160675,True,False
2067,122.91699603823956,True,False,185.0,33.14656852643597,True,True,185.0,32.905576693548234,True,True
2068,261.5412939005838,False,False,185.00000000000205,261.1269440144709,True,False,185.00000000000207,261.1276088395426,True,False
2069,193.09265076940176,True,False,185.0,33.166969249819275,True,True,185.0,32.932111078320126,True,True
2070,209.33082887963351,True,False,185.0,33.16737292192557,True,True,185.0,32.93263263007003,True,True
2071,318.4631687729928,False,False,185.0,318.3441405868715,True,False,185.00000000000003,318.3442122387924,True,False
2072,187.2199367597544,True,False,185.0,33.166815001163144,True,True,185.00000000000122,32.931850100343645,True,True
2073,205.64776826486644,True,False,185.0,33.167207869259734,True,True,185.0,32.932380266298985,True,True
2074,277.4591885159934,False,False,185.000000000001,277.1885322806843,True,False,185.00000000000105,277.18883893571086,True,False
2075,351.78540414238694,False,False,185.00000000000023,351.713705657986,True,False,185.00000000000023,351.71373567344233,True,False
2076,51.75920187423721,True,False,185.0,31.435641358216646,True,True,185.0,31.10510842992953,True,True
2077,211.68220300062677,False,False,185.0000000000243,182.07365191690852,True,False,185.00000000000088,184.52882678212958,True,False
2078,205.70233830324085,True,False,185.0,33.16720912219569,True,True,185.0,32.932382517993354,True,True
2079,385.85101650456966,False,False,185.00000000000003,385.80443991101674,True,False,185.00000000000003,385.8044545464793,True,False
2080,401.2371839577861,False,False,185.0,401.1980412473418,True,False,185.0,401.19805222171016,True,False
2081,283.67686173351325,False,False,185.0000000000051,283.4428491019893,True,False,185.00000000000512,283.4430852287585,True,False
2082,364.9203015607937,False,False,185.00000000000037,364.8601065079028,True,False,185.00000000000037,364.86012885676587,True,False
2083,248.1410447032932,False,False,185.0000000000011,247.49330350692384,True,False,185.00000000000114,247.49481634909887,True,False
2084,282.4830660103976,False,False,185.00000000000017,282.2426042353767,True,False,185.0000000000001,282.2428521159359,True,False
2085,227.1970347006344,False,False,185.00000000000037,225.32343854665487,True,False,185.00000000000028,225.33421034601582,True,False
2086,239.29222881643184,False,False,185.00000000000043,238.355202551611,True,False,185.00000000000023,238.35819945818244,True,False
2087,282.85479990568,False,False,185.00000000000014,282.61637379142843,True,False,185.00000000000009,282.6166179328488,True,False
2088,154.16333374990464,True,False,185.00000000000006,33.163839431513956,True,True,185.00000000000054,32.92792356992657,True,True
2089,164.59643587577668,True,False,185.0,33.16540783935334,True,True,185.0,32.93002494330206,True,True
2090,82.71236302535277,True,False,184.99999999999997,32.953256024515326,True,True,185.0,32.67150536013573,True,True
2091,289.33590997632973,False,False,185.00000000000006,289.12929176501893,True,False,185.00000000000006,289.12948080893653,True,False
2092,407.6920198173543,False,False,185.00000000000003,407.6555132809654,True,False,185.0,407.65552301196146,True,False
2093,406.87306600633366,False,False,185.00000000000003,406.8362387651095,True,False,185.0,406.83624864309,True,False
2094,113.82443713878833,True,False,184.99999999999997,33.13241426121183,True,True,185.0,32.887828622689966,True,True
2095,250.79806921726225,False,False,185.00000000000023,250.2104545108546,True,False,185.00000000000014,250.21171822223894,True,False
2096,98.26000054071528,True,False,185.0,33.08175826823003,True,True,185.0,32.82258645234728,True,True
2097,164.53611951050544,True,False,185.0,33.165401346460825,True,True,185.0,32.93001875566012,True,True
2098,302.13182792332225,False,False,185.00000000000375,301.9722721993052,True,False,185.00000000000375,301.97239176838934,True,False
2099,228.6064223599568,False,False,185.00000000001944,226.90894244563896,True,False,185.00000000001947,226.9179262027589,True,False
2100,93.80589045129192,True,False,185.0000000000004,33.05640532310404,True,True,185.00000000000023,32.79121207930227,True,True
2101,333.7400240462382,False,False,185.00000000000006,333.6468825358807,True,False,185.00000000000003,333.646929408554,True,False
2102,311.4926115310208,False,False,185.00000000000009,311.35831608726517,True,False,185.00000000000006,311.358404432489,True,False
2103,175.985861185821,True,False,184.99999999999997,33.16633320433851,True,True,185.0,32.93119908998764,True,True
2104,307.2681581378536,False,False,185.0,307.1232259884873,True,False,184.99999999999997,307.1233269845523,True,False
2105,264.9828660623658,False,False,185.00000000000014,264.60789797174306,True,False,185.0000000000001,264.6084519190592,True,False
2106,153.97716791711755,True,False,184.99999999999997,33.16380169390036,True,True,185.0,32.92785637914684,True,True
2107,220.65972808193263,False,False,185.00000000000645,217.32263238040284,True,False,185.0000000000063,217.35384011485908,True,False
2108,166.05432692803956,True,False,185.00000000000486,33.16556401801575,True,True,184.99999999999747,32.93017802890082,True,True
2109,24.20856805391822,True,True,185.00000000000014,16.618395710991365,True,True,185.00000000000006,16.552426492927417,True,True
2110,150.58220352828906,True,False,185.0,33.16304649686445,True,True,185.0,32.92686173510914,True,True
2111,247.31558992736265,False,False,185.00000000000455,246.6472157674952,True,False,185.00000000000466,246.64881890778827,True,False
2112,276.9968095684196,False,False,185.00000000000182,276.7230993614842,True,False,185.00000000000185,276.72341228570053,True,False
2113,298.98228753406374,False,False,185.00000000000009,298.81270150225834,True,False,185.00000000000006,298.81283465404124,True,False
2114,133.23653801840842,True,False,185.0,33.15580680622526,True,True,185.0,32.91744922959175,True,True
2115,172.6363968199939,True,False,185.0,33.16612005675037,True,True,185.0,32.93097314081852,True,True
2116,299.9683864354513,False,False,185.0000000000001,299.80203568487855,True,False,185.00000000000009,299.80216434636736,True,False
2117,272.4567675178803,False,False,185.0000000000001,272.1501787794567,True,False,185.00000000000009,272.15056294398795,True,False
2118,329.39065393262985,False,False,185.0,329.29102144261816,True,False,185.0,329.2910741222259,True,False
2119,381.9175307942897,False,False,185.00000000000006,381.8687452551528,True,False,185.00000000000003,381.86876099757126,True,False
2120,281.13729061842974,False,False,185.0000000000001,280.8892432424036,True,False,185.00000000000009,280.8895053582488,True,False
2121,209.0953796327501,True,False,185.0,33.1673493593086,True,True,185.0,32.9325977900653,True,True
2122,173.40260591879283,True,False,185.0,33.166171320874376,True,True,185.0,32.9310154171913,True,True
2123,314.9197449786293,False,False,185.00000000000077,314.79328198260663,True,False,185.0000000000008,314.79336154025935,True,False
2124,303.1970898321902,False,False,185.0000000000024,303.04073476975503,True,False,185.00000000000244,303.04085014811744,True,False
2125,393.6739455247677,False,False,185.00000000000063,393.631370086897,True,False,185.00000000000065,393.6313826532731,True,False
2126,432.46487907195007,False,False,185.00000000000023,432.4365073532352,True,False,185.00000000000023,432.43651383167327,True,False
2127,237.86461727639943,False,False,185.00000000000023,236.86188225387488,True,False,185.00000000000017,236.86528007216157,True,False
2128,365.3787848621731,False,False,185.00000000000028,365.3189436741788,True,False,185.00000000000026,365.31896580388457,True,False
2129,101.10006778300531,True,False,185.0,33.09474685598777,True,True,184.99999999999295,32.83914120676525,True,True
2130,328.96287976327665,False,False,185.0,328.86257490043107,True,False,185.0,328.862628182916,True,False
2131,166.89093229041896,True,False,185.0,33.16564617658904,True,True,185.0,32.9302937347831,True,True
2132,158.7436544923494,True,False,185.0,33.16464438258812,True,True,185.0,32.92898122871554,True,True
2133,352.682557334811,False,False,185.00000000000003,352.61173748481013,True,False,185.00000000000006,352.61176688726516,True,False
2134,181.5995230988208,True,False,185.0,33.166610589779715,True,True,185.0,32.931571775681974,True,True
2135,360.2592608578134,False,False,185.00000000000006,360.1952980896699,True,False,185.00000000000006,360.1953228262657,True,False
2136,312.9017034361722,False,False,185.0000000000026,312.77070937944836,True,False,185.00000000000264,312.7707939981863,True,False
2137,525.243013872128,False,False,185.0,525.2300245424983,True,False,185.0,525.2300263804095,True,False
2138,138.4272443171646,True,False,184.99999999999997,33.15876008275153,True,True,185.0,32.92124530656917,True,True
2139,93.50301344273603,True,False,185.0,33.054420991041965,True,True,185.00000000000003,32.788825510207865,True,True
2140,269.6631068087536,False,False,185.00000000000068,269.3333083079062,True,False,185.0000000000007,269.3337468188388,True,False
2141,261.8271438935463,False,False,185.0000000000013,261.4162960997035,True,False,185.00000000000136,261.416950677619,True,False
2142,243.54690482142385,False,False,185.0000000000001,242.76990581472586,True,False,185.0000000000001,242.77202425813545,True,False
2143,214.32137898567436,False,False,185.00000000000097,205.01929645167525,True,False,185.00000000000063,205.25497063595932,True,False
2144,418.9343543564556,False,False,185.0,418.9018885530917,True,False,185.0,418.90189663195406,True,False
2145,407.1264153896829,False,False,185.00000000000003,407.08968777254444,True,False,185.0,407.08969760280604,True,False
2146,407.416778404003,False,False,185.0,407.38016451136275,True,False,185.0,407.38017428936985,True,False
2147,166.3921493569044,True,False,184.99999999999812,33.165597193853564,True,True,184.9999999999997,32.930211450211495,True,True
2148,256.4863080681401,False,False,185.00000000000006,256.0017631268419,True,False,185.00000000000006,256.0026490287762,True,False
2149,79.5464802833212,True,False,185.0,32.907961965617176,True,True,185.00000000000003,32.61980436787761,True,True
2150,514.333436431971,False,False,185.0,514.3193457835488,True,False,185.0,514.3193479590868,True,False
2151,223.40831628012995,False,False,185.00000000000065,220.86728030412962,True,False,185.00000000000043,220.88613421490595,True,False
2152,464.841828403002,False,False,185.0,464.8207693315158,True,False,185.0,464.82077340973404,True,False
2153,77.12631340693582,True,False,185.0,32.86643718124462,True,True,184.99999999999997,32.5723581675942,True,True
2154,311.7278753747042,False,False,185.0000000000037,311.5941392843288,True,False,185.0000000000037,311.5942269994298,True,False
2155,212.39309536089544,False,False,185.00000000000054,193.99880940896676,True,False,185.00000000000082,194.8982843580657,True,False
2156,149.51238931660438,True,False,185.0,33.162777229373155,True,True,185.0,32.926568745519624,True,True
2157,408.4456254358407,False,False,185.00000000000003,408.40941063848635,True,False,185.0,408.4094202441856,True,False
2158,314.7552585320672,False,False,185.0000000000009,314.62843460331686,True,False,185.00000000000094,314.6285145602603,True,False
2159,348.17903525501185,False,False,185.00000000000153,348.1036475485291,True,False,185.00000000000156,348.10368023967004,True,False
2160,317.962192105563,False,False,185.0,317.84215094038285,True,False,185.0,317.8422236394593,True,False
2161,287.13285567099814,False,False,185.00000000000003,286.9161556443422,True,False,185.00000000000003,286.9163614277814,True,False
2162,259.6935606201285,False,False,185.00000000000878,259.2554488630059,True,False,185.00000000000884,259.2561851996546,True,False
2163,212.4310482205149,False,False,185.00000000000088,194.3869218575356,True,False,185.00000000000085,195.252958048812,True,False
2164,304.3949286507623,False,False,185.00000000000108,304.2420641826498,True,False,185.0000000000011,304.24217504735844,True,False
2165,216.26063453098007,False,False,185.00000000000085,210.11984855528087,True,False,185.00000000000054,210.22112081984181,True,False
2166,379.3341723902631,False,False,185.00000000000043,379.2838568941748,True,False,185.00000000000043,379.28387346011533,True,False
2167,395.9428339904676,False,False,185.00000000000028,395.9013303465019,True,False,185.0000000000003,395.9013423914763,True,False
2168,306.3375233004211,False,False,185.00000000000003,306.1900874783127,True,False,185.00000000000003,306.1901915375477,True,False
2169,252.91744806707143,False,False,185.00000000000907,252.3718477007851,True,False,185.00000000000915,252.37294985488023,True,False
2170,426.9217968892133,False,False,185.0,426.89183839430575,True,False,185.0,426.89184543608684,True,False
2171,546.1282775393961,False,False,185.00000000000003,546.1170929408366,True,False,185.0,546.1170944668962,True,False
2172,102.99060188005906,True,False,185.0,33.10225419910242,True,True,184.99999999999997,32.84895378776149,True,True
2173,257.6900912988733,False,False,185.00000000000017,257.22381189473987,True,False,185.00000000000014,257.22463738688805,True,False
2174,296.551450385531,False,False,184.99999999999997,296.37349334773626,True,False,185.0,296.37363832447716,True,False
2175,267.73856815505474,False,False,185.00000000000566,267.3912321028777,True,False,185.0000000000057,267.39171396911644,True,False
2176,367.50348977741606,False,False,185.0,367.44525141524645,True,False,184.99999999999997,367.44527257158666,True,False
2177,187.29826706365031,True,False,185.0,33.16681748050599,True,True,185.0000000000025,32.931852654488644,True,True
2178,259.5035688497667,False,False,185.0000000000095,259.06289790012073,True,False,185.00000000000958,259.0636421291309,True,False
2179,242.87904267329503,False,False,185.00000000000003,242.07991449505283,True,False,185.00000000000003,242.08214600744424,True,False
2180,295.80988270301486,False,False,185.00000000000023,295.62925382067795,True,False,185.00000000000023,295.6294026641893,True,False
2181,255.42867534945248,False,False,185.00000000000009,254.92716948144195,True,False,185.0000000000001,254.92811320989676,True,False
2182,122.3441333878536,True,False,185.0,33.14587725513657,True,True,185.0,32.904725872254986,True,True
2183,385.1050518795543,False,False,185.0,385.0580671055959,True,False,185.0,385.0580819438707,True,False
2184,224.70843500007464,False,False,185.0000000000087,222.4369022912992,True,False,185.00000000000873,222.45224557704483,True,False
2185,83.88444800274844,True,False,185.0,32.96782135094634,True,True,185.0,32.688082988725945,True,True
2186,247.5457136328207,False,False,185.0000000000034,246.8831931304865,True,False,185.00000000000347,246.8847703957281,True,False
2187,325.6712257794699,False,False,185.00000000000088,325.56552711365833,True,False,185.0000000000009,325.56558540665344,True,False
2188,394.0017335762977,False,False,185.00000000000057,393.9593153100535,True,False,185.00000000000057,393.95932780246267,True,False
2189,334.11682144751575,False,False,185.00000000000006,334.02421406162665,True,False,185.00000000000003,334.0242604807495,True,False
2190,401.8297988101117,False,False,185.0,401.79090879839634,True,False,185.0,401.79091967232705,True,False
2191,203.9356330095328,True,False,185.0,33.16717301056962,True,True,185.0,32.93231438648813,True,True
2192,320.5399578164677,False,False,185.00000000000006,320.42500266186136,True,False,185.00000000000003,320.42507006951365,True,False
2193,70.67619818643053,True,False,185.0,32.715909212888484,True,True,185.0,32.402585126173484,True,True
2194,358.20944911383265,False,False,185.00000000000006,358.14372556169246,True,False,185.00000000000003,358.1437514737825,True,False
2195,361.5127047092677,False,False,185.00000000000136,361.44978653310545,True,False,185.0000000000014,361.4498106120493,True,False
2196,101.09282505044646,True,False,184.99999999999997,33.094716464879255,True,True,185.0000000000065,32.8391031773282,True,True
2197,352.3567161851701,False,False,185.00000000000009,352.2855789609078,True,False,185.00000000000014,352.28560858429626,True,False
2198,174.27410971590953,True,False,185.0,33.16623036065953,True,True,185.0000000000005,32.93107460438273,True,True
2199,277.19359690565364,False,False,185.00000000000142,276.92119261198786,True,False,185.00000000000148,276.92150284539866,True,False
2200,352.9465638279256,False,False,185.00000000000003,352.8759996822374,True,False,185.00000000000003,352.8760289071289,True,False
2201,263.0332357954806,False,False,185.0,262.6366853992686,True,False,185.0,262.63729895268415,True,False
2202,207.95958776735293,True,False,185.0,33.16727883098486,True,True,185.0,32.93249317303327,True,True
2203,545.3602646197753,False,False,185.0,545.3490198641913,True,False,185.0,545.3490213901016,True,False
2204,176.88315275048464,True,False,184.9999999999958,33.16638460001454,True,True,184.99999999999667,32.93131141114707,True,True
2205,282.53581383625226,False,False,185.00000000000014,282.295642453788,True,False,185.0000000000001,282.2958897986107,True,False
2206,112.13479872834849,True,False,185.0,33.12886780498052,True,True,185.0,32.88331229804514,True,True
2207,210.44088844704663,False,False,185.0,33.167675532942816,True,True,185.0,32.93307437525438,True,True
2208,350.2654028367841,False,False,185.00000000000065,350.1921807540059,True,False,185.00000000000068,350.19221186165726,True,False
2209,243.1904213602144,False,False,185.00000000000006,242.4017322759348,True,False,185.00000000000009,242.403910106556,True,False
2210,334.90521051764165,False,False,185.00000000000225,334.8137069006896,True,False,185.00000000000225,334.8137523923572,True,False
2211,268.2209461056313,False,False,185.00000000000415,267.87813365302264,True,False,185.00000000000423,267.8786041458932,True,False
2212,311.90984214141287,False,False,185.00000000000355,311.77653642192644,True,False,185.00000000000355,311.7766236483298,True,False
2213,435.90686812792944,False,False,185.00000000000006,435.8794245021322,True,False,185.00000000000003,435.8794306445187,True,False
2214,305.31395571903374,False,False,185.00000000000034,305.1636944216929,True,False,185.00000000000037,305.16380199345787,True,False
2215,161.85954338956995,True,False,185.00000000000003,33.1650818354278,True,True,185.0,32.929556404647236,True,True
2216,209.15603225357623,True,False,185.0,33.16735495349161,True,True,185.0,32.93260607509846,True,True
2217,268.72828918485715,False,False,185.00000000000273,268.390140580226,True,False,185.0000000000028,268.3905994794141,True,False
2218,175.0537500889699,True,False,184.99999999999386,33.16627840358187,True,True,184.99999999999855,32.931117355959735,True,True
2219,211.648656060537,False,False,184.99999999998778,181.0870439513809,True,False,185.0000000000002,183.71830277901574,True,False
2220,206.8039206645503,True,False,185.0,33.1672376147442,True,True,185.0,32.932429838446225,True,True
2221,99.85830305075268,True,False,184.9999999999991,33.089335458601475,True,True,184.99999999999977,32.83216860758451,True,True
2222,335.4297855996023,False,False,185.0000000000019,335.3390062222307,True,False,185.00000000000193,335.33905110294637,True,False
2223,199.5933492567039,True,False,185.0,33.167098788563045,True,True,185.0,32.93218689820866,True,True
2224,461.6723900211317,False,False,185.0,461.6507372012531,True,False,185.0,461.65074143399016,True,False
2225,257.90500517443104,False,False,185.0000000000002,257.4418766872554,True,False,185.00000000000014,257.44269195436686,True,False
2226,329.2522034295065,False,False,184.99999999999997,329.152354018796,True,False,185.0,329.15240689086784,True,False
2227,233.89670066974963,False,False,185.00000000001734,232.66638867319404,True,False,185.00000000001742,232.67135006632734,True,False
2228,250.99479294749295,False,False,185.00000000000026,250.41128408384387,True,False,185.00000000000014,250.41253153247328,True,False
2229,76.74437671662226,True,False,185.0,32.85925216695499,True,True,185.0,32.564200371276584,True,True
2230,502.53321915478,False,False,185.00000000000014,502.5177901624972,True,False,185.00000000000014,502.5177926178414,True,False
2231,268.23913277663326,False,False,185.0000000000041,267.8964891563304,True,False,185.00000000000418,267.89695922805635,True,False
2232,248.66628509671224,False,False,185.0000000000001,248.03116291192953,True,False,185.00000000000009,248.03262174175063,True,False
2233,304.6034031376561,False,False,185.00000000000088,304.45113479196823,True,False,185.0000000000009,304.4512448975027,True,False
2234,201.0594727292787,True,False,185.0,33.16712362508381,True,True,185.0,32.9322194235025,True,True
2235,269.80955780034685,False,False,185.0000000000005,269.4810396722417,True,False,185.0000000000005,269.4814750985079,True,False
2236,483.982536488523,False,False,185.0,483.96463195085647,True,False,185.0,483.9646350619758,True,False
2237,139.9868685008579,True,False,185.0,33.159488827977874,True,True,185.0,32.922232840390144,True,True
2238,91.50806656908478,True,False,184.99999999999915,33.04041029706818,True,True,184.99999999999957,32.77203369513887,True,True
2239,365.4260210893288,False,False,185.00000000000026,365.36621619513903,True,False,185.00000000000026,365.36623830232395,True,False
2240,414.2539254579628,False,False,185.00000000000017,414.2198557176087,True,False,185.0000000000002,414.21986443419263,True,False
2241,192.53764924340908,True,False,185.0,33.166957289529925,True,True,185.0,32.93208331328396,True,True
2242,490.5340799400804,False,False,185.0,490.517107396061,True,False,185.00000000000003,490.5171103046542,True,False
2243,126.65626720728864,True,False,185.0,33.15055806477115,True,True,185.0,32.91067301223804,True,True
2244,92.51752172986949,True,False,185.0000000000015,33.047712822258816,True,True,184.99999999999406,32.780743422363294,True,True
2245,285.89790079046765,False,False,185.00000000000102,285.6752346976498,True,False,185.00000000000108,285.6754506953983,True,False
2246,381.67180988093287,False,False,185.00000000000006,381.6228816003939,True,False,185.00000000000006,381.62289741864817,True,False
2247,542.7456548499821,False,False,185.0,542.734201986539,True,False,185.00000000000003,542.734203536791,True,False
2248,428.9166742126076,False,False,185.0000000000005,428.88730038424455,True,False,185.00000000000054,428.8873072164368,True,False
2249,142.06985707610357,True,False,185.0,33.16036803302823,True,True,185.00000000000003,32.92333826517327,True,True
2250,516.8387289566231,False,False,185.0,516.8249020586785,True,False,185.00000000000003,516.8249042064231,True,False
2251,304.3841627661937,False,False,185.00000000000108,304.2312674231589,True,False,185.0000000000011,304.23137832728384,True,False
2252,99.69943330458126,True,False,185.0,33.08861519875401,True,True,185.0,32.83127207670942,True,True
2253,194.1099466104016,True,False,185.0,33.16698981426755,True,True,185.0,32.93215544588386,True,True
2254,249.43102676279852,False,False,185.00000000000003,248.81360830507847,True,False,185.00000000000003,248.81499291375738,True,False
2255,141.5958540976746,True,False,184.99999999999997,33.16017255104827,True,True,185.0,32.92318401985554,True,True
2256,39.10726331224178,True,True,185.00000000000148,27.900716623791077,True,True,185.00000000000017,27.7016118909599,True,True
2257,307.0359023178198,False,False,185.0,306.89035104035116,True,False,185.0,306.8904527900272,True,False
2258,225.687498682535,False,False,185.00000000000026,223.58827976551842,True,False,185.00000000000026,223.60155373753972,True,False
2259,317.39136114323657,False,False,185.0,317.27015083348005,True,False,185.0,317.2702247502438,True,False
2260,368.2784135881103,False,False,185.0,368.2207450284689,True,False,185.0,368.2207658453088,True,False
2261,561.048117182537,False,False,185.00000000000014,561.038019840203,True,False,185.00000000000014,561.0380210595904,True,False
2262,430.5093201962976,False,False,185.0000000000004,430.4804020360417,True,False,185.00000000000043,430.4804087123096,True,False
2263,142.20905753706393,True,False,184.99999999999997,33.160422664534906,True,True,185.0,32.92341000886957,True,True
2264,419.2639932993425,False,False,185.0,419.23163653386024,True,False,185.0,419.2316445763839,True,False
2265,359.1280986266838,False,False,185.00000000000006,359.0631724112757,True,False,185.00000000000003,359.0631977773104,True,False
2266,255.41617042900955,False,False,185.00000000000009,254.91445864538392,True,False,185.0000000000001,254.91540308687587,True,False
2267,199.4929205256549,True,False,185.0,33.167096990322946,True,True,185.00000000000003,32.93218551254002,True,True
2268,224.52572796329093,False,False,185.0000000000112,222.21935249333157,True,False,185.00000000001125,222.23513086695596,True,False
2269,334.51602806874746,False,False,185.00000000000244,334.42398190130353,True,False,185.00000000000244,334.424027844697,True,False
2270,119.79657319218474,True,False,185.0,33.14251870991592,True,True,185.0,32.90053397080333,True,True
2271,187.4827720864663,True,False,185.0,33.16682323189047,True,True,185.00000000000523,32.93185816200602,True,True
2272,201.7536311514456,True,False,185.0,33.167135084516616,True,True,185.0,32.93223965395229,True,True
2273,327.5373937452968,False,False,185.00000000000009,327.4348017069193,True,False,185.00000000000009,327.4348570796776,True,False
2274,304.1631032151082,False,False,185.00000000000134,304.0095719336078,True,False,185.00000000000136,304.00968365332346,True,False
2275,330.28110476287617,False,False,185.00000000000003,330.1828517234469,True,False,185.00000000000003,330.1829031760979,True,False
2276,492.1188945562263,False,False,185.0,492.1021375581612,True,False,185.0,492.1021403754003,True,False
2277,369.77638381415625,False,False,185.0,369.7197950483969,True,False,184.99999999999997,369.7198152567917,True,False
2278,229.2677228406688,False,False,185.00000000001165,227.6435526981331,True,False,185.00000000001177,227.65183527007915,True,False
2279,268.529513072691,False,False,185.00000000000327,268.18954848239173,True,False,185.00000000000333,268.1900118666505,True,False
2280,115.8807872695246,True,False,185.0,33.13629242389102,True,True,185.0,32.89269241815625,True,True
2281,290.862591712957,False,False,185.0000000000001,290.66256654546044,True,False,185.00000000000006,290.662744925615,True,False
2282,413.5736487419401,False,False,185.00000000000026,413.5393369032463,True,False,185.00000000000026,413.5393457216003,True,False
2283,304.07171964752314,False,False,185.0000000000014,303.9179243725745,True,False,185.00000000000142,303.91803643297175,True,False
2284,400.09330922493615,False,False,185.0,400.0536723420486,True,False,185.0,400.05368351892315,True,False
2285,259.8249343164534,False,False,185.00000000000827,259.388579065901,True,False,185.00000000000836,259.38931001172324,True,False
2286,311.47778555119146,False,False,185.00000000000009,311.34345474661967,True,False,185.00000000000003,311.34354313203823,True,False
2287,167.88809531056737,True,False,185.0,33.165739890844776,True,True,185.0,32.93048370874382,True,True
2288,357.14116795446944,False,False,185.00000000000006,357.0744999808689,True,False,185.0,357.07452655869787,True,False
2289,388.1760653432997,False,False,185.0,388.13073014315927,True,False,185.00000000000003,388.13074408763794,True,False
2290,116.67179332553094,True,False,185.00000000000003,33.137663206768025,True,True,185.0,32.8944830779858,True,True
2291,236.3273325926989,False,False,185.0000000000001,235.24517950879536,True,False,185.0000000000001,235.24909239361742,True,False
2292,41.17519730861222,True,True,185.0,28.80640701741029,True,True,185.0,28.57954974883382,True,True
2293,177.35440530221206,True,False,185.0,33.16640942354607,True,True,185.0,32.9313655905205,True,True
2294,189.6953714574653,True,False,184.9999999999998,33.16688530325383,True,True,184.99999999999997,32.931921465109774,True,True
2295,323.1236376578983,False,False,185.0000000000027,323.0134801108116,True,False,185.00000000000273,323.01354273050816,True,False
2296,121.58207087614934,True,False,185.0,33.14492389828964,True,True,185.0,32.90348716217373,True,True
2297,291.7647729841819,False,False,185.0000000000001,291.568501835444,True,False,185.00000000000009,291.5686743100078,True,False
2298,241.36656738517388,False,False,185.00000000000324,240.51348878372272,True,False,185.00000000000333,240.51600733806316,True,False
2299,531.1826584035408,False,False,185.00000000000014,531.1702200478777,True,False,185.00000000000014,531.1702217827852,True,False
2300,180.655353002208,True,False,185.0,33.16657101132013,True,True,185.0,32.93149028708673,True,True
2301,375.5966309045035,False,False,185.00000000000128,375.543982452523,True,False,185.00000000000125,375.5440003050983,True,False
2302,317.2234368173821,False,False,185.0,317.1018795085533,True,False,184.99999999999997,317.1019537899398,True,False
2303,179.28272344977955,True,False,185.0,33.16650473612536,True,True,185.0,32.9314618321523,True,True
2304,184.06315790612405,True,False,185.0,33.16670865639086,True,True,185.0,32.931754336294325,True,True
2305,550.9669849268372,False,False,185.0,550.9561695407432,True,False,184.99999999999997,550.9561710369512,True,False
2306,311.5898597038157,False,False,185.00000000000009,311.45579587521394,True,False,185.00000000000006,311.4558839583974,True,False
2307,259.7465197692576,False,False,185.0000000000086,259.30911737402187,True,False,185.00000000000864,259.30985153087096,True,False
2308,334.7974676590219,False,False,185.00000000000227,334.70581428943626,True,False,185.00000000000227,334.70585990696014,True,False
2309,433.5070182124251,False,False,185.00000000000017,433.47893195979896,True,False,185.00000000000017,433.4789383314955,True,False
2310,284.82368940139844,False,False,185.00000000000284,284.5956378225358,True,False,185.00000000000287,284.59586327562926,True,False
2311,153.06241401899942,True,False,185.0,33.16361294967033,True,True,185.0,32.92762380938227,True,True
2312,259.9733259025007,False,False,185.0000000000077,259.5389419407081,True,False,185.00000000000773,259.5396668466199,True,False
2313,339.79827514339104,False,False,185.00000000000006,339.7132269785879,True,False,185.00000000000003,339.71326711685305,True,False
2314,194.48157453315,True,False,185.0,33.16699718224798,True,True,185.0,32.93216782470132,True,True
2315,324.1897359119765,False,False,185.00000000000193,324.08147590115175,True,False,185.00000000000193,324.08153667205676,True,False
2316,353.54031135337567,False,False,185.0,353.470317614378,True,False,185.0,353.4703464433265,True,False
2317,212.93488556864827,False,False,185.00000000000017,198.50476395386877,True,False,185.00000000000043,199.06659837062693,True,False
2318,270.78498404783704,False,False,185.00000000000003,270.4648087633751,True,False,185.0,270.46522434478027,True,False
2319,306.0925164571244,False,False,185.00000000000003,305.9444112528769,True,False,185.00000000000003,305.94451613765864,True,False
2320,264.724823843988,False,False,185.00000000000014,264.34710163022856,True,False,185.00000000000009,264.34766302779275,True,False
2321,316.22359946173566,False,False,185.0000000000001,316.099946701266,True,False,185.00000000000014,316.1000232159715,True,False
2322,142.92055093320292,True,False,185.0,33.160698537285995,True,True,185.0,32.92384047102098,True,True
2323,468.46981204359855,False,False,185.0,468.4494058232745,True,False,185.0,468.449409630631,True,False
2324,174.8810157778356,True,False,185.00000000000423,33.16626819087368,True,True,184.99999999999727,32.93110906905922,True,True
2325,337.5024593187213,False,False,185.00000000000077,337.4144644177153,True,False,185.00000000000082,337.4145069571618,True,False
2326,244.2005499152885,False,False,185.00000000000023,243.44429038756212,True,False,185.00000000000017,243.44630527059886,True,False
2327,468.51982089338526,False,False,185.0,468.4994234782489,True,False,185.0,468.49942728206685,True,False
2328,148.00848035536626,True,False,185.0,33.162367756511856,True,True,185.0,32.925995330615194,True,True
2329,472.6869796903054,False,False,185.00000000000034,472.6672981953466,True,False,185.00000000000037,472.6673017703201,True,False
2330,396.04564513347975,False,False,185.00000000000028,396.0041891747456,True,False,185.00000000000028,396.0042011970658,True,False
2331,178.1794114774166,True,False,185.0,33.16644943816534,True,True,185.0,32.931443735336146,True,True
2332,329.990377238339,False,False,185.0,329.8916767780728,True,False,184.99999999999997,329.8917286307894,True,False
2333,205.44390618084228,True,False,185.0,33.16720328810899,True,True,185.0,32.93237187681795,True,True
2334,143.34449510531886,True,False,185.0,33.160854312187354,True,True,185.0,32.92404891172004,True,True
2335,97.68920751900724,True,False,184.99999999999997,33.078872864929714,True,True,185.0,32.81895515434401,True,True
2336,363.1110087224996,False,False,185.00000000000085,363.0493885808112,True,False,185.00000000000088,363.049411839215,True,False
2337,261.6022477212113,False,False,185.00000000000185,261.188648368005,True,False,185.0000000000019,261.18931099420485,True,False
2338,230.70246472411924,False,False,185.0000000000003,229.2203909324542,True,False,185.00000000000028,229.2273876674685,True,False
2339,277.33184108856267,False,False,185.0000000000012,277.06034874468776,True,False,185.00000000000122,277.06065710754814,True,False
2340,118.34532471380749,True,False,184.99999999999991,33.14037265671557,True,True,185.0,32.897779622969836,True,True
2341,176.16090586328107,True,False,185.0,33.16634342121161,True,True,185.0000000000001,32.93122083454,True,True
2342,293.0084001227456,False,False,185.00000000000372,292.8171392016657,True,False,185.00000000000378,292.8173039589862,True,False
2343,149.30545260620775,True,False,185.00000000000375,33.162723279815765,True,True,185.00000000000517,32.92647418973597,True,True
2344,236.3766676438437,False,False,185.00000000000006,235.2972186275038,True,False,185.00000000000006,235.30111343327752,True,False
2345,138.93995296595963,True,False,185.0,33.15900637267585,True,True,185.0,32.92162378801086,True,True
2346,366.960427395266,False,False,185.0,366.9017850672073,True,False,185.00000000000003,366.901806466505,True,False
2347,222.9141570556211,False,False,185.00000000000057,220.25585281882104,True,False,185.0000000000004,220.27633903587736,True,False
2348,288.0767838354597,False,False,185.0,287.86448884959003,True,False,185.0,287.8646872422003,True,False
2349,365.3357863691752,False,False,185.00000000000023,365.27591211689577,True,False,185.00000000000028,365.27593426711104,True,False
2350,375.4082506002624,False,False,185.0000000000013,375.355480648545,True,False,185.0000000000013,375.35549856816135,True,False
2351,334.3900517072218,False,False,185.0000000000025,334.2978289537122,True,False,185.0000000000025,334.2978750462084,True,False
2352,149.20047861881716,True,False,185.00000000000048,33.16269528219314,True,True,185.0000000000014,32.926425096011414,True,True
2353,334.55309971677656,False,False,185.00000000000242,334.4611054239193,True,False,185.0000000000024,334.4611513240349,True,False
2354,337.4015282794062,False,False,185.00000000000085,337.313400572167,True,False,185.00000000000082,337.3134432230598,True,False
2355,219.1927331921333,False,False,185.0000000000007,215.22793143004296,True,False,185.00000000000048,215.27106889681448,True,False
2356,151.07158012517917,True,False,185.0,33.16316458985999,True,True,185.0,32.92700593053838,True,True
2357,217.52003705724812,False,False,185.0000000000026,212.52893776673338,True,False,185.0000000000021,212.5960974092511,True,False
2358,362.7721660819439,False,False,185.00000000000097,362.71027387078465,True,False,185.00000000000097,362.7102973024107,True,False
2359,463.3254066839185,False,False,185.0,463.30406632074295,True,False,185.0,463.30407048780387,True,False
2360,347.8338602817491,False,False,185.00000000000168,347.7581057265321,True,False,185.0000000000017,347.7581386835006,True,False
2361,429.1117206671914,False,False,185.0000000000005,429.08240316609175,True,False,185.0000000000005,429.0824099795363,True,False
2362,81.88858794737449,True,False,185.0,32.94234598936484,True,True,185.0,32.65904855323009,True,True
2363,378.4204367574181,False,False,185.0000000000006,378.369564271156,True,False,185.00000000000063,378.36958115020764,True,False
2364,175.5587729567872,True,False,184.99999999999935,33.166308099134675,True,True,184.99999999999994,32.93115244103869,True,True
2365,304.31784979309424,False,False,185.00000000000117,304.1647640780673,True,False,185.0000000000012,304.16487522566,True,False
2366,410.07344955852216,False,False,185.00000000000065,410.03785412405125,True,False,185.00000000000068,410.0378634774225,True,False
2367,314.00687267704745,False,False,185.00000000000156,313.87838799652246,True,False,185.0000000000016,313.8784697997695,True,False
2368,337.17807157093523,False,False,185.00000000000094,337.08964883727907,True,False,185.000000000001,337.0896917335501,True,False
2369,176.34142900791844,True,False,185.00000000000014,33.16635393533981,True,True,185.0000000000008,32.9312434511136,True,True
2370,180.85381279973507,True,False,185.0,33.16657937914488,True,True,185.0,32.93150529755794,True,True
2371,171.51572487245224,True,False,185.0,33.16604061091973,True,True,185.0,32.930852247788714,True,True
2372,179.23969654871888,True,False,185.0,33.1665025141558,True,True,185.0,32.93146239383974,True,True
2373,175.67156902570048,True,False,184.9999999999997,33.16631475101652,True,True,184.99999999999997,32.93116401043583,True,True
2374,336.7946023451037,False,False,185.00000000000117,336.7056700937889,True,False,185.00000000000117,336.70571342207785,True,False
2375,234.65340642645617,False,False,185.00000000001032,233.4725827353141,True,False,185.00000000001046,233.47718140877018,True,False
2376,284.0535722927649,False,False,185.0000000000043,283.82154249084135,True,False,185.00000000000435,283.8217750519524,True,False
2377,258.295691139473,False,False,185.00000000000026,257.83820856378503,True,False,185.00000000000017,257.8390056724194,True,False
2378,50.2771029267542,True,False,185.0,31.21247381641097,True,True,185.0,30.89022842532272,True,True
2379,129.79630229594412,True,False,185.0,33.15330909936894,True,True,185.0,32.91425365180068,True,True
2380,250.0777769149449,False,False,185.0000000000001,249.474742471699,True,False,185.0000000000001,249.4760681080268,True,False
2381,277.33762186702586,False,False,185.00000000000122,277.0661675593311,True,False,185.00000000000125,277.0664758444146,True,False
2382,423.7187907044653,False,False,185.0,423.6878596924056,True,False,185.00000000000003,423.68786715930054,True,False
2383,138.19944714152413,True,False,185.0,33.15864634077943,True,True,185.0,32.92113084231437,True,True
2384,265.6080898167151,False,False,185.00000000000023,265.23967163515346,True,False,185.0000000000001,265.2402080305722,True,False
2385,344.32480185058404,False,False,185.00000000000003,344.2451725683871,True,False,185.00000000000003,344.2452084509461,True,False
2386,290.3398196118974,False,False,185.00000000000009,290.13757152481304,True,False,185.00000000000006,290.13775345921425,True,False
2387,163.30686013477614,True,False,185.0,33.16526191581756,True,True,185.0,32.92981499193215,True,True
2388,154.28638342249707,True,False,185.00000000000168,33.16386425360004,True,True,185.00000000000307,32.927968404534425,True,True
2389,263.53004291279524,False,False,185.00000000000003,263.13916547291024,True,False,185.00000000000003,263.13976309833066,True,False
2390,109.90153105693356,True,False,185.0,33.12361246379535,True,True,185.0,32.87663281953358,True,True
2391,279.8678545958924,False,False,185.00000000000003,279.6123272967845,True,False,185.00000000000003,279.6126038304134,True,False
2392,93.94040531796205,True,False,185.0,33.05727249216087,True,True,185.0,32.79232657080964,True,True
2393,271.2205531702215,False,False,185.00000000000003,270.9040022550174,True,False,185.0,270.90440935472645,True,False
2394,149.2821746761351,True,False,185.00000000000264,33.16271710550172,True,True,185.00000000000406,32.92646324603934,True,True
2395,474.5870381252504,False,False,185.00000000000026,474.56767176120997,True,False,185.00000000000028,474.5676752630555,True,False
2396,360.64470663039447,False,False,185.00000000000168,360.5810676270444,True,False,185.00000000000165,360.5810921607439,True,False
2397,265.0755357154188,False,False,185.00000000000014,264.70154937712425,True,False,185.00000000000014,264.70210067059503,True,False
2398,375.3687190728912,False,False,185.00000000000134,375.3159235754009,True,False,185.00000000000134,375.31594150906045,True,False
2399,328.28037973532275,False,False,185.0,328.1789888506493,True,False,185.0,328.17904311815084,True,False
2400,148.28920396883856,True,False,185.0,33.16244824449892,True,True,185.0000000000026,32.926090563020374,True,True
2401,108.06408481451558,True,False,185.0,33.118744735400604,True,True,185.0,32.87032360548011,True,True
2402,302.4355593637559,False,False,185.00000000000333,302.2769256914563,True,False,185.00000000000335,302.2770440523387,True,False
2403,350.2746675772143,False,False,185.00000000000068,350.20145491701487,True,False,185.00000000000068,350.2014860178674,True,False
2404,72.73139056946872,True,False,185.0,32.77134980373665,True,True,185.00000000000003,32.46463596473593,True,True
2405,396.1988762138124,False,False,185.00000000000026,396.15749118615184,True,False,185.00000000000026,396.15750317397726,True,False
2406,92.9656541297462,True,False,185.0,33.0508111587161,True,True,185.0,32.78449780498083,True,True
2407,225.9576078164462,False,False,185.0,223.90204622205502,True,False,185.00000000000003,223.91481764465286,True,False
2408,385.5819214027724,False,False,185.0,385.53519812807696,True,False,185.00000000000003,385.5352128357937,True,False
2409,295.9451900717972,False,False,185.00000000000017,295.7650529784255,True,False,185.0000000000002,295.7652011077454,True,False
2410,114.07844080718516,True,False,185.0,33.132920922574094,True,True,184.99999999999417,32.88843619585725,True,True
2411,332.57410802545337,False,False,185.00000000000006,332.47928614625886,True,False,185.00000000000003,332.47933448820214,True,False
2412,153.39577615367313,True,False,185.00000000000065,33.16368353526548,True,True,184.99999999999608,32.92770265776533,True,True
2413,152.9404655655864,True,False,185.0,33.16358627444238,True,True,185.0,32.927592313842794,True,True
2414,263.95626546675044,False,False,185.00000000000006,263.57015859661016,True,False,185.00000000000006,263.5707429811531,True,False
2415,106.22908485099786,True,False,185.0,33.11333843008956,True,True,185.0,32.86327014670436,True,True
2416,335.86182671042155,False,False,185.00000000000168,335.7716378092353,True,False,185.00000000000168,335.7716821934859,True,False
2417,663.4959334056226,False,False,185.00000000000003,663.4904935904793,True,False,185.00000000000003,663.4904941080908,True,False
2418,385.7336712285525,False,False,185.0,385.6870307490517,True,False,185.0,385.68704541599595,True,False
2419,318.35513377579343,False,False,185.0,318.2358881662954,True,False,185.0,318.23596004265517,True,False
2420,163.0645248527201,True,False,185.0,33.16523237807465,True,True,185.0,32.929759323966366,True,True
2421,253.77019854874155,False,False,185.00000000000497,253.24021415082484,True,False,185.00000000000506,253.24125886751443,True,False
2422,228.4656849931671,False,False,185.00000000002098,226.751888384492,True,False,185.00000000002103,226.76103164637902,True,False
2423,398.7076627103273,False,False,185.00000000000003,398.6674156624543,True,False,185.00000000000003,398.66742711890777,True,False
2424,209.49596893039097,True,False,185.0,33.167393044556285,True,True,185.0,32.93266194885832,True,True
2425,300.0564382565132,False,False,185.00000000000009,299.89037208019687,True,False,185.00000000000009,299.89050035438675,True,False
2426,404.0387315410452,False,False,185.00000000000003,404.0007640206018,True,False,185.0,404.0007744724835,True,False
2427,75.33305330334832,True,False,185.0,32.831040723039706,True,True,185.0,32.53213186295599,True,True
2428,221.42318046662325,False,False,185.0,218.3470389284588,True,False,185.0,218.3738645952856,True,False
2429,213.44293230442975,False,False,185.0000000000226,201.42780943554342,True,False,185.00000000001404,201.82130146124496,True,False
2430,359.2642453221932,False,False,185.00000000000006,359.19943612952216,True,False,185.00000000000006,359.1994614176714,True,False
2431,446.61829467025416,False,False,185.0,446.59348754775834,True,False,185.0,446.5934927380061,True,False
2432,211.18428691834896,False,False,185.00000000000787,134.36741550958655,True,False,185.00000000000725,158.06125643878093,True,False
2433,330.60201197247846,False,False,185.0,330.50424950462906,True,False,185.00000000000003,330.5043005159416,True,False
2434,247.642717433219,False,False,185.00000000000296,246.98264057973614,True,False,185.00000000000304,246.9842071113463,True,False
2435,176.86877675403366,True,False,184.99999999999523,33.16638381303687,True,True,184.99999999999616,32.9313096586443,True,True
2436,382.5479363066992,False,False,185.0,382.49951436109785,True,False,185.0,382.49952991185364,True,False
2437,137.04865533712714,True,False,184.99999999999994,33.15805784687154,True,True,185.0,32.92035247292281,True,True
2438,270.5227822761869,False,False,185.00000000000003,270.20039550506084,True,False,185.0,270.20081629872203,True,False
2439,58.95688246166978,True,False,185.0,32.16791711105172,True,True,185.0,31.824348291345235,True,True
2440,231.22834201480407,False,False,185.00000000000003,229.79326891316822,True,False,185.00000000000003,229.79986191314666,True,False
2441,350.8264630524611,False,False,185.00000000000048,350.75380855849824,True,False,185.0000000000005,350.75383925396335,True,False
2442,171.5428010512211,True,False,185.00000000000003,33.16604270487906,True,True,185.0,32.930855743317125,True,True
2443,252.9341700677908,False,False,185.00000000000898,252.38888266112465,True,False,185.00000000000907,252.38998365130402,True,False
2444,129.74220277611278,True,False,185.00000000000003,33.15326652875278,True,True,185.0,32.91419694838091,True,True
2445,338.99155207112494,False,False,185.00000000000023,338.90548440853587,True,False,185.00000000000026,338.90552536367335,True,False
2446,374.4745628002413,False,False,185.00000000000003,374.42118489776027,True,False,185.0,374.42120315574056,True,False
2447,381.3352519382722,False,False,185.00000000000009,381.28612721242723,True,False,185.0000000000001,381.2861431333056,True,False
2448,278.78264712744533,False,False,184.99999999999997,278.520461046318,True,False,184.99999999999997,278.5207506466984,True,False
2449,365.605895789167,False,False,185.00000000000017,365.5462288222819,True,False,185.00000000000023,365.54625084390835,True,False
2450,278.9612343610691,False,False,185.0,278.70016141415897,True,False,185.0,278.7004488114106,True,False
2451,158.97105229366264,True,False,185.0,33.16467959922794,True,True,184.99999999999292,32.929020641620546,True,True
2452,263.0699270850307,False,False,185.0,262.67379987064857,True,False,185.0,262.6744122286652,True,False
2453,252.94803503329004,False,False,185.00000000000887,252.40300690705644,True,False,185.000000000009,252.40410693322764,True,False
2454,226.91708798850948,False,False,185.00000000000026,225.00483299577016,True,False,185.00000000000023,225.01601678102583,True,False
2455,394.4385571573336,False,False,185.0000000000005,394.3963471107609,True,False,185.0000000000005,394.39635950112677,True,False
2456,138.3878896052628,True,False,185.0,33.15874089366083,True,True,185.0,32.92122123986562,True,True
2457,504.7816335099112,False,False,185.00000000000009,504.76647241279267,True,False,185.00000000000009,504.7664748103927,True,False
2458,369.0488812049195,False,False,185.00000000000003,368.99177155148357,True,False,185.0,368.99179205137204,True,False
2459,293.513305322103,False,False,185.0000000000029,293.32402600612744,True,False,185.00000000000296,293.32418774328335,True,False
2460,283.8937855568232,False,False,185.00000000000466,283.6609177081699,True,False,185.00000000000466,283.6611517820805,True,False
2461,78.21415827292759,True,False,185.0,32.88592687630517,True,True,185.0000000000043,32.59459904800432,True,True
2462,388.1688164826237,False,False,185.00000000000003,388.12347748335065,True,False,185.00000000000003,388.12349142997806,True,False
2463,253.21767552563244,False,False,185.0000000000076,252.67765247281744,True,False,185.00000000000767,252.6787339594616,True,False
2464,267.7524564173902,False,False,185.0000000000056,267.40525184342994,True,False,185.00000000000568,267.4057333775997,True,False
2465,342.8021448546388,False,False,185.0,342.7207479361855,True,False,185.00000000000003,342.720785231488,True,False
2466,348.5297923135303,False,False,185.0000000000014,348.45477486172683,True,False,185.00000000000142,348.45480728542026,True,False
2467,411.3515460001129,False,False,185.0000000000005,411.3164267556698,True,False,185.0000000000005,411.31643591667637,True,False
2468,421.4106318110483,False,False,185.0,421.378973019457,True,False,185.0,421.3789808190922,True,False
2469,335.21152838129285,False,False,185.00000000000205,335.1204486513493,True,False,185.00000000000205,335.1204937802327,True,False
2470,211.21137666737076,False,False,185.0000000000086,145.5750127805817,True,False,184.99999999999997,161.5835891049894,True,False
2471,212.0844754086978,False,False,185.00000000000156,190.19347847065472,True,False,185.00000000003314,191.47390440023023,True,False
2472,368.5516346226111,False,False,185.0,368.4941651231763,True,False,184.99999999999997,368.49418582733114,True,False
2473,203.99800591480223,True,False,185.0,33.167174170791085,True,True,185.0,32.932316668309745,True,True
2474,279.4428097182726,False,False,185.00000000000003,279.1847041722005,True,False,185.00000000000003,279.18498573325695,True,False
2475,169.5219922880159,True,False,185.0,33.16588235320448,True,True,185.0,32.93060276726891,True,True
2476,649.615589182031,False,False,185.00000000000006,649.6097170737645,True,False,185.00000000000003,649.6097175976524,True,False
2477,275.30515209711496,False,False,185.0000000000058,275.0198264806184,True,False,185.00000000000588,275.0201638185306,True,False
2478,434.2801031076504,False,False,185.0000000000001,434.25222609298197,True,False,185.0000000000001,434.2522323893009,True,False
2479,302.3851562002596,False,False,185.0000000000034,302.2263700445161,True,False,185.00000000000347,302.2264886080215,True,False
2480,372.8020450622097,False,False,185.00000000000003,372.74755369388896,True,False,185.0,372.74757261235806,True,False
2481,302.83585003168946,False,False,185.00000000000287,302.6784199554139,True,False,185.0000000000029,302.6785367372968,True,False
2482,128.1216913608656,True,False,185.0000000000013,33.15190395785638,True,True,185.00000000000222,32.91240750117527,True,True
2483,215.2550408035274,False,False,185.00000000000043,207.78140247353883,True,False,185.00000000000003,207.93219199132386,True,False
2484,287.2559174507462,False,False,185.0,287.0397991882127,True,False,185.0,287.0400039854936,True,False
2485,276.2597977570271,False,False,185.00000000000344,275.9811140471612,True,False,185.0000000000035,275.9814373242476,True,False
2486,476.0322446453469,False,False,185.0000000000002,476.0131134200337,True,False,185.00000000000017,476.0131168660013,True,False
2487,175.10734770090042,True,False,184.9999999999949,33.166281561024796,True,True,184.99999999999886,32.931119929299996,True,True
2488,258.9333708792701,False,False,185.00000000000028,258.4848822627744,True,False,185.00000000000017,258.4856508676035,True,False
2489,368.4265858848908,False,False,185.0,368.36902539711554,True,False,184.99999999999997,368.369046152447,True,False
2490,140.00002613527363,True,False,185.0,33.15949481009412,True,True,185.0,32.9222401234385,True,True
2491,274.90692538846235,False,False,185.0000000000068,274.61876017218856,True,False,185.00000000000682,274.61910358180296,True,False
2492,189.04885070471167,True,False,184.99999999999812,33.166867689298414,True,True,184.99999999999963,32.93189332659371,True,True
2493,307.06275759489307,False,False,185.0,306.9172780983808,True,False,185.0,306.91737976068845,True,False
2494,92.88864316843627,True,False,185.0,33.050282143957006,True,True,185.0,32.78391272304611,True,True
2495,191.9361563456603,True,False,184.99999999999636,33.166943371018576,True,True,184.99999999999625,32.93205120023984,True,True
2496,147.5402456267046,True,False,185.0,33.16223332970495,True,True,185.0,32.92585328214694,True,True
2497,409.0299434060906,False,False,185.0000000000008,408.99395261773134,True,False,185.00000000000077,408.99396213033026,True,False
2498,250.1245033124184,False,False,185.00000000000014,249.52248799900883,True,False,185.0000000000001,249.52380949854248,True,False
2499,354.7917123782571,False,False,185.00000000000003,354.72290003133475,True,False,185.0,354.7229280669639,True,False
2500,567.6060587261832,False,False,185.00000000000009,567.5963942748346,True,False,185.00000000000009,567.5963954571741,True,False
2501,293.88899482511823,False,False,185.00000000000236,293.70117085136263,True,False,185.00000000000236,293.7013303832025,True,False
2502,320.3982607547137,False,False,185.00000000000003,320.28303401025494,True,False,185.00000000000006,320.2831017018228,True,False
2503,414.4324512883122,False,False,185.00000000000014,414.3984446944037,True,False,185.00000000000017,414.39845338422276,True,False
2504,306.5023623671344,False,False,185.0,306.35537447745105,True,False,185.0,306.3554779822527,True,False
2505,484.1737513907183,False,False,184.99999999999997,484.1558750245731,True,False,185.0,484.15587812836657,True,False
2506,329.1163098371467,False,False,185.00000000000003,329.01624686601883,True,False,185.0,329.0162999311715,True,False
2507,456.9812105631026,False,False,185.00000000000006,456.95863642125056,True,False,185.00000000000006,456.9586409134958,True,False
2508,354.38119813164445,False,False,185.0,354.3120013122214,True,False,185.0,354.3120296035663,True,False
2509,294.56611551382434,False,False,185.00000000000142,294.3808741669503,True,False,185.00000000000145,294.38102980685113,True,False
2510,417.925558999292,False,False,185.0,417.89275636649853,True,False,185.00000000000003,417.892764568506,True,False
2511,352.960636920347,False,False,185.00000000000003,352.89008636913803,True,False,185.0,352.8901155846454,True,False
2512,281.5989068270098,False,False,185.00000000000014,281.3535002651675,True,False,185.0000000000001,281.35375737415643,True,False
2513,520.3568503016643,False,False,185.0,520.3433826704926,True,False,185.0,520.3433847007565,True,False
2514,155.68431731032624,True,False,185.0,33.164128621854516,True,True,185.0,32.9283062932075,True,True
2515,349.3198034691709,False,False,185.00000000000105,349.2456107331276,True,False,185.00000000000108,349.2456425541829,True,False
2516,190.94821541163475,True,False,185.00000000000028,33.166918623101864,True,True,185.00000000000094,32.93199307838813,True,True
2517,209.949812820508,True,False,185.0,33.16747474445152,True,True,185.0,32.93277843635659,True,True
2518,272.28985695016456,False,False,185.00000000000009,271.9819504264643,True,False,185.00000000000006,271.9823376077317,True,False
2519,339.8494918051168,False,False,185.00000000000006,339.7645077944269,True,False,185.00000000000006,339.76454788162846,True,False
2520,249.36569346115803,False,False,185.00000000000003,248.74679254119664,True,False,185.00000000000003,248.74818329429533,True,False
2521,262.15181146673046,False,False,185.00000000000063,261.74488762225303,True,False,185.00000000000065,261.7455308219076,True,False
2522,207.23200713820052,True,False,185.0,33.167250989098484,True,True,185.0,32.93245059272903,True,True
2523,474.2978207981609,False,False,185.00000000000026,474.27840690913916,True,False,185.00000000000026,474.27841042216164,True,False
2524,137.92039688013793,True,False,185.0,33.1585040707101,True,True,185.00000000000003,32.9210185250633,True,True
2525,338.92803050573184,False,False,185.00000000000026,338.84188184315667,True,False,185.00000000000026,338.84192286410916,True,False
2526,309.4497335921771,False,False,185.00000000000006,309.31043824844,True,False,185.00000000000006,309.31053244914335,True,False
2527,392.8970689349284,False,False,185.00000000000077,392.8541177890098,True,False,185.00000000000077,392.85413053338345,True,False
2528,299.8250959697187,False,False,185.00000000000009,299.65828062305883,True,False,185.00000000000006,299.6584099246887,True,False
2529,386.0257486016082,False,False,185.0,385.9792669145588,True,False,185.0,385.9792815000128,True,False
2530,188.363854956226,True,False,185.0000000000067,33.16684882723251,True,True,184.99999999999793,32.931877285789746,True,True
2531,288.2854167772409,False,False,185.00000000000003,288.0740778948864,True,False,185.00000000000003,288.0742747054609,True,False
2532,100.0134338273764,True,False,185.00000000000563,33.090034256847254,True,True,185.00000000000512,32.833113386178034,True,True
2533,408.7387056130899,False,False,185.00000000000082,408.7026034113263,True,False,185.00000000000082,408.70261296887975,True,False
2534,252.8655212024577,False,False,185.00000000000932,252.31894724575002,True,False,185.00000000000938,252.32005302239037,True,False
2535,456.4914335088209,False,False,185.00000000000003,456.4687601226649,True,False,185.00000000000006,456.46876464492465,True,False
2536,291.95919618272114,False,False,185.00000000000531,291.763720702296,True,False,185.00000000000531,291.7638919377794,True,False
2537,284.3729606302492,False,False,185.00000000000367,284.1425928557435,True,False,185.0000000000037,284.14282243385566,True,False
2538,259.9843059833912,False,False,185.00000000000762,259.5500673508232,True,False,185.00000000000773,259.5507918122844,True,False
2539,248.57998452919048,False,False,185.0000000000002,247.94281524829717,True,False,185.0000000000002,247.94428278102725,True,False
2540,283.3725512793659,False,False,185.00000000000566,283.13691884282406,True,False,185.00000000000568,283.1371579006817,True,False
2541,524.9507331339131,False,False,185.0,524.9377158470577,True,False,185.0,524.9377176942605,True,False
2542,329.28500685740886,False,False,185.00000000000003,329.18520890220316,True,False,185.0,329.1852617282357,True,False
2543,306.229393236399,False,False,185.00000000000003,306.08166252523455,True,False,184.99999999999997,306.08176694826966,True,False
2544,405.2298357840541,False,False,185.00000000000003,405.1923532804682,True,False,185.0,405.19236348061025,True,False
2545,491.0361318639977,False,False,185.0,491.0192280078965,True,False,184.99999999999997,491.0192308872925,True,False
2546,169.21048687520903,True,False,185.0,33.16585428708367,True,True,185.0,32.93060031106397,True,True
2547,320.9402108347251,False,False,185.00000000000006,320.8260179749773,True,False,185.00000000000003,320.82608460124476,True,False
2548,143.437074733299,True,False,185.0,33.16088798779801,True,True,185.0,32.924085919537525,True,True
2549,402.0002199851741,False,False,185.0,401.9614022293811,True,False,185.0,401.9614130748337,True,False
2550,204.31023738991604,True,False,185.0,33.1671800746486,True,True,185.0,32.932328138508204,True,True
2551,217.52546828341343,False,False,185.00000000000247,212.53846586935106,True,False,185.00000000000202,212.605517877472,True,False
2552,208.55628364921165,True,False,185.0,33.167309658224525,True,True,185.0,32.93253910761518,True,True
2553,305.3857278035758,False,False,185.0000000000003,305.23566713326295,True,False,185.00000000000034,305.2357744536855,True,False
2554,285.26161800859813,False,False,185.00000000000202,285.03578456719293,True,False,185.00000000000205,285.0360060967473,True,False
2555,437.7850623336196,False,False,185.0,437.7581077279637,True,False,185.0,437.75811369664063,True,False
2556,293.87480904817136,False,False,185.00000000000236,293.68693041489024,True,False,185.00000000000244,293.68709002932786,True,False
2557,264.62995856918934,False,False,185.0000000000001,264.2512162338703,True,False,185.00000000000009,264.25178040896037,True,False
2558,355.44860075314324,False,False,185.0,355.3803974764762,True,False,185.0,355.3804251138836,True,False
2559,83.24868467552142,True,False,185.0,32.96005268804926,True,True,185.0,32.67928341533312,True,True
2560,389.0350868993771,False,False,185.00000000000006,388.99019882411875,True,False,185.0,388.9902125225002,True,False
2561,254.37493449755576,False,False,185.0000000000025,253.8556138875964,True,False,185.0000000000026,253.85662020684143,True,False
2562,266.90982661515267,False,False,185.0000000000082,266.55450882184243,True,False,185.0000000000083,266.5550109869831,True,False
2563,280.95519628282824,False,False,185.0000000000001,280.7060957581037,True,False,185.00000000000009,280.7063598902269,True,False
2564,206.56404338684237,True,False,185.0,33.16723078683345,True,True,185.0,32.93241904271396,True,True
2565,104.83593374600186,True,False,185.0,33.10882703776027,True,True,185.0,32.85741055521251,True,True
2566,145.67456586085274,True,False,185.0,33.161657963287475,True,True,185.0,32.925114547136765,True,True
2567,215.38344222077347,False,False,185.0,208.1090672450527,True,False,185.00000000000003,208.25177296311685,True,False
2568,461.0820043888147,False,False,185.0,461.06023846738145,True,False,185.0,461.060242723464,True,False
2569,98.06471733389188,True,False,185.0,33.0807856398902,True,True,185.0,32.82136220890972,True,True
2570,164.16709606509292,True,False,185.0,33.16536198199103,True,True,185.0,32.92997227538892,True,True
2571,218.89883419525256,False,False,185.0000000000006,214.78251850632603,True,False,185.00000000000043,214.8288403976082,True,False
2572,184.6926698581464,True,False,185.0,33.16672971140715,True,True,185.0,32.9317795069109,True,True
2573,291.1962513684438,False,False,185.0000000000001,290.9976265639593,True,False,185.00000000000009,290.9978027256811,True,False
2574,263.4483880461884,False,False,185.0,263.0565865935295,True,False,185.00000000000003,263.05718679836906,True,False
2575,275.7374347219869,False,False,185.00000000000472,275.45514519982646,True,False,185.0000000000048,275.4554760788061,True,False
2576,726.1084124884837,False,False,185.0,726.1044702405306,True,False,185.0,726.1044705424076,True,False
2577,657.0226945165779,False,False,185.00000000000003,657.0170586119739,True,False,185.0,657.0170591661338,True,False
2578,218.68947905887777,False,False,185.0000000000005,214.45877498215015,True,False,185.00000000000037,214.5075820882352,True,False
2579,419.46025043216224,False,False,185.0,419.42795834676645,True,False,185.0,419.4279663680572,True,False
2580,358.57464781985374,False,False,185.00000000000003,358.5092428604361,True,False,185.00000000000003,358.5092685512326,True,False
2581,253.3233950704863,False,False,185.00000000000705,252.78531519976144,True,False,185.00000000000716,252.7863895345305,True,False
2582,256.0841797778079,False,False,185.00000000000003,255.59329035400611,True,False,185.0,255.59419768391083,True,False
2583,303.71647706888297,False,False,185.0000000000018,303.56164937088766,True,False,185.00000000000182,303.56176276209834,True,False
2584,255.1117275125477,False,False,185.0000000000005,254.60496251635624,True,False,185.0000000000005,254.60592451777805,True,False
2585,278.3872799325199,False,False,185.00000000000006,278.1226046659128,True,False,185.00000000000006,278.1228992346733,True,False
2586,246.98036716373895,False,False,185.00000000000642,246.30332092813552,True,False,185.00000000000648,246.30496275293422,True,False
2587,65.4968487430931,True,False,185.0,32.53328991124138,True,True,185.0,32.203208171848324,True,True
2588,457.5579290502912,False,False,185.00000000000003,457.53547101316116,True,False,185.00000000000003,457.53547546839513,True,False
2589,277.6728179392564,False,False,185.00000000000068,277.4035558427961,True,False,185.0000000000007,277.40385965744406,True,False
2590,295.0649541551766,False,False,185.00000000000085,294.8815828630997,True,False,185.00000000000088,294.8817357247043,True,False
2591,299.82251114772623,False,False,185.00000000000009,299.6556874031301,True,False,185.00000000000009,299.6558167164341,True,False
2592,244.9773404148856,False,False,185.00000000000034,244.24461919851313,True,False,185.00000000000023,244.24651951447566,True,False
2593,430.2094178726549,False,False,185.00000000000045,430.18041464703,True,False,185.00000000000045,430.18042135434587,True,False
2594,240.040253114533,False,False,185.00000000001242,239.13495607831223,True,False,185.0000000000125,239.13776771973792,True,False
2595,100.48261913350454,True,False,185.0,33.09210538718561,True,True,185.0,32.835714870276234,True,True
2596,172.99983151609777,True,False,185.0,33.166144104332204,True,True,185.00000000000003,32.93099622113081,True,True
2597,338.79982028696725,False,False,185.00000000000028,338.71350781105417,True,False,185.00000000000028,338.71354896559814,True,False
2598,617.3760423812814,False,False,185.0,617.3689715484479,True,False,185.00000000000003,617.3689723029097,True,False
2599,327.2078428589168,False,False,185.0000000000002,327.10471163955714,True,False,185.00000000000017,327.1047675140864,True,False
2600,274.4834957352342,False,False,185.00000000000017,274.1922653461048,True,False,185.0000000000001,274.19261537375485,True,False
2601,332.5465470234638,False,False,185.00000000000006,332.45168490905803,True,False,185.00000000000003,332.4517332871692,True,False
2602,323.3299446888302,False,False,185.0000000000026,323.22015797974046,True,False,185.0000000000026,323.22022023795574,True,False
2603,223.00802998877117,False,False,185.00000000000057,220.37271476904522,True,False,185.0000000000004,220.3928759559579,True,False
2604,491.7793313234173,False,False,185.0,491.76252845668745,True,False,185.0,491.76253129498104,True,False
2605,290.9627772278345,False,False,185.0000000000001,290.7631740316639,True,False,185.00000000000006,290.7633517405064,True,False
2606,280.5683042840684,False,False,185.00000000000009,280.31694436597905,True,False,185.00000000000006,280.31721283875305,True,False
2607,287.0652229391036,False,False,185.00000000000003,286.848202217031,True,False,185.00000000000003,286.8484085425625,True,False
2608,209.69126437415875,True,False,185.0,33.16742227363079,True,True,185.0,32.9327038480541,True,True
2609,108.19647482889802,True,False,185.0,33.119114813529976,True,True,185.00000000000003,32.87083221345109,True,True
2610,374.19282808336726,False,False,185.00000000000003,374.13926483567326,True,False,185.00000000000003,374.139283199554,True,False
2611,414.1934987458834,False,False,185.00000000000017,414.1594075955944,True,False,185.0000000000002,414.1594163210364,True,False
2612,268.2988210830337,False,False,185.00000000000392,267.9567306994194,True,False,185.00000000000404,267.9571993897342,True,False
2613,415.3259952443683,False,False,185.00000000000009,415.2923023089728,True,False,185.0000000000001,415.29231087009714,True,False
2614,160.92196231916478,True,False,185.0,33.16495673265981,True,True,185.0,32.92946715440254,True,True
2615,320.84044618665143,False,False,185.00000000000009,320.7260639915627,True,False,185.00000000000006,320.72613081137274,True,False
2616,237.41212388360697,False,False,185.0000000000001,236.38701101285776,True,False,185.00000000000009,236.3905506376869,True,False
2617,437.9459413908452,False,False,185.0,437.9190281188669,True,False,185.0,437.9190340739377,True,False
2618,380.73440472336114,False,False,185.00000000000017,380.68492657627974,True,False,185.00000000000017,380.6849426850409,True,False
2619,71.94814445182148,True,False,185.0,32.75116575786476,True,True,185.0,32.4418668306184,True,True
2620,173.65766260740332,True,False,184.99999999999997,33.166188779030676,True,True,185.0,32.93103051729131,True,True
2621,7.5057651910485,True,True,115.63276407009707,3.430570248548296,False,True,115.62044158142217,3.428900285603734,False,True
2622,193.32822532033708,True,False,185.0,33.166974100241596,True,True,185.0,32.93212258170641,True,True
2623,473.0615981993962,False,False,185.00000000000034,473.041979382644,True,False,185.00000000000034,473.0419829420755,True,False
2624,341.51312493479264,False,False,184.99999999999997,341.4301885481986,True,False,185.00000000000003,341.43022702458376,True,False
2625,228.69364112360145,False,False,185.0000000000184,227.0061432326193,True,False,185.0000000000185,227.01503002492342,True,False
2626,495.16586914784574,False,False,185.0,495.1495162212295,True,False,185.0,495.14951887776243,True,False
2627,406.6277948152464,False,False,185.00000000000003,406.59087077265514,True,False,185.00000000000003,406.5908806957873,True,False
2628,252.33641637854407,False,False,185.0000000000118,251.77976839101777,True,False,185.00000000001185,251.7809120074033,True,False
2629,473.333630928428,False,False,185.0000000000003,473.31405745669923,True,False,185.00000000000034,473.31406100583183,True,False
2630,229.89008092439028,False,False,185.00000000000512,228.33021202435071,True,False,185.0000000000052,228.33790063599372,True,False
2631,23.977527683212998,True,True,184.99999999999997,16.384152714081125,True,True,184.99999999999997,16.319045270343306,True,True
2632,355.3267598042512,False,False,185.0,355.2584441228076,True,False,185.00000000000003,355.2584718336169,True,False
2633,413.77204120896846,False,False,185.00000000000023,413.7378002173103,True,False,185.00000000000026,413.7378090051555,True,False
2634,277.3116887489269,False,False,185.00000000000125,277.04006374615176,True,False,185.00000000000128,277.04037238042014,True,False
2635,373.0936413250207,False,False,185.00000000000003,373.0393463824422,True,False,185.00000000000003,373.03936518099636,True,False
2636,138.43224890155534,True,False,185.0,33.15876250777538,True,True,185.0,32.921248483784325,True,True
2637,479.7713160940726,False,False,185.00000000000006,479.7527755493954,True,False,185.00000000000009,479.7527788373147,True,False
2638,245.45581424395596,False,False,185.00000000000034,244.73702598288958,True,False,185.00000000000023,244.73885997806536,True,False
2639,155.1559609357933,True,False,185.0,33.16402837028531,True,True,185.0,32.928247025472885,True,True
2640,441.8623321727872,False,False,185.0,441.83639901739565,True,False,185.0,441.8364046863522,True,False
2641,60.97825494236374,True,False,185.0,32.30231102068114,True,True,184.99999999999997,31.96120310431953,True,True
2642,283.36931075029725,False,False,185.00000000000563,283.133660977118,True,False,185.0000000000057,283.13390006634614,True,False
2643,302.9673572920292,False,False,185.0000000000027,302.8103197865027,True,False,185.00000000000276,302.8104360573648,True,False
2644,209.0374164455984,True,False,185.00000000000003,33.16734427424093,True,True,185.0,32.93259027016213,True,True
2645,121.61089170491644,True,False,185.0,33.14496061223953,True,True,185.0,32.90353946129797,True,True
2646,179.58724108450326,True,False,185.0,33.16652045269791,True,True,185.00000000000003,32.931458646512695,True,True
2647,257.85419791066533,False,False,185.0000000000002,257.39032744260317,True,False,185.00000000000014,257.391145109512,True,False
2648,360.2198400662586,False,False,185.00000000000003,360.15584405696904,True,False,185.00000000000003,360.1558688151269,True,False
2649,256.72919712008104,False,False,185.00000000000009,256.24842411899505,True,False,185.00000000000006,256.249297402476,True,False
2650,370.6823050580172,False,False,185.00000000000003,370.62635580415525,True,False,185.00000000000003,370.6263756354418,True,False
2651,265.20366855589526,False,False,185.00000000000017,264.8310333529691,True,False,185.0000000000001,264.8315810105022,True,False
2652,193.333671447941,True,False,185.0,33.166974211456846,True,True,185.0,32.932122840716545,True,True
2653,197.73291401709588,True,False,185.0,33.16706309365722,True,True,185.0,32.93218145059404,True,True
2654,339.25252265359467,False,False,185.00000000000017,339.1667866541348,True,False,185.00000000000017,339.1668273439941,True,False
2655,714.1180392406252,False,False,185.0,714.1138574854216,True,False,185.0,714.1138578673136,True,False
2656,299.5473914267927,False,False,185.00000000000006,299.37967035755315,True,False,185.00000000000006,299.37980091402756,True,False
2657,126.58900372359288,True,False,185.0,33.1504933347515,True,True,185.0,32.91057703102118,True,True
2658,362.9157120246894,False,False,185.00000000000094,362.8539352743849,True,False,185.0000000000009,362.8539586326243,True,False
2659,302.5095151303641,False,False,185.00000000000327,302.35110481622615,True,False,185.00000000000327,302.3512228782032,True,False
2660,368.4367963907167,False,False,185.0,368.3792433398136,True,False,185.0,368.37926409095036,True,False
2661,231.3121840061204,False,False,185.00000000000003,229.88437701454555,True,False,185.00000000000003,229.89090856484765,True,False
2662,240.2117302147921,False,False,185.0000000000111,239.31346611042855,True,False,185.00000000001123,239.31623742552998,True,False
2663,200.807995728646,True,False,185.0,33.16711947880985,True,True,185.0,32.932212575615424,True,True
2664,463.2759097696024,False,False,185.0,463.25456013944734,True,False,185.0,463.2545643086421,True,False
2665,267.6599775038214,False,False,185.00000000000588,267.3118960476579,True,False,185.00000000000597,267.3123797942984,True,False
2666,214.330426319051,False,False,185.00000000000097,205.05010679145968,True,False,185.00000000000063,205.28466180268276,True,False
2667,207.0568276765609,True,False,185.0,33.16724530825923,True,True,185.0,32.9324418063523,True,True
2668,408.5988385765787,False,False,185.00000000000082,408.5626827005914,True,False,185.00000000000082,408.5626922809327,True,False
2669,526.3164817094556,False,False,185.0,526.303594363948,True,False,185.0,526.303596172344,True,False
2670,418.38747879344345,False,False,184.99999999999997,418.3548309829891,True,False,185.0,418.3548391249039,True,False
2671,230.97677431935992,False,False,184.99999999999997,229.51952904574904,True,False,185.0,229.52631116450752,True,False
2672,330.83735929334483,False,False,185.00000000000003,330.73995442095236,True,False,185.0,330.7400051077286,True,False
2673,291.29623818274166,False,False,185.00000000000014,291.0980302628687,True,False,185.00000000000009,291.0982057670498,True,False
2674,211.4984418761023,False,False,185.00000000000264,175.50251453425935,True,False,185.0000000000007,179.26848030437236,True,False
2675,133.13184116703903,True,False,185.0,33.155736810413266,True,True,185.0,32.91736562639748,True,True
2676,227.4214402561496,False,False,185.00000000000048,225.5778922249076,True,False,185.0000000000003,225.58834863144867,True,False
2677,271.86733297715074,False,False,185.00000000000006,271.55605291396273,True,False,185.00000000000003,271.55644782816785,True,False
2678,233.41504439233012,False,False,185.0000000000005,232.15144649038703,True,False,185.0000000000003,232.15665878621041,True,False
2679,604.109850298812,False,False,185.00000000000009,604.1021902213021,True,False,185.0000000000001,604.1021910192865,True,False
2680,246.9778305876072,False,False,185.00000000000642,246.30071806579693,True,False,185.0000000000065,246.30236018812485,True,False
2681,314.2904981533049,False,False,185.0000000000013,314.16264647606357,True,False,185.00000000000134,314.162727570385,True,False
2682,74.79041740421742,True,False,184.99999999999812,32.81945653442222,True,True,184.99999999999855,32.518929924490585,True,True
2683,241.477244988289,False,False,185.0000000000027,240.62830701649776,True,False,185.00000000000273,240.63080296877484,True,False
2684,307.1080149766289,False,False,185.00000000000003,306.96265633365226,True,False,185.0,306.9627578484808,True,False
2685,188.9508535525209,True,False,184.9999999999976,33.16686501085787,True,True,184.99999999999952,32.931890170494135,True,True
2686,209.08998357572332,True,False,185.0,33.167348875486056,True,True,185.0,32.93259707415157,True,True
2687,291.92406332025934,False,False,185.00000000000537,291.72844440512796,True,False,185.00000000000537,291.7286158625496,True,False
2688,510.0787131672079,False,False,185.0,510.0641587777133,True,False,185.0,510.06416102657374,True,False
2689,408.02401109754646,False,False,185.00000000000003,407.9876334786418,True,False,185.0,407.98764315314105,True,False
2690,244.2013809392809,False,False,185.00000000000023,243.44514722378412,True,False,185.00000000000014,243.4471619794996,True,False
2691,241.48323891462564,False,False,185.00000000000264,240.6345242768642,True,False,185.00000000000273,240.63701901269837,True,False
2692,256.04048944231,False,False,185.0,255.54890310376103,True,False,185.00000000000003,255.5498128003873,True,False
2693,309.4436952463039,False,False,185.00000000000006,309.30438473419605,True,False,185.00000000000006,309.3044789529491,True,False
2694,132.9494543630039,True,False,185.0,33.15561485712459,True,True,185.0,32.91722901957823,True,True
2695,132.36894924597746,True,False,185.0,33.15522250431096,True,True,185.0,32.91670906625568,True,True
2696,284.780299297134,False,False,185.00000000000287,284.5520262223104,True,False,185.0000000000029,284.5522520667086,True,False
2697,233.06422869722385,False,False,185.00000000000045,231.77545085468049,True,False,185.0000000000003,231.78085668673685,True,False
2698,198.62487665230972,True,False,185.0,33.16708081908769,True,True,184.99999999999997,32.932179352915156,True,True
2699,91.20100796912796,True,False,185.0,33.03809861467254,True,True,185.0,32.76937555164677,True,True
2700,418.2156768948998,False,False,185.0,418.18297161839877,True,False,185.0,418.18297978203395,True,False
2701,315.3919344035948,False,False,185.00000000000048,315.2664994825269,True,False,185.0000000000005,315.2665779180941,True,False
2702,164.28624472247083,True,False,185.0,33.16537471377872,True,True,185.0,32.9299891273155,True,True
2703,441.9774031736531,False,False,185.0,441.9514980767311,True,False,185.00000000000003,441.9515037360257,True,False
2704,594.5404868044616,False,False,184.99999999999997,594.5323600837509,True,False,185.00000000000003,594.5323609981925,True,False
2705,400.2374686071079,False,False,185.0,400.19789447344914,True,False,185.0,400.19790562378716,True,False
2706,245.019171775914,False,False,185.00000000000034,244.28768545938274,True,False,185.00000000000023,244.2895798524971,True,False
2707,213.88910088392035,False,False,185.00000000000014,203.41919038518543,True,False,185.00000000000023,203.7184820167066,True,False
2708,321.9045305682336,False,False,185.00000000000009,321.7921452108664,True,False,185.00000000000006,321.79221001021335,True,False
2709,186.0796843809343,True,False,185.0,33.16677692333113,True,True,185.0,32.93181190113258,True,True
2710,104.2446283763222,True,False,185.00000000000284,33.10679986188851,True,True,185.00000000000355,32.85480577787747,True,True
2711,353.2428662743385,False,False,184.99999999999997,353.17258758739763,True,False,185.0,353.1726166150108,True,False
2712,241.337599415622,False,False,185.0000000000034,240.4834317944545,True,False,185.0000000000035,240.4859563092165,True,False
2713,160.4132695658168,True,False,184.99999999999997,33.16488937935487,True,True,185.0,32.929341988726826,True,True
2714,367.9425430597768,False,False,184.99999999999997,367.8846284857256,True,False,185.00000000000003,367.88464944665685,True,False
2715,64.30323408527016,True,False,184.99999999999997,32.48007688211465,True,True,184.99999999999986,32.1465589992694,True,True
2716,318.1148582578024,False,False,185.00000000000003,317.9951270713003,True,False,185.00000000000003,317.9951994518502,True,False
2717,372.0645267438844,False,False,185.00000000000003,372.0095341582874,True,False,185.00000000000003,372.00955339117064,True,False
2718,331.55073963826607,False,False,185.00000000000003,331.4544075565058,True,False,185.00000000000003,331.45445726053526,True,False
2719,482.9642233373599,False,False,185.0,482.94616775355735,True,False,185.0,482.9461709057801,True,False
2720,421.9230610242987,False,False,185.00000000000003,421.89156580864045,True,False,185.00000000000003,421.8915735399895,True,False
2721,255.51234215624356,False,False,185.00000000000003,255.01221070373342,True,False,185.00000000000006,255.01314967832252,True,False
2722,222.3921189391973,False,False,185.00000000000034,219.59936839181557,True,False,185.00000000000028,219.62180482190232,True,False
2723,334.19529186646537,False,False,185.00000000000006,334.10279517488806,True,False,185.00000000000006,334.1028415004688,True,False
2724,331.03649201182566,False,False,185.0,330.93938827768693,True,False,185.00000000000006,330.9394386850966,True,False
2725,350.7761443818737,False,False,185.0000000000005,350.70343923422035,True,False,185.0000000000005,350.7034699661843,True,False
2726,137.43253370093058,True,False,185.0,33.1582594954077,True,True,185.0,32.92067266896597,True,True
2727,115.6507284125232,True,False,185.0,33.13588072916842,True,True,185.0,32.892213775205484,True,True
2728,129.2361012089518,True,False,185.0,33.15285309443812,True,True,185.0,32.91360229142323,True,True
2729,346.9330411737492,False,False,185.00000000000205,346.85631745442925,True,False,185.00000000000205,346.8563511151536,True,False
2730,187.61653482285115,True,False,185.0,33.16682732383086,True,True,185.00000000000685,32.93186171354026,True,True
2731,360.5119868733208,False,False,185.00000000000168,360.44823664574886,True,False,185.00000000000168,360.4482612486206,True,False
2732,365.62754428229294,False,False,185.0000000000002,365.56789388567785,True,False,185.0000000000002,365.56791589713146,True,False
2733,320.4800712580871,False,False,185.00000000000006,320.36500142975297,True,False,185.00000000000006,320.365068957266,True,False
2734,254.9460054237937,False,False,185.00000000000082,254.43645705212026,True,False,185.00000000000082,254.43742879996674,True,False
2735,334.2589678754661,False,False,185.00000000000006,334.1665608722195,True,False,185.00000000000003,334.1666071216423,True,False
2736,148.50506390950605,True,False,185.0000000000027,33.162507903057254,True,True,184.99999999999673,32.926156167379936,True,True
2737,330.73881501780807,False,False,185.00000000000003,330.6412606372232,True,False,185.00000000000003,330.641311459721,True,False
2738,350.98416091989617,False,False,185.00000000000045,350.9116648559246,True,False,185.00000000000045,350.911695437861,True,False
2739,148.8819544497591,True,False,184.99999999999974,33.16260953737123,True,True,185.0,32.92628149085861,True,True
2740,262.7427178736006,False,False,185.00000000000006,262.34279268438837,True,False,185.00000000000003,262.3434158068615,True,False
2741,135.80410982812523,True,False,185.0,33.157377716237804,True,True,185.0,32.9195282655314,True,True
2742,286.09226224569386,False,False,185.00000000000077,285.8705507998731,True,False,185.00000000000082,285.87076514603143,True,False
2743,372.948343441208,False,False,185.00000000000003,372.89395074541255,True,False,185.00000000000003,372.8939696035528,True,False
2744,352.4699612683148,False,False,185.00000000000006,352.3989345703678,True,False,185.00000000000009,352.39896411707446,True,False
2745,277.26631878791966,False,False,185.0000000000013,276.9943947751706,True,False,185.00000000000136,276.99470402205606,True,False
2746,309.6695143117046,False,False,185.00000000000009,309.53076946366457,True,False,185.00000000000009,309.53086300775203,True,False
2747,245.2993218902923,False,False,185.00000000000037,244.576022569461,True,False,185.00000000000023,244.57787791616474,True,False
2748,272.8240508646492,False,False,185.0000000000001,272.52033270809284,True,False,185.00000000000009,272.5207103696634,True,False
2749,178.22993641163762,True,False,185.0,33.16645188075286,True,True,185.0,32.93144709334008,True,True
2750,198.42384840775333,True,False,185.0,33.1670769072646,True,True,185.0,32.93217936460057,True,True
2751,207.77864414707005,True,False,185.0,33.16727113040332,True,True,185.0,32.932481537426135,True,True
2752,185.52507733729877,True,False,185.0,33.16675787230567,True,True,185.0,32.93179830040466,True,True
2753,275.1582033650698,False,False,185.0000000000062,274.87183472692,True,False,185.00000000000625,274.8721742917261,True,False
2754,158.8262924205278,True,False,185.0,33.16465732904067,True,True,185.00000000000196,32.92899645301264,True,True
2755,541.6174549679938,False,False,185.0,541.6059106989051,True,False,185.0,541.605912270798,True,False
2756,124.44374987585633,True,False,185.0,33.14830233979935,True,True,184.99999999999997,32.90782869894561,True,True
2757,76.60747589560857,True,False,185.00000000000003,32.8566322357141,True,True,185.00000000000003,32.56126359893542,True,True
2758,125.58896978051035,True,False,184.99999999999974,33.149505920457415,True,True,184.99999999999812,32.90935350177977,True,True
2759,116.10992919128525,True,False,184.99999999999298,33.13669733751495,True,True,184.99999999999798,32.893175369973164,True,True
2760,296.2400244105755,False,False,185.00000000000003,296.06095227898425,True,False,185.00000000000006,296.06109886285657,True,False
2761,78.90483743398727,True,False,185.0,32.897590934074614,True,True,185.0,32.60791981802018,True,True
2762,121.119217655747,True,False,185.0,33.14432034075388,True,True,185.0,32.90281933979573,True,True
2763,313.8221862207064,False,False,185.0000000000017,313.69328696183953,True,False,185.00000000000173,313.69336922670914,True,False
2764,277.4425591761676,False,False,185.00000000000105,277.1717939743857,True,False,185.00000000000105,277.1721008516985,True,False
2765,153.55290234493313,True,False,184.9999999999945,33.163715519155765,True,True,184.99999999999872,32.92773539178456,True,True
2766,90.06430098626828,True,False,185.0,33.029156460727975,True,True,185.0,32.75883489606586,True,True
2767,368.9127114086816,False,False,184.99999999999997,368.8555035229029,True,False,185.0,368.8555240787287,True,False
2768,545.3210186206727,False,False,185.0,545.3097707792883,True,False,185.0,545.3097723052786,True,False
2769,82.2427837643526,True,False,185.00000000000432,32.94710789418382,True,True,185.00000000000102,32.66444933020437,True,True
2770,161.28166576302556,True,False,185.0,33.165003515453165,True,True,185.0,32.92952727077156,True,True
2771,279.5001257405254,False,False,185.00000000000003,279.24237007687697,True,False,185.00000000000003,279.24265095458276,True,False
2772,300.30739753605275,False,False,185.00000000000009,300.14213861625905,True,False,185.00000000000006,300.1422657897989,True,False
2773,280.1077111616024,False,False,185.00000000000006,279.8536222001941,True,False,185.00000000000006,279.8538959482788,True,False
2774,106.98701747410766,True,False,185.0,33.11564214511928,True,True,185.0,32.86629595492176,True,True
2775,616.555621252233,False,False,185.0,616.5485157851489,True,False,185.00000000000003,616.5485165498112,True,False
2776,218.87373181932645,False,False,185.0000000000006,214.74399456460532,True,False,185.00000000000043,214.7906044223234,True,False
2777,110.27471008389088,True,False,185.0,33.12453686711598,True,True,185.0,32.87778924336681,True,True
2778,83.05901582123356,True,False,185.0000000000008,32.95767774678929,True,True,185.00000000000009,32.676509288936195,True,True
2779,310.71429454356024,False,False,185.0000000000001,310.5781247416804,True,False,185.00000000000006,310.57821524631606,True,False
2780,212.30097895451087,False,False,185.00000000000006,192.99393829008488,True,False,185.00000000000043,193.9843780293248,True,False
2781,43.68943071815826,True,True,185.0,29.699751323797248,True,True,185.0,29.44050080593642,True,True
2782,180.0495676102469,True,False,185.0,33.16654364608458,True,True,185.0,32.93146048493184,True,True
2783,452.8103050356034,False,False,185.00000000000026,452.78686637636605,True,False,185.00000000000028,452.78687114030436,True,False
2784,308.6261831946144,False,False,185.00000000000006,308.48479719557673,True,False,185.00000000000006,308.48489392166374,True,False
2785,256.793133514424,False,False,185.00000000000006,256.31334599706037,True,False,185.00000000000006,256.31421599606705,True,False
2786,263.0859372285835,False,False,185.0,262.68999445613593,True,False,185.0,262.6906062931371,True,False
2787,415.2308739407487,False,False,185.0000000000001,415.19714780408856,True,False,185.0000000000001,415.1971563788333,True,False
2788,214.6597569560325,False,False,185.0000000000263,206.11030710691108,True,False,185.0000000000225,206.3087608068077,True,False
2789,65.54337923751571,True,False,185.00000000000003,32.535267829330316,True,True,184.99999999999997,32.20538358066641,True,True
2790,339.6186423677713,False,False,185.00000000000009,339.5333686587233,True,False,185.00000000000009,339.5334089768494,True,False
2791,133.2432250637981,True,False,185.0,33.15581126200192,True,True,185.0,32.91745470397831,True,True
2792,213.3445403623288,False,False,185.000000000035,200.92658588544504,True,False,185.00000000002515,201.3463924295315,True,False
2793,148.79913217107162,True,False,184.9999999999991,33.16258717887235,True,True,184.99999999999986,32.92624809324237,True,True
2794,221.1037424215889,False,False,185.0000000000012,217.92293006679304,True,False,185.0000000000011,217.951473753383,True,False
2795,115.88518545986508,True,False,185.0,33.13630029997246,True,True,185.0,32.89270179193857,True,True
2796,461.6128617265975,False,False,184.99999999999997,461.591197539036,True,False,185.00000000000003,461.59120177401485,True,False
2797,44.80225223305464,True,True,185.0,30.030531522289404,True,True,185.0,29.75800799548574,True,True
2798,259.57845899364105,False,False,185.00000000000924,259.13879950407534,True,False,185.0000000000093,259.13954060859555,True,False
2799,260.1114722295972,False,False,185.00000000000713,259.6789114025345,True,False,185.00000000000725,259.6796307445568,True,False
2800,186.17943495656047,True,False,185.0,33.166780343149725,True,True,185.0,32.931814813075036,True,True
2801,185.99951442572345,True,False,185.0,33.166774169382194,True,True,185.0,32.931809612865905,True,True
2802,195.40918569190936,True,False,185.0,33.16701565399538,True,True,185.0,32.93218752466335,True,True
2803,417.1703047699186,False,False,185.0,417.13724682626736,True,False,185.0,417.13725513125723,True,False
2804,575.3078829590434,False,False,185.0,575.2986956322069,True,False,185.0,575.2986967502594,True,False
2805,228.02022997867323,False,False,185.00000000000054,226.25301791369273,True,False,185.00000000000037,226.2626921432816,True,False
2806,318.0284081576758,False,False,185.0,317.9085015790415,True,False,185.0,317.90857413975846,True,False
2807,368.8659810023274,False,False,185.0,368.8087393515583,True,False,185.0,368.8087599268175,True,False
2808,381.1439535386918,False,False,185.00000000000014,381.09471666905154,True,False,185.0000000000001,381.0947326499342,True,False
2809,221.84962387977117,False,False,185.00000000000009,218.90412225436856,True,False,185.00000000000006,218.9288772700048,True,False
2810,442.825453204118,False,False,185.00000000000003,442.7997536251071,True,False,185.0,442.79975920204697,True,False
2811,138.9920056563912,True,False,185.0,33.15903145824773,True,True,185.0,32.92166129239875,True,True
2812,338.5600539584531,False,False,185.00000000000034,338.4734339631959,True,False,185.00000000000037,338.47347536712863,True,False
2813,330.2336192804256,False,False,185.00000000000003,330.13529335687394,True,False,185.00000000000003,330.13534487481957,True,False
2814,565.6903522595555,False,False,185.00000000000009,565.6805639725432,True,False,185.0000000000001,565.6805651595539,True,False
2815,200.06568717634653,True,False,185.0,33.16710704023602,True,True,185.0,32.93219509239165,True,True
2816,372.5008132640903,False,False,185.00000000000003,372.4461179453323,True,False,185.00000000000003,372.44613699074694,True,False
2817,148.0122800136441,True,False,185.0,33.16236885581748,True,True,185.0,32.925996562097886,True,True
2818,333.568418528338,False,False,185.00000000000006,333.47503232838574,True,False,185.00000000000003,333.4750794103908,True,False
2819,199.26017349794756,True,False,185.0,33.167092764963776,True,True,185.0,32.93218283076944,True,True
2820,171.43703581240294,True,False,185.0,33.16603449391934,True,True,185.00000000000003,32.93084192847044,True,True
2821,87.07924179661849,True,False,185.0,33.00246206779314,True,True,185.0,32.72784065971896,True,True
2822,286.1159506254285,False,False,185.00000000000077,285.8943551235273,True,False,185.00000000000077,285.8945692692763,True,False
2823,288.8490287824073,False,False,185.00000000000006,288.6402418130079,True,False,185.00000000000003,288.64043441798333,True,False
2824,238.9900534493169,False,False,185.00000000000043,238.0397042345077,True,False,185.00000000000026,238.04278053918532,True,False
2825,147.37954682905357,True,False,185.0,33.162187806307614,True,True,185.0,32.92579542675474,True,True
2826,140.17547509580717,True,False,185.0,33.159573531267505,True,True,184.99999999999295,32.92233415822104,True,True
2827,168.7204896733799,True,False,185.0,33.16581069355043,True,True,185.0,32.93059137784169,True,True
2828,282.6528075243561,False,False,185.00000000000017,282.41327840519523,True,False,185.0000000000001,282.41352456978166,True,False
2829,393.0151761699303,False,False,185.00000000000077,392.9722824345381,True,False,185.00000000000074,392.97229515223444,True,False
2830,146.36085536548433,True,False,185.0,33.16187950963189,True,True,185.0,32.925314166962735,True,True
2831,311.6605225442773,False,False,185.00000000000372,311.526626657115,True,False,185.00000000000375,311.5267145514562,True,False
2832,108.09784940141428,True,False,185.0,33.118839263603235,True,True,185.0,32.87045643614626,True,True
2833,323.9795668779473,False,False,185.00000000000207,323.8709364510502,True,False,185.0000000000021,323.87099758389513,True,False
2834,194.37141479160863,True,False,185.0,33.166994996335745,True,True,185.0,32.9321643806949,True,True
2835,249.04466464051723,False,False,185.0,248.41839872373546,True,False,185.00000000000003,248.4198201944358,True,False
2836,262.4623178450337,False,False,185.00000000000023,262.05909434487535,True,False,185.00000000000023,262.05972689014214,True,False
2837,455.1449801393873,False,False,185.0000000000001,455.1220308383932,True,False,185.00000000000014,455.12203544733495,True,False
2838,374.37092321983977,False,False,185.0,374.3174772390515,True,False,185.00000000000003,374.3174955359813,True,False
2839,443.6431998252593,False,False,185.0,443.6176963236597,True,False,185.0,443.6177018150694,True,False
2840,253.9576184719565,False,False,185.00000000000412,253.43097451688274,True,False,185.0000000000042,253.4320071285616,True,False
2841,121.60203949901305,True,False,185.0,33.14494933492085,True,True,185.0,32.90352337075229,True,True
2842,389.2437095916509,False,False,185.00000000000003,389.1989291876208,True,False,185.0,389.1989428272457,True,False
2843,124.74869048205508,True,False,185.0,33.14862836264303,True,True,185.0,32.90821630946632,True,True
2844,193.6768192229977,True,False,185.0,33.166981167836646,True,True,185.0,32.93213833281226,True,True
2845,475.6197422778715,False,False,185.0000000000002,475.6005443327642,True,False,185.00000000000023,475.60054779449723,True,False
2846,444.8354598654494,False,False,185.00000000000003,444.8102386020179,True,False,185.0,444.81024396621865,True,False
2847,150.9897678489223,True,False,185.0,33.163145463403005,True,True,185.0,32.92697522212362,True,True
2848,205.0351990920893,True,False,185.0,33.167194526426414,True,True,184.99999999999997,32.93235554048331,True,True
2849,235.63581751717507,False,False,185.00000000000267,234.51458123102796,True,False,185.0000000000027,234.5187597102007,True,False
2850,150.48757375918248,True,False,185.0,33.16302224703485,True,True,185.0,32.92684746789639,True,True
2851,225.9526450582356,False,False,185.0,223.89629527878148,True,False,185.0,223.90907569631855,True,False
2852,113.741191776626,True,False,185.0,33.13224759418542,True,True,185.0,32.88763540242051,True,True
2853,173.74815355042674,True,False,185.0,33.16619496818042,True,True,185.0,32.931036372909055,True,True
2854,552.4302863395865,False,False,185.0,552.4195793772648,True,False,185.0,552.41958083649,True,False
2855,143.18023890452068,True,False,185.0,33.160794909734484,True,True,185.0,32.923975532964434,True,True
2856,389.3443148526335,False,False,185.00000000000003,389.29958624432214,True,False,185.0,389.29959985581706,True,False
2857,345.6291945625785,False,False,185.00000000000006,345.55103720660975,True,False,185.00000000000003,345.5510719380695,True,False
2858,308.1409311749925,False,False,185.00000000000006,307.9982923737698,True,False,185.00000000000003,307.99839061073067,True,False
2859,345.77354614936235,False,False,185.00000000000003,345.6955493448526,True,False,185.00000000000006,345.695583952996,True,False
2860,350.54011402181044,False,False,185.00000000000057,350.46717061500857,True,False,185.00000000000057,350.4672015199466,True,False
2861,201.3736957218523,True,False,185.0,33.167128801909286,True,True,185.0,32.93222842539504,True,True
2862,132.74241022959643,True,False,185.0,33.15547764195752,True,True,185.0,32.91706433020937,True,True
2863,351.6717126269644,False,False,185.00000000000026,351.59990171678174,True,False,185.00000000000026,351.59993181132756,True,False
2864,247.3956869297148,False,False,185.00000000000415,246.72935928631233,True,False,185.0000000000042,246.7309533522207,True,False
2865,193.53112008192056,True,False,185.0,33.16697822593564,True,True,185.0,32.93213195800081,True,True
2866,323.9277353639618,False,False,185.00000000000213,323.819013311583,True,False,185.00000000000213,323.8190745344184,True,False
2867,229.4657514426241,False,False,185.0000000000094,227.86251263787992,True,False,185.00000000000952,227.87059969340808,True,False
2868,267.08210346280947,False,False,185.0000000000077,266.7284672242045,True,False,185.00000000000776,266.7289650779957,True,False
2869,317.8917810067129,False,False,185.00000000000003,317.7715964939365,True,False,185.0,317.7716693412532,True,False
2870,130.29714194552727,True,False,185.0,33.153704201522,True,True,184.99999999999997,32.91472025404357,True,True
2871,282.9131337152405,False,False,185.00000000000017,282.67502476261654,True,False,185.0000000000001,282.67526832065766,True,False
2872,283.9511263335116,False,False,185.0000000000045,283.71855973057654,True,False,185.00000000000458,283.7187932625592,True,False
2873,233.3011031820604,False,False,185.00000000000048,232.02941587335013,True,False,185.0000000000003,232.03468999881719,True,False
2874,375.1512405387779,False,False,185.0,375.0983041981938,True,False,185.00000000000003,375.09832220995514,True,False
2875,236.9769904345057,False,False,185.00000000000003,235.92959199643414,True,False,185.00000000000003,235.93327542495948,True,False
2876,324.085537116612,False,False,185.000000000002,323.97709368135907,True,False,185.00000000000205,323.97715462963436,True,False
2877,116.29356100804064,True,False,185.0,33.13701695427735,True,True,184.99999999999997,32.893581047164574,True,True
2878,339.6497691683238,False,False,185.00000000000006,339.5645346014628,True,False,185.00000000000009,339.56457488823224,True,False
2879,286.6344948931499,False,False,185.00000000000026,286.41541553625177,True,False,185.0000000000003,286.41562536339563,True,False
2880,475.93908701304,False,False,185.0000000000002,475.9199407474699,True,False,185.0000000000002,475.9199441973172,True,False
2881,220.6459339006378,False,False,185.00000000000668,217.30376695164537,True,False,185.0000000000065,217.33506313323116,True,False
2882,280.69451388223536,False,False,185.0000000000001,280.44389428853094,True,False,185.00000000000006,280.44416132793026,True,False
2883,237.40015576121812,False,False,185.0000000000001,236.37444015973026,True,False,185.0000000000001,236.37798363892878,True,False
2884,356.6723495103748,False,False,185.0,356.6052611188496,True,False,185.00000000000006,356.6052879923117,True,False
2885,275.7216137282276,False,False,185.00000000000475,275.43921392802673,True,False,185.00000000000483,275.43954504283124,True,False
2886,91.15126345857348,True,False,185.0,33.03772194627656,True,True,185.0,32.768923479289455,True,True
2887,277.2864664332622,False,False,185.0000000000013,277.01467526283255,True,False,185.0000000000013,277.01498423740674,True,False
2888,437.9831701336298,False,False,185.0,437.9562664142801,True,False,185.0,437.9562723662196,True,False
2889,143.61809859979508,True,False,185.0,33.16095435325996,True,True,185.0,32.92415449375297,True,True
2890,377.1051646859708,False,False,185.0000000000009,377.0534754254368,True,False,185.00000000000088,377.05349275735506,True,False
2891,405.4805256731128,False,False,185.00000000000003,405.4431441655884,True,False,185.0,405.44315431632276,True,False
2892,487.5668139623448,False,False,185.0,487.54942764284976,True,False,184.99999999999997,487.54943067155216,True,False
2893,137.9823563386801,True,False,185.0,33.15853547237712,True,True,185.0,32.92104639572597,True,True
2894,248.4961027155575,False,False,185.0000000000003,247.85693389948528,True,False,185.0000000000003,247.85840995131863,True,False
2895,360.091318323014,False,False,185.00000000000003,360.0272137726079,True,False,185.00000000000003,360.0272386014337,True,False
2896,419.5421016349228,False,False,185.0,419.50983647282203,True,False,184.99999999999997,419.5098444850436,True,False
2897,356.54520863904395,False,False,185.00000000000003,356.4780055985047,True,False,185.00000000000003,356.47803255398696,True,False
2898,402.7751657951226,False,False,185.0,402.7366742979169,True,False,185.0,402.7366850037953,True,False
2899,198.4771134243801,True,False,185.0,33.16707794982305,True,True,185.0,32.932179314498455,True,True
2900,292.0655877964961,False,False,185.0000000000052,291.8705457499666,True,False,185.0000000000052,291.87071631805935,True,False
2901,102.17465513395946,True,False,185.00000000000003,33.09911882683423,True,True,185.0,32.84484879408283,True,True
2902,441.94663345122615,False,False,185.0,441.9207208555745,True,False,185.0,441.9207265174381,True,False
2903,459.51420025132666,False,False,185.0,459.49213005321224,True,False,185.0,459.49213438630704,True,False
2904,345.66619726397386,False,False,185.00000000000006,345.58808110727654,True,False,185.00000000000003,345.5881158069576,True,False
2905,140.41413362935234,True,False,184.999999999997,33.15967733157595,True,True,184.99999999999935,32.92244980555014,True,True
2906,304.3770913145992,False,False,185.00000000000108,304.22417568687047,True,False,185.00000000000114,304.2242866169007,True,False
2907,278.7259541861711,False,False,185.0,278.46341328424774,True,False,184.99999999999997,278.46370358883496,True,False
2908,398.9788559130845,False,False,185.00000000000003,398.93872929360555,True,False,185.00000000000003,398.93874069508814,True,False
2909,374.503128164311,False,False,185.00000000000003,374.4497690046525,True,False,185.00000000000003,374.44978725182665,True,False
2910,239.4711346027916,False,False,185.00000000001646,238.5418564990308,True,False,185.00000000001657,238.54480766099164,True,False
2911,311.5682385319841,False,False,185.0000000000001,311.43412325748136,True,False,185.00000000000006,311.434211398731,True,False
2912,317.83999051992663,False,False,185.0,317.7197004140936,True,False,184.99999999999997,317.71977337128806,True,False
2913,162.52507959159672,True,False,185.0,33.16516728683922,True,True,185.0,32.92963756686536,True,True
2914,361.1695598885691,False,False,185.00000000000148,361.1063581071329,True,False,185.00000000000148,361.1063823618058,True,False
2915,168.45354398838612,True,False,185.0,33.16578781581768,True,True,185.0,32.93056917290958,True,True
2916,200.9330621584332,True,False,185.0,33.1671215433771,True,True,185.0,32.93221593235663,True,True
2917,164.6876741285601,True,False,185.0,33.16541771887478,True,True,185.0,32.930033449772495,True,True
2918,287.4165496218133,False,False,184.99999999999997,287.20118733321124,True,False,185.00000000000003,287.20139085028705,True,False
2919,374.68781660296185,False,False,185.00000000000003,374.6345784052023,True,False,185.00000000000006,374.6345965831715,True,False
2920,175.37059601660815,True,False,184.99999999999824,33.16629704114783,True,True,184.99999999999972,32.931136121180934,True,True
2921,258.1542294117379,False,False,185.00000000000023,257.69471463587035,True,False,185.00000000000014,257.6955182586443,True,False
2922,522.9695748886429,False,False,185.0,522.9563659317213,True,False,185.00000000000003,522.9563678495708,True,False
2923,234.30685712218389,False,False,185.00000000001356,233.10377878737407,True,False,185.0000000000137,233.10853904268603,True,False
2924,385.2145383728285,False,False,185.0,385.1676138150815,True,False,185.0,385.16762862395836,True,False
2925,202.2377316363537,True,False,185.0,33.167143182536826,True,True,185.0,32.93225481600616,True,True
2926,162.00201294481428,True,False,185.0,33.16510120366476,True,True,185.0,32.929563469363586,True,True
2927,464.458383535782,False,False,185.0,464.4372538128408,True,False,185.0,464.43725791844673,True,False
2928,270.2730702027444,False,False,185.00000000000009,269.9485561817393,True,False,185.00000000000009,269.9489820327602,True,False
2929,369.588773947174,False,False,185.0,369.5320514838246,True,False,185.00000000000003,369.53207176777056,True,False
2930,271.6326223421949,False,False,185.00000000000006,271.3194446405748,True,False,185.00000000000006,271.31984391736427,True,False
2931,277.61083732315194,False,False,185.0000000000008,277.34117183006236,True,False,185.00000000000082,277.3414764655759,True,False
2932,251.35947643247383,False,False,185.00000000000028,250.78346300629315,True,False,185.0000000000002,250.78468104199624,True,False
2933,202.1215764755437,True,False,185.0,33.16714122799679,True,True,185.0,32.932251036352234,True,True
2934,121.5486175327664,True,False,185.0,33.1448812880389,True,True,185.0,32.90342747656851,True,True
2935,278.568321319098,False,False,185.00000000000003,278.30479014499366,True,False,185.0,278.3050824267683,True,False
2936,329.44226991517206,False,False,185.00000000000003,329.34271812634256,True,False,184.99999999999997,329.34277073511464,True,False
2937,119.18652233953212,True,False,185.0,33.14163928177415,True,True,185.0,32.89934809446088,True,True
2938,205.96242847899103,True,False,185.0,33.16721526400142,True,True,185.0,32.932393316297606,True,True
2939,416.7547477352576,False,False,185.00000000000003,416.7215481544993,True,False,185.0,416.72155651637826,True,False
2940,346.43599935537515,False,False,185.00000000000006,346.3587334767601,True,False,185.0,346.35876753783987,True,False
2941,178.4048627356616,True,False,185.0,33.166460377091745,True,True,185.0,32.93145661686502,True,True
2942,266.962411697299,False,False,185.00000000000807,266.60760843573973,True,False,185.00000000000813,266.6081092791758,True,False
2943,455.897223992772,False,False,185.00000000000009,455.87442940152954,True,False,185.00000000000009,455.87443396174075,True,False
2944,370.239312383879,False,False,185.0,370.18305166301684,True,False,185.0,370.1830716815784,True,False
2945,265.0149561094972,False,False,185.00000000000017,264.64032841999017,True,False,185.00000000000009,264.6408814471187,True,False
2946,558.1365998730365,False,False,185.0,558.1263019547206,True,False,185.0,558.1263032349888,True,False
2947,470.348937294297,False,False,185.00000000000003,470.32885841122084,True,False,185.00000000000003,470.3288620973316,True,False
2948,430.8182351231832,False,False,185.0000000000004,430.78940423016695,True,False,185.0000000000004,430.78941087668153,True,False
2949,135.38190855990808,True,False,185.0,33.15713313130146,True,True,185.0,32.91917044127161,True,True
2950,216.14314883901872,False,False,185.00000000000077,209.87009075720658,True,False,185.0000000000005,209.97579615955343,True,False
2951,419.6765400637631,False,False,185.00000000000003,419.6443190558713,True,False,185.0,419.6443270531387,True,False
2952,510.2137873466229,False,False,185.0,510.199247994562,True,False,185.0,510.19925023958996,True,False
2953,291.99824621279816,False,False,185.00000000000526,291.8029299814442,True,False,185.0000000000053,291.8031009713832,True,False
2954,351.0718813527225,False,False,185.00000000000043,350.999473208315,True,False,185.00000000000043,350.9995037270862,True,False
2955,296.5419576887997,False,False,185.0,296.3639668090042,True,False,185.0,296.3641118347255,True,False
2956,181.9112258074994,True,False,185.00000000000003,33.16662370250268,True,True,185.0,32.93160103632774,True,True
2957,308.2666056414631,False,False,185.00000000000003,308.124292810823,True,False,185.00000000000003,308.1243906558052,True,False
2958,287.50974394794383,False,False,185.0,287.2948184980949,True,False,185.0,287.2950212817419,True,False
2959,414.0825416215042,False,False,185.0000000000002,414.0484111097136,True,False,185.0000000000002,414.0484198512106,True,False
2960,218.23752782403184,False,False,185.00000000000017,213.73938517855925,True,False,185.00000000000014,213.79427960035665,True,False
2961,295.361064279226,False,False,185.00000000000054,295.1787902238011,True,False,185.0000000000006,295.1789414723095,True,False
2962,110.5570341115536,True,False,184.99999999999923,33.12522447566837,True,True,184.9999999999999,32.8786389313338,True,True
2963,226.40195121473928,False,False,185.0000000000001,224.41493911251385,True,False,185.00000000000009,224.42693923238758,True,False
2964,176.15789342325286,True,False,185.0,33.166343245337465,True,True,185.00000000000009,32.9312204542117,True,True
2965,303.88702584385334,False,False,185.00000000000162,303.73269503386757,True,False,185.00000000000162,303.7328077834894,True,False
2966,448.920087681863,False,False,185.00000000000048,448.8958016451435,True,False,185.0000000000005,448.89580665650163,True,False
2967,337.2537923488308,False,False,185.0000000000009,337.1654697427339,True,False,185.0000000000009,337.165512555821,True,False
2968,255.5353809851684,False,False,185.00000000000003,255.03562698985115,True,False,185.00000000000003,255.0365646612446,True,False
2969,306.8685862264296,False,False,185.00000000000003,306.7225865943741,True,False,185.0,306.72268888748687,True,False
2970,256.3749775406922,False,False,185.00000000000006,255.88868864604376,True,False,185.00000000000006,255.88958041558877,True,False
2971,289.2115137929328,False,False,185.00000000000006,289.00434458304886,True,False,185.00000000000006,289.0045345316718,True,False
2972,299.59291774446245,False,False,185.00000000000009,299.425345639898,True,False,185.00000000000006,299.4254759909301,True,False
2973,322.71585651328246,False,False,185.00000000000298,322.6049607680259,True,False,185.00000000000298,322.60502410267287,True,False
2974,280.4924222726511,False,False,185.00000000000006,280.2406157044953,True,False,185.00000000000006,280.24088504032034,True,False
2975,94.93281249953392,True,False,185.0,33.063473291701065,True,True,185.0,32.79980411666969,True,True
2976,379.8861027068671,False,False,185.0000000000003,379.83611958612585,True,False,185.0000000000003,379.8361359684747,True,False
2977,286.7622503616931,False,False,185.0000000000002,286.5437845478218,True,False,185.00000000000023,286.5439933264496,True,False
2978,108.1197682770918,True,False,185.0,33.118900620480396,True,True,185.0,32.870541795776276,True,True
2979,275.116907577529,False,False,185.00000000000628,274.8302448180071,True,False,185.00000000000637,274.83058501243175,True,False
2980,439.33290205438016,False,False,185.0,439.30634156477277,True,False,185.0,439.3063474163605,True,False
2981,579.7774883344134,False,False,185.0,579.7685634012839,True,False,185.0,579.7685644601911,True,False
2982,267.8920201529582,False,False,185.00000000000517,267.546132709046,True,False,185.00000000000523,267.5466109094825,True,False
2983,182.76387556732368,True,False,185.0,33.1666595426238,True,True,185.0,32.93167310526736,True,True
2984,301.3718070385439,False,False,185.0000000000001,301.20991024508913,True,False,185.00000000000006,301.21003289346146,True,False
2985,348.1651849482438,False,False,185.00000000000153,348.08978256943465,True,False,185.0000000000016,348.0898152714304,True,False
2986,253.08625853328783,False,False,185.0000000000082,252.54380494851168,True,False,185.00000000000833,252.54489542152743,True,False
2987,386.0789958644484,False,False,185.00000000000003,386.03254304609845,True,False,185.00000000000003,386.0325576159558,True,False
2988,109.9282588653148,True,False,185.0,33.12367958163707,True,True,185.0,32.876722044212265,True,True
2989,191.9416078739917,True,False,184.99999999999648,33.16694350121966,True,True,184.99999999999633,32.9320515070494,True,True
2990,202.4055094763553,True,False,185.0,33.16714601942479,True,True,185.0,32.93226043105934,True,True
2991,200.0410927741332,True,False,185.00000000000003,33.167106619027415,True,True,185.0,32.93219460164916,True,True
2992,187.7329307677661,True,False,185.0,33.166830824714786,True,True,184.9999999999935,32.93186454614679,True,True
2993,202.9418392678918,True,False,185.0,33.167155214318555,True,True,185.0,32.93227872042766,True,True
2994,504.85639858587314,False,False,185.00000000000009,504.84124628837174,True,False,185.00000000000009,504.84124868397396,True,False
2995,447.192675792114,False,False,185.0,447.16800011605847,True,False,185.0,447.1680052568007,True,False
2996,479.4965126663824,False,False,185.00000000000006,479.4779295594221,True,False,185.00000000000009,479.47793285906334,True,False
2997,210.6180226762384,False,False,185.0,33.1678362677256,True,True,185.0,32.93334424560278,True,True
2998,243.51112446226676,False,False,185.0000000000001,242.73296446031736,True,False,185.00000000000009,242.7350887711523,True,False
2999,197.1495264393228,True,False,185.0,33.16705120990975,True,True,185.0,32.932184983844635,True,True
3000,249.3471471550744,False,False,185.0,248.7278244024499,True,False,185.0,248.7292169063424,True,False
3001,134.0329927636673,True,False,185.00000000000475,33.156318993951466,True,True,185.00000000000574,32.918134612092345,True,True
3002,214.7674552861345,False,False,185.00000000001944,206.4337334223643,True,False,185.000000000016,206.62209566455573,True,False
3003,412.1766166058951,False,False,185.0000000000004,412.1418001536303,True,False,185.00000000000043,412.14180918747076,True,False
3004,200.9898254582064,True,False,185.0,33.16712247826467,True,True,185.0,32.932217488280585,True,True
3005,329.423505830676,False,False,185.0,329.3239247149747,True,False,185.0,329.3239773494691,True,False
3006,218.41730820933563,False,False,185.0000000000003,214.02910178991152,True,False,185.00000000000023,214.08144652910528,True,False
3007,94.6015584140742,True,False,185.0,33.06144349703408,True,True,185.00000000000003,32.79736469268207,True,True
3008,232.263324970422,False,False,185.00000000000028,230.91388334799603,True,False,185.00000000000023,230.91976856475523,True,False
3009,265.05501379848425,False,False,185.00000000000014,264.68081038035666,True,False,185.0000000000001,264.68136226032846,True,False
3010,182.2237861581729,True,False,185.0,33.16663687225774,True,True,184.99999999999997,32.93162984072887,True,True
3011,339.0999619894008,False,False,185.0000000000002,339.0140323206503,True,False,185.00000000000023,339.01407316512115,True,False
3012,398.1548136022846,False,False,185.00000000000003,398.1143195104577,True,False,185.00000000000003,398.114331081646,True,False
3013,532.928495753563,False,False,185.00000000000009,532.9162133444971,True,False,185.0000000000001,532.9162150610011,True,False
3014,260.3371506131698,False,False,185.00000000000628,259.9075433632827,True,False,185.00000000000634,259.9082537352652,True,False
3015,260.33824937363283,False,False,185.00000000000628,259.9086564293557,True,False,185.00000000000637,259.90936675791914,True,False
3016,357.0845191816954,False,False,185.00000000000003,357.01780060231727,True,False,185.0,357.0178272161844,True,False
3017,268.0211022589538,False,False,185.00000000000477,267.6764264206049,True,False,185.00000000000486,267.67690156844213,True,False
3018,256.2313918391588,False,False,185.00000000000006,255.74283959848447,True,False,185.00000000000003,255.7437390099121,True,False
3019,442.5814039806467,False,False,185.0,442.5556454863091,True,False,185.0,442.5556510859891,True,False
3020,336.34816702278806,False,False,185.0000000000014,336.25863640246456,True,False,185.00000000000142,336.25868023355207,True,False
3021,293.92542632357845,False,False,185.00000000000227,293.73774261995766,True,False,185.00000000000233,293.7379019392631,True,False
3022,256.9092638875295,False,False,185.00000000000009,256.43125851699506,True,False,185.00000000000009,256.43212258665824,True,False
3023,112.84481281318358,True,False,185.0,33.13039683568937,True,True,185.0,32.88533165832106,True,True
3024,220.72101437949257,False,False,185.0000000000055,217.4062866704484,True,False,185.00000000000534,217.43710579672486,True,False
3025,298.7277656885573,False,False,185.00000000000003,298.5573299596812,True,False,185.00000000000006,298.5574643058,True,False
3026,163.47651172936995,True,False,185.0,33.16528262034212,True,True,185.0,32.92985006149791,True,True
3027,481.3742058775076,False,False,185.0,481.3559109719933,True,False,185.00000000000003,481.35591419221544,True,False
3028,444.0475007196146,False,False,185.00000000000003,444.02209340717786,True,False,185.0,444.0220988536716,True,False
3029,373.354285612949,False,False,185.00000000000003,373.30016541793293,True,False,185.0,373.3001841105521,True,False
3030,247.1174534294664,False,False,185.00000000000563,246.443974591935,True,False,185.00000000000568,246.44560044973517,True,False
3031,277.24846530821304,False,False,185.00000000000134,276.9764234999537,True,False,185.0000000000014,276.9767329884964,True,False
3032,340.5324610449232,False,False,185.00000000000003,340.4483260979078,True,False,185.0,340.44836550766325,True,False
3033,463.95126782733934,False,False,185.0,463.9300441720224,True,False,185.0,463.9300483074471,True,False
3034,293.9184756628835,False,False,185.00000000000227,293.7307652091738,True,False,185.00000000000236,293.73092456908046,True,False
3035,365.44217967618624,False,False,185.00000000000023,365.3823871903954,True,False,185.00000000000023,365.3824092898757,True,False
3036,398.4137392019271,False,False,185.00000000000003,398.3733610709737,True,False,185.00000000000003,398.3733725882734,True,False
3037,402.9041277249387,False,False,185.0,402.8656901575503,True,False,185.0,402.86570083844344,True,False
3038,188.62334204015363,True,False,184.99999999999508,33.16685601009448,True,True,184.99999999999883,32.931882346010056,True,True
3039,183.5608957676249,True,False,185.0,33.16669094408354,True,True,185.0,32.9317261891724,True,True
3040,277.19554804891607,False,False,185.00000000000145,276.92315665753375,True,False,185.0000000000015,276.92346686439737,True,False
3041,128.430962594724,True,False,185.0,33.152171509359164,True,True,185.0,32.91281052282007,True,True
3042,233.1948819857621,False,False,185.00000000000048,231.91557688897728,True,False,185.0000000000003,231.920909539419,True,False
3043,471.0110042641215,False,False,185.00000000000003,470.9910390078656,True,False,185.0,470.99104265855885,True,False
3044,443.0332670317359,False,False,185.0,443.0076174759978,True,False,185.0,443.0076230309854,True,False
3045,458.13661481010433,False,False,185.0,458.1142724585385,True,False,185.00000000000003,458.11427687726143,True,False
3046,217.8126170231615,False,False,185.00000000000003,213.0338368166554,True,False,185.0,213.09554506796042,True,False
3047,105.52527704748871,True,False,185.00000000000605,33.111105497748106,True,True,184.9999999999976,32.86037804609618,True,True
3048,395.58577164550246,False,False,185.00000000000034,395.54410180446513,True,False,185.00000000000034,395.5441139296607,True,False
3049,650.7535475698052,False,False,185.00000000000006,650.7477125988506,True,False,185.00000000000006,650.7477131285586,True,False
3050,427.7894499642141,False,False,185.00000000000063,427.75974769852957,True,False,185.00000000000065,427.75975464593915,True,False
3051,231.78186165590344,False,False,185.00000000000014,230.39366129910374,True,False,185.0000000000001,230.39986243763838,True,False
3052,276.11376124873925,False,False,185.00000000000378,275.8340763121604,True,False,185.00000000000387,275.83440169880765,True,False
3053,424.8004933107035,False,False,185.00000000000003,424.7698955034562,True,False,185.0,424.7699028163634,True,False
3054,228.27175594287365,False,False,185.00000000000057,226.53504182134247,True,False,185.00000000000037,226.54441125255164,True,False
3055,131.0346515210602,True,False,184.99999999999528,33.1542656202148,True,True,184.99999999999537,32.91547766556599,True,True
3056,242.6284604841271,False,False,185.0,241.8207724551227,True,False,185.0,241.823048435793,True,False
3057,267.7692251535294,False,False,185.00000000000554,267.4221792281844,True,False,185.00000000000566,267.42266036152137,True,False
3058,302.83484744970207,False,False,185.00000000000287,302.6774143751743,True,False,185.00000000000287,302.6775311609421,True,False
3059,354.38000933502536,False,False,185.00000000000003,354.3108113978888,True,False,185.0,354.3108396899702,True,False
3060,350.8660678080693,False,False,185.00000000000048,350.79345314801463,True,False,185.0000000000005,350.793483814893,True,False
3061,290.5152964585283,False,False,185.0000000000001,290.31379849446915,True,False,185.00000000000006,290.3139792194839,True,False
3062,220.7833010919153,False,False,185.00000000000463,217.49103721354584,True,False,185.00000000000446,217.52146853156435,True,False
3063,270.6739455860676,False,False,185.0,270.3528365223245,True,False,185.00000000000003,270.35325430142103,True,False
3064,213.3014401712612,False,False,185.0000000000405,200.6984972161092,True,False,185.0000000000305,201.1306246077254,True,False
3065,85.48921760786517,True,False,185.00000000000003,32.98608962150385,True,True,185.0,32.709007602178794,True,True
3066,254.2190571117202,False,False,185.00000000000304,253.69701936957415,True,False,185.00000000000315,253.6980354043189,True,False
3067,470.63886828025016,False,False,185.0,470.61883926434064,True,False,185.0,470.61884293417006,True,False
3068,178.1003654725244,True,False,184.99999999999997,33.166445626590175,True,True,185.0,32.93143810970034,True,True
3069,269.4003740629029,False,False,185.00000000000114,269.06825994758094,True,False,185.0000000000012,269.06870406135215,True,False
3070,228.36804219081108,False,False,185.00000000002197,226.64277035970542,True,False,185.00000000002203,226.6520265584477,True,False
3071,289.99734385845574,False,False,185.00000000000009,289.7936200903548,True,False,185.00000000000006,289.79380440434625,True,False
3072,220.90351889953223,False,False,185.0000000000031,217.65386166857613,True,False,185.00000000000296,217.683564215832,True,False
3073,266.25922500742445,False,False,185.0000000000002,265.89744815480816,True,False,185.00000000000014,265.8979670629463,True,False
3074,159.35332006760206,True,False,184.9999999999964,33.16473597959279,True,True,184.99999999999926,32.929076102176325,True,True
3075,380.1655828935636,False,False,185.00000000000026,380.1157669227831,True,False,185.00000000000026,380.11578321414754,True,False
3076,309.5107804881977,False,False,185.00000000000006,309.37163836286726,True,False,185.00000000000006,309.37173238140633,True,False
3077,424.2775098635663,False,False,185.0,424.2467515748836,True,False,185.0,424.2467589613261,True,False
3078,322.3341826863714,False,False,185.00000000000009,322.22258967086475,True,False,185.00000000000006,322.2226536844895,True,False
3079,258.9150216409506,False,False,185.00000000000026,258.4662779750634,True,False,185.00000000000017,258.46704738217613,True,False
3080,312.8383496218231,False,False,185.00000000000267,312.707209616983,True,False,185.00000000000267,312.70729439812834,True,False
3081,351.108758912419,False,False,185.0000000000004,351.0363876849672,True,False,185.0000000000004,351.0364181772934,True,False
3082,375.1115888806929,False,False,185.00000000000003,375.0586268050832,True,False,185.00000000000003,375.05864483115107,True,False
3083,345.39494535912354,False,False,185.00000000000003,345.31652648208046,True,False,185.00000000000003,345.31656141471757,True,False
3084,94.15502792137409,True,False,185.0,33.0586469842162,True,True,185.0,32.793906920694724,True,True
3085,279.9360781751207,False,False,185.00000000000006,279.6809611980721,True,False,185.00000000000003,279.68123693696276,True,False
3086,256.9098704245636,False,False,185.0000000000001,256.43187433559797,True,False,185.00000000000006,256.43273837441046,True,False
3087,138.7812497128786,True,False,185.0,33.1589299477789,True,True,185.0,32.9215030472968,True,True
3088,93.66701960617291,True,False,184.99999999999497,33.05550030609118,True,True,184.9999999999979,32.790095734682254,True,True
3089,478.5240291801875,False,False,185.0000000000001,478.5052943816894,True,False,185.00000000000009,478.50529772225565,True,False
3090,220.5231828385477,False,False,185.00000000000878,217.1352826140866,True,False,185.00000000000855,217.1673821530266,True,False
3091,317.86034988084504,False,False,185.0,317.7401013003463,True,False,185.0,317.74017421427254,True,False
3092,357.6869841164544,False,False,185.00000000000003,357.62080101412926,True,False,185.00000000000003,357.620827248871,True,False
3093,378.3490852426748,False,False,185.00000000000063,378.29816890525535,True,False,185.00000000000063,378.2981858088108,True,False
3094,265.46615468941576,False,False,185.0000000000002,265.0962646664862,True,False,185.0000000000001,265.09680498616734,True,False
3095,264.42285535562814,False,False,185.00000000000009,264.0418715918209,True,False,185.00000000000009,264.04244189612865,True,False
3096,206.23421183620084,True,False,185.0,33.1672220233366,True,True,185.0,32.932404768176376,True,True
3097,169.5462053300781,True,False,185.0,33.16588451302491,True,True,185.0,32.93060318725455,True,True
3098,158.43720754838614,True,False,185.0,33.164595428393284,True,True,185.0,32.928925804969026,True,True
3099,463.6135526281872,False,False,185.0,463.592266104717,True,False,185.0,463.5922702583067,True,False
3100,292.8871249872364,False,False,185.00000000000392,292.69538364734774,True,False,185.00000000000395,292.69554915285136,True,False
3101,564.9789883106357,False,False,185.0000000000001,564.9691534974946,True,False,185.0000000000001,564.9691546865422,True,False
3102,169.400164165607,True,False,185.0,33.165871404348955,True,True,185.0,32.930601244401814,True,True
3103,456.10748219067466,False,False,185.00000000000009,456.08473058792947,True,False,185.00000000000009,456.0847351352765,True,False
3104,348.1557687434732,False,False,185.00000000000156,348.08035638733605,True,False,185.0000000000016,348.0803890967095,True,False
3105,208.45593822388665,True,False,185.00000000000003,33.16730374164096,True,True,185.0,32.93253034014548,True,True
3106,374.90841672113066,False,False,185.00000000000003,374.8553225097608,True,False,185.00000000000003,374.85534060809044,True,False
3107,372.0733220181828,False,False,185.00000000000003,372.0183354473527,True,False,185.0,372.0183546764856,True,False
3108,367.1320470626098,False,False,185.00000000000003,367.0735328144052,True,False,185.0,367.0735541365711,True,False
3109,290.7046490741988,False,False,185.0000000000001,290.50395604533645,True,False,185.00000000000009,290.5041354886702,True,False
3110,247.51882717802417,False,False,185.00000000000352,246.85562688366844,True,False,185.0000000000036,246.85720714184217,True,False
3111,95.95547220411284,True,False,185.0,33.06948698510045,True,True,184.99999999999307,32.80720511850515,True,True
3112,133.82551923787972,True,False,185.0,33.156187087232404,True,True,185.0,32.917928186252496,True,True
3113,295.3279802099014,False,False,185.0000000000006,295.145584030866,True,False,185.0000000000006,295.1457354581745,True,False
3114,194.2804577993721,True,False,185.0,33.166993193755374,True,True,185.0,32.932161393502334,True,True
3115,341.70145741499607,False,False,185.0,341.6187484730717,True,False,185.0,341.6187867768311,True,False
3116,215.42005598550375,False,False,185.00000000000003,208.20068624644352,True,False,185.00000000000009,208.34120228639267,True,False
3117,294.24449477398827,False,False,185.00000000000185,294.0580331415355,True,False,185.00000000000188,294.05819061123685,True,False
3118,211.9185417177577,False,False,185.00000000000784,187.46197138332053,True,False,185.0000000000005,189.08161922458396,True,False
3119,245.9645999946936,False,False,185.00000000001248,245.26017827646174,True,False,185.00000000001253,245.26194502390746,True,False
3120,226.8411891476864,False,False,185.00000000000023,224.9182206310152,True,False,185.0000000000002,224.92951981395115,True,False
3121,106.01299044624706,True,False,185.0,33.11265818563243,True,True,185.0,32.862497016379,True,True
3122,490.6009750047672,False,False,185.0,490.5840116347907,True,False,185.0,490.5840145399157,True,False
3123,133.2155407483927,True,False,185.0,33.15579279811406,True,True,185.0,32.9174320975922,True,True
3124,278.7174289541229,False,False,185.0,278.45483463499306,True,False,185.0,278.4551250457946,True,False
3125,74.56593688324851,True,False,185.0,32.814539384472596,True,True,185.0,32.513423127188865,True,True
3126,335.3289015920742,False,False,185.00000000000196,335.23798355665235,True,False,185.000000000002,335.2380285513327,True,False
3127,213.9460756054949,False,False,185.00000000000023,203.64598398542898,True,False,185.0000000000003,203.9356021315127,True,False
3128,347.74025380639233,False,False,185.0000000000017,347.6643993390127,True,False,185.00000000000176,347.6644323675397,True,False
3129,310.2489708170297,False,False,185.00000000000009,310.1116626102639,True,False,185.00000000000006,310.11175444983854,True,False
3130,404.0818501311749,False,False,185.0,404.0439003183555,True,False,185.00000000000003,404.0439107614074,True,False
3131,687.1748402510068,False,False,185.0,687.1700443639678,True,False,184.99999999999997,687.1700448184001,True,False
3132,366.2570052675196,False,False,185.00000000000009,366.19783390160296,True,False,185.0000000000001,366.1978556212858,True,False
3133,369.4590055077102,False,False,185.00000000000003,369.40219031132733,True,False,185.0,369.4022106472723,True,False
3134,289.5900579828701,False,False,185.00000000000009,289.38455892080026,True,False,185.00000000000006,289.38474612710195,True,False
3135,286.6459347895536,False,False,185.00000000000028,286.42691047435784,True,False,185.00000000000028,286.4271202074056,True,False
3136,357.5346991461714,False,False,185.00000000000003,357.46838125677704,True,False,185.0,357.4684075867977,True,False
3137,275.0952916706009,False,False,185.00000000000637,274.80847477865194,True,False,185.0000000000064,274.80881530311365,True,False
3138,169.30804678918665,True,False,185.0,33.165863093944395,True,True,185.0,32.930600574932036,True,True
3139,394.5998869290905,False,False,185.00000000000048,394.55775342881617,True,False,185.0000000000005,394.5577657825383,True,False
3140,407.519529122437,False,False,185.00000000000003,407.48295535769256,True,False,185.0,407.4829651178682,True,False
3141,379.689172187512,False,False,185.00000000000034,379.6390708226789,True,False,185.00000000000034,379.639087270582,True,False
3142,258.773545067104,False,False,185.00000000000026,258.32282752773324,True,False,185.00000000000017,258.3236031492395,True,False
3143,330.4067452842299,False,False,185.00000000000003,330.3086847219504,True,False,185.00000000000003,330.30873600225755,True,False
3144,252.93403051956733,False,False,185.00000000000895,252.38874050233264,True,False,185.00000000000907,252.38984150221953,True,False
3145,230.90529178026267,False,False,185.00000000000003,229.4416429854667,True,False,185.00000000000003,229.44848016807816,True,False
3146,169.69399799548188,True,False,185.0,33.16589748210379,True,True,185.0,32.93060781738769,True,True
3147,304.9366297206828,False,False,185.0000000000006,304.78530735028073,True,False,185.0000000000006,304.78541625532233,True,False
3148,306.86061307824207,False,False,185.00000000000003,306.7145920315572,True,False,185.0,306.7146943506012,True,False
3149,196.8515216407918,True,False,185.0,33.16704510040164,True,True,185.0,32.93218703273584,True,True
3150,390.7574360422997,False,False,185.00000000000003,390.7134263263248,True,False,185.00000000000003,390.71343957185064,True,False
3151,273.6426698220279,False,False,185.0000000000002,273.3452086573313,True,False,185.0000000000001,273.3455723287987,True,False
3152,340.9977620207572,False,False,185.0,340.9141987580477,True,False,185.00000000000003,340.91423771763033,True,False
3153,181.3237808947521,True,False,185.0,33.16659903407472,True,True,185.0,32.931545742427026,True,True
3154,244.5724436341625,False,False,185.0000000000003,243.82759883386436,True,False,185.0000000000002,243.8295577622436,True,False
3155,168.8456105863098,True,False,185.0,33.16582164853271,True,True,185.0,32.930596458309935,True,True
3156,367.9146480960222,False,False,185.0,367.8567130245156,True,False,184.99999999999997,367.85673399775067,True,False
3157,221.79089141210244,False,False,185.00000000000006,218.8279780967774,True,False,185.00000000000006,218.8530043971385,True,False
3158,178.95347266412514,True,False,185.0,33.16648780225997,True,True,185.0,32.931465320348735,True,True
3159,319.2648339883959,False,False,185.00000000000006,319.14740182656516,True,False,185.00000000000003,319.1474718234537,True,False
3160,151.07120044442462,True,False,185.0,33.16316450104327,True,True,185.0,32.927005783333534,True,True
3161,171.410087393433,True,False,185.0,33.16603239153143,True,True,185.0,32.9308383070104,True,True
3162,445.5246892642003,False,False,185.0,445.4996292159424,True,False,185.0,445.49963451026946,True,False
3163,335.2933879526539,False,False,185.000000000002,335.20242103569075,True,False,185.00000000000202,335.2024660707262,True,False
3164,430.8509854052181,False,False,185.00000000000037,430.8221637430103,True,False,185.0000000000004,430.822170386352,True,False
3165,324.2670384923992,False,False,185.00000000000188,324.15891427776774,True,False,185.0000000000019,324.15897491819857,True,False
3166,273.56688062068264,False,False,185.00000000000017,273.26884820199575,True,False,185.0000000000001,273.2692131376723,True,False
3167,293.3244551377936,False,False,185.0000000000032,293.1344381169615,True,False,185.00000000000327,293.1346009779957,True,False
3168,82.18052070365475,True,False,184.99999999999997,32.94627725206222,True,True,184.99999999999994,32.66346417362928,True,True
3169,160.38793957789062,True,False,184.99999999999957,33.16488586395591,True,True,184.9999999999996,32.929335299551894,True,True
3170,293.09146075979567,False,False,185.00000000000358,292.9005278747756,True,False,185.00000000000364,292.9006921244309,True,False
3171,257.5354371898761,False,False,185.00000000000017,257.0668702002001,True,False,185.0000000000001,257.0677031531748,True,False
3172,158.4769467595622,True,False,185.0,33.16460181641922,True,True,185.0,32.92893257768827,True,True
3173,126.61321808193968,True,False,185.0,33.1505166304212,True,True,185.0,32.91061166457295,True,True
3174,356.190910705935,False,False,185.00000000000003,356.12338674047953,True,False,185.0,356.1234139200742,True,False
3175,428.7262228683959,False,False,185.00000000000054,428.6967938974029,True,False,185.00000000000057,428.69680074939083,True,False
3176,293.4528794439026,False,False,185.000000000003,293.26336453590307,True,False,185.00000000000304,293.2635266340544,True,False
3177,238.1175680127915,False,False,185.00000000000028,237.1270032787513,True,False,185.0000000000002,237.13032508956996,True,False
3178,209.70847572959715,True,False,185.0,33.1674252068887,True,True,185.0,32.93270802800743,True,True
3179,323.6042331363479,False,False,185.00000000000236,323.4949367450477,True,False,185.00000000000242,323.4949985202527,True,False
3180,211.4327229066009,False,False,185.00000000003703,172.13803391525644,True,False,184.99999999997266,176.71670692226814,True,False
3181,136.0508112945154,True,False,185.0,33.15751410985511,True,True,185.0,32.91970563209608,True,True
3182,257.2949379528735,False,False,185.00000000000017,256.8227796218121,True,False,185.0000000000001,256.8236243487424,True,False
3183,260.29371192464714,False,False,185.00000000000642,259.8635385369863,True,False,185.0000000000065,259.8642506266752,True,False
3184,396.8262431374042,False,False,185.00000000000017,396.78514678658496,True,False,185.00000000000017,396.7851586374167,True,False
3185,296.0996866623132,False,False,185.00000000000009,295.92010875297984,True,False,185.00000000000009,295.9202560683636,True,False
3186,295.70650091316884,False,False,185.0000000000003,295.5254949767458,True,False,185.0000000000003,295.5256443677552,True,False
3187,685.3354846287341,False,False,185.00000000000003,685.330642505417,True,False,185.0,685.3306429921967,True,False
3188,244.57324815297144,False,False,185.0000000000003,243.82842775274466,True,False,185.0000000000002,243.8303865623518,True,False
3189,216.34815936872923,False,False,185.00000000000088,210.30260583198483,True,False,185.00000000000054,210.4007519968566,True,False
3190,207.102850806134,True,False,185.00000000000003,33.16724677070665,True,True,185.0,32.93244407125652,True,True
3191,467.1702400416018,False,False,185.0,467.1496031741646,True,False,185.00000000000003,467.1496070778257,True,False
3192,346.0077774081401,False,False,185.00000000000006,345.93004014370604,True,False,185.00000000000003,345.93007455646114,True,False
3193,382.74899550734233,False,False,185.0,382.7006887397869,True,False,185.00000000000003,382.70070422999373,True,False
3194,380.2776858005682,False,False,185.00000000000026,380.22793665899405,True,False,185.00000000000026,380.22795291428224,True,False
3195,626.1727309268432,False,False,185.0,626.1660175609665,True,False,185.0,626.1660183084376,True,False
3196,94.93745756651433,True,False,184.99999999999918,33.06350150332155,True,True,184.99999999999997,32.79984079867228,True,True
3197,238.39804703319385,False,False,185.00000000000034,237.42070273853463,True,False,185.00000000000023,237.4239428754571,True,False
3198,96.4620630538862,True,False,185.0,33.07232910322628,True,True,184.99999999999997,32.81076339831777,True,True
3199,611.8432376541787,False,False,185.0,611.8359287552589,True,False,185.00000000000003,611.8359295579866,True,False
3200,563.1651070467507,False,False,185.00000000000014,563.1551522463624,True,False,185.0000000000001,563.1551534436098,True,False
3201,396.2601265331825,False,False,185.00000000000023,396.218769811802,True,False,185.00000000000026,396.21878178558336,True,False
3202,11.92015316075588,True,True,178.21605396207124,0.8462702701847205,False,True,178.2557481775206,0.8581532365788993,False,True
3203,168.53713390233133,True,False,185.0,33.16579492976837,True,True,185.0,32.930577995791076,True,True
3204,327.283601704942,False,False,185.00000000000017,327.1805947874226,True,False,185.00000000000014,327.18065054648457,True,False
3205,417.6250127849744,False,False,185.0,417.5921088776924,True,False,185.0,417.59211711996784,True,False
3206,213.37423525500375,False,False,185.00000000003118,201.0806376073698,True,False,185.00000000002157,201.49224511783973,True,False
3207,298.53429051697475,False,False,185.00000000000006,298.36320480055866,True,False,185.0,298.3633400605028,True,False
3208,482.97450177580055,False,False,184.99999999999997,482.95644772520933,True,False,185.0,482.95645087698955,True,False
3209,210.73514115532447,False,False,185.0,33.16801578424681,True,True,185.0,32.93368454743427,True,True
3210,428.268673982305,False,False,185.0000000000006,428.23911195618234,True,False,185.0000000000006,428.23911885302635,True,False
3211,164.9452456332258,True,False,185.0,33.16544584967369,True,True,185.0,32.93005634968044,True,True
3212,264.96929228372824,False,False,185.00000000000014,264.59418006753646,True,False,185.00000000000009,264.5947344044106,True,False
3213,397.4761822065829,False,False,185.0000000000001,397.4353820084116,True,False,185.0000000000001,397.4353937208139,True,False
3214,435.5991789237743,False,False,185.00000000000006,435.57165403489495,True,False,185.00000000000003,435.5716602068827,True,False
3215,369.2501414508972,False,False,185.0,369.19317655922333,True,False,185.0,369.19319697911715,True,False
3216,328.7473464102744,False,False,185.0,328.6467003559652,True,False,184.99999999999997,328.64675394204386,True,False
3217,189.3456445013097,True,False,184.99999999999923,33.166875777523074,True,True,184.9999999999999,32.931904670027194,True,True
3218,520.7316032210055,False,False,185.00000000000003,520.718173112141,True,False,185.0,520.7181751251871,True,False
3219,179.07056188701185,True,False,185.0,33.16649380483603,True,True,185.0,32.93146441100687,True,True
3220,178.5875827324468,True,False,185.0,33.166469352404796,True,True,185.0,32.931462603873236,True,True
3221,304.97634121489733,False,False,185.00000000000057,304.8251310191198,True,False,185.0000000000006,304.82523978249986,True,False
3222,397.1877104100288,False,False,185.0000000000001,397.1467791293741,True,False,185.0000000000001,397.1467909017353,True,False
3223,297.1777634468792,False,False,185.0,297.0020189834556,True,False,185.0,297.00216079679814,True,False
3224,332.59118878825825,False,False,185.00000000000006,332.4963918325681,True,False,185.00000000000006,332.4964401520693,True,False
3225,517.0265049538534,False,False,185.0,517.0126975557915,True,False,185.0,517.0126996999765,True,False
3226,300.58423889669353,False,False,185.00000000000009,300.41986398125147,True,False,185.00000000000006,300.4199899494174,True,False
3227,378.7717969793144,False,False,185.0000000000005,378.7211396743621,True,False,185.0000000000005,378.7211564313937,True,False
3228,510.8458910078964,False,False,185.0,510.83142174764873,True,False,185.0,510.83142397521243,True,False
3229,270.34381550753403,False,False,185.00000000000006,270.01990625897525,True,False,185.00000000000003,270.0203306712841,True,False
3230,72.3324329574674,True,False,185.00000000000273,32.76120984974837,True,True,185.0000000000003,32.45319563038351,True,True
3231,390.6346250501953,False,False,185.00000000000003,390.5905534908141,True,False,185.00000000000003,390.59056676651636,True,False
3232,492.3608244554748,False,False,185.0,492.34410003384573,True,False,185.0,492.3441028383609,True,False
3233,182.7135369682508,True,False,185.0,33.166657456252786,True,True,185.0,32.93166944546636,True,True
3234,147.12318343536174,True,False,185.0,33.162112968081445,True,True,185.0,32.92568872493029,True,True
3235,347.5793923048659,False,False,185.0000000000018,347.5033657108675,True,False,185.00000000000182,347.50339886402503,True,False
3236,272.5059229276376,False,False,185.00000000000009,272.19972069089835,True,False,185.00000000000009,272.2001039756026,True,False
3237,385.29859294728897,False,False,185.0,385.2517145465741,True,False,185.0,385.25172933238093,True,False
3238,361.1436261863296,False,False,185.00000000000148,361.08040289907785,True,False,185.00000000000148,361.08042716722116,True,False
3239,242.664217790432,False,False,185.0,241.85776004283017,True,False,185.0,241.86002960428016,True,False
3240,264.6008313644176,False,False,185.0000000000001,264.22177498640764,True,False,185.0000000000001,264.22234001997396,True,False
3241,360.7588849432315,False,False,185.00000000000162,360.6953414105108,True,False,185.00000000000165,360.69536588401826,True,False
3242,261.1243031068268,False,False,185.00000000000333,260.7047633385976,True,False,185.0000000000034,260.7054434908251,True,False
3243,403.930205002701,False,False,185.0,403.8921928632157,True,False,185.0,403.8922033367791,True,False
3244,204.2543940277388,True,False,185.0,33.16717900628828,True,True,185.0,32.93232607880426,True,True
3245,477.4165720273172,False,False,185.00000000000014,477.39766242826886,True,False,185.00000000000014,477.39766581570467,True,False
3246,107.25899473607872,True,False,185.0,33.116443495673266,True,True,185.0,32.8673242279848,True,True
3247,184.28438479540588,True,False,185.0,33.1667161109864,True,True,185.0,32.93176456941262,True,True
3248,521.0221116379524,False,False,185.0,521.008710518919,True,False,185.0,521.0087125199769,True,False
3249,173.3811379322646,True,False,185.0,33.1661698563873,True,True,185.0,32.931014287302894,True,True
3250,427.50503808719776,False,False,185.00000000000065,427.4752521619078,True,False,185.00000000000068,427.47525913843856,True,False
3251,427.5399026050072,False,False,185.00000000000065,427.51012695238586,True,False,185.00000000000065,427.5101339252144,True,False
3252,217.98201877838832,False,False,185.00000000000003,213.3188226125321,True,False,185.00000000000003,213.3776709656648,True,False
3253,196.36899933633987,True,False,185.0,33.16703519023894,True,True,185.0,32.93218970655321,True,True
3254,167.573833895376,True,False,185.0,33.16571177909965,True,True,185.0,32.9304270607441,True,True
3255,196.3220690337655,True,False,185.0,33.1670342267355,True,True,184.99999999999997,32.932189878163165,True,True
3256,340.6405054640986,False,False,185.0,340.55650375024453,True,False,185.00000000000003,340.5565430546205,True,False
3257,160.43186617872595,True,False,185.0,33.16489195057391,True,True,185.0,32.92934686101608,True,True
3258,179.59183918109042,True,False,185.0,33.166520689455815,True,True,185.0,32.931458615271225,True,True
3259,545.0582959404064,False,False,185.00000000000003,545.0470274123828,True,False,185.0,545.0470289390202,True,False
3260,337.7222470465308,False,False,185.00000000000065,337.634540377414,True,False,185.00000000000068,337.63458267523083,True,False
3261,324.5049431990665,False,False,185.00000000000168,324.39723540705666,True,False,185.0000000000017,324.3972956449189,True,False
3262,464.5545597557486,False,False,185.0,464.5334477838586,True,False,185.0,464.533451882399,True,False
3263,250.9722257285158,False,False,185.00000000000026,250.38824810901323,True,False,185.00000000000017,250.38949740849046,True,False
3264,364.3843092756862,False,False,185.0000000000005,364.32369684899436,True,False,185.0000000000005,364.32371946102853,True,False
3265,177.80162146664586,True,False,185.0,33.166431286811196,True,True,185.00000000000003,32.931412915580424,True,True
3266,133.34969099012807,True,False,185.0,33.15588170141063,True,True,185.00000000000352,32.91754135062408,True,True
3267,135.0804561277523,True,False,185.0,33.156957527904865,True,True,185.0,32.91890414073747,True,True
3268,242.8751390449152,False,False,185.00000000000006,242.0758786172621,True,False,185.0,242.07811081341768,True,False
3269,316.15252438940064,False,False,185.00000000000017,316.02872072943507,True,False,185.00000000000014,316.0287974052499,True,False
3270,305.5643946099971,False,False,185.00000000000023,305.4148317167813,True,False,185.0000000000002,305.41493841382675,True,False
3271,148.06656678681009,True,False,185.0,33.162384552750545,True,True,185.0,32.92601436460029,True,True
3272,175.3244476395523,True,False,184.99999999999787,33.16629433231278,True,True,184.9999999999996,32.9311326796693,True,True
3273,232.24999581978696,False,False,185.0000000000003,230.8995051908024,True,False,185.0000000000002,230.90539886016188,True,False
3274,174.6862133059064,True,False,185.0,33.16625650677132,True,True,184.99999999999494,32.93109966023747,True,True
3275,299.5998603209256,False,False,185.00000000000009,299.43231091619265,True,False,185.00000000000006,299.4324412358867,True,False
3276,83.27892071244327,True,False,185.0,32.96043098407995,True,True,185.0,32.67968035860393,True,True
3277,184.0920525963608,True,False,185.0,33.16670963651242,True,True,185.0,32.93175577613559,True,True
3278,377.95004449117806,False,False,185.00000000000068,377.89888194938385,True,False,185.00000000000074,377.8988989908604,True,False
3279,354.6878631219756,False,False,184.99999999999997,354.6189537947546,True,False,185.0,354.61898189415706,True,False
3280,332.1636790400826,False,False,185.00000000000006,332.06825550393233,True,False,185.00000000000003,332.06830438281696,True,False
3281,327.9941823920892,False,False,185.00000000000003,327.89233117686723,True,False,185.0,327.8923858670999,True,False
3282,250.5478367535952,False,False,185.0000000000002,249.9549347742299,True,False,185.00000000000014,249.95621955282115,True,False
3283,386.5792846767672,False,False,185.00000000000003,386.53310189753347,True,False,185.00000000000003,386.5331163202573,True,False
3284,353.34298153397737,False,False,185.0,353.2727989356328,True,False,185.0,353.27282789602896,True,False
3285,290.09027501028044,False,False,185.00000000000009,289.88695320508447,True,False,185.00000000000006,289.8871368698959,True,False
3286,217.49199052809536,False,False,185.00000000000298,212.47963743823703,True,False,185.00000000000253,212.54735702131782,True,False
3287,362.5257326785976,False,False,185.00000000000105,362.4636415522184,True,False,185.00000000000105,362.46366510966044,True,False
3288,238.11369570077076,False,False,185.00000000000028,237.12294644395163,True,False,185.0000000000002,237.1262694008714,True,False
3289,451.5588172915791,False,False,185.0000000000003,451.53511046853066,True,False,185.00000000000034,451.5351153136604,True,False
3290,188.1306118565642,True,False,185.00000000000287,33.16684230677352,True,True,184.9999999999967,32.93187274652707,True,True
3291,701.6165849561776,False,False,185.00000000000006,701.6121322092026,True,False,185.00000000000003,701.6121325398117,True,False
3292,159.25396007916692,True,False,184.99999999999343,33.164721471261664,True,True,184.99999999999844,32.92906165601436,True,True
3293,88.95132275196693,True,False,185.0,33.01977168218336,True,True,185.0,32.747835485733546,True,True
3294,306.86828239130983,False,False,185.0,306.7222819432827,True,False,185.0,306.72238423738344,True,False
3295,560.2035118820124,False,False,185.00000000000003,560.1933569021878,True,False,185.0,560.1933581353745,True,False
3296,335.9629781251588,False,False,185.00000000000162,335.8729266925241,True,False,185.00000000000165,335.87297096193055,True,False
3297,401.2554971537931,False,False,185.0,401.21636228599544,True,False,185.0,401.2163732571339,True,False
3298,230.6824512098599,False,False,185.00000000000037,229.19853860053388,True,False,185.00000000000034,229.2055513505694,True,False
3299,87.78304857066074,True,False,185.0,33.00920355723784,True,True,185.0,32.735644375451024,True,True
3300,361.4600643972772,False,False,185.0000000000014,361.39710282908624,True,False,185.0000000000014,361.3971269350078,True,False
3301,145.46646666834073,True,False,185.0,33.161590477683895,True,True,185.0,32.925048053816305,True,True
3302,220.82159645633263,False,False,185.00000000000412,217.54301116908056,True,False,185.00000000000398,217.5732075522464,True,False
3303,221.1056323344893,False,False,185.00000000000122,217.92545757734857,True,False,185.00000000000108,217.95399063867433,True,False
3304,498.1051091836623,False,False,185.00000000000028,498.08913360207447,True,False,185.00000000000028,498.08913615762185,True,False
3305,238.73755606266369,False,False,185.00000000000037,237.77584070356653,True,False,185.00000000000028,237.7789855110218,True,False
3306,493.4914163687087,False,False,185.00000000000003,493.47484304768386,True,False,185.0,493.47484578846445,True,False
3307,309.8151380245959,False,False,185.00000000000009,309.67675622430625,True,False,185.00000000000003,309.6768493331558,True,False
3308,188.3576166814796,True,False,185.00000000000662,33.16684865386316,True,True,184.9999999999979,32.93187716401002,True,True
3309,218.19932143430896,False,False,185.00000000000014,213.67717374833057,True,False,185.0000000000001,213.73263378680033,True,False
3310,260.7103763804228,False,False,185.00000000000483,260.28558745302144,True,False,185.00000000000492,260.2862832797745,True,False
3311,332.09413936785535,False,False,185.00000000000006,331.9986133612721,True,False,185.00000000000003,331.998662333317,True,False
3312,56.45896303291713,True,False,185.0,31.96601044229097,True,True,185.0,31.622554112889013,True,True
3313,316.6086210550226,False,False,185.00000000000003,316.4857812265974,True,False,185.00000000000003,316.48585687230354,True,False
3314,477.1497148975224,False,False,185.00000000000014,477.13076284722143,True,False,185.00000000000014,477.13076624566213,True,False
3315,486.1220377163307,False,False,185.00000000000003,486.1044449888561,True,False,185.0,486.10444804567777,True,False
3316,239.44915081462327,False,False,185.0000000000166,238.5189261375641,True,False,185.00000000001668,238.52188286931315,True,False
3317,161.57705407702747,True,False,185.0,33.16504320226945,True,True,185.0,32.929546638892525,True,True
3318,483.6717124818728,False,False,185.0,483.6537620219988,True,False,185.0,483.6537651451144,True,False
3319,435.171983553019,False,False,185.00000000000006,435.1443452930921,True,False,185.00000000000006,435.14435150454807,True,False
3320,260.90721966560625,False,False,185.00000000000406,260.48493924303295,True,False,185.00000000000418,260.4856275564649,True,False
3321,187.79710744558963,True,False,185.0,33.16683272794829,True,True,184.99999999999412,32.931866008172854,True,True
3322,217.93061245197936,False,False,185.00000000000003,213.2328805683899,True,False,185.0,213.2925755386429,True,False
3323,118.98431992349816,True,False,185.0,33.141337182044964,True,True,185.0,32.89904047184276,True,True
3324,188.2034888662688,True,False,185.00000000000415,33.16684435185028,True,True,184.9999999999971,32.93187416706337,True,True
3325,255.63109486202916,False,False,185.0,255.13290436099854,True,False,185.0,255.13383664547555,True,False
3326,294.00365958253724,False,False,185.0000000000022,293.8162765867024,True,False,185.00000000000222,293.8164354472663,True,False
3327,338.3262754753546,False,False,185.00000000000043,338.2393541625464,True,False,185.00000000000043,338.2393958116432,True,False
3328,132.4662229121354,True,False,185.0,33.15529037437745,True,True,185.0,32.916806435307734,True,True
3329,222.9239216822617,False,False,185.00000000000054,220.26802491237922,True,False,185.0000000000004,220.28847697598425,True,False
3330,509.54307012895146,False,False,185.0,509.5284559002366,True,False,185.00000000000003,509.5284581654587,True,False
3331,108.70018334947912,True,False,185.0,33.120489634585795,True,True,184.99999999999426,32.872566036225386,True,True
3332,389.5682532246482,False,False,185.00000000000003,389.523639612952,True,False,185.00000000000003,389.5236531645028,True,False
3333,230.8413380823771,False,False,185.00000000000003,229.37192071833593,True,False,185.00000000000006,229.37880767545937,True,False
3334,266.5111986748008,False,False,185.00000000000023,266.1519439853777,True,False,185.0000000000001,266.15245632048783,True,False
3335,66.49753074715251,True,False,184.99999999999997,32.574285391968324,True,True,185.0,32.24727960286171,True,True
3336,414.0077572736407,False,False,185.0000000000002,413.9736001973399,True,False,185.0000000000002,413.97360894977027,True,False
3337,360.33162139818427,False,False,185.00000000000006,360.2677195849631,True,False,185.00000000000003,360.26774428231363,True,False
3338,183.71780280917864,True,False,185.0,33.16669664941387,True,True,185.0,32.931735380464495,True,True
3339,383.8199386084317,False,False,185.0,383.77223902125485,True,False,185.0,383.77225420035865,True,False
3340,268.5138400945383,False,False,185.0000000000033,268.1737317025025,True,False,185.00000000000338,268.1741954433392,True,False
3341,290.5320921001205,False,False,185.0000000000001,290.3306657225346,True,False,185.00000000000006,290.33084633300086,True,False
3342,394.9349474356533,False,False,185.00000000000043,394.89297230445214,True,False,185.00000000000045,394.8929845786414,True,False
3343,228.75497591580748,False,False,185.0000000000177,227.0744390925978,True,False,185.00000000001776,227.0832585374134,True,False
3344,194.11050098063757,True,False,185.0,33.16698982526902,True,True,185.0,32.93215546595277,True,True
3345,327.74440905431493,False,False,185.00000000000006,327.6421536902718,True,False,185.00000000000006,327.64220875379704,True,False
3346,331.4647546189709,False,False,185.00000000000006,331.3682941133773,True,False,185.0,331.36834393590317,True,False
3347,265.0390536722432,False,False,185.00000000000014,264.6646812984282,True,False,185.0000000000001,264.66523363523305,True,False
3348,308.75231467485776,False,False,185.00000000000006,308.61125175366635,True,False,185.00000000000006,308.61134808577526,True,False
3349,353.04335664863726,False,False,185.00000000000003,352.9728859304123,True,False,185.00000000000003,352.97291509084755,True,False
3350,372.82295681736247,False,False,185.00000000000003,372.7684795683616,True,False,185.0,372.76849847820296,True,False
3351,175.92439487884965,True,False,184.99999999999997,33.166329612947564,True,True,185.0,32.9311918105781,True,True
3352,88.56765166622858,True,False,184.99999999999932,33.01638667267036,True,True,185.00000000000568,32.74394425579188,True,True
3353,393.9398693799533,False,False,185.00000000000057,393.89742151130423,True,False,185.00000000000057,393.8974340175871,True,False
3354,203.76766994075624,True,False,185.0,33.16716991517113,True,True,185.0,32.932308247062906,True,True
3355,135.04459032033387,True,False,185.0,33.1569364981458,True,True,185.0,32.918875930203825,True,True
3356,161.67356478204226,True,False,185.0,33.16505637156094,True,True,185.0,32.92954983834498,True,True
3357,363.47871464614735,False,False,185.0000000000007,363.41738788108034,True,False,185.00000000000074,363.41741095170966,True,False
3358,168.2031327295253,True,False,185.0,33.1657666744511,True,True,185.0,32.930536132246395,True,True
3359,282.2214239781269,False,False,185.00000000000017,281.9795141893945,True,False,185.0000000000001,281.97976475546034,True,False
3360,168.2672435206395,True,False,185.0,33.165772072480884,True,True,185.0,32.93054540786727,True,True
3361,339.14287401386565,False,False,185.0000000000002,339.0569988818946,True,False,185.00000000000017,339.0570396828337,True,False
3362,305.600835135325,False,False,185.0000000000002,305.45137347852824,True,False,185.00000000000023,305.4514800493415,True,False
3363,343.6849750570265,False,False,185.00000000000003,343.60460959640847,True,False,185.0,343.6046460680806,True,False
3364,132.6986405381547,True,False,185.00000000000003,33.1554486022519,True,True,185.0,32.91702562857036,True,True
3365,289.3911102830543,False,False,185.00000000000009,289.18473589630077,True,False,185.00000000000006,289.18492453645126,True,False
3366,347.5126933523636,False,False,185.00000000000182,347.4365952290274,True,False,185.00000000000182,347.43662843568075,True,False
3367,124.1093884484178,True,False,185.0,33.147934457422124,True,True,185.0,32.907324027349574,True,True
3368,337.6519919941797,False,False,185.00000000000074,337.5641933357128,True,False,185.00000000000074,337.5642357105146,True,False
3369,228.93802730961977,False,False,185.00000000001555,227.27798302938982,True,False,185.00000000001563,227.28660555116696,True,False
3370,249.77833864501287,False,False,185.00000000000009,249.16870961255748,True,False,185.00000000000006,249.17006213334977,True,False
3371,319.7256614951689,False,False,185.00000000000006,319.6091331416152,True,False,185.00000000000003,319.60920218982693,True,False
3372,87.4397391215853,True,False,184.9999999999967,33.00595246786872,True,True,184.99999999999812,32.731823243553286,True,True
3373,383.8950083151349,False,False,185.0,383.84735089408895,True,False,185.0,383.8473660528314,True,False
3374,282.7304829323785,False,False,185.00000000000014,282.4913788479373,True,False,185.00000000000009,282.49162423360343,True,False
3375,314.0499877068824,False,False,185.0000000000015,313.92159953754407,True,False,185.00000000000153,313.92168123249076,True,False
3376,272.15931347123137,False,False,185.00000000000009,271.85037044577854,True,False,185.00000000000006,271.85075999380877,True,False
3377,465.738780229689,False,False,185.0,465.7178851783939,True,False,185.0,465.7178891927058,True,False
3378,351.9121022782919,False,False,185.0000000000002,351.84052879308734,True,False,185.00000000000017,351.84055872072037,True,False
3379,247.6681789905654,False,False,185.00000000000287,247.00874122651328,True,False,185.00000000000293,247.01030495535238,True,False
3380,432.10990100263103,False,False,185.00000000000026,432.08143114352674,True,False,185.00000000000028,432.0814376570784,True,False
3381,68.21812107316146,True,False,185.0,32.63792136972962,True,True,185.0,32.31642327047141,True,True
3382,592.581261483157,False,False,185.0,592.5730345145223,True,False,185.0,592.5730354813956,True,False
3383,174.5301111518815,True,False,185.0,33.166246813118555,True,True,185.00000000000693,32.931091282361095,True,True
3384,122.43008192930544,True,False,185.0,33.14598329594754,True,True,185.0,32.90485038280207,True,True
3385,528.1055184947428,False,False,185.0000000000002,528.0927987223363,True,False,185.0000000000002,528.0928004944278,True,False
3386,339.33721828348547,False,False,185.00000000000014,339.2515895381051,True,False,185.00000000000014,339.251630142324,True,False
3387,149.4826408291924,True,False,185.0,33.16276958901349,True,True,185.0,32.92655560851163,True,True
3388,172.62236573780316,True,False,185.0,33.16611913570025,True,True,185.0,32.9309720836819,True,True
3389,264.35363521818465,False,False,185.0000000000001,263.97189787459314,True,False,185.00000000000009,263.97247023848513,True,False
3390,275.89128909937483,False,False,185.00000000000432,275.6100687052021,True,False,185.0000000000044,275.61039731709127,True,False
3391,244.811191949408,False,False,185.00000000000034,244.07353350742034,True,False,185.0000000000002,244.07545759043714,True,False
3392,420.3449286160294,False,False,184.99999999999997,420.31292590907594,True,False,185.0,420.3129338360845,True,False
3393,558.3310146588144,False,False,185.0,558.3207303009257,True,False,185.00000000000003,558.3207315758942,True,False
3394,130.84905016643015,True,False,185.0,33.1541258832317,True,True,185.00000000000006,32.91526186292695,True,True
3395,162.50944064465594,True,False,184.99999999999997,33.165165405696925,True,True,185.0,32.92963442577172,True,True
3396,402.1236115650226,False,False,185.00000000000003,402.0848460106607,True,False,185.0,402.0848568337409,True,False
3397,236.9769481513912,False,False,185.00000000000003,235.92954751002998,True,False,185.00000000000003,235.93323095290367,True,False
3398,446.8149087884648,False,False,185.0,446.7901467682126,True,False,185.00000000000003,446.79015194142625,True,False
3399,402.774322504476,False,False,185.00000000000003,402.7358306542793,True,False,185.0,402.73584136031644,True,False
3400,234.0974673897061,False,False,185.00000000001552,232.88060994089383,True,False,185.00000000001563,232.8854715069709,True,False
3401,145.6691243824549,True,False,185.0,33.16165617676428,True,True,184.99999999999997,32.9251132149026,True,True
3402,311.461304685083,False,False,185.00000000000009,311.3269345571774,True,False,185.00000000000006,311.32702298737405,True,False
3403,340.6768577473096,False,False,185.0,340.59290079435493,True,False,185.00000000000003,340.5929400631476,True,False
3404,425.61146008567687,False,False,185.00000000000003,425.581108870152,True,False,185.00000000000003,425.5811160728916,True,False
3405,380.6713833219865,False,False,185.00000000000017,380.6218679024061,True,False,185.00000000000017,380.62188403097986,True,False
3406,346.4490423927988,False,False,185.00000000000006,346.3717908092973,True,False,185.00000000000003,346.3718248600466,True,False
3407,171.83939003179856,True,False,184.99999999999997,33.16606522793247,True,True,185.0,32.93089279771249,True,True
3408,156.38394495027674,True,False,185.0,33.16425539357998,True,True,184.99999999999997,32.928441394524086,True,True
3409,383.5020673024205,False,False,185.0,383.4541885983277,True,False,185.0,383.45420386533203,True,False
3410,299.1917082783105,False,False,185.00000000000006,299.0228168307251,True,False,185.00000000000003,299.02294901500613,True,False
3411,226.20590082742876,False,False,185.00000000000006,224.18912871191137,True,False,185.00000000000003,224.20146101779787,True,False
3412,308.4966158366005,False,False,185.00000000000006,308.3548968621748,True,False,185.0,308.3549939896035,True,False
3413,283.5994559998318,False,False,185.0000000000052,283.3650328882418,True,False,185.00000000000526,283.3652697553286,True,False
3414,476.7247239587835,False,False,185.00000000000017,476.70570403439683,True,False,185.00000000000017,476.70570745105493,True,False
3415,379.3631771260607,False,False,185.0000000000004,379.312879172548,True,False,185.00000000000043,379.31289572879393,True,False
3416,123.92519655117968,True,False,185.0,33.1477297069452,True,True,185.0,32.90702745889024,True,True
3417,288.9453813288445,False,False,185.00000000000006,288.7370261560565,True,False,185.00000000000006,288.73721805093334,True,False
3418,110.27058792381447,True,False,185.0,33.12452667126882,True,True,185.0,32.87777672721608,True,True
3419,480.7049695669432,False,False,185.00000000000003,480.6865726433507,True,False,185.00000000000003,480.68657589208226,True,False
3420,216.03732187616149,False,False,185.0000000000007,209.6405267856343,True,False,185.0000000000005,209.75047539382413,True,False
3421,320.5923730922023,False,False,185.00000000000009,320.477518172507,True,False,185.00000000000006,320.4775854754915,True,False
3422,235.8586868311179,False,False,185.0000000000015,234.75029246350587,True,False,185.00000000000156,234.7543827930001,True,False
3423,171.84620632999477,True,False,185.0,33.166065734015994,True,True,185.0,32.93089360473828,True,True
3424,285.46802067469577,False,False,185.00000000000168,285.24322181761886,True,False,185.0000000000017,285.2434415344117,True,False
3425,303.36408619788216,False,False,185.00000000000222,303.20822455992794,True,False,185.00000000000222,303.20833929883537,True,False
3426,467.5409406925338,False,False,185.00000000000003,467.5203699774155,True,False,185.0,467.52037385348103,True,False
3427,298.8314509765513,False,False,185.00000000000006,298.6613621263242,True,False,185.00000000000003,298.6614959796404,True,False
3428,456.46128265089095,False,False,185.00000000000006,456.4386031358211,True,False,185.00000000000003,456.4386076600207,True,False
3429,221.1310632782013,False,False,185.00000000000102,217.95944634459332,True,False,185.0000000000009,217.98783698319676,True,False
3430,424.0363713720986,False,False,185.0,424.0055386998543,True,False,185.00000000000003,424.00554612270525,True,False
3431,381.7780417105468,False,False,185.00000000000006,381.7291752115201,True,False,185.00000000000006,381.7291909970951,True,False
3432,236.77058014216828,False,False,185.0,235.71233655177392,True,False,185.0,235.71609090077857,True,False
3433,388.3031135681912,False,False,185.00000000000003,388.2578448829268,True,False,185.0,388.2578587902598,True,False
3434,138.38491835598825,True,False,185.00000000000003,33.15873943573124,True,True,185.0,32.92121949336524,True,True
3435,279.3255600842497,False,False,185.0,279.06673662616134,True,False,185.0,279.0670195929089,True,False
3436,164.19058549940496,True,False,185.0,33.16536449994504,True,True,185.0,32.92997576478956,True,True
3437,395.3377956578376,False,False,185.0000000000004,395.2960098563339,True,False,185.0000000000004,395.29602203913356,True,False
3438,371.086093370296,False,False,185.0,371.0304259497484,True,False,185.00000000000003,371.0304456053463,True,False
3439,312.4617739680471,False,False,185.000000000003,312.32976167066414,True,False,185.00000000000304,312.3298474420607,True,False
3440,380.77957243064697,False,False,185.00000000000017,380.7301209731208,True,False,185.00000000000017,380.7301370677741,True,False
3441,179.39091512498803,True,False,185.0,33.16651032849756,True,True,185.0,32.931460470358836,True,True
3442,581.9936928677166,False,False,185.0,581.9848942987476,True,False,185.0,581.9848953561524,True,False
3443,190.49169193474043,True,False,185.0,33.166906619240265,True,True,185.00000000000003,32.931965760254755,True,True
3444,544.8397967167457,False,False,185.0,544.8285109450031,True,False,185.0,544.8285124723773,True,False
3445,315.67444794920976,False,False,185.00000000000034,315.5496224775773,True,False,185.00000000000037,315.54970025281585,True,False
3446,287.3282465351398,False,False,185.0,287.1124691461631,True,False,185.0,287.1126733648303,True,False
3447,106.90492530545488,True,False,185.0,33.115396054360566,True,True,185.0,32.865986842083394,True,True
3448,385.790897882396,False,False,185.0,385.7442885736501,True,False,185.0,385.7443032254311,True,False
3449,282.8830140644365,False,False,185.00000000000017,282.6447414277206,True,False,185.00000000000009,282.6449852867803,True,False
3450,346.45750488284057,False,False,185.00000000000003,346.3802625722194,True,False,185.0,346.38029661626086,True,False
3451,247.35102173379684,False,False,185.00000000000438,246.68355407687378,True,False,185.00000000000446,246.6851531934845,True,False
3452,391.5593408900754,False,False,185.000000000001,391.5157320667754,True,False,185.00000000000102,391.5157451184824,True,False
3453,240.53285722476085,False,False,185.00000000000873,239.6475324150989,True,False,185.0000000000088,239.65023023546794,True,False
3454,24.03285074902148,True,True,185.0,16.44041316152628,True,True,185.0,16.375102749778222,True,True
3455,188.3087049859396,True,False,185.00000000000588,33.16684729241351,True,True,184.99999999999767,32.93187621113369,True,True
3456,268.36722422991954,False,False,185.00000000000372,268.0257662274745,True,False,185.0000000000038,268.02623333429966,True,False
3457,220.32849672213263,False,False,185.00000000001242,216.86575704173973,True,False,185.00000000001222,216.89919356911398,True,False
3458,354.1306353502914,False,False,185.0,354.06120239437007,True,False,185.0,354.0612308404189,True,False
3459,200.4294447538693,True,False,185.0,33.16711318671254,True,True,185.0,32.932203075271424,True,True
3460,269.4253982811447,False,False,185.0000000000011,269.09350575656197,True,False,185.00000000000114,269.0939493314627,True,False
3461,176.9273600061016,True,False,184.99999999999778,33.16638701011778,True,True,184.9999999999982,32.93131675658685,True,True
3462,245.94767563677345,False,False,185.00000000001256,245.24278326048739,True,False,185.00000000001268,245.2445521930945,True,False
3463,317.57255983151936,False,False,185.0,317.45172238114526,True,False,185.0,317.4517959104885,True,False
3464,303.205118909026,False,False,185.0000000000024,303.04878762111923,True,False,185.00000000000244,303.04890296869354,True,False
3465,346.93250337646725,False,False,185.00000000000207,346.85577907340263,True,False,185.00000000000205,346.85581273454994,True,False
3466,390.2749872490499,False,False,185.00000000000003,390.23073389900145,True,False,185.00000000000003,390.23074726482525,True,False
3467,330.3495081035066,False,False,185.00000000000003,330.25135992136114,True,False,185.0,330.25141128020454,True,False
3468,199.7337570661347,True,False,185.0,33.16710127705827,True,True,185.0,32.93218905246119,True,True
3469,314.07507111166194,False,False,185.00000000000148,313.94673904321445,True,False,185.00000000000153,313.94682067534427,True,False
3470,304.0547399610942,False,False,185.00000000000142,303.90089556298346,True,False,185.00000000000148,303.9010076867849,True,False
3471,173.9986030142853,True,False,185.0,33.16621200448769,True,True,185.0,32.931053922094854,True,True
3472,180.1727848958712,True,False,185.0,33.16654951404676,True,True,185.0,32.93146395184327,True,True
3473,408.7345378343376,False,False,185.00000000000085,408.69843403475954,True,False,185.00000000000082,408.6984435929846,True,False
3474,129.14398246482807,True,False,185.0,33.15277735294538,True,True,185.0,32.91349039550368,True,True
3475,337.25187440072386,False,False,185.0000000000009,337.16354926043294,True,False,185.0000000000009,337.16359207562175,True,False
3476,229.3958061590268,False,False,185.00000000001017,227.78522578823927,True,False,185.00000000001026,227.79338118169218,True,False
3477,365.8924061161316,False,False,185.00000000000017,365.83295793606663,True,False,185.00000000000017,365.8329798247574,True,False
3478,315.77834012516547,False,False,185.0000000000003,315.6537377192839,True,False,185.00000000000034,315.653815254328,True,False
3479,264.79150167940884,False,False,185.00000000000014,264.414494019656,True,False,185.00000000000009,264.4150534798879,True,False
3480,505.7992024552141,False,False,185.00000000000009,505.7841605312751,True,False,185.00000000000006,505.7841629019206,True,False
3481,205.17548119212668,True,False,185.0,33.167197475240776,True,True,185.0,32.93236105461185,True,True
3482,146.99170270523166,True,False,185.0,33.162073041713256,True,True,185.0,32.92562959650245,True,True
3483,138.25476360609588,True,False,185.0,33.15867449169907,True,True,185.0,32.92115363027779,True,True
3484,479.6543257018926,False,False,185.00000000000009,479.63576705364807,True,False,185.00000000000006,479.6357703465506,True,False
3485,216.8236931647789,False,False,185.00000000002154,211.25129445069368,True,False,185.00000000002038,211.33471932226664,True,False
3486,258.1138617073529,False,False,185.00000000000026,257.6537645120344,True,False,185.00000000000017,257.6545700074867,True,False
3487,365.00379674402257,False,False,185.00000000000034,364.9436663495877,True,False,185.00000000000037,364.9436886579482,True,False
3488,315.59868688355283,False,False,185.00000000000037,315.4736983894352,True,False,185.00000000000043,315.47377634032995,True,False
3489,161.74029711172898,True,False,185.0,33.165065509227865,True,True,185.0,32.92955194496221,True,True
3490,174.73255349590897,True,False,185.0,33.166259321020355,True,True,184.99999999999562,32.93110191635669,True,True
3491,82.26848643455075,True,False,185.00000000000003,32.94744915315802,True,True,185.0000000000061,32.66485682657861,True,True
3492,413.1909053367905,False,False,185.00000000000028,413.1564562502048,True,False,185.00000000000028,413.1564651264977,True,False
3493,368.4903925295799,False,False,185.0,368.43287849388173,True,False,185.0,368.4328992230606,True,False
3494,222.3024823871788,False,False,185.0000000000003,219.48545536004758,True,False,185.00000000000023,219.50825295626285,True,False
3495,263.5970238326828,False,False,185.00000000000003,263.2069019176632,True,False,185.00000000000003,263.20749743649986,True,False
3496,303.6597638728335,False,False,185.00000000000185,303.50477043676506,True,False,185.00000000000188,303.5048840441612,True,False
3497,250.695261322668,False,False,185.00000000000023,250.10548316993936,True,False,185.00000000000014,250.1067554849556,True,False
3498,320.54529097165687,False,False,185.00000000000006,320.4303460214087,True,False,185.00000000000003,320.43041341839995,True,False
3499,465.5239956957125,False,False,185.0,465.50306152648494,True,False,185.0,465.5030655563832,True,False
3500,471.3959473601948,False,False,185.0000000000004,471.3760477679781,True,False,185.00000000000043,471.37605139919515,True,False
3501,232.15256166966543,False,False,185.00000000000023,230.79436212795912,True,False,185.0000000000002,230.80031809502913,True,False
3502,273.0609782396928,False,False,185.00000000000014,272.7590908278379,True,False,185.0000000000001,272.75946436429456,True,False
3503,427.9145104214774,False,False,185.00000000000063,427.88484484072814,True,False,185.00000000000063,427.8848517751158,True,False
3504,400.7307178790694,False,False,185.0,400.69135741651627,True,False,185.0,400.69136847839764,True,False
3505,495.6759382629302,False,False,185.00000000000003,495.65965168052804,True,False,185.0,495.6596543159071,True,False
3506,402.5775820112584,False,False,185.0,402.53900768688084,True,False,185.00000000000003,402.5390184280758,True,False
3507,267.9462638190513,False,False,185.000000000005,267.60088629373547,True,False,185.0000000000051,267.6013632066801,True,False
3508,252.11527325070816,False,False,185.0000000000003,251.55433013941104,True,False,185.0000000000002,251.55549006292563,True,False
3509,229.12831485817944,False,False,185.00000000001327,227.48913495781287,True,False,185.0000000000134,227.4975590251982,True,False
3510,196.2734238546313,True,False,185.0,33.16703322831075,True,True,185.0,32.932190032775964,True,True
3511,271.9567432547689,False,False,185.00000000000006,271.64618160665157,True,False,185.00000000000006,271.6465748677715,True,False
3512,96.76024638414448,True,False,185.0,33.07396615047429,True,True,185.0,32.812796572938616,True,True
3513,145.76064712765944,True,False,185.0,33.161686332065244,True,True,185.0,32.925133716571416,True,True
3514,271.4369029202139,False,False,185.0,271.1221297163886,True,False,185.00000000000006,271.12253268542673,True,False
3515,222.04861245422455,False,False,185.00000000000017,219.16079595401592,True,False,185.00000000000017,219.18466248069706,True,False
3516,273.63840146831427,False,False,185.00000000000014,273.3409081742401,True,False,185.0000000000001,273.3412719167513,True,False
3517,327.25913163743496,False,False,185.00000000000017,327.1560845935366,True,False,185.00000000000017,327.15614038995136,True,False
3518,255.222822477278,False,False,185.0000000000003,254.71791041230915,True,False,185.0000000000003,254.7188659570014,True,False
3519,250.14879456282384,False,False,185.0000000000001,249.5473080062501,True,False,185.00000000000009,249.54862736209392,True,False
3520,372.5771526494482,False,False,185.00000000000003,372.52250911642375,True,False,185.0,372.52252812905436,True,False
3521,271.9802083887793,False,False,185.00000000000006,271.66983487801764,True,False,185.00000000000009,271.6702277060373,True,False
3522,300.55992334356625,False,False,185.0000000000001,300.3954710559092,True,False,185.00000000000009,300.39559712884585,True,False
3523,476.8503056814515,False,False,185.00000000000017,476.83130584759795,True,False,185.00000000000017,476.8313092589643,True,False
3524,341.5494166063384,False,False,185.00000000000003,341.46652411621926,True,False,184.99999999999997,341.4665625589364,True,False
3525,344.3766668987184,False,False,185.00000000000006,344.2970968788306,True,False,185.00000000000003,344.29713271405404,True,False
3526,165.23387866053892,True,False,185.0,33.165477692582705,True,True,185.0,32.93008742862056,True,True
3527,324.36816821396764,False,False,185.0000000000018,324.2602212906606,True,False,185.00000000000182,324.2602817603214,True,False
3528,378.66957135094657,False,False,185.00000000000054,378.6188515701783,True,False,185.00000000000054,378.61886836208316,True,False
3529,364.6570867441208,False,False,185.00000000000043,364.59668722675906,True,False,185.00000000000043,364.5967097049652,True,False
3530,170.0576443937178,True,False,185.0,33.16592752828318,True,True,185.0,32.93063728174431,True,True
3531,49.8260190771513,True,True,185.0,31.1378024519499,True,True,185.0,30.818550752491632,True,True
3532,507.2102988915621,False,False,185.00000000000003,507.1954201370081,True,False,185.00000000000003,507.19542246951113,True,False
3533,237.34544544325016,False,False,185.00000000000009,236.31696729535096,True,False,185.00000000000009,236.32052846263812,True,False
3534,439.7461607975926,False,False,184.99999999999997,439.71970420258384,True,False,185.0,439.71971002698217,True,False
3535,450.3500669485448,False,False,185.0000000000004,450.32609715381983,True,False,185.00000000000043,450.3261020731319,True,False
3536,154.0706684938392,True,False,185.0,33.16382064609792,True,True,185.00000000000003,32.927889747830235,True,True
3537,127.39793982300392,True,False,185.0,33.15125245991694,True,True,185.00000000000003,32.91156569525582,True,True
3538,524.2824472561622,False,False,185.0,524.269365739223,True,False,185.0,524.2693676076527,True,False
3539,180.6829964045639,True,False,185.0,33.16657218652298,True,True,185.0,32.93149227588264,True,True
3540,355.34692770575714,False,False,185.0,355.2786306480193,True,False,185.0,355.27865834680614,True,False
3541,277.1091707759596,False,False,185.0000000000016,276.8362073392242,True,False,185.00000000000168,276.8365187241226,True,False
3542,192.67265308196107,True,False,185.0,33.166960280006165,True,True,185.0,32.932090096903764,True,True
3543,114.59698392600586,True,False,185.0,33.13392569267063,True,True,185.0,32.88977394607545,True,True
3544,279.0784779351615,False,False,185.00000000000003,278.81813200856675,True,False,185.0,278.81841796987595,True,False
3545,633.018862759407,False,False,185.0,633.0124109883632,True,False,185.0,633.0124117214743,True,False
3546,237.48376293065272,False,False,185.00000000000014,236.46224603836976,True,False,185.0000000000001,236.46576270098902,True,False
3547,452.4747702791547,False,False,185.00000000000026,452.45126012813927,True,False,185.00000000000028,452.4512649148171,True,False
3548,221.3108135787311,False,False,185.00000000000014,218.19855002269765,True,False,185.0000000000001,218.2259626210077,True,False
3549,351.63883536621813,False,False,185.00000000000023,351.56699189906215,True,False,185.00000000000028,351.5670220166156,True,False
3550,251.37804434435355,False,False,185.00000000000028,250.80240857957983,True,False,185.0000000000002,250.80362514222287,True,False
3551,393.8324723062024,False,False,185.0000000000006,393.78997298010063,True,False,185.00000000000063,393.78998551049074,True,False
3552,197.83377486523892,True,False,185.0,33.16706513379793,True,True,185.0,32.93218100689736,True,True
3553,231.25979987519364,False,False,185.00000000000003,229.82746018018764,True,False,185.00000000000003,229.83403003408145,True,False
3554,407.995654823722,False,False,185.00000000000003,407.95926621803005,True,False,185.00000000000003,407.9592758973367,True,False
3555,78.08307400314722,True,False,185.0,32.88365003060903,True,True,185.0,32.592060211752155,True,True
3556,352.30334243594785,False,False,185.0000000000001,352.2321530363648,True,False,185.00000000000014,352.232182695952,True,False
3557,299.6878568462291,False,False,185.0000000000001,299.5205947781596,True,False,185.00000000000006,299.5207247003825,True,False
3558,161.7584624606002,True,False,185.0,33.16506799664647,True,True,185.0,32.9295525479582,True,True
3559,138.24940480982437,True,False,185.0,33.1586717761298,True,True,185.0,32.92115133954774,True,True
3560,287.61777898911595,False,False,185.0,287.40335833637556,True,False,185.0,287.4035602745704,True,False
3561,377.81149714101247,False,False,185.0000000000007,377.7602487334691,True,False,185.00000000000074,377.76026582212467,True,False
3562,281.7292115742373,False,False,185.0000000000001,281.48454303076176,True,False,185.0000000000001,281.48479874817207,True,False
3563,418.85574114412447,False,False,185.0,418.82324926288305,True,False,185.0,418.8232573509494,True,False
3564,144.12554325767394,True,False,185.0,33.16113850169121,True,True,184.99999999999557,32.924367449441824,True,True
3565,419.026719047594,False,False,184.99999999999997,418.9942838472265,True,False,184.99999999999997,418.99429191553696,True,False
3566,398.89581624226986,False,False,185.0,398.85565280006153,True,False,185.0,398.85566421835426,True,False
3567,284.8089416293451,False,False,185.0000000000028,284.58081480174326,True,False,185.00000000000287,284.5810403876712,True,False
3568,306.4484343155609,False,False,185.0,306.30130009590687,True,False,185.0,306.30140378200457,True,False
3569,412.5733951033338,False,False,185.00000000000037,412.53872299544224,True,False,185.0000000000004,412.5387319671555,True,False
3570,399.5301323698413,False,False,185.0,399.4902490354412,True,False,185.0,399.49026032444283,True,False
3571,143.06630961864957,True,False,185.0,33.16075329082671,True,True,185.0,32.9239179865288,True,True
3572,221.33124531949449,False,False,185.00000000000009,218.22560500602185,True,False,185.00000000000009,218.2529095170115,True,False
3573,166.43671450055373,True,False,184.9999999999986,33.165601561569744,True,True,184.9999999999998,32.93021729634283,True,True
3574,318.37737849823736,False,False,185.0,318.2581777026859,True,False,185.0,318.2582495323704,True,False
3575,322.3973865097632,False,False,185.00000000000009,322.28590938604134,True,False,185.00000000000006,322.2859732870201,True,False
3576,543.6165678660681,False,False,185.0,543.6051848963565,True,False,185.0,543.6051864334419,True,False
3577,145.39573004362182,True,False,185.0,33.16156781361003,True,True,185.0,32.92501726094164,True,True
3578,193.5702941028864,True,False,185.0,33.166979018435796,True,True,185.0,32.93213370132297,True,True
3579,253.011942099281,False,False,185.0000000000086,252.46810662282343,True,False,185.0000000000087,252.4692022188723,True,False
3580,304.80287029884903,False,False,185.00000000000068,304.6511692180082,True,False,185.0000000000007,304.6512786026884,True,False
3581,402.4899702987174,False,False,185.0,402.45135916951887,True,False,185.0,402.45136992606547,True,False
3582,332.422799499457,False,False,185.00000000000006,332.3277564352448,True,False,185.00000000000003,332.3278049751487,True,False
3583,153.34791554916004,True,False,184.99999999999997,33.16367368733222,True,True,184.99999999999483,32.92769261042,True,True
3584,250.48805233463275,False,False,185.00000000000017,249.89387629147717,True,False,185.0000000000001,249.89516617252355,True,False
3585,223.07494611489255,False,False,185.00000000000057,220.45580912480258,True,False,185.00000000000043,220.47574305399527,True,False
3586,292.9124384047317,False,False,185.00000000000387,292.720797484779,True,False,185.00000000000392,292.72096283454704,True,False
3587,210.39035606650484,False,False,185.0,33.16764318664531,True,True,185.0,32.93302414255055,True,True
3588,211.4834369230556,False,False,185.00000000000196,174.8001482912821,True,False,185.00000000000023,178.7269187127307,True,False
3589,488.7673965690804,False,False,185.0,488.7501792898338,True,False,185.0,488.75018228249684,True,False
3590,367.1174211094957,False,False,185.00000000000003,367.05889596102736,True,False,185.00000000000003,367.058917289723,True,False
3591,430.3666616511714,False,False,185.00000000000043,430.3377030691311,True,False,185.00000000000043,430.33770975986624,True,False
3592,426.2813565592392,False,False,185.0,426.2512069923621,True,False,185.00000000000003,426.2512141099568,True,False
3593,270.2584659807278,False,False,185.00000000000009,269.933826905872,True,False,185.00000000000009,269.93425305425745,True,False
3594,395.04590812022144,False,False,185.00000000000043,395.003985255404,True,False,185.00000000000043,395.0039975038306,True,False
3595,120.60394836721343,True,False,185.0,33.14363685495989,True,True,185.0,32.901884764477025,True,True
3596,204.5633131437244,True,False,185.0,33.16718498996088,True,True,185.0,32.93233754228522,True,True
3597,203.62792705313413,True,False,185.0,33.16716737068785,True,True,185.0,32.932303138220306,True,True
3598,326.29337858963453,False,False,185.00000000000054,326.18873016426534,True,False,185.00000000000057,326.1887874557609,True,False
3599,392.76295943682766,False,False,185.00000000000082,392.7199429740236,True,False,185.0000000000008,392.7199557494829,True,False
3600,296.75853127355805,False,False,185.0,296.5813101962776,True,False,185.0,296.58145411220045,True,False
3601,397.7727219896198,False,False,185.00000000000009,397.7320559395756,True,False,185.00000000000009,397.73206758897794,True,False
3602,422.6142325235334,False,False,185.0,422.5829561202128,True,False,185.0,422.58296375290087,True,False
3603,320.92246568206906,False,False,185.00000000000003,320.80823917760057,True,False,185.00000000000006,320.80830583834705,True,False
3604,437.6320541303126,False,False,185.0,437.6050601327929,True,False,185.0,437.60506611510914,True,False
3605,213.6012275018892,False,False,185.0000000000068,202.18280856193542,True,False,185.00000000000227,202.53863562608856,True,False
3606,203.24903969321417,True,False,185.0,33.16716059418706,True,True,185.0,32.932289476796875,True,True
3607,427.2059428877269,False,False,185.00000000000003,427.1760686362064,True,False,185.0,427.1760756462476,True,False
3608,282.5388119857923,False,False,185.00000000000014,282.29865709367675,True,False,185.00000000000009,282.2989044081208,True,False
3609,552.0993034108741,False,False,185.0,552.0885720529809,True,False,185.0,552.0885735216309,True,False
3610,374.2790160900986,False,False,185.00000000000003,374.22550963734153,True,False,185.00000000000003,374.22552796867194,True,False
3611,279.3781893641609,False,False,185.0,279.1196885127884,True,False,185.0,279.1199708471104,True,False
3612,356.0230633512552,False,False,185.0,355.9553866066886,True,False,185.0,355.9554138918142,True,False
3613,414.2297917407687,False,False,185.00000000000017,414.1957134517483,True,False,185.00000000000017,414.1957221718909,True,False
3614,121.09338918147192,True,False,185.0,33.144286328921304,True,True,185.0,32.90278263583995,True,True
3615,144.43006751273296,True,False,184.99999999999918,33.1612439601305,True,True,184.9999999999999,32.924490117475116,True,True
3616,335.5561855724657,False,False,185.00000000000185,335.46557950581695,True,False,185.00000000000188,335.46562424287464,True,False
3617,116.26973741988986,True,False,184.99999999999994,33.136975550681264,True,True,185.0,32.89352457966504,True,True
3618,162.84165763885682,True,False,185.0,33.16520537488461,True,True,185.0,32.929706987956756,True,True
3619,342.7739376529664,False,False,185.00000000000003,342.6925074749259,True,False,185.0,342.69254479630956,True,False
3620,150.50495596327153,True,False,185.0,33.163026714831595,True,True,185.0,32.92684998185914,True,True
3621,145.15220966213008,True,False,185.0,33.161489790869986,True,True,185.0,32.92489317334249,True,True
3622,346.3286987999107,False,False,185.00000000000006,346.2513151802046,True,False,185.00000000000003,346.25134932695204,True,False
3623,172.51405986940668,True,False,185.0,33.16611200700715,True,True,185.0,32.93096343951595,True,True
3624,371.04722095698224,False,False,185.0,370.9915264899214,True,False,185.00000000000003,370.9915461626012,True,False
3625,288.77029703631564,False,False,185.00000000000003,288.56115627496706,True,False,185.00000000000003,288.5613494616122,True,False
3626,291.86459872730967,False,False,185.00000000000014,291.66873669358114,True,False,185.00000000000006,291.6689085291889,True,False
3627,325.7562739359925,False,False,185.00000000000082,325.6507197109205,True,False,185.00000000000088,325.6507778641009,True,False
3628,301.6686071098671,False,False,185.00000000000426,301.50763034975665,True,False,185.00000000000426,301.5077517880787,True,False
3629,287.6243872241833,False,False,185.0,287.40999739283194,True,False,185.0,287.4101992794317,True,False
3630,259.82624961233404,False,False,185.0000000000083,259.38991189391265,True,False,185.00000000000836,259.39064278601927,True,False
3631,232.84253175746733,False,False,185.00000000000043,231.53741549195448,True,False,185.00000000000028,231.5429486250672,True,False
3632,77.31442643431042,True,False,184.99999999999997,32.86990926498267,True,True,185.00000000000003,32.57639127129318,True,True
3633,191.4344329779683,True,False,185.0000000000031,33.16693108166294,True,True,185.0000000000042,32.93202182493205,True,True
3634,424.2898632928214,False,False,185.00000000000003,424.25910880815854,True,False,185.00000000000003,424.25911619274683,True,False
3635,589.2230810045759,False,False,185.0,589.2146782825155,True,False,185.0,589.214679328033,True,False
3636,308.5869266331316,False,False,185.00000000000003,308.4454398661639,True,False,185.00000000000003,308.44553671365634,True,False
3637,268.5302826928769,False,False,185.00000000000327,268.1903251616214,True,False,185.00000000000333,268.1907885283859,True,False
3638,213.4252787411564,False,False,185.00000000002473,201.33978920347968,True,False,185.00000000001586,201.73782672992994,True,False
3639,215.83864002081395,False,False,185.00000000000048,209.19689645138476,True,False,185.0000000000004,209.3155190281515,True,False
3640,420.44585876769673,False,False,185.0,420.41388884976135,True,False,185.0,420.4138967651775,True,False
3641,281.46286810960873,False,False,185.00000000000014,281.216687580702,True,False,185.00000000000009,281.2169461551801,True,False
3642,268.0062633082676,False,False,185.0000000000048,267.66144850816744,True,False,185.00000000000492,267.66192400490706,True,False
3643,210.81378590450063,False,False,185.0,33.16820433190289,True,True,185.0000000000032,32.93408871530305,True,True
3644,319.7026456263188,False,False,185.00000000000006,319.5860723658431,True,False,185.00000000000003,319.58614146074245,True,False
3645,348.5214722695666,False,False,185.00000000000142,348.4464460645459,True,False,185.0000000000014,348.44647849461404,True,False
3646,361.6994766245616,False,False,185.0000000000013,361.63671207305066,True,False,185.00000000000134,361.6367360545454,True,False
3647,326.9465819499388,False,False,185.00000000000026,326.8430204427067,True,False,185.00000000000028,326.8430767142758,True,False
3648,365.18008820411166,False,False,185.00000000000028,365.120094013629,True,False,185.0000000000003,365.12011623788646,True,False
3649,231.36680419277013,False,False,185.00000000000006,229.94369825800953,True,False,185.00000000000003,229.9501901862944,True,False
3650,622.7585469408225,False,False,184.99999999999997,622.7516977907887,True,False,185.0,622.7516985113301,True,False
3651,284.1971905333242,False,False,185.00000000000404,283.9659102398387,True,False,185.00000000000406,283.96614144298974,True,False
3652,174.73508375557174,True,False,185.0,33.16625947381923,True,True,184.99999999999565,32.931102039309025,True,True
3653,123.85819240833042,True,False,185.0,33.14765526832528,True,True,185.0,32.906925636642086,True,True
3654,371.6369634171872,False,False,185.00000000000003,371.5816773359924,True,False,185.00000000000003,371.5816967538087,True,False
3655,131.96091250762146,True,False,185.0,33.15493787135295,True,True,185.0,32.91628127929398,True,True
3656,218.3921663194082,False,False,185.00000000000028,213.98887807988882,True,False,185.00000000000023,214.04156867302663,True,False
3657,451.8291390459647,False,False,185.0000000000003,451.80549049728796,True,False,185.0000000000003,451.8054953244016,True,False
3658,100.2895148815294,True,False,185.00000000000003,33.09125689964168,True,True,185.0,32.834699170281574,True,True
3659,567.2294653426225,False,False,185.00000000000009,567.2197767140499,True,False,185.00000000000009,567.2197778973939,True,False
3660,233.25687847441063,False,False,185.00000000000048,231.98202856286684,True,False,185.00000000000028,231.9873269504726,True,False
3661,243.7930861576431,False,False,185.00000000000017,243.0240019223189,True,False,185.00000000000014,243.0260805628337,True,False
3662,351.5748060654388,False,False,185.00000000000026,351.50289913375894,True,False,185.00000000000028,351.5029292961042,True,False
3663,76.11166816855153,True,False,184.99999999999278,32.84693673985273,True,True,184.99999999999542,32.55016141601183,True,True
3664,362.68807581805385,False,False,185.000000000001,362.62611583042235,True,False,185.00000000000102,362.6261393049664,True,False
3665,297.2914244709195,False,False,185.00000000000003,297.11607729755036,True,False,185.0,297.11621854704936,True,False
3666,189.16972647425945,True,False,184.99999999999866,33.16687098539929,True,True,184.99999999999977,32.931897618012556,True,True
3667,270.1990198015834,False,False,185.0000000000001,269.87387095986617,True,False,185.0000000000001,269.8742983204201,True,False
3668,153.349748503978,True,False,185.0,33.163674066652526,True,True,184.9999999999949,32.92769299815318,True,True
3669,270.8278554493791,False,False,185.0,270.5080396165663,True,False,185.0,270.50845435238017,True,False
3670,207.48428759090203,True,False,185.0,33.16725977644075,True,True,185.0,32.93246413942836,True,True
3671,152.40619754669632,True,False,185.0,33.163469256096356,True,True,185.0,32.92747264074882,True,True
3672,286.41820375916683,False,False,185.00000000000048,286.19807995440925,True,False,185.00000000000045,286.1982915677404,True,False
3673,498.5128997034332,False,False,185.00000000000026,498.49697554029046,True,False,185.00000000000026,498.496978086032,True,False
3674,146.77231338909036,True,False,185.0,33.16200549611474,True,True,185.0,32.92552293035195,True,True
3675,296.16512344455174,False,False,185.00000000000006,295.9857816247639,True,False,185.0000000000001,295.98592859768166,True,False
3676,196.88626202111053,True,False,185.0,33.16704581287841,True,True,185.0,32.93218679940452,True,True
3677,329.2842831753035,False,False,185.0,329.1844840853308,True,False,185.00000000000003,329.18453691237664,True,False
3678,310.38841572656014,False,False,185.00000000000009,310.251450084474,True,False,185.00000000000006,310.25154152017643,True,False
3679,616.8537265428324,False,False,185.0,616.8466336867103,True,False,185.0,616.8466344477517,True,False
3680,484.1519430501729,False,False,185.0,484.1340634740678,True,False,185.00000000000003,484.13406657864994,True,False
3681,155.75590708950753,True,False,185.0,33.1641423854627,True,True,185.0,32.92831250890992,True,True
3682,326.2319155182705,False,False,185.00000000000057,326.12716399426296,True,False,185.00000000000057,326.12722138444667,True,False
3683,205.96423835089325,True,False,185.0,33.16721530779617,True,True,185.0,32.932393391920385,True,True
3684,420.823236772617,False,False,185.0,420.7913890478926,True,False,185.0,420.79139691839913,True,False
3685,247.43867273373203,False,False,185.00000000000392,246.77343938449584,True,False,185.00000000000404,246.77502861140383,True,False
3686,177.06705718663005,True,False,185.0,33.166394525563454,True,True,185.0,32.931333218700544,True,True
3687,502.84696683651646,False,False,185.0000000000001,502.83157560907523,True,False,185.0000000000001,502.83157805627843,True,False
3688,319.29125161093606,False,False,185.00000000000003,319.1738715282381,True,False,185.0,319.17394147072497,True,False
3689,166.48284511198295,True,False,184.99999999999903,33.16560608671369,True,True,184.99999999999986,32.93022375250377,True,True
3690,475.4176504822247,False,False,185.00000000000023,475.3984197351628,True,False,185.00000000000023,475.39842320475736,True,False
3691,333.0301318710206,False,False,185.00000000000006,332.93597225976566,True,False,185.00000000000003,332.93602001541007,True,False
3692,288.7927895547025,False,False,185.00000000000003,288.583749955018,True,False,185.00000000000006,288.5839429752707,True,False
3693,224.67121659526103,False,False,185.00000000000918,222.3926595880568,True,False,185.0000000000092,222.4080901395964,True,False
3694,201.5912279191955,True,False,185.0,33.167132392053055,True,True,185.0,32.93223482605739,True,True
3695,302.4440237157229,False,False,185.00000000000335,302.2854156299015,True,False,185.00000000000335,302.2855339566462,True,False
3696,131.44973521414124,True,False,185.0,33.154566875270575,True,True,185.0,32.91591355071578,True,True
3697,152.4818415011149,True,False,184.99999999999997,33.16348564540757,True,True,185.0,32.92748959131323,True,True
3698,346.1585189435152,False,False,185.00000000000006,346.0809480714097,True,False,185.00000000000003,346.08098235848604,True,False
3699,315.8518292242026,False,False,185.00000000000026,315.7273842651803,True,False,185.00000000000028,315.72746163094376,True,False
3700,418.22871613755694,False,False,185.0,418.19601522740766,True,False,185.0,418.1960233893267,True,False
3701,321.718479097224,False,False,185.00000000000006,321.6057481691776,True,False,185.00000000000003,321.60581331327506,True,False
3702,513.3821425540377,False,False,185.00000000000003,513.3679499760747,True,False,185.0,513.3679521590598,True,False
3703,79.21520045534119,True,False,185.0,32.90265806971315,True,True,185.0,32.613782087878015,True,True
3704,260.98175343256605,False,False,185.0000000000038,260.56041702223234,True,False,185.00000000000392,260.56110251282394,True,False
3705,186.79918778475,True,False,185.0,33.16680130302425,True,True,185.0,32.93183515689113,True,True
3706,286.4193654016359,False,False,185.00000000000045,286.19924722561564,True,False,185.00000000000045,286.1994588293039,True,False
3707,362.0659030985572,False,False,185.0000000000012,362.0034384371874,True,False,185.00000000000122,362.0034622318036,True,False
3708,444.81513632656896,False,False,185.0,444.78991028785697,True,False,185.00000000000003,444.7899156541503,True,False
3709,152.46636039205734,True,False,185.0,33.163482283044715,True,True,185.0,32.92748624426766,True,True
3710,499.0353748039384,False,False,185.00000000000026,499.01951619357885,True,False,185.00000000000026,499.0195187266446,True,False
3711,131.36415512148807,True,False,185.0,33.15450514115352,True,True,185.0,32.9158362292144,True,True
3712,133.04416888843332,True,False,185.0,33.15567808538795,True,True,185.0,32.91729833432973,True,True
3713,370.15636965160144,False,False,185.0,370.1000503483,True,False,185.00000000000003,370.10007040014267,True,False
3714,246.5668948805921,False,False,185.00000000000884,245.8789088319465,True,False,185.00000000000895,245.8806000980748,True,False
3715,386.4721515168615,False,False,185.0,386.4259110926142,True,False,185.0,386.425925548811,True,False
3716,378.9980825488956,False,False,185.00000000000048,378.9475631629193,True,False,185.00000000000048,378.9475798431778,True,False
3717,253.18385533164349,False,False,185.00000000000776,252.6432083767891,True,False,185.00000000000784,252.64429216638686,True,False
3718,94.58472050268963,True,False,185.0,33.06133928995444,True,True,185.0,32.79724370568241,True,True
3719,311.89387954856323,False,False,185.00000000000352,311.7605361545497,True,False,185.00000000000355,311.7606234238713,True,False
3720,71.46835957068313,True,False,185.00000000000003,32.738241319438764,True,True,185.0,32.42748996020303,True,True
3721,130.4566783327423,True,False,185.0,33.153827944408015,True,True,184.99999999999548,32.91486869969399,True,True
3722,304.2663402514517,False,False,185.00000000000122,304.11310642866556,True,False,185.0000000000012,304.1132177658815,True,False
3723,247.95601595774656,False,False,185.00000000000168,247.30373662300676,True,False,185.00000000000173,247.3052691073838,True,False
3724,407.11498494519566,False,False,185.00000000000003,407.0782528412597,True,False,185.0,407.07826267365255,True,False
3725,223.42164608956065,False,False,185.00000000000063,220.88364919726777,True,False,185.00000000000043,220.90246165485559,True,False
3726,372.9223328060373,False,False,185.00000000000003,372.8679225851639,True,False,185.00000000000003,372.86794145403434,True,False
3727,333.9232712018603,False,False,185.00000000000009,333.8303899891559,True,False,185.00000000000003,333.83043663904647,True,False
3728,282.2577043308256,False,False,185.00000000000017,282.015996087808,True,False,185.00000000000009,282.0162462800157,True,False
3729,386.52652282468887,False,False,185.00000000000003,386.48031166830185,True,False,185.0,386.4803261074201,True,False
3730,327.16472764665457,False,False,185.0000000000002,327.06152559149865,True,False,185.0000000000002,327.06158153152086,True,False
3731,173.61353473297552,True,False,185.0,33.166185757075276,True,True,184.99999999999997,32.931027729515215,True,True
3732,381.1827979866279,False,False,185.0000000000001,381.13358391710176,True,False,185.0000000000001,381.13359988577287,True,False
3733,216.09821627739933,False,False,185.00000000000074,209.7731676061821,True,False,185.0000000000005,209.88064455534123,True,False
3734,356.93013099031145,False,False,185.00000000000003,356.86327422103426,True,False,185.00000000000003,356.86330093204845,True,False
3735,226.4372514886369,False,False,185.0000000000001,224.45551894104128,True,False,185.00000000000009,224.4674605589629,True,False
3736,252.90689107465136,False,False,185.0000000000091,252.3610929878566,True,False,185.0000000000092,252.3621958774486,True,False
3737,245.83620961396323,False,False,185.0000000000132,245.1282051238319,True,False,185.0000000000133,245.12998853593993,True,False
3738,156.10074435503162,True,False,185.0,33.16420628556325,True,True,185.0,32.928365404935334,True,True
3739,258.2229533870335,False,False,185.00000000000026,257.76442758487,True,False,185.00000000000017,257.76522803279966,True,False
3740,262.3309207570534,False,False,185.00000000000037,261.9261375759297,True,False,185.0000000000004,261.92677459616846,True,False
3741,344.5519650715832,False,False,185.00000000000006,344.47259489659587,True,False,185.00000000000003,344.47263057281225,True,False
3742,125.1438096140135,True,False,184.9999999999944,33.14904683847463,True,True,184.9999999999985,32.90871186070406,True,True
3743,257.9731470057675,False,False,185.0000000000002,257.51101082997246,True,False,185.00000000000014,257.511822893622,True,False
3744,481.97466130214167,False,False,185.00000000000003,481.95645727712764,True,False,185.00000000000003,481.9564604717325,True,False
3745,236.6471214548653,False,False,185.00000000000003,235.58230445760827,True,False,185.00000000000003,235.58610209680322,True,False
3746,398.9431083379464,False,False,185.0,398.90296587240823,True,False,185.0,398.90297728112404,True,False
3747,196.3265125078716,True,False,185.0,33.167034317952066,True,True,185.0,32.93218986283144,True,True
3748,370.918397011799,False,False,185.00000000000003,370.86261278223793,True,False,185.00000000000003,370.86263251236426,True,False
3749,412.27513986520296,False,False,185.00000000000037,412.2403593313348,True,False,185.00000000000043,412.24036834975806,True,False
3750,174.08797695998348,True,False,185.0,33.16621801880809,True,True,185.0,32.93106062953337,True,True
3751,306.57710423617874,False,False,185.0,306.4303188105771,True,False,185.0,306.4304220645982,True,False
3752,279.20601013475607,False,False,185.00000000000003,278.9464516667907,True,False,185.0,278.9467360764181,True,False
3753,350.9248643486091,False,False,185.00000000000045,350.8523087692513,True,False,185.00000000000048,350.8523393938381,True,False
3754,192.98854666100144,True,False,185.0,33.166967074199235,True,True,185.0,32.932105903437524,True,True
3755,304.3341560354014,False,False,185.00000000000117,304.1811171638731,True,False,185.00000000000117,304.18122825149374,True,False
3756,350.08552512200384,False,False,185.00000000000074,350.01211976204564,True,False,185.00000000000074,350.01215100240495,True,False
3757,259.32320959067687,False,False,185.00000000001015,258.8800882499955,True,False,185.0000000000102,258.88084008833323,True,False
3758,430.1732297455624,False,False,185.00000000000043,430.14421623239406,True,False,185.00000000000045,430.1442229434244,True,False
3759,457.092355404958,False,False,185.00000000000006,457.06980370218616,True,False,185.00000000000006,457.0698081871649,True,False
3760,300.150888908918,False,False,185.0000000000001,299.9851272122634,True,False,185.00000000000006,299.98525507204823,True,False
3761,394.81361410399,False,False,185.00000000000045,394.7715817180973,True,False,185.00000000000048,394.7715940215606,True,False
3762,191.08556263563457,True,False,185.00000000000068,33.16692218422382,True,True,185.0000000000016,32.932001189824696,True,True
3763,442.6223491012185,False,False,185.0,442.5966005041661,True,False,185.0,442.59660610002743,True,False
3764,227.5883167589123,False,False,185.00000000000048,225.76659192445632,True,False,185.00000000000034,225.77682193489966,True,False
3765,200.76241351690925,True,False,185.0,33.16711872462774,True,True,185.0,32.932211377651754,True,True
3766,321.0970329424566,False,False,185.00000000000009,320.98313680906864,True,False,185.00000000000003,320.9832031301737,True,False
3767,84.76999590233486,True,False,185.0,32.97813028870636,True,True,185.0,32.69988099514692,True,True
3768,377.2344920334893,False,False,185.00000000000088,377.18288388124637,True,False,185.00000000000088,377.1829011683886,True,False
3769,109.48245732518998,True,False,185.0,33.122546663575875,True,True,185.0,32.87520590400144,True,True
3770,367.3291275116843,False,False,185.0,367.27075986794813,True,False,185.00000000000003,367.27078110239427,True,False
3771,576.6539250831304,False,False,185.00000000000003,576.6448178593973,True,False,185.0,576.6448189575748,True,False
3772,321.2272468486057,False,False,185.00000000000006,321.1135962687668,True,False,185.00000000000003,321.1136623375763,True,False
3773,444.3815001927391,False,False,185.00000000000003,444.35617197064005,True,False,185.0,444.3561773838778,True,False
3774,186.36420022492177,True,False,185.0,33.1667866525834,True,True,185.0,32.931820426362954,True,True
3775,323.4700088075007,False,False,185.00000000000247,323.3604728630381,True,False,185.00000000000247,323.3605348713834,True,False
3776,266.67369004995646,False,False,185.0000000000089,266.3160479566919,True,False,185.00000000000892,266.31655611865654,True,False
3777,288.2117647620506,False,False,185.0,288.0000890676415,True,False,185.0,288.00028643536217,True,False
3778,330.17197087409176,False,False,185.00000000000003,330.07355021501473,True,False,185.00000000000003,330.0736018178687,True,False
3779,203.6476849790641,True,False,185.0,33.167167728796585,True,True,185.0,32.932303860932265,True,True
3780,270.1604868865318,False,False,185.00000000000014,269.8350069807787,True,False,185.00000000000014,269.83543512869255,True,False
3781,313.47086198044195,False,False,185.00000000000202,313.3411688312292,True,False,185.00000000000205,313.3412519906409,True,False
3782,208.5237679444226,True,False,185.0,33.16730770145611,True,True,185.0,32.93253620948692,True,True
3783,247.3864105100641,False,False,185.00000000000418,246.71984634882037,True,False,185.00000000000426,246.72144146176998,True,False
3784,237.40480188877183,False,False,185.0000000000001,236.37932034007864,True,False,185.00000000000009,236.3828623223371,True,False
3785,165.7802981779716,True,False,185.0,33.16553644889099,True,True,185.000000000007,32.93015263237507,True,True
3786,101.99735580220404,True,False,185.0,33.09841557402572,True,True,185.0,32.843905342381966,True,True
3787,279.35242582987405,False,False,185.00000000000003,279.0937671268879,True,False,185.00000000000003,279.0940497705004,True,False
3788,306.84560498567066,False,False,185.0,306.69954361745226,True,False,185.0,306.69964598534,True,False
3789,298.5696317762779,False,False,185.00000000000003,298.39866505520826,True,False,185.00000000000006,298.39880014855316,True,False
3790,163.23009335712754,True,False,185.0,33.1652525369465,True,True,185.0,32.92979769158245,True,True
3791,275.4373494181199,False,False,185.00000000000546,275.1529573525336,True,False,185.0000000000055,275.15329270421705,True,False
3792,361.1406118308043,False,False,185.00000000000148,361.0773860432065,True,False,185.00000000000153,361.0774103129198,True,False
3793,228.26975033768423,False,False,185.00000000000057,226.53279652765994,True,False,185.00000000000034,226.54216833716504,True,False
3794,185.40763979870343,True,False,185.0,33.16675386342844,True,True,185.0,32.93179607797611,True,True
3795,253.74729527927485,False,False,185.00000000000506,253.21690044889888,True,False,185.00000000000517,253.21794665574004,True,False
3796,131.42954268517445,True,False,185.0,33.1545522776573,True,True,185.0,32.91589655060811,True,True
3797,179.66373099017636,True,False,185.0,33.16652438487558,True,True,185.0,32.931458175987615,True,True
3798,297.1593491611753,False,False,185.0,296.98354021092626,True,False,185.0,296.9836821161269,True,False
3799,196.9787230178768,True,False,185.0,33.167047708654316,True,True,185.0,32.93218616729852,True,True
3800,37.06297418841952,True,True,185.0,26.840164209785904,True,True,184.99999999999747,26.66793449865432,True,True
3801,368.32409440037225,False,False,185.0,368.26645918868206,True,False,185.0,368.2664799864149,True,False
3802,212.9063335327817,False,False,185.00000000000009,198.31130183084392,True,False,185.0000000000003,198.88557341435626,True,False
3803,477.02245618949934,False,False,185.00000000000017,477.00348384955106,True,False,185.00000000000014,477.0034872534974,True,False
3804,174.09293940831944,True,False,185.0,33.16621835131433,True,True,185.0,32.93106100380623,True,True
3805,312.3125073736827,False,False,185.00000000000315,312.18014704052433,True,False,185.00000000000318,312.1802332039607,True,False
3806,174.3616994130554,True,False,185.0,33.16623605905451,True,True,185.00000000000298,32.93108075344683,True,True
3807,231.01471184927408,False,False,184.99999999999997,229.56084631232963,True,False,185.0,229.56759944648581,True,False
3808,175.3183724584925,True,False,184.99999999999778,33.16629397548221,True,True,184.99999999999957,32.9311322419986,True,True
3809,386.9235510548817,False,False,185.0,386.8775528470193,True,False,185.0,386.8775671673054,True,False
3810,247.8337702207559,False,False,185.00000000000216,247.17846547746123,True,False,185.00000000000222,247.18001112504473,True,False
3811,159.0077258772355,True,False,185.0,33.16468514949112,True,True,184.99999999999397,32.92902628074675,True,True
3812,167.49559067075683,True,False,184.9999999999954,33.165704524596606,True,True,184.99999999999636,32.93041225254786,True,True
3813,150.8418090150459,True,False,185.0,33.163110620840186,True,True,185.0,32.926923866811656,True,True
3814,511.38832384181256,False,False,185.0,511.3739143663035,True,False,185.0,511.3739165799709,True,False
3815,216.16132112411552,False,False,185.00000000000077,209.90906567875587,True,False,185.0000000000005,210.01406683999883,True,False
3816,172.4775773301462,True,False,185.0,33.1661095993412,True,True,185.0,32.93096032703686,True,True
3817,130.54728357007758,True,False,184.9999999999942,33.15389689100017,True,True,184.99999999999852,32.914948134476,True,True
3818,251.2639666137136,False,False,185.00000000000026,250.6860045320254,True,False,185.00000000000017,250.68723018263324,True,False
3819,268.6210162699029,False,False,185.00000000000298,268.28188943324926,True,False,185.00000000000304,268.2823507464711,True,False
3820,321.99234700440525,False,False,185.00000000000006,321.8801242374325,True,False,185.00000000000003,321.88018887552073,True,False
3821,233.5670177523436,False,False,185.0000000000005,232.31407938413338,True,False,185.00000000000028,232.3192107296716,True,False
3822,214.73168121854857,False,False,185.00000000002166,206.32745751037592,True,False,185.0000000000181,206.51908882882535,True,False
3823,307.1369078716075,False,False,185.0,306.99162630830324,True,False,185.0,306.99172772915927,True,False
3824,302.08269926673125,False,False,185.00000000000378,301.9229936813345,True,False,185.00000000000384,301.92311344547693,True,False
3825,65.71519889938808,True,False,184.9999999999987,32.54250321334672,True,True,184.99999999999844,32.21305982567844,True,True
3826,152.56473585842568,True,False,185.00000000000003,33.16350368815553,True,True,185.0,32.92750668544274,True,True
3827,345.12184114008005,False,False,185.00000000000006,345.0431158183567,True,False,185.00000000000003,345.04315098592804,True,False
3828,227.6155872409656,False,False,185.0000000000005,225.7973874091854,True,False,185.00000000000034,225.8075810578549,True,False
3829,485.7888538603327,False,False,185.0,485.7712130619014,True,False,185.0,485.7712161254499,True,False
3830,342.74875308689286,False,False,185.00000000000003,342.66729319730035,True,False,185.0,342.6673305418163,True,False
3831,260.97816953679745,False,False,185.00000000000384,260.5567878071743,True,False,185.00000000000392,260.5574734329574,True,False
3832,376.2121440741269,False,False,185.00000000000114,376.1598899305652,True,False,185.0000000000011,376.1599075694897,True,False
3833,301.34026045226204,False,False,185.0000000000001,301.1782654274008,True,False,185.00000000000009,301.1783882060868,True,False
3834,277.5200683203574,False,False,185.0000000000009,277.24981046154744,True,False,185.0000000000009,277.2501163043852,True,False
3835,466.8564930796375,False,False,185.0,466.8357999967354,True,False,185.0,466.8358039265613,True,False
3836,262.40957413896814,False,False,185.00000000000028,262.00572565830305,True,False,185.00000000000028,262.0063599941203,True,False
3837,210.0499810875913,False,False,185.0,33.16750144314788,True,True,185.0,32.93281648297018,True,True
3838,158.50079254386733,True,False,185.0,33.16460564825706,True,True,185.0,32.92893669680604,True,True
3839,283.5424183656507,False,False,185.00000000000531,283.30769211442026,True,False,185.00000000000534,283.3079295296763,True,False
3840,270.12962091286767,False,False,185.00000000000014,269.80387545475264,True,False,185.0000000000002,269.80430423481727,True,False
3841,494.3258914758835,False,False,185.0,494.3094284914273,True,False,185.00000000000003,494.3094311881267,True,False
3842,210.960197305925,False,False,185.0,33.16895224425044,True,True,184.99999999999986,32.93636587439496,True,True
3843,348.48182641773235,False,False,185.00000000000145,348.4067584832281,True,False,185.00000000000145,348.4067909435816,True,False
3844,102.79982594482225,True,False,184.99999999999264,33.10153786234865,True,True,185.00000000000708,32.847968757131554,True,True
3845,212.91656324704192,False,False,185.0000000000001,198.38105216553114,True,False,185.00000000000037,198.95082042762945,True,False
3846,249.74164552919268,False,False,185.00000000000009,249.13120074507464,True,False,185.00000000000006,249.1325566070894,True,False
3847,344.0047797142311,False,False,185.00000000000003,343.92478339987997,True,False,185.00000000000003,343.92481957609056,True,False
3848,293.91209481767544,False,False,185.00000000000233,293.7243598020166,True,False,185.00000000000236,293.7245191991725,True,False
3849,368.412341216089,False,False,185.0,368.3547703509161,True,False,185.0,368.3547911121079,True,False
3850,169.7141264456264,True,False,185.0,33.165899216399794,True,True,185.0,32.930608745897274,True,True
3851,196.912629155834,True,False,185.0,33.16704635349472,True,True,185.0,32.93218662057915,True,True
3852,184.2812289263792,True,False,185.0,33.16671600524441,True,True,185.0,32.93176443524964,True,True
3853,261.4149027725872,False,False,185.00000000000242,260.9989900701474,True,False,185.00000000000244,260.99965949002967,True,False
3854,363.9502997363102,False,False,185.00000000000063,363.88934640632755,True,False,185.0000000000006,363.88936923634077,True,False
3855,432.48830239909086,False,False,185.00000000000023,432.4599371399616,True,False,185.00000000000026,432.45994361593466,True,False
3856,223.2162863388461,False,False,185.0000000000006,220.6307619749975,True,False,185.00000000000043,220.65022763214682,True,False
3857,487.4963086001773,False,False,185.0,487.478912284155,True,False,185.0,487.4789153149006,True,False
3858,395.9105610320497,False,False,185.00000000000028,395.869042403898,True,False,185.00000000000028,395.8690544559748,True,False
3859,343.37349413330503,False,False,185.0,343.2927668451645,True,False,185.00000000000006,343.29280360529333,True,False
3860,275.16130197349094,False,False,185.0000000000062,274.8749553866792,True,False,185.00000000000622,274.87529490429466,True,False
3861,271.84374766976083,False,False,185.00000000000006,271.53227768832414,True,False,185.00000000000006,271.5326730389934,True,False
3862,208.0065977797511,True,False,185.0,33.16728093537756,True,True,185.0,32.93249633608461,True,True
3863,140.3888880559497,True,False,184.999999999996,33.159666406427824,True,True,184.99999999999912,32.92243718003612,True,True
3864,326.0964561033284,False,False,185.00000000000065,325.99147685327284,True,False,185.00000000000065,325.9915344615578,True,False
3865,186.61417432161556,True,False,185.0,33.166795117222485,True,True,185.0,32.93182861279817,True,True
3866,746.7774273407281,False,False,185.0,746.7738565637524,True,False,185.0,746.7738568761998,True,False
3867,381.94805052007285,False,False,185.00000000000003,381.89928267002966,True,False,185.00000000000003,381.8992984029846,True,False
3868,454.0659833444169,False,False,185.00000000000017,454.0428096255489,True,False,185.00000000000017,454.04281430553505,True,False
3869,294.7984088184241,False,False,185.00000000000114,294.61404169509115,True,False,185.00000000000117,294.61419603472217,True,False
3870,290.8072187318552,False,False,185.00000000000014,290.60695978554605,True,False,185.00000000000009,290.6071385381449,True,False
3871,415.9772715705753,False,False,185.00000000000006,415.9438047596589,True,False,185.00000000000006,415.943813229682,True,False
3872,287.0193830939311,False,False,185.00000000000009,286.80214462077123,True,False,185.00000000000009,286.80235131382193,True,False
3873,244.5362240405461,False,False,185.00000000000028,243.7902794451018,True,False,185.0000000000002,243.7922437306277,True,False
3874,248.60682786382336,False,False,185.00000000000014,247.97029641520055,True,False,185.00000000000017,247.97176123407263,True,False
3875,297.70256907895845,False,False,185.00000000000003,297.52864830027187,True,False,185.00000000000003,297.5287875391398,True,False
3876,351.91635612483964,False,False,185.00000000000017,351.844786831178,True,False,185.0000000000002,351.84481675586665,True,False
3877,321.3447907264608,False,False,185.00000000000006,321.23136116581935,True,False,185.00000000000006,321.2314270115384,True,False
3878,280.2001106961643,False,False,185.00000000000006,279.9465726675889,True,False,185.00000000000003,279.94684534786387,True,False
3879,278.21819166441,False,False,185.00000000000017,277.95244125892344,True,False,185.00000000000017,277.95273797951177,True,False
3880,365.0162819295346,False,False,185.00000000000034,364.95616119532576,True,False,185.00000000000037,364.95618349768296,True,False
3881,576.452395676289,False,False,185.0,576.4432765196608,True,False,185.00000000000003,576.4432776211071,True,False
3882,202.7360622142788,True,False,185.0,33.1671516616996,True,True,185.0,32.93227164471771,True,True
3883,467.4434296021551,False,False,185.0,467.42284151401486,True,False,185.00000000000003,467.42284539695277,True,False
3884,189.93938623296825,True,False,184.99999999999994,33.166891900384336,True,True,185.0,32.93193409482007,True,True
3885,255.8795234811308,False,False,185.0,255.3853565026335,True,False,185.0,255.38627499560593,True,False
3886,287.2932497459287,False,False,185.00000000000003,287.07730752098234,True,False,185.0,287.0775120194637,True,False
3887,229.46322646539772,False,False,185.00000000000944,227.85972360462907,True,False,185.00000000000952,227.86781311389092,True,False
3888,165.44577794342877,True,False,185.0,33.16550091189901,True,True,185.0,32.93011320737431,True,True
3889,367.3967383379104,False,False,185.0,367.33842087155534,True,False,185.00000000000003,367.3384420758147,True,False
3890,250.9067185590571,False,False,185.00000000000026,250.3213769653617,True,False,185.00000000000017,250.32263165902964,True,False
3891,577.825678283527,False,False,185.0,577.8166400258635,True,False,185.0,577.8166411062957,True,False
3892,434.3369319288685,False,False,185.00000000000009,434.3090702110081,True,False,185.0000000000001,434.30907650178005,True,False
3893,419.056126894144,False,False,185.0,419.0237014291324,True,False,185.0,419.0237094941644,True,False
3894,312.74204941087595,False,False,185.00000000000279,312.61068711750073,True,False,185.00000000000279,312.61077214599663,True,False
3895,128.08538184528825,True,False,185.00000000000026,33.15187176399914,True,True,185.0000000000008,32.91235895812972,True,True
3896,324.0547091373376,False,False,185.00000000000202,323.94621135078637,True,False,185.00000000000205,323.9462723523946,True,False
3897,467.4379847479033,False,False,185.0,467.41739568909355,True,False,185.0,467.4173995724169,True,False
3898,401.9977000931877,False,False,185.0,401.9588812703394,True,False,185.0,401.95889211624024,True,False
3899,298.6917782937186,False,False,185.00000000000006,298.5212219320794,True,False,185.00000000000006,298.5213564493083,True,False
3900,262.4583416425988,False,False,185.0000000000002,262.0550710775281,True,False,185.00000000000023,262.0557037575265,True,False
3901,310.46031307067926,False,False,185.00000000000009,310.32352357911225,True,False,185.00000000000009,310.32361480729713,True,False
3902,178.71374097773622,True,False,185.0,33.16647564507217,True,True,185.0,32.93146473177644,True,True
3903,159.91709417320712,True,False,185.0,33.16481833579143,True,True,185.00000000000009,32.92920591823912,True,True
3904,289.2451028646961,False,False,185.00000000000009,289.0380826430108,True,False,185.00000000000006,289.0382723476612,True,False
3905,432.7286730176649,False,False,185.00000000000023,432.7003739311541,True,False,185.00000000000023,432.7003803813778,True,False
3906,295.8272539237907,False,False,185.00000000000023,295.6466882869335,True,False,185.00000000000026,295.6468370386504,True,False
3907,110.38305550621112,True,False,185.0,33.12480339391825,True,True,185.0000000000055,32.878120353507754,True,True
3908,335.1847023307593,False,False,185.00000000000205,335.09358558848766,True,False,185.0000000000021,335.0936307483766,True,False
3909,262.8653128594534,False,False,185.0,262.4668170280906,True,False,185.00000000000003,262.4674360849406,True,False
3910,161.2560221934048,True,False,185.0,33.165000138973184,True,True,185.0,32.92952445855246,True,True
3911,145.06869873394996,True,False,185.0,33.161462480880736,True,True,185.0,32.92484757137082,True,True
3912,188.65489818787609,True,False,184.99999999999537,33.16685687953256,True,True,184.99999999999892,32.93188296238113,True,True
3913,269.3491964486873,False,False,185.00000000000125,269.01662846867964,True,False,185.00000000000128,269.01707368765256,True,False
3914,235.0062081307173,False,False,185.0000000000072,233.84736193638125,True,False,185.0000000000073,233.85180346473118,True,False
3915,331.9117587471044,False,False,185.00000000000006,331.815963257799,True,False,185.00000000000006,331.8160124756671,True,False
3916,197.3851784634846,True,False,185.00000000000003,33.16705602926524,True,True,185.0,32.932183406102645,True,True
3917,423.4781883096059,False,False,185.0,423.4471825082194,True,False,185.00000000000003,423.447190011727,True,False
3918,272.876592745339,False,False,185.00000000000014,272.5732819932974,True,False,185.00000000000009,272.573658733174,True,False
3919,153.62730920720935,True,False,184.99999999999682,33.16373061929326,True,True,184.99999999999935,32.9277514441679,True,True
3920,110.4022115985786,True,False,185.0,33.12485010757912,True,True,184.99999999999315,32.87817762071081,True,True
3921,299.75910830992257,False,False,185.00000000000009,299.59207838329843,True,False,185.00000000000006,299.5922079833664,True,False
3922,234.2379902556019,False,False,185.00000000001424,233.0304081954236,True,False,185.00000000001435,233.03520146052495,True,False
3923,185.2798318909905,True,False,185.0,33.16674951858031,True,True,185.0,32.93179378309871,True,True
3924,313.33110400614896,False,False,185.0000000000022,313.20109311807573,True,False,185.0000000000022,313.2011766294408,True,False
3925,448.37035377750686,False,False,185.0000000000005,448.34594465637105,True,False,185.0000000000005,448.34594970634595,True,False
3926,301.0980145815887,False,False,185.00000000000009,300.9352623887656,True,False,185.00000000000009,300.9353861785593,True,False
3927,316.4975323152108,False,False,185.00000000000003,316.37445871295733,True,False,185.00000000000006,316.3745346089796,True,False
3928,207.08586334065328,True,False,185.0,33.16724622850665,True,True,185.0,32.93244323182276,True,True
3929,394.1848369608786,False,False,185.00000000000054,394.14250614512264,True,False,185.00000000000054,394.14251859496113,True,False
3930,321.5284222443878,False,False,185.00000000000009,321.41533675533213,True,False,185.00000000000006,321.4154022558454,True,False
3931,310.0164289151627,False,False,185.00000000000006,309.8785467228403,True,False,185.00000000000006,309.8786392377708,True,False
3932,177.04242025742792,True,False,185.0,33.16639321208138,True,True,185.0,32.931330361906205,True,True
3933,330.8301413901647,False,False,185.00000000000003,330.73272557791483,True,False,185.0,330.73277627470384,True,False
3934,622.3482737832136,False,False,185.0,622.3414080679839,True,False,185.0,622.3414087871095,True,False
3935,261.0532059787832,False,False,185.00000000000358,260.63277157449625,True,False,185.00000000000364,260.63345438026954,True,False
3936,369.2506705687961,False,False,185.0,369.1937060570353,True,False,185.00000000000003,369.19372647671923,True,False
3937,329.4151834332878,False,False,185.00000000000003,329.3155893064118,True,False,185.00000000000003,329.31564195232363,True,False
3938,284.32894232353743,False,False,185.00000000000375,284.09834651787804,True,False,185.0000000000038,284.0985764997587,True,False
3939,397.55819658173925,False,False,185.00000000000009,397.5174335458254,True,False,185.0000000000001,397.51744524099337,True,False
3940,539.049082270832,False,False,185.00000000000003,539.037326208233,True,False,185.0,539.0373278317036,True,False
3941,206.66047746489977,True,False,185.0,33.167233481864,True,True,185.0,32.932423329810334,True,True
3942,186.3045467136641,True,False,185.0,33.16678461882488,True,True,185.0,32.93181857957629,True,True
3943,195.48727314266253,True,False,185.0,33.16701722295588,True,True,185.0,32.93218826140581,True,True
3944,323.12453394896374,False,False,185.0000000000027,323.01437801677883,True,False,185.00000000000276,323.0144406349281,True,False
3945,243.41969167264224,False,False,185.0000000000001,242.638552453558,True,False,185.00000000000009,242.64069184621928,True,False
3946,168.64214394042548,True,False,185.0,33.16580392410464,True,True,185.0,32.93058667063169,True,True
3947,138.04147452861915,True,False,185.0,33.158565588757114,True,True,185.0,32.92107016951098,True,True
3948,325.9971638845251,False,False,185.00000000000068,325.89201726758404,True,False,185.00000000000074,325.89207503452525,True,False
3949,254.1668219890067,False,False,185.00000000000327,253.64386886522203,True,False,185.00000000000335,253.64488818164565,True,False
3950,112.39586767367636,True,False,184.99999999999986,33.12943797002817,True,True,185.0,32.88401757835676,True,True
3951,201.39797540707696,True,False,185.0,33.167129202020305,True,True,185.0,32.93222913397199,True,True
3952,181.99628514204437,True,False,185.0,33.16662728403096,True,True,185.0,32.931608879539326,True,True
3953,235.1113382148856,False,False,185.00000000000634,233.9589129347968,True,False,185.00000000000645,233.9633090291173,True,False
3954,317.62162344015974,False,False,185.0,317.500886670681,True,False,184.99999999999997,317.5009600952744,True,False
3955,353.99397020344577,False,False,185.0,353.92440797859047,True,False,185.0,353.92443651089343,True,False
3956,213.86233721369337,False,False,185.00000000000009,203.3107675045671,True,False,185.00000000000017,203.61476023141125,True,False
3957,379.08777643289415,False,False,185.00000000000045,379.0373115712596,True,False,185.00000000000048,379.0373282210899,True,False
3958,258.3090466571613,False,False,185.00000000000026,257.85175523965387,True,False,185.00000000000014,257.8525517373674,True,False
3959,292.4797622725153,False,False,185.00000000000458,292.2863944146069,True,False,185.0000000000046,292.2865624049596,True,False
3960,73.85437719587422,True,False,185.0,32.798434086990355,True,True,185.0,32.495141067300615,True,True
3961,154.97263563158737,True,False,185.0,33.16399468947579,True,True,185.0,32.92820107991097,True,True
3962,290.28911864398015,False,False,185.00000000000009,290.0866530701346,True,False,185.00000000000006,290.086835356249,True,False
3963,203.3032412527455,True,False,185.0,33.16716155369773,True,True,185.0,32.932291402514004,True,True
3964,345.54382536877307,False,False,185.00000000000006,345.465572845904,True,False,185.00000000000003,345.465607650815,True,False
3965,317.16086776347964,False,False,185.0,317.039180802439,True,False,185.0,317.0392552221129,True,False
3966,230.60547936780665,False,False,185.00000000000054,229.1144593932955,True,False,185.00000000000057,229.1215342029335,True,False
3967,360.7214372076247,False,False,185.00000000000162,360.6578623847292,True,False,185.00000000000165,360.6578868780616,True,False
3968,579.4489059220708,False,False,185.0,579.4399620455538,True,False,185.0,579.4399631066235,True,False
3969,192.5783494699616,True,False,185.0,33.166958196357434,True,True,185.0,32.93208537019963,True,True
3970,201.96379503452096,True,False,185.0,33.167138585425,True,True,185.0,32.93224604636557,True,True
3971,345.10792254786,False,False,185.00000000000003,345.0291815636216,True,False,185.00000000000003,345.02921674344475,True,False
3972,240.25992560433795,False,False,185.00000000001074,239.36362254929585,True,False,185.00000000001089,239.36638266954213,True,False
3973,334.6223960965768,False,False,185.0000000000024,334.53049866082046,True,False,185.0000000000024,334.530544480836,True,False
3974,452.95586605683104,False,False,185.00000000000023,452.93245832026395,True,False,185.00000000000026,452.932463075073,True,False
3975,221.79046837607564,False,False,185.00000000000009,218.82742899672434,True,False,185.00000000000006,218.85245726647946,True,False
3976,215.22197750948345,False,False,185.00000000000085,207.69536087615174,True,False,185.0000000000002,207.8483394301213,True,False
3977,365.785309888002,False,False,185.00000000000017,365.7257800566866,True,False,185.00000000000017,365.725801994876,True,False
3978,150.90034989117098,True,False,185.0,33.163124487687256,True,True,185.0,32.92694322515052,True,True
3979,255.7176670740444,False,False,185.0,255.22088433080367,True,False,185.0,255.22181178056107,True,False
3980,398.4858930532143,False,False,185.00000000000003,398.44554715541886,True,False,185.00000000000003,398.44555865757536,True,False
3981,282.5570793549817,False,False,185.00000000000017,282.3170249009426,True,False,185.0000000000001,282.3172720304528,True,False
3982,547.0010455300613,False,False,185.0,546.9899287671382,True,False,185.0,546.9899302941943,True,False
3983,265.0018776419853,False,False,185.00000000000017,264.6271112760175,True,False,185.00000000000009,264.6276646780427,True,False
3984,131.98640007761352,True,False,185.0,33.154955672231225,True,True,185.0,32.91630592703644,True,True
3985,418.5816657777061,False,False,185.0,418.5490827546384,True,False,185.0,418.54909087377416,True,False
3986,203.09152555061857,True,False,185.0,33.167157823567265,True,True,184.99999999999997,32.932283929611984,True,True
3987,242.8762177606785,False,False,185.00000000000003,242.076993881838,True,False,185.0,242.07922588901704,True,False
3988,542.1909876150077,False,False,185.0,542.1794899354937,True,False,185.0,542.1794914957487,True,False
3989,318.6150670986277,False,False,185.0,318.4963436662373,True,False,185.0,318.49641500535716,True,False
3990,305.54778698305824,False,False,185.00000000000026,305.39817791929624,True,False,185.00000000000026,305.3982846739767,True,False
3991,115.25552426722024,True,False,185.0,33.13516171419136,True,True,185.0,32.89126294315346,True,True
3992,293.13306644839264,False,False,185.00000000000352,292.9422975744658,True,False,185.00000000000358,292.9424615729959,True,False
3993,38.16474910838201,True,True,184.99999999999952,27.43259651852284,True,True,184.99999999999955,27.24603092847995,True,True
3994,120.11939499630984,True,False,185.0,33.14297162498292,True,True,185.0,32.90106186046821,True,True
3995,340.01502325721344,False,False,185.00000000000003,339.9302461297391,True,False,185.0,339.930286052348,True,False
3996,376.9742450489004,False,False,185.00000000000097,376.9224735025899,True,False,185.00000000000094,376.9224908796481,True,False
3997,224.90668169365907,False,False,185.0000000000062,222.6719484510405,True,False,185.00000000000617,222.6868383299074,True,False
3998,593.1152774542493,False,False,185.00000000000003,593.1070779748472,True,False,185.00000000000003,593.1070789281066,True,False
3999,492.2165393781856,False,False,185.0,492.19979553860327,True,False,185.00000000000003,492.1997983506219,True,False
4000,122.12610083740432,True,False,185.0,33.14560896639938,True,True,185.0,32.90441843408123,True,True
4001,179.1006412909176,True,False,185.0,33.16649535130587,True,True,185.0,32.93146409579628,True,True
4002,219.75456651137875,False,False,185.0000000000247,216.05321330423612,True,False,185.0000000000244,216.09109968062862,True,False
4003,101.10429996762365,True,False,185.00000000000003,33.0947645959507,True,True,184.9999999999935,32.83916335011263,True,True
4004,357.63839115987463,False,False,185.00000000000003,357.57216508941843,True,False,185.00000000000006,357.5721913545762,True,False
4005,531.0152394287159,False,False,185.00000000000014,531.0027859787506,True,False,185.00000000000017,531.0027877152145,True,False
4006,607.9608563900678,False,False,185.00000000000003,607.9533739515741,True,False,185.00000000000006,607.9533747583354,True,False
4007,268.9751519787161,False,False,185.00000000000207,268.6392386766867,True,False,185.00000000000213,268.63969206374776,True,False
4008,205.95293397439943,True,False,185.0,33.16721503450967,True,True,185.0,32.93239291970172,True,True
4009,291.64655363675666,False,False,185.0000000000001,291.4497963935265,True,False,185.00000000000009,291.449969628202,True,False
4010,404.5000782644888,False,False,185.0,404.46229962029616,True,False,185.0,404.4623099742743,True,False
4011,278.4656398042391,False,False,185.00000000000003,278.2014606249157,True,False,185.00000000000006,278.2017542026254,True,False
4012,257.2661507996845,False,False,185.0000000000001,256.79355979730786,True,False,185.0000000000001,256.79440595231455,True,False
4013,350.4407623084804,False,False,185.0000000000006,350.36771828672323,True,False,185.00000000000063,350.36774926497736,True,False
4014,130.2062470268181,True,False,185.0,33.153632475337844,True,True,185.0,32.914632489970884,True,True
4015,333.94323378865664,False,False,185.00000000000006,333.850380870639,True,False,185.0,333.85042749651257,True,False
4016,127.90181954769236,True,False,184.99999999999966,33.15170842802804,True,True,184.99999999999997,32.91211896628896,True,True
4017,409.1431790887012,False,False,185.00000000000077,409.1072314917116,True,False,185.00000000000077,409.107240987314,True,False
4018,218.17703190274997,False,False,185.0000000000001,213.64077269652068,True,False,185.0000000000001,213.6965667322615,True,False
4019,432.99778565663325,False,False,185.0000000000002,432.9695604055899,True,False,185.0000000000002,432.9695668291331,True,False
4020,357.8011716604079,False,False,185.00000000000003,357.7350893756371,True,False,185.00000000000003,357.7351155387493,True,False
4021,287.6549863142642,False,False,185.00000000000003,287.44073911608035,True,False,185.0,287.4409407639964,True,False
4022,337.1821468687115,False,False,185.00000000000094,337.0937295279709,True,False,185.00000000000097,337.093772419745,True,False
4023,529.3485108753164,False,False,185.00000000000017,529.3359058018559,True,False,185.00000000000017,529.3359075563793,True,False
4024,137.3524750762289,True,False,185.0000000000072,33.15821808500097,True,True,184.9999999999933,32.92060636718883,True,True
4025,36.05707437886585,True,True,184.9999999999987,26.25654163119101,True,True,184.99999999999912,26.096870814320404,True,True
4026,454.4456128976171,False,False,185.00000000000014,454.4225184761954,True,False,185.00000000000014,454.4225231311087,True,False
4027,377.1199163586882,False,False,185.0000000000009,377.0682363586042,True,False,185.00000000000088,377.0682536854214,True,False
4028,227.33711109334877,False,False,185.00000000000043,225.48236708121635,True,False,185.0000000000003,225.49294051208517,True,False
4029,513.3239226999622,False,False,185.0,513.3097238514611,True,False,185.0,513.3097260348809,True,False
4030,101.5461287255304,True,False,185.0,33.096591329809826,True,True,185.0,32.841611227534166,True,True
4031,133.82036802394018,True,False,185.0,33.15618380226225,True,True,185.0,32.91792317045979,True,True
4032,318.17932929835325,False,False,185.00000000000003,318.0597286763608,True,False,185.0,318.05980092244585,True,False
4033,268.17698409121647,False,False,185.00000000000426,267.8337630149034,True,False,185.00000000000435,267.83423452704255,True,False
4034,273.226880685588,False,False,185.00000000000014,272.92626552512536,True,False,185.0000000000001,272.9266362148248,True,False
4035,478.2411088418528,False,False,185.0000000000001,478.2223295966538,True,False,185.0000000000001,478.2223329490193,True,False
4036,438.58318550094873,False,False,185.0,438.55643510503774,True,False,185.0,438.5564410085347,True,False
4037,380.4871082336485,False,False,185.0000000000002,380.43748360655695,True,False,185.00000000000023,380.4374997943773,True,False
4038,86.14680129582842,True,False,185.00000000000003,32.99305894868784,True,True,185.0,32.717025020752864,True,True
4039,328.31759269857,False,False,185.0,328.2162614536898,True,False,185.0,328.2163156663757,True,False
4040,253.2559231881941,False,False,185.00000000000742,252.7166043864211,True,False,185.00000000000753,252.71768327745085,True,False
4041,201.42928635260571,True,False,185.0,33.16712971806683,True,True,185.0,32.93223005002848,True,True
4042,205.73617901972963,True,False,185.0,33.167209905123684,True,True,185.0,32.93238391612203,True,True
4043,295.6000075346644,False,False,185.0000000000004,295.4186120110923,True,False,185.0000000000004,295.41876197057354,True,False
4044,349.68511212270727,False,False,185.0000000000009,349.6112964840252,True,False,185.0000000000009,349.6113280278575,True,False
4045,263.7099049980516,False,False,185.00000000000006,263.3210514061939,True,False,185.00000000000003,263.3216433935533,True,False
4046,545.485546740059,False,False,185.00000000000003,545.474311827398,True,False,185.00000000000003,545.4743133531681,True,False
4047,271.1084548309178,False,False,185.00000000000003,270.79097697279826,True,False,185.00000000000003,270.79138623090137,True,False
4048,75.92119827169256,True,False,185.00000000000003,32.8431262142836,True,True,185.0,32.54589366945975,True,True
4049,457.6454467469076,False,False,185.00000000000003,457.62300625773867,True,False,185.00000000000003,457.62301070769854,True,False
4050,182.70406949960227,True,False,185.0,33.166657062763825,True,True,185.0,32.93166875401465,True,True
4051,351.79389044370896,False,False,185.00000000000023,351.7222003413026,True,False,185.0000000000002,351.7222303508734,True,False
4052,173.40065478696212,True,False,185.0,33.16617118771493,True,True,184.99999999999997,32.93101531352205,True,True
4053,273.5872572136035,False,False,185.00000000000017,273.2893785405268,True,False,185.0000000000001,273.28974313577856,True,False
4054,211.01112656078885,False,False,184.9999999999954,33.16956309669985,True,True,185.00000000000122,32.93990017859531,True,True
4055,453.3713036147933,False,False,185.00000000000023,453.3479838287718,True,False,185.00000000000023,453.347988554716,True,False
4056,99.09287356601384,True,False,185.0,33.085798134706316,True,True,185.0,32.82764152191889,True,True
4057,160.8567490978814,True,False,185.0,33.16494831024446,True,True,185.0,32.92945282337741,True,True
4058,290.8415730531528,False,False,185.00000000000014,290.64145919358623,True,False,185.00000000000009,290.64163771504644,True,False
4059,188.65759237609083,True,False,184.9999999999954,33.166856953748,True,True,184.99999999999895,32.93188301507375,True,True
4060,60.81704623070496,True,False,185.0000000000003,32.29241146434385,True,True,185.0,31.95109341527112,True,True
4061,297.676802394257,False,False,185.0,297.50279271257654,True,False,185.00000000000003,297.502932077507,True,False
4062,460.89849930074513,False,False,184.99999999999997,460.87669806111177,True,False,185.00000000000003,460.8767023243052,True,False
4063,223.2923951138345,False,False,185.00000000000065,220.72466296915624,True,False,185.00000000000043,220.74388286491623,True,False
4064,250.1546989562959,False,False,185.00000000000014,249.55334081464832,True,False,185.0000000000001,249.5546596501614,True,False
4065,263.1070687353188,False,False,185.0,262.7113692073464,True,False,185.0,262.71198035748563,True,False
4066,336.39426851623904,False,False,185.0000000000014,336.3047999471475,True,False,185.0000000000014,336.3048437264492,True,False
4067,375.6353039691298,False,False,185.00000000000128,375.58268041238045,True,False,185.00000000000128,375.582698251137,True,False
4068,210.04482964145527,False,False,185.0,33.16749995527404,True,True,185.0,32.93281435761455,True,True
4069,401.95524770108784,False,False,185.0,401.9164108956143,True,False,185.0,401.916421748946,True,False
4070,184.50949574277251,True,False,185.0,33.16672361715381,True,True,185.0,32.93177337193118,True,True
4071,225.95587236557708,False,False,185.0,223.9000352052589,True,False,185.0,223.91280977234686,True,False
4072,297.8330529604912,False,False,185.0,297.6595813922706,True,False,185.00000000000003,297.65971999649133,True,False
4073,231.5994943627732,False,False,185.00000000000009,230.19613281259356,True,False,185.00000000000009,230.20245950630036,True,False
4074,414.8634765667514,False,False,185.0000000000001,414.829621771633,True,False,185.0000000000001,414.8296303990058,True,False
4075,83.6288454300781,True,False,185.0,32.96473517562737,True,True,185.0,32.68461384832555,True,True
4076,293.5146380974353,False,False,185.00000000000293,293.32536397300976,True,False,185.00000000000293,293.3255257021807,True,False
4077,436.257442826766,False,False,185.00000000000003,436.23009139201025,True,False,185.00000000000003,436.2300975021975,True,False
4078,201.6775128199636,True,False,185.0,33.16713382117415,True,True,185.0,32.93223739128451,True,True
4079,420.2395166451936,False,False,185.0,420.2074796442272,True,False,185.0,420.20748758226654,True,False
4080,385.5952732099436,False,False,185.00000000000003,385.54855722812954,True,False,185.0,385.54857193220823,True,False
4081,283.852754829624,False,False,185.0000000000047,283.619671073231,True,False,185.00000000000477,283.61990553414535,True,False
4082,405.2407432648956,False,False,185.0,405.20326516342664,True,False,185.00000000000003,405.2032753613589,True,False
4083,291.2301239301879,False,False,185.0000000000001,291.03164049555676,True,False,185.00000000000006,291.0318164340854,True,False
4084,107.8967136984793,True,False,185.0,33.118276211012876,True,True,185.0,32.86967450742255,True,True
4085,290.5185902097814,False,False,185.0000000000001,290.3171062872655,True,False,185.00000000000006,290.3172869897991,True,False
4086,155.90701082503372,True,False,185.0,33.16417102902025,True,True,185.0,32.9283292646324,True,True
4087,172.74448585991857,True,False,185.0,33.16612715754567,True,True,185.0,32.93098083640502,True,True
4088,208.2804279509474,True,False,185.0,33.16729418722799,True,True,185.0,32.932516143533604,True,True
4089,212.49337192474616,False,False,185.00000000000128,194.99492911040008,True,False,184.99999999995867,195.81038663962067,True,False
4090,337.325287579194,False,False,185.00000000000085,337.23705936755255,True,False,185.00000000000088,337.2371021022848,True,False
4091,239.6228994940364,False,False,185.00000000001546,238.70011438729182,True,False,185.00000000001552,238.70302747080225,True,False
4092,392.309170684766,False,False,185.00000000000088,392.2659321946912,True,False,185.0000000000009,392.26594507324893,True,False
4093,290.1913226770711,False,False,185.00000000000009,289.9884366415134,True,False,185.00000000000009,289.9886196058676,True,False
4094,189.0302368948142,True,False,184.99999999999804,33.16686718119654,True,True,184.9999999999996,32.93189270428922,True,True
4095,145.80181471891083,True,False,185.0,33.161699948229554,True,True,185.00000000000003,32.925142068393804,True,True
4096,63.783028800857984,True,False,185.0,32.455288002770814,True,True,185.00000000000077,32.12037966360861,True,True
4097,278.4082141244249,False,False,185.00000000000006,278.14367152327645,True,False,185.00000000000006,278.1439658270726,True,False
4098,342.33490774683514,False,False,185.0,342.2529574508266,True,False,184.99999999999997,342.25299517446877,True,False
4099,300.8178249487358,False,False,185.0000000000001,300.65419065635524,True,False,185.00000000000006,300.65431562864006,True,False
4100,381.5086125189919,False,False,185.00000000000006,381.4595891174022,True,False,185.00000000000009,381.459604985362,True,False
4101,411.708567870243,False,False,185.00000000000048,411.6735800885882,True,False,185.00000000000048,411.67358919454875,True,False
4102,170.34648108154423,True,False,185.0,33.16594988762535,True,True,185.00000000000003,32.93067451120736,True,True
4103,230.49439327526716,False,False,185.00000000000097,228.99301615560682,True,False,185.000000000001,229.00018182788904,True,False
4104,321.6479973149889,False,False,185.0000000000001,321.53513508281725,True,False,185.00000000000003,321.53520035885083,True,False
4105,170.60555927469014,True,False,185.0,33.16596981894015,True,True,185.0,32.93071336623194,True,True
4106,267.3005456438926,False,False,185.00000000000705,266.9490245798367,True,False,185.0000000000071,266.9495170526174,True,False
4107,345.24582366430303,False,False,185.00000000000003,345.16723766768314,True,False,185.00000000000003,345.16727272817644,True,False
4108,205.87395464748911,True,False,184.99999999999997,33.16721314166756,True,True,185.0,32.93238962779707,True,True
4109,422.3158005247809,False,False,185.00000000000003,422.28442989873815,True,False,185.0,422.284437572956,True,False
4110,111.89210463129588,True,False,185.0,33.12832671602339,True,True,185.00000000000003,32.88266349549884,True,True
4111,375.4432302304989,False,False,185.00000000000128,375.3904828688372,True,False,185.00000000000128,375.3905007760407,True,False
4112,553.9717627515853,False,False,185.0,553.9611684242425,True,False,185.0,553.9611698361963,True,False
4113,339.18086588484,False,False,185.00000000000017,339.0950389962525,True,False,185.00000000000017,339.09507975867814,True,False
4114,317.2337335537358,False,False,185.0,317.1121975625173,True,False,185.0,317.11227182123054,True,False
4115,325.91681676447337,False,False,185.00000000000074,325.81153443941355,True,False,185.00000000000077,325.811592334527,True,False
4116,53.3824924612097,True,False,185.0,31.645853679905226,True,True,185.00000000000003,31.308712150047352,True,True
4117,345.2204632673355,False,False,185.00000000000006,345.1418488000451,True,False,185.00000000000003,345.1418838822997,True,False
4118,490.1861246109125,False,False,185.0,490.1691042393866,True,False,185.0,490.16910716570953,True,False
4119,565.3685636337425,False,False,185.00000000000009,565.3587543371003,True,False,185.0000000000001,565.3587555248704,True,False
4120,363.4400657011165,False,False,185.00000000000074,363.37870819074993,True,False,185.00000000000074,363.37873128109635,True,False
4121,322.8986748592916,False,False,185.00000000000287,322.7881109259036,True,False,185.00000000000287,322.78817393404125,True,False
4122,255.2304743675474,False,False,185.0000000000003,254.72568954665329,True,False,185.0000000000003,254.72664464884303,True,False
4123,521.380825172163,False,False,185.0,521.3674597321778,True,False,185.00000000000003,521.3674617190985,True,False
4124,333.5851455018875,False,False,185.00000000000006,333.4917831922881,True,False,185.00000000000006,333.4918302538761,True,False
4125,285.8913008419078,False,False,185.00000000000105,285.66860222733385,True,False,185.00000000000105,285.66881828142755,True,False
4126,208.96947460872812,True,False,185.0,33.16733861121039,True,True,185.0,32.93258190496873,True,True
4127,166.02204542742422,True,False,185.00000000000352,33.16556083206626,True,True,184.99999999999704,32.93017515302926,True,True
4128,342.9322302952112,False,False,185.00000000000003,342.8509865179401,True,False,185.00000000000003,342.85102369156493,True,False
4129,354.57933578862475,False,False,185.0,354.5103249093623,True,False,185.0,354.510353077004,True,False
4130,212.8340322032981,False,False,185.0000000000005,197.80382135989709,True,False,185.0000000000001,198.41151957673614,True,False
4131,326.8675772950848,False,False,185.00000000000028,326.76388517252605,True,False,185.0000000000003,326.7639415656681,True,False
4132,276.32995760719325,False,False,185.00000000000327,276.0517530417172,True,False,185.0000000000033,276.05207531346434,True,False
4133,343.4493098155072,False,False,185.00000000000003,343.36867080656907,True,False,185.0,343.36870749627434,True,False
4134,116.77006808132349,True,False,185.0,33.137828404256695,True,True,185.0,32.89468563071016,True,True
4135,487.3064257388624,False,False,185.0,487.28900246186106,True,False,185.0,487.289005497593,True,False
4136,441.3126161400928,False,False,185.0,441.28654837323035,True,False,185.0,441.2865540888727,True,False
4137,51.23962382808176,True,False,184.99999999999866,31.361075991200646,True,True,184.9999999999979,31.033166702526444,True,True
4138,176.15250863502231,True,False,184.99999999999997,33.16634293095279,True,True,185.00000000000009,32.931219774166095,True,True
4139,273.1138786617254,False,False,185.00000000000014,272.81239778759596,True,False,185.0000000000001,272.81277041373704,True,False
4140,306.1133661437919,False,False,185.00000000000003,305.9653180712965,True,False,185.00000000000003,305.9654228854406,True,False
4141,149.36778354644207,True,False,184.9999999999932,33.16273971576631,True,True,184.9999999999943,32.9265034713765,True,True
4142,569.3576986636378,False,False,185.00000000000009,569.3481456088675,True,False,185.00000000000006,569.3481467836313,True,False
4143,350.6204334231123,False,False,185.0000000000005,350.54757121599755,True,False,185.00000000000057,350.5476020617106,True,False
4144,389.38656668040886,False,False,185.00000000000006,389.3418598004568,True,False,185.0,389.34187340046475,True,False
4145,243.652555822012,False,False,185.00000000000017,242.87896911893927,True,False,185.0000000000001,242.88107035432753,True,False
4146,165.75306029603925,True,False,185.0,33.16553362351148,True,True,185.00000000000625,32.93014981312969,True,True
4147,293.8094837251898,False,False,185.00000000000247,293.62135308967356,True,False,185.0000000000025,293.62151308389724,True,False
4148,231.9641330441631,False,False,185.0000000000002,230.5908185700096,True,False,185.00000000000017,230.59689749638122,True,False
4149,585.591729417047,False,False,185.0,585.5831309143591,True,False,185.00000000000003,585.5831319913501,True,False
4150,420.65644560278906,False,False,185.0,420.6245439505006,True,False,185.0,420.62455184080153,True,False
4151,518.5530721701623,False,False,185.0,518.5394219348824,True,False,185.0,518.5394240346305,True,False
4152,218.7958609901734,False,False,185.00000000000054,214.62398492576588,True,False,185.0000000000004,214.6715051634533,True,False
4153,344.46162080116864,False,False,185.00000000000006,344.3821477187774,True,False,185.00000000000003,344.38218347660415,True,False
4154,401.2565773850952,False,False,185.00000000000003,401.21744297984054,True,False,185.0,401.21745395078824,True,False
4155,313.7907331865409,False,False,185.0000000000017,313.66176313404065,True,False,185.00000000000173,313.66184547823696,True,False
4156,328.2311229067923,False,False,185.00000000000003,328.1296530041942,True,False,185.0,328.1297073442934,True,False
4157,166.7065564205637,True,False,184.9999999999999,33.16562810393691,True,True,185.0,32.930260122583206,True,True
4158,356.81168422167804,False,False,185.00000000000003,356.7447211634695,True,False,185.00000000000006,356.74474794881513,True,False
4159,446.0977404678063,False,False,185.0,446.07281339003066,True,False,185.0,446.0728186287719,True,False
4160,500.27707443613616,False,False,185.00000000000023,500.26137016204206,True,False,185.0000000000002,500.2613726683341,True,False
4161,182.47926186936385,True,False,185.0,33.1666476446542,True,True,185.0,32.93165163437796,True,True
4162,372.261136929526,False,False,185.00000000000006,372.20627858159486,True,False,185.0,372.206297730388,True,False
4163,272.97636568548967,False,False,185.00000000000014,272.67382634497363,True,False,185.00000000000009,272.67420134537286,True,False
4164,332.1522550863299,False,False,185.00000000000003,332.0568147269692,True,False,185.00000000000003,332.0568636210546,True,False
4165,277.1494429793647,False,False,185.00000000000153,276.87674647000244,True,False,185.00000000000156,276.8770573049839,True,False
4166,184.43758695793727,True,False,185.0,33.16672122765007,True,True,185.0,32.931770720858594,True,True
4167,326.3943934028606,False,False,185.0000000000005,326.28991411052465,True,False,185.0000000000005,326.28997124229295,True,False
4168,433.4913421431416,False,False,185.00000000000017,433.4632516255848,True,False,185.00000000000017,433.46325799887927,True,False
4169,401.22862724148354,False,False,185.0,401.1894808658768,True,False,185.0,401.1894918417507,True,False
4170,328.00204357719633,False,False,185.0,327.90020504539575,True,False,185.0,327.900259723905,True,False
4171,202.20004952096977,True,False,185.0,33.167142547615626,True,True,185.0,32.93225357971954,True,True
4172,362.3434890730642,False,False,185.0000000000011,362.2812502747298,True,False,185.0000000000011,362.28127392581206,True,False
4173,156.06996184221143,True,False,185.0,33.164200812330414,True,True,185.0,32.928358515630435,True,True
4174,407.3359453093239,False,False,185.0,407.2992998059465,True,False,185.0,407.29930959823594,True,False
4175,356.1666181747429,False,False,185.00000000000003,356.0990721271931,True,False,185.00000000000003,356.0990993221853,True,False
4176,254.14248650585284,False,False,185.00000000000335,253.61910608319045,True,False,185.00000000000344,253.6201269333953,True,False
4177,437.1079816579766,False,False,185.0,437.08085214218045,True,False,185.00000000000003,437.080858173103,True,False
4178,434.91767136085525,False,False,185.00000000000006,434.88996530753144,True,False,185.00000000000009,434.88997154326853,True,False
4179,453.3012321499095,False,False,185.00000000000023,453.2778975608636,True,False,185.00000000000023,453.27790229169733,True,False
4180,261.03103059782546,False,False,185.00000000000364,260.61031656637954,True,False,185.00000000000375,260.61100020331236,True,False
4181,272.2333812032588,False,False,185.00000000000009,271.92502689949066,True,False,185.00000000000006,271.9254151039484,True,False
4182,276.64804743718173,False,False,185.00000000000256,276.37200010226064,True,False,185.00000000000261,276.37231787002725,True,False
4183,250.6708790200696,False,False,185.0000000000002,250.08058597586827,True,False,185.00000000000014,250.08186034115877,True,False
4184,231.12004401608905,False,False,185.0,229.6754946720569,True,False,185.0,229.6821682002755,True,False
4185,229.9015465932138,False,False,185.00000000000503,228.3428224626544,True,False,185.0000000000051,228.35050067916097,True,False
4186,296.4700855683759,False,False,185.0,296.29183816012403,True,False,184.99999999999997,296.29198355675203,True,False
4187,217.9543497564272,False,False,185.00000000000003,213.27262234669092,True,False,185.0,213.3319241439588,True,False
4188,201.0965724547314,True,False,185.0,33.167124236044636,True,True,185.0,32.932220465816215,True,True
4189,429.6954093131503,False,False,185.00000000000048,429.6662594985719,True,False,185.0000000000005,429.66626625477807,True,False
4190,145.3730490052482,True,False,184.99999999999997,33.16156056736515,True,True,185.0,32.9250068143872,True,True
4191,414.6830693717791,False,False,185.00000000000014,414.6491511538935,True,False,185.00000000000014,414.64915980697845,True,False
4192,215.87197021847496,False,False,185.0000000000005,209.27252565006037,True,False,185.00000000000043,209.38962434386883,True,False
4193,234.05873446530268,False,False,185.0000000000159,232.83930000429294,True,False,185.000000000016,232.8441806205127,True,False
4194,202.1516900369221,True,False,185.0,33.167141733975676,True,True,185.0,32.93225200752362,True,True
4195,33.120838420482286,True,True,185.0,24.324511902036523,True,True,184.99999999999608,24.197893660262817,True,True
4196,422.3755619876552,False,False,185.0,422.3442102608716,True,False,185.0,422.34421792691813,True,False
4197,423.2261646196366,False,False,185.0,423.19508021310156,True,False,185.00000000000003,423.1950877554859,True,False
4198,106.51168519525716,True,False,185.0,33.11420904994492,True,True,185.0,32.864457134002826,True,True
4199,158.97858275967388,True,False,185.0,33.164680742569615,True,True,184.99999999999315,32.92902181437504,True,True
4200,91.46885404014309,True,False,184.99999999999523,33.0401178640889,True,True,184.99999999999773,32.77169606793406,True,True
4201,234.1957753021776,False,False,185.0000000000146,232.98541891179627,True,False,185.00000000001472,232.99023256340215,True,False
4202,200.242195151266,True,False,185.0,33.1671100393101,True,True,185.0,32.932198802642525,True,True
4203,383.063626482792,False,False,185.0,383.0154991976304,True,False,185.0,383.01551459282035,True,False
4204,487.6181109007429,False,False,185.0,487.6007318494547,True,False,185.0,487.6007348767057,True,False
4205,400.9939254807833,False,False,185.0,400.95467838967903,True,False,185.0,400.95468940631093,True,False
4206,368.533209806334,False,False,185.0,368.4757269130888,True,False,185.0,368.47574762477217,True,False
4207,397.1872710366975,False,False,185.0000000000001,397.14633955594906,True,False,185.00000000000014,397.1463513284024,True,False
4208,374.656220327136,False,False,185.00000000000003,374.60296146224584,True,False,185.0,374.60297965193354,True,False
4209,196.8902436359851,True,False,185.0,33.16704589451599,True,True,185.0,32.932186772490084,True,True
4210,371.9880530837105,False,False,185.00000000000003,371.9330081621994,True,False,185.0,371.9330274277111,True,False
4211,108.34510916068838,True,False,185.0,33.11952324132025,True,True,185.0,32.87137312531693,True,True
4212,248.82122837423373,False,False,185.0,248.18975605671085,True,False,185.0,248.19119943210595,True,False
4213,119.70134688901403,True,False,185.0,33.1423847253568,True,True,185.0,32.900360202546224,True,True
4214,324.3868897207413,False,False,185.00000000000176,324.27897557338383,True,False,185.0000000000018,324.27903601136114,True,False
4215,243.1304663867924,False,False,185.00000000000006,242.33978403992052,True,False,185.00000000000006,242.34197207574834,True,False
4216,238.69682440596225,False,False,185.0000000000004,237.73325517679976,True,False,185.00000000000023,237.73641122297883,True,False
4217,440.4697763692803,False,False,185.0,440.44350036428193,True,False,184.99999999999997,440.443506142503,True,False
4218,253.1024851206797,False,False,185.00000000000813,252.56033254905446,True,False,185.00000000000824,252.56142190733223,True,False
4219,320.53690855683175,False,False,185.00000000000006,320.4219475672546,True,False,185.00000000000006,320.42201498100343,True,False
4220,518.8515823090395,False,False,185.0,518.8379625234662,True,False,185.0,518.8379646122085,True,False
4221,340.2801717720393,False,False,184.99999999999997,340.195724566689,True,False,185.00000000000003,340.195764225059,True,False
4222,350.4282892590027,False,False,185.0000000000006,350.3552325919599,True,False,185.00000000000063,350.35526357944497,True,False
4223,232.28693407968413,False,False,185.0000000000003,230.93934721957135,True,False,185.0000000000002,230.94521750545198,True,False
4224,242.8422759022044,False,False,185.00000000000003,242.0419007493049,True,False,185.00000000000003,242.04413871269944,True,False
4225,497.2828297297137,False,False,185.00000000000028,497.2667497816094,True,False,185.0000000000003,497.2667523599961,True,False
4226,343.09917362802446,False,False,185.00000000000003,343.01812579448153,True,False,185.0,343.0181628128263,True,False
4227,261.8834357370481,False,False,185.00000000000117,261.47327235481873,True,False,185.00000000000122,261.4739249388159,True,False
4228,283.1022960785206,False,False,185.00000000000614,282.8652113861818,True,False,185.0000000000062,282.8654530721309,True,False
4229,265.2531017242199,False,False,185.0000000000002,264.880985834337,True,False,185.0000000000001,264.8815321001267,True,False
4230,140.66135733136005,True,False,184.99999999999997,33.159784332687124,True,True,185.0,32.922600858195985,True,True
4231,162.73105485490493,True,False,185.0,33.165192044779815,True,True,185.0,32.92968154264346,True,True
4232,255.61245701250988,False,False,185.0,255.11396264523742,True,False,185.0,255.11489597528174,True,False
4233,427.0047627702292,False,False,185.0,426.9748289065023,True,False,185.0,426.97483593917434,True,False
4234,404.4718000628836,False,False,185.00000000000003,404.43400987866625,True,False,185.0,404.43402023848256,True,False
4235,391.7907378928952,False,False,185.00000000000097,391.74724381737866,True,False,185.00000000000097,391.74725681601547,True,False
4236,328.445441541157,False,False,185.0,328.344314819381,True,False,185.0,328.34436884440976,True,False
4237,125.6451158895179,True,False,185.0,33.149562632413854,True,True,185.0,32.90943695522107,True,True
4238,381.9760869010152,False,False,185.00000000000003,381.92733529293963,True,False,185.00000000000003,381.9273510172434,True,False
4239,137.5899705658518,True,False,185.0,33.158339177506896,True,True,185.0,32.92079919884224,True,True
4240,256.9372940726724,False,False,185.0000000000001,256.45971735001064,True,False,185.00000000000009,256.46057999532707,True,False
4241,205.6487196620632,True,False,185.0,33.16720789100426,True,True,185.00000000000003,32.93238030552823,True,True
4242,87.68522425732574,True,False,185.0,33.008282557883234,True,True,185.0,32.734610071811666,True,True
4243,299.7457341729796,False,False,185.00000000000006,299.57866070785656,True,False,185.00000000000006,299.57879036840967,True,False
4244,41.81701353954056,True,True,185.00000000000003,29.055074178726493,True,True,185.0000000000044,28.8196886117518,True,True
4245,338.5262007840439,False,False,185.00000000000034,338.4395372459495,True,False,185.0000000000004,338.4395786851106,True,False
4246,381.0149501429812,False,False,185.00000000000014,380.96563744897963,True,False,185.00000000000014,380.9656534702576,True,False
4247,319.7807521880265,False,False,185.00000000000006,319.66433122431494,True,False,185.0,319.6644001606035,True,False
4248,248.97727118508752,False,False,185.0,248.349441918229,True,False,185.0,248.35086995255998,True,False
4249,600.9700301088143,False,False,185.00000000000009,600.9622209931063,True,False,185.0000000000001,600.9622217972803,True,False
4250,484.38674180987095,False,False,185.0,484.3688967525951,True,False,185.0,484.36889984967297,True,False
4251,70.77780002497107,True,False,185.0,32.71884593898656,True,True,185.00000000000003,32.405747906913355,True,True
4252,203.72888748597825,True,False,185.0,33.16716920625429,True,True,185.0,32.93230682968987,True,True
4253,325.2824364890312,False,False,185.00000000000114,325.1760739708203,True,False,185.0000000000012,325.17613290082323,True,False
4254,125.12121629432934,True,False,185.00000000000716,33.14902342846374,True,True,184.99999999999787,32.90868481161706,True,True
4255,198.95280816814773,True,False,185.0,33.16708706263007,True,True,185.0,32.932180492733735,True,True
4256,283.8202649494268,False,False,185.00000000000477,283.5870100213967,True,False,185.00000000000483,283.58724478822813,True,False
4257,229.69532652819925,False,False,185.00000000000696,228.115797366527,True,False,185.00000000000708,228.12366544288295,True,False
4258,241.022505351582,False,False,185.0000000000053,240.15634844818328,True,False,185.00000000000537,240.1589390136517,True,False
4259,82.54332577995274,True,False,184.99999999999997,32.95106290789891,True,True,185.0,32.66891443366897,True,True
4260,476.98967400689776,False,False,185.00000000000017,476.97069643551293,True,False,185.00000000000017,476.97069984090007,True,False
4261,229.8345589125314,False,False,185.00000000000563,228.26912671468347,True,False,185.00000000000568,228.27686592865024,True,False
4262,205.3684771611184,True,False,185.0,33.1672016307339,True,True,185.0,32.932368795965395,True,True
4263,271.19472961651616,False,False,185.00000000000003,270.8779655213857,True,False,185.00000000000003,270.8783731169148,True,False
4264,405.6124509936212,False,False,185.0,405.57512248512614,True,False,185.00000000000003,405.57513260884286,True,False
4265,218.24617630405865,False,False,185.00000000000017,213.7534356037628,True,False,185.00000000000017,213.8082031844938,True,False
4266,116.3325996626376,True,False,185.0,33.13708477810018,True,True,185.00000000000003,32.893675609894295,True,True
4267,348.371044097164,False,False,185.00000000000148,348.29585938678053,True,False,185.0000000000015,348.2958919312338,True,False
4268,130.68043825066155,True,False,184.99999999999932,33.15399796776819,True,True,184.99999999999991,32.915074155992876,True,True
4269,127.44496719395968,True,False,185.0,33.1512960461032,True,True,185.0,32.91161744275261,True,True
4270,62.339408849867134,True,False,185.0,32.38088479963962,True,True,185.0,32.042557020676234,True,True
4271,268.0692245457517,False,False,185.0000000000046,267.72499878386293,True,False,185.00000000000472,267.725472803897,True,False
4272,273.29415516032554,False,False,185.00000000000014,272.99405365125165,True,False,185.0000000000001,272.99442319218406,True,False
4273,319.3774205318716,False,False,185.00000000000006,319.2602100942555,True,False,185.00000000000003,319.2602798588085,True,False
4274,216.10019708866216,False,False,185.00000000000074,209.77745718005662,True,False,185.0000000000005,209.88485511150955,True,False
4275,473.3199129060186,False,False,185.00000000000034,473.300337151038,True,False,185.00000000000034,473.300340700667,True,False
4276,106.30882845716472,True,False,185.0,33.11358525629764,True,True,185.0,32.86358694966905,True,True
4277,155.48519130849547,True,False,185.0,33.16409036631328,True,True,185.0,32.92829099139569,True,True
4278,209.2853425115011,True,False,184.99999999999997,33.16736795365549,True,True,185.0,32.93262530503552,True,True
4279,302.5161824358846,False,False,185.00000000000327,302.35779223598786,True,False,185.00000000000327,302.3579102711122,True,False
4280,288.6183714800208,False,False,185.0,288.4085455642474,True,False,185.00000000000003,288.40873987652884,True,False
4281,381.7090550314661,False,False,185.00000000000006,381.66014842393025,True,False,185.00000000000006,381.6601642307373,True,False
4282,321.66348919691006,False,False,185.00000000000006,321.5506558438634,True,False,185.00000000000003,321.55072109087524,True,False
4283,314.45239816663417,False,False,185.00000000000114,314.3249058424924,True,False,185.00000000000117,314.32498653767595,True,False
4284,123.68535373693534,True,False,185.0,33.14745939846733,True,True,185.0,32.90670251880395,True,True
4285,219.44661439107725,False,False,185.00000000000074,215.60486728758679,True,False,185.00000000000048,215.64550727428815,True,False
4286,239.78164166843345,False,False,185.00000000001435,238.8655710865236,True,False,185.00000000001444,238.86844502196678,True,False
4287,275.4351016188049,False,False,185.00000000000549,275.15069371727674,True,False,185.0000000000055,275.15102910259776,True,False
4288,49.55792239395573,True,True,185.0,31.091807375028946,True,True,185.0,30.77443347785996,True,True
4289,197.25926789864917,True,False,185.0,33.16705345729814,True,True,185.0,32.93218423437071,True,True
4290,195.4150865032748,True,False,185.0,33.16701577237543,True,True,185.0,32.93218758490209,True,True
4291,205.2325138522627,True,False,185.0,33.1671986909635,True,True,185.0,32.93236332241133,True,True
4292,149.32793091883082,True,False,185.00000000000503,33.16272922351217,True,True,185.0000000000064,32.92648479108441,True,True
4293,329.47061618470065,False,False,185.00000000000003,329.371108675987,True,False,185.0,329.3711612459337,True,False
4294,143.83428698525333,True,False,185.0,33.1610339280179,True,True,185.0,32.924245238619854,True,True
4295,496.6233218185178,False,False,185.00000000000003,496.6071574951639,True,False,185.00000000000003,496.6071600949938,True,False
4296,394.3825551005206,False,False,185.0000000000005,394.34031843799926,True,False,185.00000000000054,394.340330841329,True,False
4297,153.0130774742436,True,False,185.0,33.163602190664065,True,True,185.0,32.9276109444384,True,True
4298,389.3289466460078,False,False,185.00000000000003,389.2842101308563,True,False,185.00000000000003,389.28422374656884,True,False
4299,282.4691741317713,False,False,185.00000000000017,282.2286357926321,True,False,185.00000000000009,282.22888381469244,True,False
4300,118.95138812876954,True,False,185.0,33.14128762957945,True,True,185.0,32.89899317612168,True,True
4301,384.8685929199666,False,False,185.0,384.8214777335438,True,False,185.0,384.82149263348947,True,False
4302,199.36293183494575,True,False,185.0,33.167094640371815,True,True,185.0,32.932183920746574,True,True
4303,369.2750722651143,False,False,185.0,369.2181252702621,True,False,185.00000000000003,369.2181456802523,True,False
4304,148.95932519456417,True,False,184.99999999999994,33.162630416159956,True,True,185.0,32.926314327121304,True,True
4305,206.64817458886736,True,False,185.0,33.16723313443649,True,True,185.0,32.93242277914441,True,True
4306,236.42414080115472,False,False,185.00000000000003,235.34728353062084,True,False,185.00000000000003,235.3511610450108,True,False
4307,114.3289185833931,True,False,185.0,33.13340982331627,True,True,185.0,32.88905113926105,True,True
4308,399.0226955717564,False,False,185.0,398.9825883736537,True,False,185.00000000000003,398.9825997662558,True,False
4309,616.2501103910479,False,False,185.0,616.2429919683424,True,False,185.00000000000003,616.2429927363032,True,False
4310,97.4345664202714,True,False,184.99999999999457,33.07755717100471,True,True,185.00000000000668,32.81729319194854,True,True
4311,394.0856454409326,False,False,185.00000000000054,394.043267281843,True,False,185.00000000000057,394.04327975508164,True,False
4312,352.00263433404564,False,False,185.00000000000017,351.93114998128334,True,False,185.00000000000017,351.931179846412,True,False
4313,199.796490259681,True,False,185.0,33.167102379195285,True,True,185.0,32.9321900942998,True,True
4314,408.13013098073503,False,False,185.00000000000003,408.0937944381962,True,False,185.0,408.0938040948401,True,False
4315,315.8339017536584,False,False,185.00000000000026,315.70941841188704,True,False,185.00000000000028,315.7094958189228,True,False
4316,280.9535521343849,False,False,185.00000000000009,280.70444207094357,True,False,185.0000000000001,280.7047062213027,True,False
4317,419.4653085494078,False,False,185.0,419.4330181286677,True,False,185.0,419.433026149399,True,False
4318,67.69738529475762,True,False,185.0,32.61951713752481,True,True,185.0,32.296319705411385,True,True
4319,315.6344424347834,False,False,185.00000000000037,315.5095309169252,True,False,185.00000000000037,315.5096087848817,True,False
4320,224.51215102702136,False,False,185.0000000000114,222.20314988997356,True,False,185.00000000001145,222.21896127539,True,False
4321,136.2431249384337,True,False,185.0,33.15762075559905,True,True,185.0,32.91982297065069,True,True
4322,332.7520690851664,False,False,185.00000000000006,332.6575064283904,True,False,185.00000000000003,332.6575545362873,True,False
4323,197.4653098399789,True,False,185.0,33.1670576615091,True,True,185.0,32.932182905178934,True,True
4324,897.1118179044165,False,False,185.0,897.1099241871489,True,False,185.0,897.109924387018,True,False
4325,53.96263298288814,True,False,185.00000000000043,31.713431191745347,True,True,185.0,31.374453052093546,True,True
4326,235.01410106376127,False,False,185.00000000000713,233.85573894908862,True,False,185.00000000000725,233.8601770437404,True,False
4327,257.9261999246333,False,False,185.0000000000002,257.46338043046893,True,False,185.00000000000014,257.4641946994044,True,False
4328,192.77798396262628,True,False,185.0,33.1669625778301,True,True,185.0,32.932095375232485,True,True
4329,196.31034080541343,True,False,185.0,33.16703398598755,True,True,185.0,32.93218991767822,True,True
4330,179.11832873072768,True,False,185.0,33.166496261272464,True,True,185.0,32.93146389878679,True,True
4331,255.2469431653172,False,False,185.00000000000028,254.74243204002448,True,False,185.00000000000028,254.7433861907903,True,False
4332,230.9460402116538,False,False,185.0,229.4860474083403,True,False,185.0,229.49285312914574,True,False
4333,319.5971664455206,False,False,185.00000000000003,319.48038706859376,True,False,185.0,319.48045637722305,True,False
4334,266.10290317243107,False,False,185.0000000000002,265.73954829599694,True,False,185.00000000000014,265.7400713323951,True,False
4335,304.40562928243554,False,False,185.00000000000108,304.2527954932904,True,False,185.00000000000108,304.25290631884843,True,False
4336,229.59149921102292,False,False,185.00000000000807,228.0013198751131,True,False,185.00000000000816,228.00928596240087,True,False
4337,60.00734094732227,True,False,185.00000000000054,32.24061366055118,True,True,185.0,31.89812695261954,True,True
4338,497.6356855204513,False,False,185.0000000000003,497.61965047068855,True,False,185.00000000000028,497.6196530392924,True,False
4339,219.40639969656385,False,False,185.00000000000074,215.54561785051035,True,False,185.00000000000048,215.58663900114652,True,False
4340,246.9793699713911,False,False,185.00000000000642,246.30229767820484,True,False,185.0000000000065,246.30393961996015,True,False
4341,504.0129293692568,False,False,185.00000000000009,503.9976773953081,True,False,185.0000000000001,503.9976798128901,True,False
4342,476.1094185238634,False,False,185.00000000000017,476.0902997461382,True,False,185.0000000000002,476.0903031887671,True,False
4343,242.4149491631986,False,False,185.00000000000003,241.59985297654015,True,False,185.0,241.60216776753816,True,False
4344,321.2077834757386,False,False,185.00000000000006,321.09409623999903,True,False,185.00000000000003,321.09416234624956,True,False
4345,290.7718984805341,False,False,185.00000000000014,290.5714902095713,True,False,185.00000000000009,290.5716691999064,True,False
4346,303.5184773719431,False,False,185.00000000000205,303.36306993841987,True,False,185.00000000000207,303.3631840871943,True,False
4347,266.32231628460977,False,False,185.00000000000023,265.9611734252193,True,False,185.00000000000014,265.9616906769256,True,False
4348,215.41954485137188,False,False,185.00000000000003,208.19941259541093,True,False,185.00000000000006,208.33995886611888,True,False
4349,445.31817986310006,False,False,185.00000000000003,445.29307165902753,True,False,185.0,445.2930769746101,True,False
4350,403.8255049744866,False,False,185.0,403.78744972101987,True,False,185.00000000000003,403.78746021546596,True,False
4351,323.21232811784336,False,False,185.00000000000264,323.10233020823233,True,False,185.0000000000027,323.1023926738487,True,False
4352,312.13180358880135,False,False,185.0000000000033,311.99902017571634,True,False,185.00000000000335,311.99910681035965,True,False
4353,216.07375094142827,False,False,185.00000000000074,209.72005703072267,True,False,185.0000000000005,209.82851705827548,True,False
4354,255.6099460235454,False,False,185.0,255.11141069624313,True,False,185.0,255.11234416727686,True,False
4355,216.37970690396216,False,False,185.00000000000085,210.36781323362436,True,False,185.00000000000054,210.46486760933203,True,False
4356,277.8960214799602,False,False,185.00000000000045,277.62820478000936,True,False,185.00000000000045,277.6285056678361,True,False
4357,652.0512745939359,False,False,185.00000000000003,652.0454815925976,True,False,185.00000000000006,652.0454821295772,True,False
4358,288.0285000785714,False,False,185.00000000000003,287.81598292970983,True,False,185.0,287.8161816909736,True,False
4359,532.8629156361542,False,False,185.0000000000001,532.8506274168271,True,False,185.0000000000001,532.8506291340726,True,False
4360,491.0750774282838,False,False,184.99999999999997,491.05817888471995,True,False,185.0,491.0581817617221,True,False
4361,292.6946255153049,False,False,185.0000000000042,292.50211803091923,True,False,185.00000000000426,292.5022847089931,True,False
4362,99.76367502825416,True,False,185.00000000000003,33.088907671378585,True,True,184.99999999999505,32.83163682701004,True,True
4363,273.3741135180401,False,False,185.00000000000017,273.07462082095276,True,False,185.00000000000009,273.07498900201495,True,False
4364,212.64293541609769,False,False,185.00000000003027,196.32398615313144,True,False,185.0000000000121,197.03610111055676,True,False
4365,223.97382577426092,False,False,185.0000000000196,221.5564296444704,True,False,185.00000000001964,221.57363144923437,True,False
4366,330.14594487781164,False,False,185.00000000000003,330.04748418598723,True,False,185.00000000000003,330.04753582470573,True,False
4367,192.2215556568137,True,False,185.0,33.1669500919303,True,True,185.0,32.93206686560611,True,True
4368,155.8050304189146,True,False,185.0,33.16415178499893,True,True,185.0,32.92831715193904,True,True
4369,453.6038260004168,False,False,185.0000000000002,453.58055524484496,True,False,185.0000000000002,453.5805599555205,True,False
4370,333.12088417105537,False,False,185.00000000000006,333.02685558124426,True,False,185.00000000000003,333.02690322303823,True,False
4371,368.4682398096826,False,False,185.0,368.41070965239527,True,False,185.0,368.4107303906387,True,False
4372,168.9268393813912,True,False,185.0,33.16582884586132,True,True,185.0,32.930598414102654,True,True
4373,412.1407561374112,False,False,185.00000000000043,412.1059265989982,True,False,185.0000000000004,412.10593563860823,True,False
4374,358.6814725438033,False,False,185.00000000000003,358.6161603706065,True,False,185.00000000000003,358.6161859989115,True,False
4375,466.8814328707865,False,False,185.0,466.86074426408516,True,False,185.0,466.86074819194107,True,False
4376,418.6797705777108,False,False,185.00000000000003,418.64722021885785,True,False,184.99999999999997,418.647228326885,True,False
4377,375.23858353530704,False,False,185.00000000000136,375.18570382189813,True,False,185.00000000000134,375.18572180209367,True,False
4378,475.4422240839877,False,False,185.00000000000023,475.42299732956394,True,False,185.00000000000023,475.42300079815067,True,False
4379,408.61732150494805,False,False,185.00000000000082,408.58117272808266,True,False,185.00000000000085,408.5811823053842,True,False
4380,154.0117829493584,True,False,185.0,33.16380871013148,True,True,185.0,32.92786850708071,True,True
4381,206.42007015811532,True,False,185.0,33.16722687838404,True,True,185.0,32.93241274793716,True,True
4382,145.7342832319041,True,False,185.0,33.161677625191736,True,True,185.0,32.92512816222526,True,True
4383,389.79500827560696,False,False,185.00000000000003,389.7505106923043,True,False,185.00000000000003,389.750524183554,True,False
4384,274.8728197523428,False,False,185.00000000000688,274.5844094111125,True,False,185.00000000000693,274.5847533467682,True,False
4385,382.8604118864692,False,False,185.0,382.8121687820552,True,False,185.00000000000003,382.81218423858286,True,False
4386,482.33232886675967,False,False,185.00000000000003,482.3141786847138,True,False,185.0,482.31418186357115,True,False
4387,361.7878323339776,False,False,185.0000000000013,361.72514027641114,True,False,185.0000000000013,361.72516421239675,True,False
4388,154.90265576985274,True,False,185.0,33.16398189370734,True,True,185.0,32.928180652755934,True,True
4389,255.2935924346652,False,False,185.00000000000023,254.78985534895324,True,False,185.00000000000023,254.7908068116608,True,False
4390,255.08147361944987,False,False,185.00000000000054,254.57420222836535,True,False,185.00000000000054,254.57516599873915,True,False
4391,496.7461569329975,False,False,185.00000000000003,496.73000837015286,True,False,185.0,496.73001096600086,True,False
4392,255.0255902974953,False,False,185.00000000000063,254.51738149056177,True,False,185.00000000000068,254.5183485405605,True,False
4393,169.08648623783145,True,False,185.0,33.165843123757796,True,True,185.0,32.930600044098654,True,True
4394,195.6995731032039,True,False,185.0,33.16702151137675,True,True,185.0,32.93218967791136,True,True
4395,461.54179233760055,False,False,185.0,461.52011456780406,True,False,185.0,461.5201188055065,True,False
4396,398.0239224334046,False,False,185.00000000000006,397.98336954738113,True,False,185.00000000000006,397.9833811452076,True,False
4397,384.3251375072742,False,False,185.0,384.27772069933536,True,False,185.0,384.27773574279365,True,False
4398,76.91147903022298,True,False,185.00000000000225,32.862418872135315,True,True,185.00000000000034,32.56781457933138,True,True
4399,282.5056751942611,False,False,185.00000000000014,282.26533795221746,True,False,185.00000000000009,282.2655856028494,True,False
4400,354.835437695426,False,False,185.0,354.76666612495467,True,False,185.0,354.76669413420655,True,False
4401,344.4501669766572,False,False,185.00000000000006,344.3706808343857,True,False,185.0,344.37071660264417,True,False
4402,443.0490914661931,False,False,185.0,443.0234457141496,True,False,185.0,443.0234512673849,True,False
4403,234.03521545934692,False,False,185.0000000000161,232.81421187337796,True,False,185.0000000000162,232.81910410586133,True,False
4404,241.6068198588388,False,False,185.00000000000205,240.76268921439228,True,False,185.0000000000021,240.76515904514864,True,False
4405,176.666481915856,True,False,185.0000000000037,33.16637257136239,True,True,185.00000000000523,32.93128426407775,True,True
4406,171.23787294810558,True,False,185.0,33.16601893341102,True,True,185.0,32.93081367512538,True,True
4407,217.66412461301607,False,False,185.00000000000082,212.77968093016491,True,False,185.00000000000054,212.84406990900956,True,False
4408,224.3630299511355,False,False,185.00000000001359,222.02484956006907,True,False,185.00000000001364,222.04102992732552,True,False
4409,327.4089036442669,False,False,185.0000000000001,327.3061018547551,True,False,185.00000000000014,327.30615742169556,True,False
4410,405.8126993354297,False,False,185.00000000000003,405.7754510766555,True,False,185.00000000000003,405.7754611587488,True,False
4411,622.5795097618644,False,False,185.0,622.5726533896583,True,False,184.99999999999997,622.5726541094523,True,False
4412,345.6747593283104,False,False,185.00000000000003,345.5966527004037,True,False,185.00000000000003,345.59668739273843,True,False
4413,294.08876502137696,False,False,185.00000000000205,293.9017083609247,True,False,185.0000000000021,293.90186672427524,True,False
4414,181.2995006015051,True,False,185.0,33.166598017960844,True,True,185.0,32.93154350461269,True,True
4415,336.5325059211405,False,False,185.0000000000013,336.4432230554201,True,False,185.0000000000013,336.44326667859673,True,False
4416,169.67194111663562,True,False,185.0,33.165895572872735,True,True,185.0,32.93060688013802,True,True
4417,122.23318274275604,True,False,185.0,33.14574039702376,True,True,185.0,32.904571858407955,True,True
4418,334.4746523308052,False,False,185.00000000000244,334.3825482176323,True,False,185.00000000000247,334.3825942096448,True,False
4419,119.01783626544118,True,False,185.0,33.141387655261546,True,True,185.0,32.89908801916808,True,True
4420,237.66068666924127,False,False,185.0000000000002,236.6479643641681,True,False,185.0000000000001,236.65142514227907,True,False
4421,371.4099801913005,False,False,185.0,371.3545374197598,True,False,185.00000000000003,371.3545569362322,True,False
4422,389.8885633135317,False,False,185.00000000000003,389.84411348031455,True,False,185.0,389.844126946383,True,False
4423,156.26539080692547,True,False,185.0,33.16423496514649,True,True,185.0,32.92840766451831,True,True
4424,197.5316573301282,True,False,185.0,33.16705901049267,True,True,185.0,32.932182510511915,True,True
4425,156.59612816289442,True,False,185.0,33.16429206711007,True,True,185.0,32.928507718870144,True,True
4426,99.79377970405316,True,False,185.00000000000722,33.08904388816404,True,True,184.99999999999764,32.83180449950515,True,True
4427,156.19301299254036,True,False,185.0,33.164222442638305,True,True,185.0,32.92838813188251,True,True
4428,349.5650980501313,False,False,185.00000000000094,349.49115881908,True,False,185.00000000000097,349.49119045251786,True,False
4429,533.3234898424531,False,False,185.0000000000001,533.3112423509655,True,False,185.0000000000001,533.311244062786,True,False
4430,234.62479463609512,False,False,185.0000000000106,233.44215897624045,True,False,185.00000000001074,233.44677071692618,True,False
4431,148.12063223415353,True,False,185.0,33.1624001482682,True,True,185.0,32.926032616496904,True,True
4432,208.81308116202877,True,False,185.0,33.167326649912816,True,True,184.99999999999997,32.93256424174874,True,True
4433,324.32146124559944,False,False,185.00000000000182,324.21343249079905,True,False,185.00000000000185,324.21349303939013,True,False
4434,95.0614423269107,True,False,185.0,33.06425011544098,True,True,185.0,32.8008145207028,True,True
4435,244.99622997294773,False,False,185.00000000000037,244.26406679726645,True,False,185.0000000000002,244.26596443569045,True,False
4436,120.4552671987149,True,False,184.9999999999987,33.14343454508911,True,True,184.99999999999974,32.901610404264275,True,True
4437,210.25202770628889,False,False,185.0,33.16757291752831,True,True,185.0,32.93291948179654,True,True
4438,292.95920016587985,False,False,185.0000000000038,292.7677445536074,True,False,185.00000000000384,292.7679096149243,True,False
4439,360.0952413469341,False,False,185.00000000000006,360.0311401134365,True,False,185.00000000000006,360.031164940108,True,False
4440,164.29061652127044,True,False,185.0,33.165375179685014,True,True,185.0,32.929989708366804,True,True
4441,159.3102084722206,True,False,184.99999999999525,33.16472968526663,True,True,184.99999999999898,32.92906967822925,True,True
4442,260.4795189390736,False,False,185.00000000000568,260.05175932776586,True,False,185.0000000000058,260.0524640910405,True,False
4443,267.0963690555168,False,False,185.00000000000765,266.74287152833006,True,False,185.00000000000776,266.74336902798126,True,False
4444,96.73722113311324,True,False,185.0,33.07384047018381,True,True,185.00000000000003,32.812632142243196,True,True
4445,272.7235425435893,False,False,185.00000000000014,272.4190428008671,True,False,185.00000000000009,272.41942223152677,True,False
4446,521.7166551321629,False,False,185.00000000000003,521.7033229784342,True,False,185.0,521.7033249497658,True,False
4447,404.0008335042968,False,False,185.00000000000003,403.9628504108127,True,False,185.00000000000003,403.9628608702855,True,False
4448,326.650003398907,False,False,185.00000000000037,326.54595036941475,True,False,185.0000000000004,326.54600710299843,True,False
4449,319.429309633971,False,False,185.00000000000003,319.31220118607774,True,False,185.00000000000003,319.31227084227413,True,False
4450,348.53507134542946,False,False,185.00000000000142,348.4600594467678,True,False,185.0000000000014,348.4600918664158,True,False
4451,393.93564749534175,False,False,185.0000000000006,393.8931976054628,True,False,185.00000000000063,393.8932101126906,True,False
4452,250.7754884598413,False,False,185.00000000000023,250.1873996223885,True,False,185.00000000000014,250.1886652179562,True,False
4453,168.3702431470215,True,False,185.0,33.16578075699479,True,True,185.0,32.93055915197347,True,True
4454,134.3366230445343,True,False,185.0,33.15650564448421,True,True,185.0,32.91842545794978,True,True
4455,471.34673872975367,False,False,185.00000000000043,471.3268307598434,True,False,185.0000000000004,471.3268343935154,True,False
4456,197.65494604969493,True,False,185.0,33.1670615134957,True,True,185.0,32.932181834314974,True,True
4457,289.21806143249785,False,False,185.00000000000003,289.01092127759085,True,False,185.00000000000006,289.0111111786548,True,False
4458,353.0713536114295,False,False,185.0,353.0009098846996,True,False,185.00000000000003,353.0009390265091,True,False
4459,400.9309214256438,False,False,185.0,400.891647237631,True,False,185.0,400.89165826502506,True,False
4460,147.68280516644035,True,False,185.0,33.162273877212066,True,True,185.0,32.92589810346593,True,True
4461,167.6408041028885,True,False,185.0,33.16571791629862,True,True,185.0,32.930439431587665,True,True
4462,246.6673714738602,False,False,185.00000000000824,245.98206906070092,True,False,185.00000000000836,245.9837481473868,True,False
4463,384.2868226912462,False,False,185.0,384.2393845180869,True,False,185.0,384.23939957193295,True,False
4464,287.4608798952652,False,False,185.00000000000003,287.2457255606257,True,False,185.0,287.2459287280633,True,False
4465,200.1221887236053,True,False,185.0,33.167108004396404,True,True,185.0,32.93219624456431,True,True
4466,160.62242559365947,True,False,185.0,33.164917759385304,True,True,185.0,32.92939554890239,True,True
4467,278.89948795261097,False,False,185.0,278.63803092438616,True,False,185.0,278.63831908145494,True,False
4468,354.9880334577575,False,False,185.0,354.91940392921015,True,False,185.0,354.9194318470568,True,False
4469,316.67717345826,False,False,185.00000000000006,316.55447757735556,True,False,185.0,316.5545530696607,True,False
4470,81.08203602731446,True,False,185.0,32.9310896100751,True,True,185.0,32.646198443138594,True,True
4471,453.2868135934368,False,False,185.00000000000023,453.2634759567997,True,False,185.00000000000023,453.2634806886564,True,False
4472,291.1077034155266,False,False,185.00000000000014,290.9087083611983,True,False,185.00000000000006,290.90888510808355,True,False
4473,245.80997129297376,False,False,185.00000000001336,245.10123111404832,True,False,185.00000000001344,245.1030179561517,True,False
4474,244.54664006572665,False,False,185.00000000000028,243.80101200979811,True,False,185.0000000000002,243.80297475269882,True,False
4475,273.9787060236798,False,False,185.00000000000017,273.6837583467849,True,False,185.0000000000001,273.684116482488,True,False
4476,150.13922679893784,True,False,185.0,33.162933170331996,True,True,185.0,32.9267957229823,True,True
4477,505.4400267657995,False,False,185.00000000000006,505.4249429222426,True,False,185.00000000000006,505.42494530268704,True,False
4478,220.19231825820543,False,False,185.00000000001523,216.67547313982575,True,False,185.000000000015,216.70989356435993,True,False
4479,311.2801082130619,False,False,185.00000000000009,311.14530467052856,True,False,185.00000000000006,311.14539359753763,True,False
4480,375.75393290203135,False,False,185.00000000000125,375.7013856097225,True,False,185.00000000000122,375.70140340636794,True,False
4481,577.0055194051116,False,False,185.0,576.9964329494986,True,False,185.0,576.9964340421512,True,False
4482,145.35055069385086,True,False,185.0,33.16155338429753,True,True,185.0,32.92499619169388,True,True
4483,222.64107383759847,False,False,185.00000000000048,219.91387650094697,True,False,185.00000000000034,219.93535150635623,True,False
4484,403.91727547094064,False,False,185.0,403.8792580108828,True,False,185.00000000000003,403.8792684870222,True,False
4485,474.1881075340354,False,False,185.0000000000003,474.1686755753657,True,False,185.00000000000028,474.1686790923315,True,False
4486,243.2773976805191,False,False,185.00000000000009,242.4915861851053,True,False,185.00000000000006,242.49374932144522,True,False
4487,127.05844288879028,True,False,185.0,33.150938995894315,True,True,185.0,32.91119918904939,True,True
4488,63.3178693985823,True,False,185.0,32.432244131229815,True,True,185.0,32.096149071380374,True,True
4489,285.43246163390035,False,False,185.00000000000173,285.2074850304094,True,False,185.00000000000173,285.20770505851766,True,False
4490,392.4081295150025,False,False,185.00000000000088,392.3649395767916,True,False,185.00000000000088,392.36495243318495,True,False
4491,403.7471556642588,False,False,185.0,403.7090681038141,True,False,184.99999999999997,403.7090786140217,True,False
4492,175.52619300568006,True,False,184.99999999999923,33.166306180969826,True,True,184.99999999999991,32.93114933906039,True,True
4493,321.148449045647,False,False,185.00000000000009,321.0346499606683,True,False,185.00000000000003,321.03471618183056,True,False
4494,200.86947717510915,True,False,185.0,33.16712049459262,True,True,185.0,32.93221421316918,True,True
4495,108.5904521174752,True,False,185.0,33.12019260140538,True,True,185.0,32.87219453381002,True,True
4496,310.5016242205798,False,False,185.00000000000009,310.36493579680786,True,False,185.00000000000009,310.3650269064508,True,False
4497,335.06326191617416,False,False,185.00000000000213,334.9719773569968,True,False,185.00000000000216,334.9720226604685,True,False
4498,314.2561291867196,False,False,185.00000000000134,314.1282010394999,True,False,185.00000000000136,314.1282822196324,True,False
4499,232.52875013119257,False,False,185.00000000000037,231.1999223842853,True,False,185.00000000000026,231.20564264435674,True,False
4500,110.3034631082172,True,False,185.0,33.124607917690255,True,True,185.0,32.87787716923757,True,True
4501,486.8628440870698,False,False,185.0,486.8453576066388,True,False,185.0,486.8453606497644,True,False
4502,260.8523096735739,False,False,185.0000000000043,260.42933174545755,True,False,185.00000000000438,260.43002215086983,True,False
4503,484.3275401755797,False,False,185.0,484.3096864233394,True,False,185.0,484.309689522131,True,False
4504,103.40819863562076,True,False,185.00000000000003,33.103807070189205,True,True,185.00000000000003,32.850896353558575,True,True
4505,248.8974288837865,False,False,185.0,248.2677396565699,True,False,185.00000000000003,248.26917551292004,True,False
4506,215.91101251748617,False,False,185.00000000000054,209.36048330369263,True,False,185.00000000000045,209.4758332948714,True,False
4507,306.10134831235024,False,False,185.0,305.95326731275105,True,False,185.00000000000003,305.953372167593,True,False
4508,430.4039218600393,False,False,185.00000000000043,430.37497384295835,True,False,185.00000000000043,430.3749805298528,True,False
4509,145.67625168162184,True,False,185.0,33.161658516965595,True,True,185.0,32.925114956792974,True,True
4510,520.9279245306819,False,False,185.0,520.9145140220232,True,False,185.0,520.9145160267251,True,False
4511,287.7650633135331,False,False,185.0,287.5513280873324,True,False,185.0,287.5515288790354,True,False
4512,191.21376748121384,True,False,185.00000000000134,33.166925483873975,True,True,185.0000000000024,32.93200875915038,True,True
4513,275.38700096636245,False,False,185.0000000000056,275.1022538805264,True,False,185.00000000000568,275.1025899869618,True,False
4514,305.103174778574,False,False,185.0000000000005,304.9523220608752,True,False,185.0000000000005,304.9524303742783,True,False
4515,257.41013033305154,False,False,185.00000000000017,256.93969734471057,True,False,185.00000000000014,256.94053640066033,True,False
4516,280.9410527059062,False,False,185.00000000000009,280.6918701081418,True,False,185.00000000000006,280.6921343971525,True,False
4517,215.6776422696042,False,False,185.00000000000028,208.82426898103267,True,False,185.00000000000028,208.95067878994124,True,False
4518,438.749751301392,False,False,185.0,438.72304325695205,True,False,185.00000000000003,438.7230491488085,True,False
4519,257.5120028602925,False,False,185.0000000000002,257.0430877542927,True,False,185.0000000000001,257.0439218440427,True,False
4520,323.8481543665314,False,False,185.00000000000216,323.739291422483,True,False,185.0000000000022,323.73935278250696,True,False
4521,441.67542952385946,False,False,185.0,441.6494507068227,True,False,185.0,441.6494563924299,True,False
4522,268.53991510790013,False,False,185.00000000000324,268.20004590782963,True,False,185.0000000000033,268.2005090557548,True,False
4523,290.2658705358694,False,False,185.0000000000001,290.0633051238929,True,False,185.00000000000006,290.0634875712875,True,False
4524,386.467204154538,False,False,185.0,386.42096106588053,True,False,185.0,386.4209755235989,True,False
4525,260.54220645460003,False,False,185.00000000000546,260.1152565981362,True,False,185.00000000000557,260.1159589129045,True,False
4526,440.530717170605,False,False,185.0,440.5044562977265,True,False,185.0,440.50446207186945,True,False
4527,381.2895284692165,False,False,185.00000000000009,381.2403769712175,True,False,185.00000000000009,381.24039290628133,True,False
4528,187.44620141429684,True,False,185.00000000000003,33.166822101326424,True,True,185.00000000000472,32.93185712985553,True,True
4529,291.4637611104302,False,False,185.00000000000014,291.2662488327465,True,False,185.00000000000009,291.2664232448693,True,False
4530,198.87953832234675,True,False,185.0,33.16708568252428,True,True,185.0,32.93218011715682,True,True
4531,231.8368064062609,False,False,185.00000000000017,230.4531211482068,True,False,185.0000000000001,230.4592851061995,True,False
4532,173.8663157970855,True,False,185.0,33.16620303227688,True,True,185.0,32.93104436076942,True,True
4533,204.09149559262409,True,False,185.00000000000003,33.167175921226146,True,True,185.0,32.932320092925124,True,True
4534,284.3004438459693,False,False,185.0000000000038,284.06970023257344,True,False,185.00000000000387,284.06993047655743,True,False
4535,165.35889572149992,True,False,185.0,33.16549143041321,True,True,185.0,32.930102337301726,True,True
4536,183.35549494658684,True,False,185.0,33.16668322691006,True,True,185.0,32.931713596537776,True,True
4537,262.3413871617043,False,False,185.00000000000037,261.936728548504,True,False,185.0000000000004,261.93736521048055,True,False
4538,296.8832127078133,False,False,185.0,296.7064326378743,True,False,185.0,296.7065759242453,True,False
4539,136.24017819214492,True,False,185.0,33.15761911270179,True,True,185.0,32.91982117283438,True,True
4540,213.89687598067331,False,False,185.00000000000014,203.45045889641568,True,False,185.00000000000026,203.74840395566912,True,False
4541,360.7609890928932,False,False,185.0000000000016,360.6974473177016,True,False,185.00000000000162,360.69747179009323,True,False
4542,168.14667152283616,True,False,185.0,33.165761909246974,True,True,185.0,32.930527530093364,True,True
4543,257.880083457945,False,False,185.00000000000023,257.41659124309894,True,False,185.00000000000014,257.41740768608605,True,False
4544,142.955136974969,True,False,185.0,33.16071169239033,True,True,185.0,32.92385927026285,True,True
4545,153.77023801484214,True,False,184.99999999999918,33.163759616593374,True,True,184.9999999999999,32.92778928465875,True,True
4546,198.66084333538907,True,False,185.0,33.167081512307206,True,True,185.0,32.932179407884874,True,True
4547,187.1302849973844,True,False,185.0,33.16681213381703,True,True,185.0,32.9318470431848,True,True
4548,345.6344520425694,False,False,185.00000000000006,345.556300542193,True,False,185.00000000000003,345.5563352691337,True,False
4549,267.96782988864646,False,False,185.00000000000495,267.6226547850168,True,False,185.00000000000503,267.6231311879895,True,False
4550,719.8013477776983,False,False,184.99999999999997,719.7972819138143,True,False,185.0,719.7972822450929,True,False
4551,163.97513092099052,True,False,185.0,33.16534105847986,True,True,185.0,32.92994130624691,True,True
4552,279.06787486022995,False,False,185.00000000000003,278.8074633066169,True,False,185.0,278.80774939752166,True,False
4553,300.0120097102384,False,False,185.00000000000009,299.84580003279814,True,False,185.00000000000006,299.8459285021,True,False
4554,255.57486817585212,False,False,185.00000000000003,255.0757601114702,True,False,185.0,255.07669555519922,True,False
4555,184.5905050678627,True,False,185.0,33.16672631034061,True,True,185.0,32.931776188119485,True,True
4556,463.9207495803519,False,False,185.0,463.8995202541674,True,False,185.0,463.8995243913523,True,False
4557,247.95494902740484,False,False,185.0000000000017,247.3026433815017,True,False,185.00000000000176,247.3041759801062,True,False
4558,243.44707113723487,False,False,185.0000000000001,242.6668259205383,True,False,185.00000000000009,242.66896078313653,True,False
4559,242.3230243614412,False,False,185.00000000000006,241.50470561757442,True,False,185.00000000000006,241.50703738880236,True,False
4560,609.1197219228794,False,False,185.00000000000006,609.1122918594324,True,False,185.00000000000003,609.1122926669751,True,False
4561,489.1652945404596,False,False,185.0,489.14813279549105,True,False,185.0,489.14813577212954,True,False
4562,144.2851597785419,True,False,184.9999999999955,33.16119385123965,True,True,184.99999999999898,32.924427511064046,True,True
4563,219.4703881481416,False,False,185.00000000000074,215.63981532957314,True,False,185.00000000000045,215.6802324299428,True,False
4564,237.2661376116269,False,False,185.00000000000009,236.23363361630558,True,False,185.00000000000009,236.23722062799678,True,False
4565,464.7644168958647,False,False,185.0,464.7433435867861,True,False,185.0,464.74334767007474,True,False
4566,256.9252664982204,False,False,185.0000000000001,256.44750591698966,True,False,185.00000000000006,256.4483691731345,True,False
4567,179.96410661497632,True,False,185.0,33.166539492531264,True,True,185.0,32.93145896650006,True,True
4568,444.484383435336,False,False,185.00000000000003,444.45907950803524,True,False,185.0,444.4590849104295,True,False
4569,356.80620628380683,False,False,185.00000000000003,356.7392383042641,True,False,185.00000000000003,356.73926509305534,True,False
4570,235.85231138686092,False,False,185.0000000000015,234.74355296939927,True,False,185.00000000000156,234.74764578615063,True,False
4571,379.5737952869105,False,False,185.00000000000037,379.5236244663407,True,False,185.00000000000037,379.52364095262976,True,False
4572,162.82907268983823,True,False,185.0,33.16520385638383,True,True,185.0,32.929704058980846,True,True
4573,286.0755601879027,False,False,185.0000000000008,285.8537669400994,True,False,185.00000000000082,285.85398142769066,True,False
4574,436.8099330680079,False,False,185.0,436.7827260669547,True,False,185.0,436.7827321250077,True,False
4575,346.04732205191914,False,False,185.00000000000003,345.9696284860135,True,False,185.00000000000003,345.96966286574127,True,False
4576,292.2372855526251,False,False,185.00000000000492,292.04294007502216,True,False,185.00000000000495,292.0431095751688,True,False
4577,391.03367188956,False,False,185.00000000000003,390.9898008409375,True,False,185.0,390.9898140195957,True,False
4578,18.368975052302467,True,True,185.00000000000014,9.953383995554828,True,True,185.00000000000006,9.898954825539729,True,True
4579,115.09936183653876,True,False,185.0,33.13487391515326,True,True,185.0,32.89086753983537,True,True
4580,256.2207651367327,False,False,185.00000000000003,255.73204475067936,True,False,185.0,255.73294473085693,True,False
4581,187.90632322574217,True,False,185.0,33.1668359199073,True,True,184.99999999999508,32.93186830532895,True,True
4582,199.4758829475204,True,False,185.0,33.16709668375302,True,True,185.0,32.93218529073762,True,True
4583,321.1058058002248,False,False,185.00000000000009,320.99192623396254,True,False,185.00000000000006,320.9919925380128,True,False
4584,370.48365221373433,False,False,185.0,370.4275635824827,True,False,185.00000000000003,370.4275834990653,True,False
4585,297.11417513841286,False,False,185.0,296.938207844735,True,False,185.00000000000003,296.9383499757197,True,False
4586,306.3452568624889,False,False,184.99999999999997,306.19784209896693,True,False,185.00000000000003,306.1979461321814,True,False
4587,212.14702156192183,False,False,184.99999999996066,191.07666404204727,True,False,185.0000000000101,192.25954251209535,True,False
4588,81.97078250692746,True,False,185.0,32.943458413746306,True,True,185.00000000000003,32.66030581074848,True,True
4589,206.3495650229264,True,False,185.00000000000003,33.16722501251292,True,True,185.0,32.932409703512704,True,True
4590,261.50610977004976,False,False,185.00000000000213,261.09132572364206,True,False,185.0000000000022,261.0919918226742,True,False
4591,309.18724509865064,False,False,185.00000000000003,309.04728820664593,True,False,185.00000000000006,309.0473832049536,True,False
4592,540.821306206951,False,False,185.0,540.8096968411261,True,False,185.00000000000003,540.8096984295267,True,False
4593,534.5273850081896,False,False,185.00000000000009,534.51524311992,True,False,185.00000000000009,534.5152448160485,True,False
4594,323.10323420406985,False,False,185.00000000000276,322.99303988582494,True,False,185.00000000000273,322.99310254069826,True,False
4595,333.28802002035,False,False,185.00000000000006,333.1942320602253,True,False,185.00000000000003,333.1942794906548,True,False
4596,490.40879441634087,False,False,184.99999999999997,490.39180467246064,True,False,185.00000000000003,490.3918075871293,True,False
4597,258.55689618894536,False,False,185.00000000000026,258.10313041891635,True,False,185.00000000000017,258.1039156848585,True,False
4598,282.25722616484444,False,False,185.00000000000017,282.01551526709767,True,False,185.00000000000009,282.0157654642292,True,False
4599,309.35007559366966,False,False,185.00000000000006,309.2105296073345,True,False,185.00000000000006,309.210624107941,True,False
4600,399.8763138233267,False,False,185.0,399.83658222951533,True,False,184.99999999999997,399.8365934491601,True,False
4601,195.8274875403991,True,False,185.0,33.1670241090844,True,True,185.0,32.932190169816025,True,True
4602,58.1777910144371,True,False,185.0,32.10961394205224,True,True,185.0,31.76570887702527,True,True
4603,204.3252257317626,True,False,185.0,33.16718036236178,True,True,185.0,32.932328692134455,True,True
4604,204.0437428696412,True,False,185.0,33.16717502539877,True,True,185.00000000000003,32.93231834297703,True,True
4605,385.62389256430026,False,False,185.0,385.57719220937884,True,False,185.0,385.5772069056876,True,False
4606,432.62330067166704,False,False,185.00000000000023,432.5949726027219,True,False,185.00000000000023,432.5949790641169,True,False
4607,277.5358135954218,False,False,185.00000000000085,277.26565862827783,True,False,185.0000000000009,277.2659642614181,True,False
4608,157.75689405747758,True,False,185.0,33.16448755457721,True,True,185.0,32.928818315061676,True,True
4609,417.168454270614,False,False,185.00000000000003,417.13539569807773,True,False,185.0,417.13540400331385,True,False
4610,171.2279793823228,True,False,185.0,33.166018159634525,True,True,185.0,32.930812175891226,True,True
4611,289.6491655079939,False,False,185.00000000000009,289.44392547087705,True,False,185.00000000000006,289.4441122571531,True,False
4612,616.2222020935139,False,False,185.00000000000003,616.2150824857302,True,False,185.00000000000003,616.2150832539813,True,False
4613,250.38153739382145,False,False,185.00000000000014,249.78508093121079,True,False,185.00000000000014,249.7863799804766,True,False
4614,370.723310961811,False,False,185.00000000000003,370.6673904187026,True,False,185.0,370.6674102327724,True,False
4615,280.45606933993054,False,False,185.00000000000009,280.2040483833857,True,False,185.00000000000006,280.2043181322155,True,False
4616,250.6369106087213,False,False,185.00000000000017,250.0458990835963,True,False,185.0000000000001,250.04717631231105,True,False
4617,338.61034458534414,False,False,185.00000000000034,338.5237892187077,True,False,185.00000000000034,338.52383057030806,True,False
4618,202.0917037051241,True,False,185.0,33.16714072657769,True,True,185.0,32.932250078899756,True,True
4619,345.26318985578564,False,False,185.00000000000006,345.1846233468951,True,False,185.00000000000006,345.1846583924978,True,False
4620,449.3595670592049,False,False,185.00000000000048,449.33537881447523,True,False,185.00000000000045,449.33538379669596,True,False
4621,81.16946192264017,True,False,185.0,32.93233609140153,True,True,185.0,32.647604956337766,True,True
4622,150.37581330650994,True,False,185.0,33.162993515379924,True,True,185.0,32.92683236483511,True,True
4623,206.90082538032536,True,False,185.0,33.167240497599494,True,True,185.0,32.93243433682419,True,True
4624,299.73791915552727,False,False,185.0000000000001,299.57082024167096,True,False,185.00000000000006,299.57094993756573,True,False
4625,304.5762842084439,False,False,185.0000000000009,304.4239385054864,True,False,185.0000000000009,304.42404870947763,True,False
4626,117.51177594676436,True,False,185.0,33.13905890881339,True,True,185.0,32.89619039273403,True,True
4627,436.3714029707157,False,False,185.0,436.34408141320995,True,False,185.0,436.3440875129196,True,False
4628,82.0137760456192,True,False,185.0,32.9440402091074,True,True,185.0,32.66094565286696,True,True
4629,226.63637425656697,False,False,185.00000000000017,224.68398338958917,True,False,185.00000000000014,224.69560224741252,True,False
4630,197.29087852170156,True,False,185.0,33.16705410381095,True,True,185.0,32.93218402255847,True,True
4631,345.6783451134289,False,False,185.00000000000006,345.60024247568936,True,False,185.0,345.600277164948,True,False
4632,245.13980664193764,False,False,185.00000000000037,244.4118633938923,True,False,185.00000000000023,244.4137408395311,True,False
4633,144.76876745982565,True,False,185.0000000000003,33.16136106237131,True,True,185.00000000000105,32.924676227465575,True,True
4634,129.12551064840432,True,False,185.0,33.15276217450638,True,True,185.0,32.91346874817353,True,True
4635,100.42079555349008,True,False,185.0,33.091836598822205,True,True,185.0,32.83536404128493,True,True
4636,216.67823137214936,False,False,185.00000000002666,210.96851953267088,True,False,185.0000000000254,211.056078282877,True,False
4637,289.5537175103963,False,False,185.00000000000009,289.3480589598929,True,False,185.00000000000003,289.34824642529185,True,False
4638,144.16112477050692,True,False,185.00000000000253,33.16115088826083,True,True,184.99999999999662,32.92438088019855,True,True
4639,322.63339397995145,False,False,185.000000000003,322.52234810727987,True,False,185.00000000000307,322.52241159027693,True,False
4640,153.11433013836992,True,False,184.99999999999997,33.16362420302728,True,True,185.0,32.927637386691266,True,True
4641,205.05917851165736,True,False,185.0,33.16719502642602,True,True,185.0,32.932356476858786,True,True
4642,94.44646749532166,True,False,185.0,33.06048333830421,True,True,185.00000000000003,32.796199970240785,True,True
4643,349.32889319789666,False,False,185.00000000000108,349.25470987737594,True,False,185.00000000000108,349.2547416914235,True,False
4644,344.60393258392736,False,False,185.00000000000006,344.5246215186963,True,False,185.0,344.52465714874114,True,False
4645,319.3934911635423,False,False,185.00000000000003,319.27631232667943,True,False,185.0,319.276382057811,True,False
4646,144.91829845423464,True,False,185.00000000000685,33.161412184052374,True,True,184.99999999999324,32.92476303433378,True,True
4647,447.966049959717,False,False,185.00000000000003,447.9415497730504,True,False,185.0,447.9415548526168,True,False
4648,382.5108295495466,False,False,185.0,382.46238630578165,True,False,185.0,382.4624018677096,True,False
4649,374.1623245994373,False,False,185.00000000000003,374.1087412310255,True,False,185.00000000000003,374.1087596064917,True,False
4650,144.17257317200003,True,False,185.0000000000035,33.16115486252743,True,True,184.99999999999693,32.92438518598212,True,True
4651,163.12707236546908,True,False,185.0,33.165239984788336,True,True,185.0,32.92977379757875,True,True
4652,266.5500823050616,False,False,185.00000000000026,266.1912144896408,True,False,185.0000000000001,266.1917258216519,True,False
4653,233.680996670582,False,False,185.00000000001918,232.43595695167073,True,False,185.00000000001924,232.44102867390188,True,False
4654,225.6881925809324,False,False,185.00000000000023,223.5890878317562,True,False,185.00000000000023,223.6023604781294,True,False
4655,478.1908613261756,False,False,185.0000000000001,478.1720741721385,True,False,185.0000000000001,478.1720775265713,True,False
4656,235.36872946957823,False,False,185.00000000000438,234.23178351443602,True,False,185.00000000000443,234.23607097595723,True,False
4657,156.67979411885776,True,False,185.0,33.164306592571656,True,True,185.0,32.928534474289975,True,True
4658,411.5409373464322,False,False,185.00000000000048,411.5058879236063,True,False,185.0000000000005,411.5058970548206,True,False
4659,255.39860733424143,False,False,185.00000000000014,254.896606125647,True,False,185.00000000000014,254.89755156951355,True,False
4660,165.19257831055404,True,False,185.0,33.165473139421444,True,True,185.0,32.93008271625622,True,True
4661,54.19139106745436,True,False,185.0,31.7390782346871,True,True,185.0,31.399473691813082,True,True
4662,317.8691828971404,False,False,185.00000000000003,317.7489523263226,True,False,185.0,317.7490252215083,True,False
4663,318.1476765158548,False,False,185.0,318.0280118169036,True,False,185.0,318.0280841290349,True,False
4664,634.8240945343821,False,False,185.0,634.8177094581234,True,False,185.0,634.8177101584942,True,False
4665,321.9517855179389,False,False,185.00000000000009,321.8394876934587,True,False,185.00000000000003,321.8395524060092,True,False
4666,242.6226503828463,False,False,185.0,241.81476216950313,True,False,185.00000000000003,241.8170391954197,True,False
4667,404.61160521479104,False,False,185.00000000000003,404.5738720364168,True,False,185.0,404.5738823675997,True,False
4668,408.861146705038,False,False,185.0000000000008,408.82509140073074,True,False,185.00000000000082,408.82510093886486,True,False
4669,59.60380308371051,True,False,185.0,32.21345268143406,True,True,184.99999999999997,31.87048704485759,True,True
4670,223.0681962422302,False,False,185.0000000000006,220.44743514539246,True,False,185.00000000000043,220.46739183322066,True,False
4671,139.7700554950422,True,False,185.0,33.1593896692588,True,True,185.0,32.92211818406349,True,True
4672,150.93339798276537,True,False,185.0,33.16313226268631,True,True,185.0,32.926954765932514,True,True
4673,186.6290507020977,True,False,185.0,33.16679561740964,True,True,185.0,32.93182912746983,True,True
4674,304.3492070516104,False,False,185.0000000000011,304.19621139948896,True,False,185.00000000000117,304.19632243180286,True,False
4675,168.99423536220817,True,False,185.0,33.165834855810076,True,True,185.0,32.93059939114444,True,True
4676,129.54135694811131,True,False,185.0,33.15310465134802,True,True,185.0,32.91397455974259,True,True
4677,315.581184273671,False,False,185.00000000000043,315.45615807460405,True,False,185.00000000000043,315.45623606618705,True,False
4678,515.7509587443968,False,False,185.0,515.7370181533541,True,False,185.0,515.7370203178345,True,False
4679,319.9397876053176,False,False,185.00000000000006,319.8236758707215,True,False,185.00000000000003,319.82374448257275,True,False
4680,224.6795788597084,False,False,185.00000000000904,222.40260331247225,True,False,185.0000000000091,222.41801419641902,True,False
4681,167.98868137141093,True,False,185.0,33.16574851136464,True,True,185.0,32.93050150095365,True,True
4682,346.9589641959595,False,False,185.00000000000205,346.88226860709483,True,False,185.00000000000205,346.8823022475111,True,False
4683,389.2847392292989,False,False,185.00000000000003,389.23997995898435,True,False,185.0,389.2399935869834,True,False
4684,421.2857854134824,False,False,185.0,421.2540865935381,True,False,185.0,421.2540944095345,True,False
4685,329.264086883581,False,False,185.00000000000003,329.16425611757853,True,False,184.99999999999997,329.1643089729493,True,False
4686,330.10470236758385,False,False,185.00000000000003,330.0061781904474,True,False,185.0,330.0062298859937,True,False
4687,320.15794556846674,False,False,185.00000000000003,320.0422561369307,True,False,185.00000000000003,320.04232430758674,True,False
4688,93.84355480887729,True,False,185.00000000000642,33.05664984685727,True,True,185.00000000000364,32.79152569400225,True,True
4689,293.2740322147776,False,False,185.0000000000033,293.08381752673995,True,False,185.00000000000335,293.08398068638905,True,False
4690,293.5613654410011,False,False,185.00000000000287,293.37227320370897,True,False,185.00000000000287,293.3724346537922,True,False
4691,348.0109765680077,False,False,185.00000000000162,347.9354105597982,True,False,185.00000000000168,347.93544338115623,True,False
4692,246.9574989510216,False,False,185.00000000000648,246.27985475461426,True,False,185.00000000000662,246.28149926475234,True,False
4693,326.2287541458076,False,False,185.00000000000057,326.1239973150236,True,False,185.0000000000006,326.12405471030564,True,False
4694,243.46127110250475,False,False,185.0000000000001,242.68148891385172,True,False,185.00000000000009,242.68362143174159,True,False
4695,134.2544955294331,True,False,185.0,33.15645604304315,True,True,185.0,32.91834917006848,True,True
4696,149.7564168011356,True,False,185.0,33.16283828039982,True,True,185.0,32.92667399539477,True,True
4697,480.71349066006303,False,False,185.00000000000003,480.6950950402719,True,False,185.00000000000003,480.69509828863534,True,False
4698,263.3211123860556,False,False,185.00000000000003,262.927864128249,True,False,185.0,262.9284683812555,True,False
4699,252.52049574986324,False,False,185.00000000001094,251.96738465557314,True,False,185.00000000001103,251.96851491208338,True,False
4700,547.2801881998823,False,False,185.0,547.2690930160263,True,False,185.0,547.269094543447,True,False
4701,367.1076677879042,False,False,185.0,367.04913536903064,True,False,185.00000000000006,367.0491567020841,True,False
4702,263.38837270896653,False,False,185.0,262.9958900285983,True,False,185.0,262.99649213813854,True,False
4703,416.1769909264116,False,False,185.00000000000006,416.1435930421466,True,False,185.00000000000006,416.14360148403784,True,False
4704,401.35566257324285,False,False,185.0,401.3165705632806,True,False,185.0,401.3165815168772,True,False
4705,251.8421422813372,False,False,185.00000000000028,251.2758237037123,True,False,185.0000000000002,251.2770042033269,True,False
4706,341.6608212960249,False,False,184.99999999999997,341.57806335259465,True,False,185.0,341.57810169325927,True,False
4707,516.6089255849286,False,False,185.00000000000003,516.5950747722922,True,False,185.0,516.5950769240786,True,False
4708,363.0967753539719,False,False,185.00000000000085,363.0351438170937,True,False,185.00000000000088,363.0351670827831,True,False
4709,488.61605204567786,False,False,185.0,488.59881357974757,True,False,185.0,488.5988165777636,True,False
4710,241.98286230326715,False,False,185.00000000000068,241.1524420029447,True,False,185.0000000000007,241.15483804183347,True,False
4711,346.1267645926078,False,False,185.00000000000003,346.0491587105856,True,False,185.00000000000006,346.0491930240932,True,False
4712,265.97083815420785,False,False,185.0000000000002,265.60614210098043,True,False,185.00000000000014,265.6066686610232,True,False
4713,283.8252027242211,False,False,185.00000000000477,283.5919738224428,True,False,185.00000000000483,283.5922085427724,True,False
4714,201.17132550281823,True,False,185.0,33.167125467239174,True,True,185.0,32.93222258730634,True,True
4715,178.6123049356038,True,False,185.0,33.16647057903108,True,True,185.0,32.93146313125664,True,True
4716,342.5851801298524,False,False,185.0,342.50352689650305,True,False,185.0,342.5035643898905,True,False
4717,303.4754299328605,False,False,185.00000000000205,303.3198960479962,True,False,185.0000000000021,303.32001036135375,True,False
4718,103.74307210904789,True,False,185.00000000000003,33.10502119477219,True,True,184.99999999999997,32.85250363888586,True,True
4719,285.7661385864861,False,False,185.00000000000122,285.54282191703624,True,False,185.00000000000125,285.5430390434228,True,False
4720,505.1840815344671,False,False,185.00000000000006,505.1689677227094,True,False,185.00000000000009,505.168970109793,True,False
4721,644.7308369282675,False,False,185.00000000000006,644.7248017628278,True,False,185.00000000000009,644.7248022882642,True,False
4722,441.7600346259033,False,False,185.0,441.7340764920031,True,False,185.0,441.73408217000633,True,False
4723,451.2795960746819,False,False,185.00000000000034,451.25582885413064,True,False,185.00000000000037,451.2558337163205,True,False
4724,298.01196407769334,False,False,185.00000000000003,297.83910573756503,True,False,185.00000000000003,297.83924348520196,True,False
4725,378.5872208820299,False,False,185.00000000000054,378.5364506950275,True,False,185.00000000000057,378.5364675155387,True,False
4726,358.12604255881723,False,False,185.0,358.06024594190984,True,False,185.00000000000003,358.06027190521735,True,False
4727,396.6023996067435,False,False,185.0000000000002,396.5612005749731,True,False,185.0000000000002,396.5612124737362,True,False
4728,160.59912518638748,True,False,185.0,33.164914660349396,True,True,185.0,32.929389619367306,True,True
4729,267.2912815586939,False,False,185.0000000000071,266.93967117353606,True,False,185.00000000000716,266.94016387350007,True,False
4730,417.6877664286797,False,False,185.0,417.654883702657,True,False,185.0,417.654891936289,True,False
4731,378.51620155940833,False,False,185.00000000000057,378.46538784644935,True,False,185.00000000000057,378.4654046921118,True,False
4732,264.60309982442925,False,False,185.00000000000014,264.2240679184085,True,False,185.00000000000009,264.22463288500967,True,False
4733,166.16963565190267,True,False,184.99999999999395,33.165575362527626,True,True,184.9999999999986,32.93018832641843,True,True
4734,268.1171891663314,False,False,185.00000000000446,267.7734111371997,True,False,185.00000000000455,267.7738840385524,True,False
4735,309.8950980166205,False,False,185.00000000000009,309.7569149863948,True,False,185.00000000000006,309.7570078570056,True,False
4736,207.08765384734824,True,False,185.0,33.167246285522,True,True,185.00000000000003,32.93244332010881,True,True
4737,266.23667808892554,False,False,185.0000000000002,265.8746742634919,True,False,185.00000000000014,265.8751937650552,True,False
4738,201.8877419705242,True,False,185.0,33.167137316367544,True,True,185.0,32.932243700872284,True,True
4739,278.89749885531813,False,False,185.0,278.636029440555,True,False,184.99999999999997,278.6363176221492,True,False
4740,249.99170466145932,False,False,185.0000000000001,249.3867859507011,True,False,185.00000000000009,249.38811925037038,True,False
4741,216.0290859933872,False,False,185.00000000000068,209.62247137379484,True,False,185.0000000000005,209.7327606963153,True,False
4742,331.467979403052,False,False,185.00000000000006,331.371523718205,True,False,185.00000000000003,331.3715735362915,True,False
4743,271.26737256132554,False,False,185.00000000000003,270.95120761089197,True,False,185.00000000000003,270.9516138134593,True,False
4744,145.14965820775393,True,False,185.0,33.16148896432761,True,True,185.0,32.92489177710612,True,True
4745,144.89432651631552,True,False,185.00000000000497,33.16140405588257,True,True,185.00000000000622,32.924749062103984,True,True
4746,146.0663044842539,True,False,185.0,33.161787264308934,True,True,185.0,32.925200408731946,True,True
4747,218.30829246991092,False,False,185.00000000000023,213.8540090336528,True,False,185.00000000000017,213.90787828673422,True,False
4748,264.2777976588418,False,False,185.00000000000009,263.8952321300276,True,False,185.00000000000009,263.8958067646192,True,False
4749,264.1546708509505,False,False,185.0000000000001,263.77075497556234,True,False,185.00000000000006,263.7713333241374,True,False
4750,83.23797251019052,True,False,185.0,32.9599186213299,True,True,185.0,32.67913977213777,True,True
4751,193.9679801319132,True,False,185.0,33.16698699464684,True,True,185.0,32.93215014875088,True,True
4752,226.1271638625218,False,False,185.00000000000003,224.09822640399727,True,False,185.00000000000003,224.11069568129707,True,False
4753,227.57301943584844,False,False,185.00000000000048,225.74931222535827,True,False,185.0000000000003,225.7595627098614,True,False
4754,291.4608471138311,False,False,185.00000000000014,291.2633227658727,True,False,185.00000000000009,291.2634971968584,True,False
4755,324.0986544934505,False,False,185.000000000002,323.9902341731808,True,False,185.00000000000202,323.9902950988917,True,False
4756,286.9370465256918,False,False,185.00000000000009,286.7194161361962,True,False,185.00000000000009,286.71962349220547,True,False
4757,241.21797558741184,False,False,185.00000000000406,240.3592874350987,True,False,185.00000000000415,240.36183675780495,True,False
4758,121.29373026551488,True,False,185.0,33.14455147928531,True,True,185.0,32.903040124827754,True,True
4759,226.48799611658075,False,False,185.00000000000014,224.5138115259508,True,False,185.0000000000001,224.52566973106633,True,False
4760,365.3095223384542,False,False,185.00000000000028,365.2496278776351,True,False,185.00000000000028,365.24965004038756,True,False
4761,104.7191843303562,True,False,185.0,33.1084335142072,True,True,185.0,32.85687641027336,True,True
4762,290.3463166330334,False,False,185.0000000000001,290.1440963911373,True,False,185.00000000000006,290.1442782805007,True,False
4763,274.7725333325639,False,False,185.00000000000713,274.48340042919546,True,False,185.00000000000713,274.4837459165042,True,False
4764,187.48085285474116,True,False,185.0,33.166823172679045,True,True,185.0000000000052,32.931858108522235,True,True
4765,217.94880838427108,False,False,185.0,213.26335363537532,True,False,185.0,213.32274687106272,True,False
4766,126.88258877488111,True,False,185.0,33.150775206966955,True,True,185.0,32.91097988172282,True,True
4767,208.16287541759297,True,False,185.00000000000003,33.167288276203344,True,True,185.0,32.932507328625256,True,True
4768,112.7125680385618,True,False,185.0,33.130118514743614,True,True,185.0,32.884967997451916,True,True
4769,70.80094321324498,True,False,185.0,32.71951188382204,True,True,185.0,32.40651442716578,True,True
4770,597.4214185955152,False,False,185.0,597.4134363035016,True,False,185.00000000000003,597.4134371523819,True,False
4771,198.0370799800756,True,False,185.0,33.16706922873555,True,True,185.0,32.932180255924614,True,True
4772,355.9298924293267,False,False,185.0,355.8621306712681,True,False,185.0,355.8621580131412,True,False
4773,270.23740544567016,False,False,185.00000000000009,269.91258590667917,True,False,185.00000000000009,269.91301248418773,True,False
4774,197.36096819981168,True,False,185.0,33.16705553540918,True,True,185.0,32.932183561902264,True,True
4775,194.73028689348104,True,False,185.0,33.1670021209935,True,True,185.0,32.93217490025985,True,True
4776,177.37925827783593,True,False,185.0,33.16641067299035,True,True,185.0,32.93136837433624,True,True
4777,248.11327367928445,False,False,185.00000000000122,247.4648544821992,True,False,185.00000000000122,247.4663702530245,True,False
4778,272.2806294653476,False,False,185.00000000000009,271.9726498452437,True,False,185.00000000000006,271.97303719373446,True,False
4779,139.8214099779609,True,False,185.0,33.159413193721555,True,True,185.0,32.92214439970016,True,True
4780,243.9410130857586,False,False,185.0000000000002,243.17662398417215,True,False,185.00000000000014,243.17867916917896,True,False
4781,345.6186160302111,False,False,185.00000000000003,345.5404468903973,True,False,185.00000000000003,345.5404816309533,True,False
4782,120.9056988353599,True,False,185.0,33.144040799147305,True,True,185.0,32.9024626953631,True,True
4783,405.3327845646991,False,False,185.00000000000003,405.29534358163676,True,False,185.0,405.295353761207,True,False
4784,362.6241832102483,False,False,185.000000000001,362.5621716567376,True,False,185.00000000000102,362.5621951639161,True,False
4785,208.04708869465048,True,False,185.0,33.167282784925156,True,True,185.0,32.93249911146003,True,True
4786,322.1195345755845,False,False,185.00000000000009,322.0075467059634,True,False,185.00000000000003,322.00761111032494,True,False
4787,241.15778507976412,False,False,185.00000000000443,240.2968080071299,True,False,185.00000000000452,240.2993699361207,True,False
4788,243.6309413401489,False,False,185.00000000000014,242.85665845385773,True,False,185.0000000000001,242.8587631949854,True,False
4789,438.07463241134445,False,False,185.00000000000003,438.0477521409179,True,False,185.0,438.04775808504036,True,False
4790,275.2109934698886,False,False,185.00000000000603,274.92500017309857,True,False,185.0000000000061,274.9253389351804,True,False
4791,512.3613135535737,False,False,185.0,512.347010481593,True,False,185.0,512.347012676369,True,False
4792,323.74202900315083,False,False,185.00000000000225,323.63297777259737,True,False,185.0000000000023,323.633039313765,True,False
4793,619.6713374447413,False,False,185.0,619.6643623088241,True,False,185.0,619.6643630368153,True,False
4794,201.8654684548572,True,False,185.0,33.16713694516303,True,True,185.0,32.93224302113359,True,True
4795,501.3622287609909,False,False,185.0000000000002,501.34665771080284,True,False,185.00000000000017,501.34666019333275,True,False
4796,269.5578693488456,False,False,185.00000000000088,269.2271462149601,True,False,185.0000000000009,269.22758695664805,True,False
4797,294.68349902200833,False,False,185.00000000000128,294.4987001857877,True,False,185.0000000000013,294.49885516509283,True,False
4798,287.26031405016954,False,False,185.00000000000003,287.0442165302708,True,False,185.0,287.0444212923491,True,False
4799,410.3447150291644,False,False,185.00000000000063,410.3092213961505,True,False,185.00000000000065,410.3092307086734,True,False
4800,284.40214315480523,False,False,185.00000000000364,284.17192637592484,True,False,185.00000000000367,284.17215568659753,True,False
4801,173.710243118261,True,False,185.0,33.166192376639614,True,True,185.0,32.931033895526994,True,True
4802,310.2961446914533,False,False,185.00000000000009,310.158952509727,True,False,185.00000000000003,310.15904421259864,True,False
4803,334.8595333971864,False,False,185.00000000000222,334.76796633511566,True,False,185.00000000000225,334.76801188033755,True,False
4804,180.4418229296382,True,False,185.0,33.166561782198706,True,True,185.0,32.93147642571397,True,True
4805,148.77850619392612,True,False,184.99999999999883,33.16258162162761,True,True,184.99999999999983,32.92624036142481,True,True
4806,120.02019387688637,True,False,185.0,33.14283204434234,True,True,185.0,32.90089988678047,True,True
4807,125.62179813432672,True,False,185.00000000000003,33.14953914649252,True,True,185.0,32.90940247234495,True,True
4808,397.21524243241424,False,False,185.0000000000001,397.1743236873564,True,False,185.00000000000014,397.1743354539495,True,False
4809,267.718530191923,False,False,185.0000000000057,267.3710043126181,True,False,185.0000000000058,267.3714866580833,True,False
4810,302.29137760260954,False,False,185.00000000000352,302.1323071829962,True,False,185.00000000000358,302.13242612079443,True,False
4811,68.05808132159889,True,False,185.00000000000003,32.63234108974134,True,True,185.0,32.31034577977978,True,True
4812,230.57607529605835,False,False,185.00000000000065,229.08232535457415,True,False,185.00000000000065,229.0894240653273,True,False
4813,521.2875211884134,False,False,185.0,521.27414648046,True,False,185.0,521.2741484712271,True,False
4814,402.38193983886873,False,False,185.0,402.3432832609885,True,False,185.0,402.3432940368648,True,False
4815,491.9242992416016,False,False,185.0,491.90751597818553,True,False,185.0,491.90751880702715,True,False
4816,118.21245937713104,True,False,184.99999999999582,33.140167448332214,True,True,184.9999999999989,32.89751877321473,True,True
4817,283.2740927459623,False,False,185.00000000000583,283.03793273193827,True,False,185.00000000000585,283.0381727423834,True,False
4818,145.31902556242028,True,False,185.0,33.161543320681275,True,True,185.0,32.92498089032421,True,True
4819,276.07894521951187,False,False,185.00000000000387,275.799020804031,True,False,185.00000000000392,275.79934669448824,True,False
4820,294.61002465267114,False,False,185.00000000000136,294.4249490122396,True,False,185.0000000000014,294.4251044039161,True,False
4821,231.122941380409,False,False,185.0,229.67864690305913,True,False,185.0,229.6853182595693,True,False
4822,499.3961878273303,False,False,185.00000000000023,499.38037427411683,True,False,185.00000000000026,499.3803767996858,True,False
4823,329.2441857634213,False,False,185.0,329.14432377052,True,False,185.0,329.1443766538741,True,False
4824,209.13618621656695,True,False,185.0,33.16735309078791,True,True,185.0,32.93260331498358,True,True
4825,109.22816918824677,True,False,185.0,33.121884848127046,True,True,185.00000000000003,32.87445436363718,True,True
4826,457.0722028189445,False,False,185.00000000000003,457.0496470498123,True,False,185.00000000000003,457.0496515361349,True,False
4827,139.33666592330965,True,False,185.0,33.15919326260695,True,True,185.0,32.921890428093306,True,True
4828,317.7477877424317,False,False,184.99999999999997,317.62730932398716,True,False,185.0,317.6273824782887,True,False
4829,166.2625457961027,True,False,184.99999999999613,33.16558448112949,True,True,184.9999999999992,32.93019679277236,True,True
4830,203.8591185953432,True,False,185.0,33.16717159533741,True,True,185.0,32.93231158921485,True,True
4831,654.0902548125499,False,False,185.00000000000003,654.0845269433567,True,False,185.00000000000003,654.0845274906882,True,False
4832,369.4363736942997,False,False,185.0,369.3795423036977,True,False,185.00000000000003,369.37956264881564,True,False
4833,357.0647226724526,False,False,185.0,356.99798639577745,True,False,185.0,356.99801302219265,True,False
4834,153.85717830907222,True,False,184.99999999999974,33.1637773057639,True,True,184.99999999999997,32.927816478698425,True,True
4835,170.03374240345389,True,False,185.0,33.16592564082108,True,True,185.00000000000003,32.930634608400965,True,True
4836,348.348063674608,False,False,185.00000000000148,348.27285470887927,True,False,185.0000000000015,348.2728872707385,True,False
4837,256.3420843345033,False,False,185.00000000000003,255.85527835310805,True,False,185.0,255.85617186620976,True,False
4838,515.227337679067,False,False,185.0,515.2133419103878,True,False,185.0,515.2133440802776,True,False
4839,318.0190574287119,False,False,185.0,317.8991318573206,True,False,185.0,317.8992044375386,True,False
4840,341.04407775736576,False,False,185.00000000000003,340.9605711023395,True,False,185.0,340.96061001853616,True,False
4841,157.26620636816003,True,False,185.0,33.16440845024208,True,True,185.0,32.92870501246573,True,True
4842,350.7380794924663,False,False,185.0000000000005,350.6653359938284,True,False,185.0000000000005,350.6653667534464,True,False
4843,145.40280979362984,True,False,185.0,33.16157007784259,True,True,185.0,32.92502046607638,True,True
4844,502.5050610321971,False,False,185.00000000000014,502.4896286444906,True,False,185.0000000000001,502.4896311005335,True,False
4845,488.03205512336376,False,False,185.0,488.01473457360504,True,False,184.99999999999997,488.0147375903744,True,False
4846,176.85566284265064,True,False,184.99999999999466,33.166383093746475,True,True,184.99999999999574,32.93130805394471,True,True
4847,147.1403456856566,True,False,185.0,33.1621181153025,True,True,185.0,32.92569619778082,True,True
4848,197.885709605878,True,False,185.0,33.16706618235043,True,True,185.0,32.93218079823168,True,True
4849,472.2461366793648,False,False,185.00000000000034,472.2263810779387,True,False,185.00000000000037,472.2263846706446,True,False
4850,427.99456092912993,False,False,185.0000000000006,427.9649187977563,True,False,185.0000000000006,427.96492572335654,True,False
4851,223.5282082993025,False,False,185.00000000000065,221.01428294542993,True,False,185.0000000000004,221.0327685692714,True,False
4852,438.8863295248797,False,False,185.0,438.8596561389672,True,False,184.99999999999997,438.85966202138377,True,False
4853,122.44378608766446,True,False,185.0,33.14600016760222,True,True,185.0,32.90487071373474,True,True
4854,300.1271524428584,False,False,185.0000000000001,299.96131430250307,True,False,185.00000000000009,299.9614422663773,True,False
4855,262.0172909449661,False,False,185.0000000000009,261.60874814288275,True,False,185.0000000000009,261.6093960249014,True,False
4856,140.71364627973577,True,False,185.0,33.159806921657974,True,True,185.00000000000003,32.92263695159825,True,True
4857,535.3417132898957,False,False,185.00000000000006,535.3296421373262,True,False,185.00000000000006,535.3296438222454,True,False
4858,237.6587470579799,False,False,185.0000000000002,236.64592899751844,True,False,185.00000000000014,236.64939038170198,True,False
4859,330.3788868366653,False,False,185.0,330.280783641799,True,False,185.00000000000003,330.2808349603348,True,False
4860,107.77223935164513,True,False,185.0,33.11792247719734,True,True,185.0,32.86925343677509,True,True
4861,168.91832188730717,True,False,185.0,33.16582808854894,True,True,185.0,32.93059825108588,True,True
4862,166.1638746603068,True,False,184.99999999999378,33.1655747965261,True,True,184.99999999999855,32.930187812298776,True,True
4863,52.1479193484019,True,False,184.9999999999945,31.489010994340646,True,True,185.0000000000003,31.156684686751586,True,True
4864,460.72142566289966,False,False,185.0,460.69959026892843,True,False,185.0,460.6995945391808,True,False
4865,101.13378364166763,True,False,185.00000000000375,33.094887864624496,True,True,184.99999999999662,32.839316295600355,True,True
4866,278.47549054868523,False,False,185.00000000000003,278.2113736368733,True,False,185.00000000000003,278.21166709012283,True,False
4867,214.9826702133777,False,False,185.00000000000793,207.05049367402438,True,False,185.0000000000057,207.22077851878524,True,False
4868,178.52631172571546,True,False,185.0,33.16646632743104,True,True,185.0,32.93146103681902,True,True
4869,186.36586241394488,True,False,185.0,33.166786709196195,True,True,185.0,32.93182047833605,True,True
4870,265.72429936183204,False,False,185.0000000000002,265.35707974793695,True,False,185.00000000000014,265.3576129662549,True,False
4871,223.04369525655736,False,False,185.00000000000057,220.41702423717797,True,False,185.0000000000004,220.4370638450813,True,False
4872,378.0911560137183,False,False,185.00000000000065,378.04008072340247,True,False,185.00000000000068,378.0400977163201,True,False
4873,471.64808466163095,False,False,185.0000000000004,471.6282279203753,True,False,185.0000000000004,471.6282315398839,True,False
4874,284.32381712102585,False,False,185.0000000000038,284.09319474358915,True,False,185.00000000000384,284.09342477253244,True,False
4875,203.0755230916805,True,False,185.0,33.167157543537556,True,True,185.00000000000003,32.932283369918935,True,True
4876,432.5650975964007,False,False,185.00000000000023,432.53675350146307,True,False,185.00000000000023,432.53675996916735,True,False
4877,212.44166295640267,False,False,185.00000000000097,194.49298047553506,True,False,185.00000000000085,195.3500372323683,True,False
4878,264.31567482355746,False,False,185.0000000000001,263.9335232686452,True,False,185.00000000000009,263.9340967672845,True,False
4879,288.23181407333834,False,False,185.0,288.0202301417625,True,False,185.00000000000003,288.02042735772653,True,False
4880,243.044934809996,False,False,185.00000000000003,242.25139512439569,True,False,185.00000000000003,242.25359782764164,True,False
4881,271.45490848524383,False,False,185.00000000000003,271.1402825640595,True,False,185.00000000000003,271.14068519098856,True,False
4882,287.1198411351004,False,False,185.00000000000003,286.90307945058476,True,False,185.00000000000006,286.9032853383588,True,False
4883,218.14254332691263,False,False,185.0000000000001,213.5842920907224,True,False,185.0000000000001,213.640608849084,True,False
4884,211.70941927882637,False,False,185.00000000000298,182.82320526244538,True,False,185.0000000000012,185.14930974781407,True,False
4885,265.02847842234456,False,False,185.00000000000014,264.6539940349164,True,False,185.0000000000001,264.654546674602,True,False
4886,339.2537379149079,False,False,185.00000000000014,339.1680034557189,True,False,185.00000000000014,339.1680441443494,True,False
4887,332.66818364029007,False,False,185.00000000000006,332.5734989180556,True,False,185.00000000000003,332.57354713608976,True,False
4888,151.1507256993423,True,False,185.0,33.16318312112812,True,True,185.00000000000003,32.92703759913542,True,True
4889,264.33664996195404,False,False,185.00000000000009,263.95472736394004,True,False,185.00000000000006,263.9553002350916,True,False
4890,316.15954760120314,False,False,185.00000000000014,316.03575886382276,True,False,185.00000000000017,316.03583552368417,True,False
4891,467.7433868374807,False,False,185.00000000000003,467.7228521273604,True,False,185.0,467.72285598874043,True,False
4892,211.69584716836715,False,False,185.0000000000113,182.45477502232438,True,False,185.00000000000102,184.84381359184763,True,False
4893,130.07679053293705,True,False,185.0,33.15352986235438,True,True,185.0,32.9145129643971,True,True
4894,276.37182254681306,False,False,185.00000000000313,276.0939033143249,True,False,185.00000000000324,276.0942249884727,True,False
4895,559.2643301024518,False,False,185.0,559.2541105078669,True,False,185.0,559.254111760118,True,False
4896,211.0762787377787,False,False,185.0,33.17148267552404,True,True,185.0,110.90772910249166,True,False
4897,524.1567388596408,False,False,184.99999999999997,524.1436452126496,True,False,185.0,524.1436470854759,True,False
4898,153.67574888853517,True,False,184.99999999999787,33.163740446914964,True,True,184.99999999999963,32.92776328183096,True,True
4899,145.14930569856656,True,False,185.0,33.16148885008965,True,True,185.0,32.92489158422213,True,True
4900,215.26011194398657,False,False,185.00000000000037,207.79453732611773,True,False,185.00000000000003,207.94499511706692,True,False
4901,213.92033231665783,False,False,185.0000000000002,203.54417613765781,True,False,185.00000000000028,203.83810992507026,True,False
4902,167.95697054284446,True,False,185.0,33.16574580615341,True,True,185.0,32.93049595786126,True,True
4903,213.5436767226002,False,False,185.00000000001165,201.91517349462717,True,False,185.00000000000549,202.28408054155116,True,False
4904,218.18561194934531,False,False,185.00000000000014,213.65479417455697,True,False,185.0000000000001,213.71045928909018,True,False
4905,136.62789514718685,True,False,185.0,33.157833973167186,True,True,185.0000000000066,32.92007479566296,True,True
4906,420.1774754234475,False,False,185.0,420.14541821497596,True,False,184.99999999999997,420.14542615914957,True,False
4907,241.94634803912817,False,False,185.0000000000008,241.11461192830325,True,False,185.00000000000082,241.11701500367076,True,False
4908,190.5957557061052,True,False,185.0,33.16690937344225,True,True,185.00000000000014,32.931972062175305,True,True
4909,267.4995329838374,False,False,185.00000000000642,267.1499223606595,True,False,185.00000000000648,267.15040997592416,True,False
4910,205.95111016023117,True,False,185.0,33.16721499047471,True,True,185.0,32.9323928435414,True,True
4911,111.8845032978879,True,False,185.0,33.12830979048551,True,True,185.0,32.882643240849895,True,True
4912,232.7062457650596,False,False,185.0000000000004,231.39091662527665,True,False,185.00000000000028,231.39653000186806,True,False
4913,232.5645734909141,False,False,185.00000000000037,231.23848835665572,True,False,185.00000000000026,231.24418682383308,True,False
4914,405.83448293368014,False,False,185.00000000000003,405.7972433904088,True,False,185.0,405.7972534680894,True,False
4915,165.90384232663024,True,False,185.0,33.165549069783864,True,True,184.99999999999514,32.93016454138832,True,True
4916,269.2618896289316,False,False,185.00000000000142,268.92854524739494,True,False,185.00000000000148,268.9289923604663,True,False
4917,221.69158266281423,False,False,185.00000000000003,218.69881623083828,True,False,185.00000000000003,218.72431101264763,True,False
4918,521.7827280041998,False,False,185.0,521.7694023861309,True,False,185.0,521.7694043542677,True,False
4919,215.76100516644476,False,False,185.0000000000004,209.01875399012093,True,False,185.00000000000034,209.14104106779126,True,False
4920,219.7049798786924,False,False,185.00000000002578,215.98164171533622,True,False,185.00000000002544,216.01995261302227,True,False
4921,308.2466671480178,False,False,185.00000000000003,308.1043026722531,True,False,185.00000000000003,308.1044005795076,True,False
4922,298.54632747185207,False,False,185.00000000000006,298.37528229764325,True,False,185.00000000000003,298.3754175008004,True,False
4923,310.354317565795,False,False,185.00000000000009,310.2172682694735,True,False,185.00000000000006,310.21735980388144,True,False
4924,413.42817215136296,False,False,185.00000000000028,413.3938082345779,True,False,185.00000000000026,413.3938170750906,True,False
4925,304.7207335825197,False,False,185.0000000000008,304.5687992789207,True,False,185.0000000000008,304.5689089595719,True,False
4926,262.6496300544924,False,False,185.00000000000006,262.2486143906871,True,False,185.00000000000009,262.24924062655737,True,False
4927,174.99208157742316,True,False,185.00000000000728,33.16627476410002,True,True,184.99999999999815,32.93111439606542,True,True
4928,361.27547174270666,False,False,185.00000000000148,361.21235768475646,True,False,185.00000000000145,361.2123818849556,True,False
4929,452.3376225868384,False,False,185.00000000000026,452.3140831288536,True,False,185.00000000000028,452.3140879246522,True,False
4930,392.6134453125733,False,False,185.00000000000082,392.57035586947427,True,False,185.00000000000082,392.5703686798801,True,False
4931,391.76892532503575,False,False,185.000000000001,391.7254204505731,True,False,185.000000000001,391.72543345414147,True,False
4932,340.40441222629494,False,False,185.0,340.3201189953195,True,False,185.0,340.3201585308279,True,False
4933,107.56715859350292,True,False,185.0,33.11733442712194,True,True,185.0,32.868572578771584,True,True
4934,117.96253279854332,True,False,185.0,33.139776480866004,True,True,185.0,32.89705646770744,True,True
4935,401.9044285380278,False,False,185.0,401.8655701907995,True,False,185.0,401.8655810526752,True,False
4936,146.77047269667892,True,False,185.0,33.16200492951153,True,True,185.0,32.92552198030167,True,True
4937,133.3603873190365,True,False,185.0,33.15588871848716,True,True,185.0000000000044,32.91754979592373,True,True
4938,85.47073186590153,True,False,185.0,32.98588910427609,True,True,185.0,32.70878223146503,True,True
4939,351.9695189602292,False,False,185.00000000000017,351.8980020219713,True,False,185.0000000000002,351.89803190993103,True,False
4940,489.2622233295775,False,False,185.0,489.24507507622974,True,False,185.00000000000003,489.2450780479351,True,False
4941,295.3149911456154,False,False,185.0000000000006,295.13254698771726,True,False,185.00000000000063,295.13269848525465,True,False
4942,646.2296438745658,False,False,185.00000000000009,646.22365937909,True,False,185.00000000000006,646.2236598977292,True,False
4943,207.73963501493284,True,False,185.0,33.16726954746675,True,True,185.0,32.932479130057445,True,True
4944,571.9430887250302,False,False,185.00000000000003,571.9336969526114,True,False,185.00000000000003,571.9336981094284,True,False
4945,292.9848524669009,False,False,185.00000000000378,292.79349840002027,True,False,185.0000000000038,292.79366330284125,True,False
4946,99.32133518251308,True,False,185.0,33.08687123865709,True,True,185.0,32.82907393592027,True,True
4947,293.4168696233394,False,False,185.00000000000304,293.227214117243,True,False,185.00000000000313,293.2273764297883,True,False
4948,132.19146535066696,True,False,185.0,33.15509848678753,True,True,185.0,32.9165194161345,True,True
4949,178.2863733204444,True,False,185.0,33.16645461448546,True,True,185.0,32.93145057902212,True,True
4950,200.61054732820335,True,False,185.0,33.16711620546227,True,True,185.0,32.932207488498555,True,True
4951,362.6395131262133,False,False,185.000000000001,362.5775139504464,True,False,185.00000000000102,362.5775374497996,True,False
4952,455.4886931242912,False,False,185.0000000000001,455.46581468968674,True,False,185.00000000000009,455.4658192765501,True,False
4953,218.44775128699607,False,False,185.0000000000003,214.0776826292393,True,False,185.00000000000026,214.12961308920381,True,False
4954,194.96338679060688,True,False,185.0,33.167006753877786,True,True,185.0,32.93218051370347,True,True
4955,157.84423960646498,True,False,185.0,33.16450116193779,True,True,185.0,32.92883438806795,True,True
4956,141.10987443705488,True,False,185.0,33.15997538861348,True,True,185.0,32.92291229107257,True,True
4957,355.11963205362264,False,False,185.0,355.0511246950645,True,False,185.0,355.05115253288835,True,False
4958,242.4157515276057,False,False,185.00000000000003,241.60068338079085,True,False,185.0,241.6029980243126,True,False
4959,263.6096787559219,False,False,185.00000000000003,263.219699338839,True,False,185.00000000000006,263.22029446055063,True,False
4960,259.3942723989746,False,False,185.00000000000992,258.9521189810941,True,False,185.00000000000995,258.9528678101483,True,False
4961,275.6999900998274,False,False,185.00000000000483,275.41743947267753,True,False,185.0000000000049,275.417770909796,True,False
4962,537.052058160052,False,False,185.00000000000003,537.0401337716986,True,False,185.00000000000006,537.0401354304664,True,False
4963,294.0006477393688,False,False,185.0000000000022,293.8132531796561,True,False,185.00000000000225,293.8134120579067,True,False
4964,282.76402391291725,False,False,185.00000000000017,282.52510302274567,True,False,185.00000000000009,282.5253480726865,True,False
4965,434.6940252666654,False,False,185.00000000000009,434.6662594069946,True,False,185.00000000000009,434.6662656642904,True,False
4966,156.93598652898683,True,False,185.0,33.16435127709043,True,True,185.0,32.92861462649893,True,True
4967,168.01484466327275,True,False,185.0,33.16575073677425,True,True,185.0,32.93050599975146,True,True
4968,351.39936610711027,False,False,185.0000000000003,351.3272848827424,True,False,185.00000000000034,351.3273151681993,True,False
4969,102.13633804530151,True,False,185.0,33.098968432588975,True,True,185.00000000000003,32.84464915632489,True,True
4970,345.2394553839598,False,False,185.00000000000003,345.16086223938856,True,False,185.00000000000003,345.1608973053441,True,False
4971,134.8980600802942,True,False,185.0,33.15684859472669,True,True,185.0,32.91877833353049,True,True
4972,343.80180420169785,False,False,185.00000000000003,343.7215738705078,True,False,185.00000000000003,343.7216102341963,True,False
4973,557.9821962759019,False,False,185.00000000000003,557.9718875706818,True,False,185.0,557.9718888550985,True,False
4974,358.9566994069316,False,False,185.00000000000006,358.8916254502706,True,False,185.0,358.89165091725994,True,False
4975,165.88066910681638,True,False,185.0,33.16554672968887,True,True,184.99999999999466,32.93016242762143,True,True
4976,203.94477114927204,True,False,185.0,33.16717318017917,True,True,185.0,32.93231472066185,True,True
4977,257.72333638804014,False,False,185.0000000000002,257.2575465211261,True,False,185.0000000000001,257.2583704187809,True,False
4978,211.9407195789361,False,False,185.00000000000125,187.86556224179154,True,False,185.0000000000007,189.43146869320364,True,False
4979,529.4044902330022,False,False,185.0000000000002,529.3918902922509,True,False,185.00000000000017,529.3918920460584,True,False
4980,225.20303902835272,False,False,185.0000000000031,223.02145143532977,True,False,185.00000000000307,223.03569750647208,True,False
4981,307.7185552215721,False,False,185.00000000000003,307.57481305999625,True,False,185.00000000000003,307.57491262170606,True,False
4982,369.87770959209615,False,False,185.0,369.8211928539566,True,False,185.0,369.82121302044607,True,False
4983,193.78981034129052,True,False,185.0,33.16698343786918,True,True,185.0,32.93214306701458,True,True
4984,135.7207166697713,True,False,185.0,33.15733041540913,True,True,185.0,32.91946262489671,True,True
4985,140.09152820671818,True,False,185.0,33.159536129919836,True,True,185.00000000000227,32.922290509703615,True,True
4986,226.7540085842033,False,False,185.00000000000023,224.81860845155305,True,False,185.00000000000014,224.83004221379522,True,False
4987,397.6501417593788,False,False,185.00000000000006,397.6094203302923,True,False,185.0000000000001,397.60943200575883,True,False
4988,269.51752141397856,False,False,185.00000000000094,269.18644275642976,True,False,185.00000000000097,269.1868843575719,True,False
4989,358.2228585544657,False,False,185.00000000000003,358.1571467385751,True,False,185.00000000000003,358.157172642415,True,False
4990,557.1021436628425,False,False,185.00000000000003,557.0917731824399,True,False,185.0,557.0917744911459,True,False
4991,336.0165249941207,False,False,185.0000000000016,335.9265462150944,True,False,185.00000000000162,335.9265904239993,True,False
4992,269.538921102225,False,False,185.00000000000088,269.20803107747116,True,False,185.00000000000094,269.20847222244936,True,False
4993,193.23185570512308,True,False,185.0,33.16697212701285,True,True,185.0,32.93211793647498,True,True
4994,393.6628021423445,False,False,185.00000000000063,393.62022134729347,True,False,185.00000000000065,393.62023391622927,True,False
4995,496.2837601250157,False,False,185.00000000000003,496.26755212513075,True,False,185.0,496.26755473692936,True,False
4996,207.63920549941835,True,False,185.0,33.16726558705956,True,True,185.0,32.93247307870234,True,True
4997,496.31366221279455,False,False,185.0,496.29745806552387,True,False,185.0,496.29746067618015,True,False
4998,241.8229384969402,False,False,185.0000000000012,240.98673078293552,True,False,185.00000000000125,240.98915784691133,True,False
4999,211.9796458999362,False,False,185.0000000000002,188.54265358723404,True,False,185.00000000000097,190.0212273500193,True,False
