z_m,z_cm,B_T,B_mT,beam_radius_mm,s_local,eta_available,force_scale,force_margin_fraction,eta_design,v_design_m_s,delta_eff_MHz
0.0,0.0,-0.006391543171799739,-6.391543171799738,5.935483870967742,1.0627838755489134,0.5152182388792927,0.8388737089331819,0.161126291066818,0.4322030349586944,280.0,-9.095563799176048
0.0001875000000000019,0.01875000000000019,-0.00642925677779828,-6.42925677779828,5.936693548387097,1.06235080884248,0.515116440910825,0.8388737089331819,0.161126291066818,0.43211763931932395,279.84625451003836,-9.094608974487672
0.0005171875000000003,0.05171875000000003,-0.006494453736944763,-6.494453736944763,5.93882056451613,1.0615899803027784,0.5149374938067894,0.8388737089331819,0.161126291066818,0.43196752529845883,279.57578629383,-9.092931256241364
0.0008468750000000004,0.08468750000000004,-0.006558153010817464,-6.558153010817463,5.940947580645161,1.0608299583310974,0.5147586061814723,0.8388737089331819,0.161126291066818,0.4318174611727268,279.30515241416947,-9.091255011424012
0.0011765625000000007,0.11765625000000007,-0.0066202675816720985,-6.620267581672098,5.943074596774194,1.0600707580551483,0.5145797792405884,0.8388737089331819,0.161126291066818,0.43166744795357037,279.0343490041587,-9.089580268052615
0.0015062500000000004,0.15062500000000004,-0.006680710891464745,-6.680710891464745,5.945201612903226,1.0593123702745466,0.5144010123951664,0.8388737089331819,0.161126291066818,0.4315174851469169,278.76337719567204,-9.087907009698759
0.001835937500000001,0.1835937500000001,-0.0067393970726229635,-6.739397072622963,5.947328629032258,1.0585547936204944,0.514222305633002,0.8388737089331819,0.161126291066818,0.43136757274252857,278.49223651487193,-9.0862352342371
0.002165625000000001,0.2165625000000001,-0.0067962411839187645,-6.796241183918764,5.949455645161291,1.0577980353511334,0.5140436595829968,0.8388737089331819,0.161126291066818,0.4312177112679744,278.220924670464,-9.084564955322367
0.002495312500000001,0.24953125000000012,-0.006851159450455897,-6.8511594504558975,5.951582661290323,1.057042077693649,0.5138650730147207,0.8388737089331819,0.161126291066818,0.4310678996910791,277.94944462327067,-9.08289614082571
0.002825,0.2825,-0.00690406950671556,-6.90406950671556,5.953709677419355,1.0562869442724243,0.51368654777525,0.8388737089331819,0.161126291066818,0.43091813956130615,277.6777906168367,-9.081228834346462
0.0031546875000000017,0.3154687500000002,-0.006954890641541341,-6.954890641541341,5.955836693548387,1.055532607662195,0.5135080819126068,0.8388737089331819,0.161126291066818,0.4307684292411926,277.4059676706062,-9.079562986080889
0.003484375,0.3484375,-0.00700354404388804,-7.0035440438880405,5.957963709677419,1.0547790877831005,0.5133296770014119,0.8388737089331819,0.161126291066818,0.43061877005164667,277.1339707749845,-9.077898632863695
0.003814062500000002,0.38140625000000017,-0.0070499530481098515,-7.049953048109852,5.960090725806452,1.0540263690898952,0.5131513319711237,0.8388737089331819,0.161126291066818,0.4304691610946191,276.8618024564765,-9.076235746615433
0.00414375,0.414375,-0.007094043377522772,-7.094043377522772,5.9622177419354845,1.0532744566608208,0.5129730472901706,0.8388737089331819,0.161126291066818,0.43031960276306186,276.58946084652695,-9.074574337007617
0.004473437500000002,0.4473437500000002,-0.007135743384944685,-7.135743384944685,5.964344758064517,1.0525233512629646,0.5127948231063529,0.8388737089331819,0.161126291066818,0.43017009518096117,276.3169449811688,-9.072914405824376
0.004803125000000001,0.4803125000000001,-0.007174984288894696,-7.174984288894696,5.96647177419355,1.0517730417160784,0.5126166586694194,0.8388737089331819,0.161126291066818,0.4300206377189509,276.04425649402344,-9.071255932952509
0.005132812500000002,0.5132812500000002,-0.007211700404122285,-7.2117004041222845,5.968598790322581,1.0510235450083811,0.5124385553457879,0.8388737089331819,0.161126291066818,0.42987123152328266,275.7713908873827,-9.069598949902465
0.0054625,0.54625,-0.007245829365136371,-7.245829365136371,5.970725806451614,1.0502748371950272,0.512260511422863,0.8388737089331819,0.161126291066818,0.42972187515730564,275.49835259220237,-9.06794341315356
0.005792187500000002,0.5792187500000002,-0.007277312341415696,-7.277312341415696,5.972852822580645,1.049526941185746,0.5120825287161309,0.8388737089331819,0.161126291066818,0.42957257014398337,275.2251357780118,-9.06628936508497
0.006121875000000001,0.6121875000000001,-0.007306094243004485,-7.306094243004485,5.974979838709678,1.0487798352174362,0.511904605673129,0.8388737089331819,0.161126291066818,0.4294233151809957,274.95174442768115,-9.064636766157841
0.0064515625000000024,0.6451562500000003,-0.007332123915232053,-7.332123915232053,5.97710685483871,1.0480335306871449,0.5117267432432959,0.8388737089331819,0.161126291066818,0.4292741110648017,274.6781752156379,-9.062985637647529
0.006781250000000001,0.6781250000000001,-0.007355354321341097,-7.355354321341096,5.979233870967742,1.0472880219995042,0.5115489410929416,0.8388737089331819,0.161126291066818,0.42912495751547775,274.404428565075,-9.061335969661094
0.0071109375000000035,0.7110937500000003,-0.007375742711867326,-7.375742711867326,5.981360887096774,1.0465433044370116,0.5113711989524103,0.8388737089331819,0.161126291066818,0.42897585430681645,274.1305047220176,-9.059687753906031
0.007440625000000001,0.7440625000000001,-0.007393250779682121,-7.393250779682121,5.983487903225807,1.0457993884819032,0.5111935177070338,0.8388737089331819,0.161126291066818,0.4288268021814996,273.8564005053812,-9.05804100999939
0.007770312500000003,0.7770312500000003,-0.007407844799689676,-7.407844799689675,5.9856149193548385,1.045056253602561,0.5110158958838624,0.8388737089331819,0.161126291066818,0.4286777999039085,273.58211972973965,-9.056395700603247
0.008100000000000001,0.8100000000000002,-0.007419495752259989,-7.419495752259988,5.9877419354838715,1.044313925637446,0.5108383355393563,0.8388737089331819,0.161126291066818,0.4285288491991531,273.30765570798144,-9.054751873548838
0.0084296875,0.84296875,-0.0074281794295784674,-7.428179429578467,5.989868951612904,1.043572376730242,0.5106608346388392,0.8388737089331819,0.161126291066818,0.4283799483603973,273.03301394408857,-9.053109478026503
0.008759375000000002,0.8759375000000003,-0.007433876524200449,-7.433876524200449,5.991995967741936,1.0428316244709477,0.5104833946130806,0.8388737089331819,0.161126291066818,0.42823109858787595,272.75818959010786,-9.051468546725403
0.009089062500000002,0.9089062500000001,-0.007436572699214131,-7.436572699214131,5.994122983870968,1.0420916570279544,0.5103060146465683,0.8388737089331819,0.161126291066818,0.4280822991974774,272.48318451916316,-9.049829058266093
0.00941875,0.941875,-0.007436258639536793,-7.436258639536793,5.99625,1.04135247601909,0.5101286949506008,0.8388737089331819,0.161126291066818,0.4279335503664542,272.2079975262974,-9.048191015984788
0.0097484375,0.97484375,-0.007432930083995524,-7.432930083995524,5.998377016129033,1.040614085548379,0.5099514359290536,0.8388737089331819,0.161126291066818,0.4277848524336071,271.9326268077881,-9.046554427797671
0.010078125000000002,1.0078125000000002,-0.007426587837973756,-7.426587837973756,6.000504032258065,1.0398764713502864,0.5097742365735369,0.8388737089331819,0.161126291066818,0.42763620455302415,271.6570748478393,-9.044919267822284
0.0104078125,1.04078125,-0.007417237766537263,-7.417237766537262,6.002631048387097,1.0391396533758608,0.5095970985075262,0.8388737089331819,0.161126291066818,0.4274876080865966,271.3813361192573,-9.043285573136432
0.010737500000000002,1.0737500000000002,-0.0074048907680866975,-7.404890768086697,6.00475806451613,1.0384036065543116,0.5094200198879347,0.8388737089331819,0.161126291066818,0.4273390614882071,271.1054156609832,-9.041653297959865
0.011067187499999999,1.10671875,-0.007389562728716474,-7.389562728716474,6.006885080645161,1.037668351626273,0.5092430024024467,0.8388737089331819,0.161126291066818,0.4271905661736097,270.82930771876664,-9.040022480836916
0.011396875000000004,1.1396875000000004,-0.007371274457590682,-7.371274457590682,6.009012096774193,1.0369338706477629,0.5090660447534529,0.8388737089331819,0.161126291066818,0.4270421210542742,270.5530156815507,-9.03839308908932
0.011726562500000001,1.17265625,-0.007350051603774428,-7.3500516037744275,6.011139112903226,1.0362001714468847,0.5088891476335071,0.8388737089331819,0.161126291066818,0.42689372671116566,270.2765368268365,-9.036765137492939
0.012056250000000003,1.2056250000000004,-0.007325924555081798,-7.325924555081798,6.0132661290322575,1.0354672518748618,0.5087123109647178,0.8388737089331819,0.161126291066818,0.426745383078943,269.99987079203794,-9.035138622452667
0.012385937500000001,1.2385937500000002,-0.007298928319618822,-7.298928319618822,6.015393145161291,1.0347351040162278,0.5085355342196357,0.8388737089331819,0.161126291066818,0.4265970897151428,269.7230186187254,-9.03351352973738
0.012715625000000005,1.2715625000000006,-0.00726910239080974,-7.269102390809739,6.017520161290322,1.034003741429836,0.5083588185402724,0.8388737089331819,0.161126291066818,0.4264488475777687,269.44597614468154,-9.03188988470245
0.0130453125,1.3045312500000001,-0.007236490596796692,-7.236490596796692,6.019647177419355,1.0332731423966444,0.508182162323484,0.8388737089331819,0.161126291066818,0.4263006553219853,269.1687477706661,-9.030267647659302
0.013375000000000003,1.3375000000000004,-0.007201140935195725,-7.201140935195724,6.021774193548388,1.0325433305379754,0.508005567497898,0.8388737089331819,0.161126291066818,0.4261525145656676,268.8913268455544,-9.028646862530078
0.013704687500000002,1.3704687500000003,-0.007163105394274826,-7.163105394274826,6.02390120967742,1.0318142819190508,0.5078290322835914,0.8388737089331819,0.161126291066818,0.42600442381568493,268.6137183433082,-9.027027485522442
0.014034375000000002,1.4034375000000001,-0.007122439761691917,-7.1224397616919175,6.026028225806452,1.0310860104555044,0.5076525578546172,0.8388737089331819,0.161126291066818,0.42585638405691945,268.3359179539542,-9.025409542665752
0.0143640625,1.43640625,-0.007079203421991893,-7.079203421991893,6.028155241935484,1.030358507868854,0.5074761436510608,0.8388737089331819,0.161126291066818,0.42570839481967354,268.0579268230437,-9.023793019040314
0.01469375,1.469375,-0.007033459144111405,-7.033459144111404,6.030282258064516,1.029631772469447,0.5072997896266958,0.8388737089331819,0.161126291066818,0.4255604560651692,267.7797444817804,-9.022177911878265
0.015023437500000002,1.5023437500000003,-0.006985272860178044,-6.985272860178044,6.032409274193549,1.0289058115485417,0.5071234964417777,0.8388737089331819,0.161126291066818,0.42541256834727725,267.5013681976605,-9.020564235001121
0.015353125,1.5353125,-0.006934713436916759,-6.934713436916759,6.034536290322579,1.028180607897499,0.5069472628296461,0.8388737089331819,0.161126291066818,0.4252647306034298,267.2228013929016,-9.018951956974904
0.015682812500000004,1.5682812500000005,-0.006881852440990778,-6.8818524409907775,6.036663306451613,1.02745618429121,0.5067710906708764,0.8388737089331819,0.161126291066818,0.4251169444111919,266.9440374065921,-9.017341120231453
0.0160125,1.60125,-0.006826763899607378,-6.826763899607378,6.0387903225806445,1.0267325145922737,0.5065949779921093,0.8388737089331819,0.161126291066818,0.4249692081151644,266.6650819429871,-9.01573167682526
0.0163421875,1.6342187500000003,-0.0067695240577107015,-6.769524057710702,6.0409173387096775,1.02600961746043,0.5064189263527399,0.8388737089331819,0.161126291066818,0.42482152302348275,266.3859293402674,-9.014123661596214
0.016671875000000003,1.6671875000000005,-0.006710211133065194,-6.710211133065194,6.0430443548387105,1.025287478608314,0.5062429347106306,0.8388737089331819,0.161126291066818,0.4246738882619254,266.10658232255315,-9.012517048483852
0.017001562500000005,1.7001562500000007,-0.006648905070504389,-6.648905070504389,6.045171370967742,1.0245661024501227,0.5060670035010044,0.8388737089331819,0.161126291066818,0.4245263041955891,265.8270388394504,-9.01091184599842
0.01733125,1.7331250000000002,-0.006585687296581778,-6.585687296581778,6.047298387096775,1.0238454901318275,0.5058911329021235,0.8388737089331819,0.161126291066818,0.4243787709740135,265.54729765624325,-9.009308056613243
0.017660937500000005,1.7660937500000005,-0.006520640475813838,-6.520640475813838,6.049425403225806,1.0231256306844279,0.5057153221285606,0.8388737089331819,0.161126291066818,0.4242312879383244,265.2673606945667,-9.007705660379107
0.017990625000000003,1.7990625000000002,-0.006453848269650887,-6.453848269650887,6.051552419354839,1.0224065406021272,0.5055395725791045,0.8388737089331819,0.161126291066818,0.4240838562619289,264.98722270887157,-9.006104688173528
0.018320312500000005,1.8320312500000004,-0.006385395099250232,-6.385395099250231,6.053679435483871,1.0216881970390908,0.5053638825206052,0.8388737089331819,0.161126291066818,0.4239364744909329,264.7068887425776,-9.004505098053198
0.01865,1.865,-0.0063153659130589825,-6.315365913058982,6.055806451612904,1.0209706214885554,0.5051882537533493,0.8388737089331819,0.161126291066818,0.4237891441355496,264.42635219388063,-9.002906930162647
0.018979687500000002,1.8979687500000002,-0.006243845960141791,-6.243845960141791,6.057933467741935,1.0202537937728724,0.5050126847528319,0.8388737089331819,0.161126291066818,0.4236418639169118,264.1456174395497,-9.001310147481657
0.019309375000000004,1.9309375000000004,-0.006170920570112674,-6.170920570112674,6.060060483870968,1.019537724290359,0.5048371764358947,0.8388737089331819,0.161126291066818,0.4234946346041341,263.8646807726389,-8.999714769616196
0.019639062500000005,1.9639062500000006,-0.006096674940450985,-6.096674940450985,6.062187499999999,1.0188224081617723,0.5046617284986274,0.8388737089331819,0.161126291066818,0.42334745594227413,263.5835425278471,-8.9981207878743
0.01996875,1.9968750000000002,-0.006021193931900268,-6.021193931900268,6.064314516129032,1.0181078405365613,0.5044863406370417,0.8388737089331819,0.161126291066818,0.42320032767632376,263.30220305372643,-8.996528193607311
0.0202984375,2.02984375,-0.005944561872566271,-5.944561872566271,6.0664415322580645,1.017394031749765,0.5043110137679229,0.8388737089331819,0.161126291066818,0.4230532505753504,263.0206585891873,-8.994937006323125
0.020628125000000004,2.0628125000000006,-0.005866862371247485,-5.8668623712474846,6.068568548387097,1.0166809621844248,0.5041357463984851,0.8388737089331819,0.161126291066818,0.42290622338709516,262.7389134835017,-8.993347189985919
0.020957812500000006,2.095781250000001,-0.005788178140449187,-5.788178140449187,6.070695564516129,1.0159686561104138,0.5039605405699167,0.8388737089331819,0.161126291066818,0.4227592478238572,262.45696015139987,-8.991758789957462
0.0212875,2.12875,-0.005708590829450633,-5.708590829450633,6.072822580645162,1.0152570875762172,0.5037853942752551,0.8388737089331819,0.161126291066818,0.4226123222020486,262.1748047002655,-8.990171758436073
0.021617187500000003,2.1617187500000004,-0.00562818086771569,-5.62818086771569,6.074949596774194,1.0145462728467471,0.5036103089130775,0.8388737089331819,0.161126291066818,0.42246544769489874,261.8924416876796,-8.98858612594385
0.021946875000000008,2.194687500000001,-0.005547027318860337,-5.547027318860337,6.077076612903226,1.013836201135409,0.5034352836971735,0.8388737089331819,0.161126291066818,0.4223186236428766,261.60987309316454,-8.98700187280364
0.02227656250000001,2.227656250000001,-0.005465207745316444,-5.465207745316444,6.079203629032258,1.013126873591136,0.5032603188051464,0.8388737089331819,0.161126291066818,0.4221718501949687,261.32709761582606,-8.985419001485914
0.022606250000000005,2.2606250000000006,-0.005382798083760993,-5.382798083760993,6.08133064516129,1.0124182945091034,0.5030854146716159,0.8388737089331819,0.161126291066818,0.4220251277157662,261.0441130518062,-8.983837520310873
0.022935937500000003,2.2935937500000003,-0.005299872531313298,-5.299872531313298,6.083457661290323,1.0117104500051697,0.5029105702531399,0.8388737089331819,0.161126291066818,0.421878455329953,260.7609222974696,-8.982257403824212
0.023265625000000005,2.3265625000000005,-0.0052165034424406335,-5.216503442440634,6.085584677419355,1.011003359373559,0.5027357872052346,0.8388737089331819,0.161126291066818,0.42173183442629797,260.4775189092328,-8.9806786882169
0.02359531250000001,2.359531250000001,-0.005132761236454769,-5.132761236454769,6.087711693548387,1.0102969986996462,0.5025610636650006,0.8388737089331819,0.161126291066818,0.4215852634420641,260.19390863624915,-8.97910132938335
0.023925000000000002,2.3925,-0.005048714315428898,-5.0487143154288985,6.0898387096774185,1.0095913874340712,0.5023864013039605,0.8388737089331819,0.161126291066818,0.42143874377944723,259.91008494112674,-8.97752536381759
0.024254687500000004,2.4254687500000003,-0.004964428992316038,-4.964428992316038,6.091965725806452,1.008886508998598,0.502211798853531,0.8388737089331819,0.161126291066818,0.4212922743742666,259.6260515276532,-8.975950761034653
0.024584375000000006,2.4584375000000005,-0.004879969429006625,-4.879969429006625,6.094092741935484,1.008182370424848,0.5020372569730052,0.8388737089331819,0.161126291066818,0.42114585577958574,259.3418053650011,-8.974377534445463
0.0249140625,2.4914062500000003,-0.004795397584024226,-4.795397584024227,6.0962197580645165,1.0074789700852596,0.5018627756147291,0.8388737089331819,0.161126291066818,0.420999487955429,259.05734588323713,-8.972805681361697
0.02524375,2.524375,-0.004710773169524739,-4.71077316952474,6.098346774193549,1.0067763001088914,0.5016883542168652,0.8388737089331819,0.161126291066818,0.4208531704304856,258.7726743393754,-8.971235187469508
0.025573437500000004,2.5573437500000007,-0.004626153617235128,-4.626153617235127,6.100473790322581,1.0060743737370876,0.5015139939527314,0.8388737089331819,0.161126291066818,0.4207069041890211,258.48778583149084,-8.969666077751818
0.025903125000000006,2.590312500000001,-0.004541594052943486,-4.541594052943486,6.102600806451613,1.005373170226744,0.501339693199991,0.8388737089331819,0.161126291066818,0.4205606878701,258.2026853887845,-8.968098313924562
0.0262328125,2.6232812500000002,-0.004457147279132022,-4.457147279132022,6.104727822580647,1.0046727117601513,0.5011654538709609,0.8388737089331819,0.161126291066818,0.42041452307791444,257.9173654406421,-8.966531937628645
0.026562500000000003,2.6562500000000004,-0.004372863765328793,-4.372863765328793,6.106854838709677,1.0039729760810276,0.5009912742146652,0.8388737089331819,0.161126291066818,0.42026840834361684,257.631831498861,-8.964966907745998
0.026892187500000008,2.689218750000001,-0.0042887916457422706,-4.28879164574227,6.10898185483871,1.0032739759890146,0.5008171553721312,0.8388737089331819,0.161126291066818,0.4201223446243853,257.34607871779394,-8.96340324845201
0.02722187500000001,2.722187500000001,-0.004204976723734682,-4.204976723734681,6.111108870967741,1.0025757040488097,0.5006430968133766,0.8388737089331819,0.161126291066818,0.4199763314756313,257.0601082423077,-8.961840946226317
0.027551562500000005,2.7551562500000006,-0.004121462482685635,-4.121462482685635,6.113235887096774,1.001878158286613,0.5004690984582479,0.8388737089331819,0.161126291066818,0.4198303688301162,256.7739196080465,-8.960279997717771
0.027881250000000007,2.788125000000001,-0.004038290102796272,-4.038290102796272,6.115362903225806,1.001181346007272,0.5002951609977756,0.8388737089331819,0.161126291066818,0.4196844572675274,256.4875095326585,-8.958720416879492
0.028210937500000005,2.8210937500000006,-0.003955498483385892,-3.955498483385892,6.117489919354839,1.0004852505441402,0.5001212831306117,0.8388737089331819,0.161126291066818,0.41953859569619817,256.200881993602,-8.957162172957707
0.02854062500000001,2.8540625000000013,-0.003873124270237413,-3.873124270237413,6.119616935483871,0.9997898938617946,0.4999474667688086,0.8388737089331819,0.161126291066818,0.41939278572009914,255.9140292200916,-8.955605307255365
0.028870312500000002,2.88703125,-0.003791201887554955,-3.791201887554955,6.121743951612903,0.9990952510323187,0.49977370992003844,0.8388737089331819,0.161126291066818,0.41924702566791877,255.62695773768056,-8.95404977359383
0.029200000000000004,2.9200000000000004,-0.0037097635741057807,-3.709763574105781,6.123870967741936,0.9984013395458357,0.49960001412672006,0.8388737089331819,0.161126291066818,0.41910131683355173,255.33966109051,-8.952495604939502
0.029529687500000006,2.9529687500000006,-0.0036288394231298354,-3.6288394231298353,6.125997983870969,0.9977081462722032,0.4994263783765394,0.8388737089331819,0.161126291066818,0.4189556583677943,255.0521422235919,-8.950942777113756
0.029859375,2.9859375000000004,-0.003548457425612661,-3.548457425612661,6.128125,0.9970156750208151,0.4992528030710554,0.8388737089331819,0.161126291066818,0.4188100506075037,254.76439886460346,-8.949391297553092
0.0301890625,3.01890625,-0.0034686435165314383,-3.468643516531438,6.130252016129033,0.9963239272742905,0.49907928841897303,0.8388737089331819,0.161126291066818,0.41866449372775716,254.47642943301878,-8.947841169356387
0.030518750000000004,3.051875000000001,-0.0033894216236991116,-3.3894216236991115,6.132379032258065,0.9956328922759993,0.49890583360066343,0.8388737089331819,0.161126291066818,0.4185189870409894,254.1882361968946,-8.946292372752806
0.030848437500000006,3.084843750000001,-0.003310813718847578,-3.310813718847578,6.134506048387096,0.9949425860418282,0.49873244004583783,0.8388737089331819,0.161126291066818,0.4183735317465478,253.89981298679004,-8.944744937996225
0.031178125,3.1178125000000003,-0.0032328398706078696,-3.2328398706078696,6.13663306451613,0.9942529867592143,0.49855910600290176,0.8388737089331819,0.161126291066818,0.41822812637506557,253.61116558143937,-8.943198824644991
0.0315078125,3.1507812500000005,-0.0031555182990625472,-3.155518299062547,6.13876008064516,0.9935641146057359,0.4983858332549398,0.8388737089331819,0.161126291066818,0.41808277242232567,253.32228643809637,-8.941654070743073
0.03183750000000001,3.183750000000001,-0.003078865431563424,-3.078865431563424,6.140887096774195,0.9928759508672611,0.4982126203073551,0.8388737089331819,0.161126291066818,0.41793746863455006,253.0331803920411,-8.940110641624814
0.03216718750000001,3.2167187500000005,-0.0030028959595256866,-3.0028959595256866,6.143014112903226,0.9921885050244906,0.49803946804339366,0.8388737089331819,0.161126291066818,0.41779221575267056,252.74384327148928,-8.93856855534191
0.032496875,3.2496875000000003,-0.0029276228959275253,-2.927622895927525,6.145141129032258,0.9915017728500238,0.4978663761894513,0.8388737089331819,0.161126291066818,0.41764701354716777,252.4542752846334,-8.937027804311914
0.0328265625,3.2826562500000005,-0.0028530576332624897,-2.8530576332624897,6.147268145161291,0.990815749384015,0.4976933444076268,0.8388737089331819,0.161126291066818,0.41750186173458537,252.1644769018618,-8.935488379572785
0.033156250000000005,3.3156250000000007,-0.0027792100017095924,-2.7792100017095924,6.149395161290323,0.9901304448072025,0.49752037364527163,0.8388737089331819,0.161126291066818,0.4173567611096315,251.87444363863239,-8.933950300503929
0.03348593750000001,3.348593750000001,-0.0027060883273037194,-2.7060883273037195,6.151522177419355,0.9894458403638348,0.49734746239157746,0.8388737089331819,0.161126291066818,0.41721171040492877,251.5841804865394,-8.932413532311163
0.033815625,3.3815625000000007,-0.0026336994899061887,-2.6336994899061885,6.153649193548388,0.9887619588657691,0.4971746126702125,0.8388737089331819,0.161126291066818,0.41706671131807926,251.29367876222355,-8.930878118033387
0.034145312500000004,3.4145312500000005,-0.0025620489807919892,-2.5620489807919893,6.155776209677419,0.988078776123726,0.4970018225043966,0.8388737089331819,0.161126291066818,0.41692176219081406,251.00294528646944,-8.929344012686508
0.03447500000000001,3.447500000000001,-0.0024911409596865652,-2.491140959686565,6.157903225806452,0.9873963071798553,0.49682909325898816,0.8388737089331819,0.161126291066818,0.41677686416807713,250.71197389129284,-8.927811244767575
0.0348046875,3.48046875,-0.002420978311100618,-2.420978311100618,6.160030241935484,0.9867145422069082,0.4966564241781385,0.8388737089331819,0.161126291066818,0.4166320166158066,250.4207666654634,-8.926279796183128
0.03513437500000001,3.5134375000000007,-0.002351562699826573,-2.351562699826573,6.162157258064516,0.9860334819306403,0.49648381540563313,0.8388737089331819,0.161126291066818,0.4164872196546207,250.1293221883355,-8.924749668608388
0.035464062500000004,3.5464062500000004,-0.00228289462547477,-2.28289462547477,6.164284274193549,0.98535313080814,0.49631126740649606,0.8388737089331819,0.161126291066818,0.4163424736746156,249.83763774863348,-8.923220870720328
0.035793750000000006,3.5793750000000006,-0.002214973475941239,-2.214973475941239,6.16641129032258,0.9846734753262375,0.49613877910350423,0.8388737089331819,0.161126291066818,0.41619777777213735,249.54571674134507,-8.92169337749226
0.0361234375,3.6123437500000004,-0.002147797579712045,-2.147797579712045,6.168538306451613,0.9839945341490601,0.4959663521824858,0.8388737089331819,0.161126291066818,0.41605313336138255,249.25355158602105,-8.920167224251879
0.036453125,3.6453125,-0.002081364256921579,-2.081364256921579,6.170665322580645,0.9833162844488528,0.49579398476294356,0.8388737089331819,0.161126291066818,0.41590853886485196,248.96114888930967,-8.918642368487456
0.036782812500000005,3.678281250000001,-0.0020156698690939646,-2.0156698690939647,6.1727923387096775,0.9826387444780752,0.4956216784984506,0.8388737089331819,0.161126291066818,0.41576399566968436,248.66850115145175,-8.917118844765863
0.0371125,3.7112499999999997,-0.001950709867507722,-1.950709867507722,6.17491935483871,0.9819618989178153,0.49544943215103,0.8388737089331819,0.161126291066818,0.41561950273737336,248.37561243897582,-8.915596624650412
0.0374421875,3.7442187500000004,-0.001886478840134223,-1.886478840134223,6.177046370967743,0.9812857540702488,0.49527724634606174,0.8388737089331819,0.161126291066818,0.41547506059253403,248.08247934136872,-8.914075720284591
0.037771875,3.7771875,-0.0018229705571101477,-1.8229705571101475,6.179173387096774,0.9806103087783055,0.4951051210663253,0.8388737089331819,0.161126291066818,0.41533066922072037,247.78910101414868,-8.912556129812387
0.038101562500000005,3.810156250000001,-0.0017601780147131951,-1.7601780147131951,6.181300403225807,0.9799355552271938,0.4949330557163214,0.8388737089331819,0.161126291066818,0.41518632812238365,247.49547897364272,-8.911037838864468
0.03843125000000001,3.8431250000000006,-0.0016980934778186442,-1.698093477818644,6.183427419354839,0.9792615063452652,0.4947610514994951,0.8388737089331819,0.161126291066818,0.41504203830706254,247.2016073926668,-8.909520872046912
0.038760937499999995,3.87609375,-0.00163670852082217,-1.63670852082217,6.185554435483872,0.9785881423080134,0.49458910677624257,0.8388737089331819,0.161126291066818,0.41489779839933616,246.90749205980148,-8.908005192414194
0.039090625000000004,3.9090625000000006,-0.001576014067021478,-1.576014067021478,6.187681451612903,0.9779154839600196,0.49441722344054023,0.8388737089331819,0.161126291066818,0.41475360998801164,246.61312427196063,-8.906490839461444
0.03942031250000001,3.942031250000001,-0.001516000426455912,-1.516000426455912,6.189808467741936,0.9772435105969465,0.49424539977244747,0.8388737089331819,0.161126291066818,0.4146094716302762,246.31851017632215,-8.904977774574023
0.03975000000000001,3.975000000000001,-0.0014566573322092526,-1.4566573322092526,6.191935483870968,0.976572233990169,0.4940736368787973,0.8388737089331819,0.161126291066818,0.4144653842546228,246.02364426780278,-8.903466020197223
0.04007968750000001,4.007968750000001,-0.0013979739751864594,-1.3979739751864595,6.1940625,0.9759016474759854,0.49390193426025747,0.8388737089331819,0.161126291066818,0.41432134744217475,245.72852766777888,-8.901955564108976
0.040409375,4.0409375,-0.0013399390373801463,-1.3399390373801463,6.196189516129032,0.9752317488294805,0.49373029180294303,0.8388737089331819,0.161126291066818,0.414177361097397,245.43315991303257,-8.900446402429191
0.040739062500000006,4.07390625,-0.001282540723647169,-1.282540723647169,6.198316532258065,0.9745625453520351,0.493558710228017,0.8388737089331819,0.161126291066818,0.4140334258252542,245.1375370247501,-8.898938549210918
0.04106875,4.1068750000000005,-0.001225766792019844,-1.2257667920198438,6.2004435483870965,0.9738940208977803,0.493387188200995,0.8388737089331819,0.161126291066818,0.41388954050628246,244.84166365625538,-8.897431974365864
0.0413984375,4.13984375,-0.0011696045825800173,-1.1696045825800172,6.2025705645161295,0.9732261966580067,0.49321572766341293,0.8388737089331819,0.161126291066818,0.4137457067691854,244.54553065291333,-8.89592671810521
0.041728125000000005,4.172812500000001,-0.0011140410449276333,-1.1140410449276332,6.204697580645162,0.972559048841715,0.4930443266062869,0.8388737089331819,0.161126291066818,0.413601922928679,244.24914553787318,-8.894422735931588
0.0420578125,4.20578125,-0.0010590627642783378,-1.059062764278338,6.206824596774194,0.9718925938527092,0.4928729865534772,0.8388737089331819,0.161126291066818,0.4134581902630897,243.95250087170453,-8.892920059050622
0.0423875,4.2387500000000005,-0.0010046559862274041,-1.004655986227404,6.208951612903226,0.9712268196262502,0.4927017065237206,0.8388737089331819,0.161126291066818,0.41331450794926156,243.6555998466548,-8.891418665038652
0.0427171875,4.271718750000001,-0.0009508066402195684,-0.9508066402195684,6.211078629032258,0.9705617294207437,0.4925304868845891,0.8388737089331819,0.161126291066818,0.41317087629554117,243.35843991295002,-8.889918560339202
0.043046875000000005,4.304687500000001,-0.0008975003617664793,-0.8975003617664793,6.213205645161291,0.9698973250174566,0.49235932787511216,0.8388737089331819,0.161126291066818,0.4130272955024439,243.06101904100794,-8.88841974861835
0.04337656250000001,4.337656250000001,-0.000844722513455233,-0.844722513455233,6.215332661290323,0.9692335958723985,0.49218822864247724,0.8388737089331819,0.161126291066818,0.41288376485456785,242.76333991947038,-8.886922210296154
0.043706249999999995,4.3706249999999995,-0.0007924582047930861,-0.7924582047930862,6.217459677419355,0.9685705575385192,0.4920171906458635,0.8388737089331819,0.161126291066818,0.41274028557597997,242.46539521838605,-8.885425975012566
0.044035937500000004,4.403593750000001,-0.0007406923109347578,-0.7406923109347577,6.219586693548387,0.9679081891756032,0.49184621211725943,0.8388737089331819,0.161126291066818,0.4125968561835419,242.16719161056724,-8.883931003756484
0.04436562500000001,4.436562500000001,-0.0006894094903399507,-0.6894094903399507,6.22171370967742,0.9672465097381512,0.49167529482073,0.8388737089331819,0.161126291066818,0.4124534781570815,241.86872038508147,-8.88243733259615
0.04469531250000001,4.469531250000001,-0.0006385942014096262,-0.6385942014096262,6.223840725806451,0.966585501864088,0.4915044372933103,0.8388737089331819,0.161126291066818,0.4123101502693557,241.56998691645612,-8.88094492906827
0.04502500000000001,4.5025,-0.0005882307181504663,-0.5882307181504663,6.225967741935485,0.965925174190489,0.4913336403838224,0.8388737089331819,0.161126291066818,0.4121668732324193,241.2709864547565,-8.879453809776853
0.0453546875,4.53546875,-0.0005383031449175741,-0.5383031449175741,6.228094758064516,0.9652655230834579,0.4911629038493607,0.8388737089331819,0.161126291066818,0.412023646842505,240.9717190266863,-8.877963968164623
0.045684375000000006,4.568437500000001,-0.0004887954302860525,-0.4887954302860525,6.230221774193549,0.9646065434949906,0.4909922273186092,0.8388737089331819,0.161126291066818,0.4118804707881256,240.67218524694314,-8.876475394995202
0.0460140625,4.60140625,-0.0004396913801024844,-0.4396913801024844,6.232348790322581,0.9639482454458826,0.4908216117685564,0.8388737089331819,0.161126291066818,0.4117373458888512,240.37237971280226,-8.874988109502521
0.04634375,4.634375,-0.0003909746697676847,-0.3909746697676847,6.234475806451613,0.9632906109919759,0.4906510556721212,0.8388737089331819,0.161126291066818,0.4115942708636534,240.0723081971578,-8.873502078077113
0.046673437500000005,4.667343750000001,-0.0003426288558023278,-0.3426288558023278,6.236602822580645,0.9626336615886971,0.49048056103340465,0.8388737089331819,0.161126291066818,0.4114512473937201,239.77196064990198,-8.872017341571539
0.047003125,4.7003125,-0.00029463738674716987,-0.2946373867471699,6.238729838709677,0.9619773746784832,0.49031012590801676,0.8388737089331819,0.161126291066818,0.41130827384795343,239.47134474613648,-8.870533857642503
0.0473328125,4.73328125,-0.0002469836134496721,-0.2469836134496721,6.24085685483871,0.9613217641742968,0.490139751625776,0.8388737089331819,0.161126291066818,0.4111653513419033,239.17045341505735,-8.869051652893743
0.047662500000000003,4.76625,-0.000199650798788831,-0.199650798788831,6.242983870967742,0.9606668211301553,0.4899694374620867,0.8388737089331819,0.161126291066818,0.4110224792677254,238.86928885337846,-8.867570710705802
0.047992187500000005,4.7992187500000005,-0.00015262212688996071,-0.1526221268899607,6.245110887096774,0.9600125458900366,0.4897991835269069,0.8388737089331819,0.161126291066818,0.41087965771766066,238.5678494857004,-8.866091032023572
0.04832187500000001,4.832187500000001,-0.000105880711881051,-0.105880711881051,6.247237903225806,0.9593589430468793,0.48962899031524876,0.8388737089331819,0.161126291066818,0.4107368871069617,238.26613194551027,-8.864612625837726
0.048651562499999995,4.86515625,-5.9409606242170695e-05,-0.0594096062421707,6.249364919354838,0.9587059994481292,0.4894588567174017,0.8388737089331819,0.161126291066818,0.41059416650472164,237.9641402379764,-8.863135467547743
0.048981250000000004,4.898125,-1.31918087991762e-05,-0.0131918087991762,6.251491935483871,0.9580537331533493,0.4892887844477903,0.8388737089331819,0.161126291066818,0.410451497349126,237.66186534702658,-8.861659591641178
0.04931093750000001,4.931093750000001,3.27897275872658e-05,0.0327897275872658,6.253618951612903,0.9574021223574282,0.4891187716104438,0.8388737089331819,0.161126291066818,0.4103088780496949,237.35931492889483,-8.8601849571242
0.04964062500000001,4.964062500000001,7.85520885866416e-05,0.0785520885866416,6.255745967741936,0.9567511841989637,0.4889488198393697,0.8388737089331819,0.161126291066818,0.4101663099771543,237.05648027858922,-8.858711596751183
0.04997031250000001,4.997031250000001,0.0001241123911671439,0.1241123911671439,6.257872983870969,0.9561009045211283,0.48877892792857386,0.8388737089331819,0.161126291066818,0.41002379211982715,236.75336588374955,-8.857239483999285
0.0503,5.03,0.0001694877765178193,0.1694877765178193,6.26,0.9554512889577257,0.48860909646901957,0.8388737089331819,0.161126291066818,0.4098813249734573,236.44996785529008,-8.85576862983474
0.050629687500000006,5.0629687500000005,0.0002146954030747143,0.2146954030747143,6.262127016129033,0.9548023367762831,0.4884393254740031,0.8388737089331819,0.161126291066818,0.40973890854919853,236.14628497884533,-8.854299033165313
0.050959375,5.095937500000001,0.00025975243960187,0.25975243960187,6.264254032258064,0.9541540402281427,0.48826961431514804,0.8388737089331819,0.161126291066818,0.4095965423199225,235.8423190848764,-8.852830679590731
0.05128906250000001,5.128906250000001,0.00030467605827856745,0.3046760582785674,6.266381048387097,0.9535064119337037,0.48809996422482627,0.8388737089331819,0.161126291066818,0.40945422731943343,235.53806316717916,-8.85136359333719
0.051618750000000005,5.161875000000001,0.0003494834277446773,0.3494834277446773,6.268508064516129,0.9528594329338466,0.4879303735480174,0.8388737089331819,0.161126291066818,0.4093119621593782,235.23352394445,-8.849897738735619
0.0519484375,5.19484375,0.000394191706056697,0.394191706056697,6.270635080645162,0.952213122828557,0.4877608441585179,0.8388737089331819,0.161126291066818,0.4091697484116356,234.92869129165996,-8.848433153261535
0.05227812500000001,5.2278125000000015,0.0004388180335075941,0.4388180335075941,6.272762096774194,0.9515674623496015,0.48759137436927263,0.8388737089331819,0.161126291066818,0.4090275846609793,234.623572116054,-8.846969800645194
0.052607812500000004,5.260781250000001,0.0004833795252643724,0.4833795252643724,6.274889112903226,0.9509224623202653,0.48742196525193426,0.8388737089331819,0.161126291066818,0.4088854718063907,234.3181600832354,-8.845507701716578
0.0529375,5.29375,0.0005278932637780677,0.5278932637780677,6.2770161290322575,0.9502781167832978,0.48725261633839123,0.8388737089331819,0.161126291066818,0.408743409455183,234.01245625442814,-8.84404684545859
0.05326718750000001,5.326718750000001,0.0005723762909216829,0.5723762909216829,6.2791431451612905,0.9496344232924083,0.4870833274813155,0.8388737089331819,0.161126291066818,0.4086013974837668,233.70646015897756,-8.842587227512052
0.053596874999999995,5.3596875,0.0006168455998125913,0.6168455998125912,6.281270161290323,0.9489913891306446,0.4869140994313037,0.8388737089331819,0.161126291066818,0.4084594365217979,233.40016691855175,-8.84112886200136
0.05392656250000001,5.392656250000002,0.0006613181262769621,0.6613181262769621,6.2833971774193556,0.9483489986526257,0.4867449308222881,0.8388737089331819,0.161126291066818,0.4083175254233178,233.0935820201265,-8.839671719489083
0.05425625000000001,5.425625000000001,0.0007058107399148594,0.7058107399148593,6.285524193548388,0.9477072723113621,0.4865758236233281,0.8388737089331819,0.161126291066818,0.408175665840119,232.78669455056846,-8.838215839130408
0.0545859375,5.45859375,0.0007503402347259961,0.7503402347259961,6.287651209677419,0.947066187385517,0.48640677581099684,0.8388737089331819,0.161126291066818,0.40803385607480164,232.47951326278803,-8.836761178028707
0.054915625000000017,5.4915625000000015,0.0007949233192574293,0.7949233192574293,6.289778225806452,0.9464257592690838,0.4862377888891723,0.8388737089331819,0.161126291066818,0.40789209738892945,232.1720294737639,-8.83530776573386
0.0552453125,5.52453125,0.0008395766062360167,0.8395766062360166,6.291905241935484,0.9457859768788818,0.4860688619086891,0.8388737089331819,0.161126291066818,0.40775038898627264,231.8642466518678,-8.833855581459554
0.055575000000000006,5.557500000000001,0.0008843166016501345,0.8843166016501345,6.294032258064517,0.9451468429712578,0.48589999520293575,0.8388737089331819,0.161126291066818,0.40760873114650203,231.55616189049812,-8.83240463073098
0.05590468750000001,5.590468750000001,0.0009291596932468794,0.9291596932468794,6.296159274193549,0.9445083595919187,0.48573118904105733,0.8388737089331819,0.161126291066818,0.4074671240953962,231.24777256502742,-8.830954917727892
0.056234375,5.6234375000000005,0.0009741221384130032,0.9741221384130032,6.298286290322581,0.9438705164090526,0.48556244253811204,0.8388737089331819,0.161126291066818,0.407325567090601,230.93908188009263,-8.829506423072042
0.0565640625,5.65640625,0.0010192200514099832,1.0192200514099832,6.300413306451613,0.9432333285277064,0.4853937571812906,0.8388737089331819,0.161126291066818,0.40718406137968155,230.63008101880163,-8.828059175799597
0.05689375,5.689375,0.0010644693899358828,1.0644693899358828,6.302540322580645,0.9425967760234817,0.4852251311881109,0.8388737089331819,0.161126291066818,0.4070426054673604,230.32077775717946,-8.826613138263133
0.0572234375,5.72234375,0.0011098859409892805,1.1098859409892805,6.304667338709677,0.9419608767128983,0.4850565663019755,0.8388737089331819,0.161126291066818,0.406901200816132,230.01116190341497,-8.825168344671384
0.05755312500000001,5.755312500000001,0.0011554853060132524,1.1554853060132524,6.306794354838711,0.9413256144839435,0.4848880610930613,0.8388737089331819,0.161126291066818,0.40675984622655564,229.70123947337356,-8.823724764622238
0.057882812500000005,5.788281250000001,0.0012012828853003306,1.2012828853003306,6.308921370967742,0.9406909971976293,0.4847196163750983,0.8388737089331819,0.161126291066818,0.40661854238124784,229.39100498054708,-8.822282413370752
0.0582125,5.82125,0.0012472938616426542,1.247293861642654,6.311048387096775,0.9400570217605754,0.4845512319361477,0.8388737089331819,0.161126291066818,0.4064772891024187,229.08045818832343,-8.820841285306981
0.05854218750000001,5.854218750000001,0.0012935331832148983,1.2935331832148982,6.313175403225807,0.9394236830554192,0.48438290737204714,0.8388737089331819,0.161126291066818,0.40633608605102706,228.76959988104505,-8.819401370955832
0.058871875000000004,5.8871875000000005,0.0013400155456813304,1.3400155456813303,6.315302419354839,0.9387909909386392,0.4842146436884573,0.8388737089331819,0.161126291066818,0.4061949340706953,228.45842346609848,-8.817962689390907
0.059201562500000006,5.920156250000001,0.0013867553735223538,1.386755373522354,6.317429435483871,0.9381589282315727,0.48404643934371006,0.8388737089331819,0.161126291066818,0.40605383186815847,228.1469356804957,-8.81652520813382
0.05953125000000001,5.953125000000001,0.0014337668005800833,1.4337668005800832,6.319556451612904,0.9375275151266413,0.48387829632048307,0.8388737089331819,0.161126291066818,0.40591278110663287,227.83512473639624,-8.815088965978045
0.05986093750000001,5.986093750000001,0.0014810636498271323,1.4810636498271323,6.321683467741935,0.9368967305783857,0.48371021270873793,0.8388737089331819,0.161126291066818,0.4057717801838373,227.52299934703166,-8.813653923056819
0.06019062500000001,6.019062500000001,0.0015286594123676142,1.528659412367614,6.323810483870967,0.9362665874562385,0.48354218980212516,0.8388737089331819,0.161126291066818,0.40563083018498136,227.2105512921208,-8.81222010420285
0.060520312500000006,6.052031250000001,0.001576567225684446,1.576567225684446,6.3259375,0.935637077624253,0.48337422690803483,0.8388737089331819,0.161126291066818,0.40548993052905263,226.89778286657616,-8.810787494169126
0.06085,6.085000000000001,0.001624799851152616,1.6247998511526158,6.328064516129032,0.9350082010821431,0.4832063241026931,0.8388737089331819,0.161126291066818,0.40534908127999536,226.5846922869063,-8.809356093230042
0.06117968750000001,6.117968750000001,0.0016733696508436833,1.6733696508436833,6.330191532258064,0.9343799625354643,0.4830384819106137,0.8388737089331819,0.161126291066818,0.40520828287781024,226.27127532166284,-8.807925910650695
0.061509375000000005,6.150937500000001,0.0017222885636529487,1.7222885636529488,6.3323185483870965,0.9337523491820331,0.48287069919090814,0.8388737089331819,0.161126291066818,0.4050675343654359,225.95753673258122,-8.806496922254544
0.0618390625,6.18390625,0.0017715680807870449,1.7715680807870449,6.3344455645161295,0.9331253785012285,0.48270297768490067,0.8388737089331819,0.161126291066818,0.40492683720362355,225.64346565171775,-8.805069161711602
0.06216875000000001,6.216875000000002,0.0018212192206563324,1.8212192206563325,6.336572580645161,0.9324990296509923,0.4825353154831806,0.8388737089331819,0.161126291066818,0.40478618979061876,225.3290710406492,-8.803642589474526
0.062498437500000004,6.24984375,0.0018712525032234494,1.8712525032234493,6.338699596774194,0.9318733187335789,0.48236771419873636,0.8388737089331819,0.161126291066818,0.40464559347951506,225.01434265043434,-8.802217236591984
0.062828125,6.2828125,0.0019216779238665832,1.921677923866583,6.340826612903227,0.9312482326653009,0.4822001726587425,0.8388737089331819,0.161126291066818,0.40450504728646003,224.69928546100826,-8.800793078330301
0.06315781250000001,6.315781250000001,0.001972504926823453,1.972504926823453,6.342953629032258,0.9306237764672818,0.48203269141937877,0.8388737089331819,0.161126291066818,0.4043645516780182,224.38389496308588,-8.7993701245619
0.0634875,6.34875,0.002023742378289729,2.023742378289729,6.345080645161291,0.9299999497900926,0.4818652705244397,0.8388737089331819,0.161126291066818,0.4042241066909278,224.0681694328878,-8.797948374895258
0.06381718750000001,6.381718750000001,0.0020753985392535537,2.0753985392535537,6.347207661290324,0.9293767449597463,0.48169790931350537,0.8388737089331819,0.161126291066818,0.4040837117711798,223.75211108377405,-8.79652781492124
0.064146875,6.414687500000001,0.0021274810381558358,2.127481038155836,6.349334677419355,0.9287541742941461,0.481530609046658,0.8388737089331819,0.161126291066818,0.40394336797582403,223.43571137318682,-8.795108468484274
0.0644765625,6.4476562500000005,0.0021799968434743724,2.179996843474372,6.351461693548388,0.9281322196501318,0.48136336805524027,0.8388737089331819,0.161126291066818,0.40380307390506776,223.1189781771012,-8.79369030113335
0.06480625000000001,6.480625000000001,0.0022329522363380675,2.2329522363380674,6.353588709677419,0.9275108994687452,0.4811961881912058,0.8388737089331819,0.161126291066818,0.4036628311124662,222.80189954336817,-8.792273348441922
0.06513593750000002,6.513593750000002,0.002286352783286064,2.286352783286064,6.355715725806452,0.9268901958117173,0.48102906780201277,0.8388737089331819,0.161126291066818,0.40352263821174544,222.48448330130927,-8.790857576337851
0.065465625,6.5465625,0.002340203309294965,2.340203309294965,6.357842741935484,0.9262701186275895,0.4808620079233159,0.8388737089331819,0.161126291066818,0.4033824960716892,222.16672204653815,-8.789443004142345
0.06579531250000001,6.579531250000001,0.0023945078712057635,2.3945078712057635,6.3599697580645165,0.9256506626062108,0.4806950081186618,0.8388737089331819,0.161126291066818,0.4032424043261678,221.8486167199142,-8.788029621956936
0.066125,6.612500000000001,0.0024492697316903784,2.449269731690378,6.362096774193549,0.9250318251067048,0.48052806820764865,0.8388737089331819,0.161126291066818,0.4031023628238472,221.53016682445661,-8.786617424989188
0.0664546875,6.645468749999999,0.002504491333905867,2.504491333905867,6.364223790322581,0.924413613380849,0.4803611889695598,0.8388737089331819,0.161126291066818,0.4029623722184478,221.21136629225634,-8.785206427409056
0.066784375,6.678437500000001,0.0025601742769922452,2.560174276992245,6.366350806451613,0.923796012264352,0.48019436900829293,0.8388737089331819,0.161126291066818,0.40282243133881573,220.89222165447237,-8.783796600415467
0.0671140625,6.7114062500000005,0.002616319292577422,2.616319292577422,6.368477822580646,0.9231790415050586,0.4800276103185088,0.8388737089331819,0.161126291066818,0.4026825418582197,220.57271971169058,-8.782387982141998
0.06744375000000001,6.744375000000002,0.0026729262224600204,2.6729262224600205,6.370604838709678,0.9225626793888859,0.47986091086445154,0.8388737089331819,0.161126291066818,0.4025427020689175,220.25287075921528,-8.780980531217125
0.0677734375,6.77734375,0.00272999399764737,2.72999399764737,6.37273185483871,0.9219469403703696,0.4796942721287438,0.8388737089331819,0.161126291066818,0.4024029132146424,219.9326645024094,-8.779574275632767
0.068103125,6.810312500000001,0.0027875206189323046,2.7875206189323047,6.374858870967742,0.9213318142712469,0.4795276931951963,0.8388737089331819,0.161126291066818,0.40226317452682725,219.61210471514812,-8.77816919613098
0.06843281250000001,6.843281250000001,0.002845503139197561,2.845503139197561,6.376985887096774,0.9207173033903269,0.4793611743629335,0.8388737089331819,0.161126291066818,0.40212348625639976,219.2911880161864,-8.776765297387536
0.0687625,6.876250000000001,0.0029039376476414133,2.9039376476414134,6.379112903225807,0.9201034100069512,0.4791947159309248,0.8388737089331819,0.161126291066818,0.4019838486541574,218.96991097248184,-8.77536258404682
0.0690921875,6.90921875,0.0029628192561218375,2.9628192561218376,6.381239919354838,0.9194901240004,0.47902831698318366,0.8388737089331819,0.161126291066818,0.4018442609517033,218.64827742904,-8.7739610369415
0.06942187500000002,6.942187500000002,0.003022142087819224,3.022142087819224,6.383366935483872,0.9188774600424805,0.4788619790334598,0.8388737089331819,0.161126291066818,0.40170472441888194,218.32627661742205,-8.772560684514435
0.0697515625,6.975156250000001,0.0030818992684193483,3.081899268419348,6.3854939516129035,0.9182653990721051,0.4786957002866658,0.8388737089331819,0.161126291066818,0.40156523754984214,218.00391769845558,-8.771161490418901
0.07008125000000001,7.0081250000000015,0.003142082920018708,3.1420829200187077,6.3876209677419356,0.9176539578461104,0.4785294824640636,0.8388737089331819,0.161126291066818,0.401425801788505,217.68118855523997,-8.769763487112511
0.0704109375,7.041093750000001,0.0032026841579533894,3.2026841579533896,6.3897479838709685,0.9170431214091169,0.478363324170283,0.8388737089331819,0.161126291066818,0.40128641596433134,217.35809597549633,-8.768366646123166
0.070740625,7.0740625,0.0032636930907503484,3.2636930907503485,6.391875000000001,0.9164328969078241,0.47819722618344046,0.8388737089331819,0.161126291066818,0.40114708073006244,217.0346335067217,-8.766970981448518
0.07107031250000001,7.107031250000002,0.0033250988233959958,3.3250988233959955,6.394002016129033,0.9158232817411955,0.4780311883227182,0.8388737089331819,0.161126291066818,0.4010077959340149,216.71080052292135,-8.765576488354123
0.0714,7.140000000000001,0.003386889464111535,3.386889464111535,6.396129032258066,0.9152142707392271,0.4778652101517388,0.8388737089331819,0.161126291066818,0.40086856121012354,216.38659800452874,-8.764183157158653
0.0717296875,7.17296875,0.0034490521348172253,3.4490521348172254,6.398256048387097,0.9146058735908027,0.47769929270384015,0.8388737089331819,0.161126291066818,0.4007293774252281,216.06201777723237,-8.762791006762386
0.07205937500000001,7.205937500000001,0.0035115729854585716,3.5115729854585718,6.40038306451613,0.9139980738398833,0.4775334344243898,0.8388737089331819,0.161126291066818,0.4005902432751883,215.73706778772905,-8.761400005767523
0.0723890625,7.238906250000001,0.003574437212356526,3.5744372123565262,6.402510080645161,0.913390890501893,0.47736763727296516,0.8388737089331819,0.161126291066818,0.4004511604038421,215.41173398115245,-8.760010191027106
0.07271875,7.2718750000000005,0.0036376290807309,3.6376290807309,6.404637096774193,0.9127843039337451,0.47720189937561036,0.8388737089331819,0.161126291066818,0.40031212723917736,215.08602635351357,-8.758621524998135
0.07304843750000001,7.304843750000001,0.00370113195153108,3.70113195153108,6.406764112903225,0.9121783260398274,0.47703622198885853,0.8388737089331819,0.161126291066818,0.4001731448352665,214.75993517974786,-8.757234030855903
0.073378125,7.3378125,0.0037649283126912907,3.7649283126912905,6.408891129032258,0.9115729494291862,0.4768706044526731,0.8388737089331819,0.161126291066818,0.4000342126384222,214.43346282617833,-8.75584769463176
0.07370781250000003,7.370781250000002,0.0038289998149085656,3.8289998149085656,6.41101814516129,0.9109681737912878,0.4767050468097372,0.8388737089331819,0.161126291066818,0.39989533068445027,214.10660721644982,-8.754462515984768
0.0740375,7.403750000000001,0.003893327312020424,3.893327312020424,6.4131451612903225,0.9103640039235953,0.4765395496135189,0.8388737089331819,0.161126291066818,0.3997564994376407,213.77936294606118,-8.753078504418646
0.0743671875,7.436718750000001,0.003957890906036215,3.9578909060362153,6.4152721774193555,0.9097604273641936,0.47637411169327104,0.8388737089331819,0.161126291066818,0.3996177179158842,213.4517357289729,-8.751695636177955
0.07469687500000001,7.469687500000001,0.004022669996850881,4.022669996850881,6.417399193548388,0.9091574610355556,0.47620873481554366,0.8388737089331819,0.161126291066818,0.3994789876010932,213.1237122456824,-8.750313944137243
0.07502656250000002,7.502656250000001,0.004087643336642897,4.087643336642897,6.41952620967742,0.9085550850033292,0.4760434170594307,0.8388737089331819,0.161126291066818,0.3993403068818702,212.79530311184445,-8.748933390128451
0.07535625,7.5356250000000005,0.004152789088929355,4.152789088929355,6.421653225806452,0.907953314404761,0.4758781600155996,0.8388737089331819,0.161126291066818,0.3992016770925843,212.46649604550169,-8.74755400359415
0.07568593750000001,7.568593750000002,0.004218084892220466,4.218084892220467,6.423780241935484,0.9073521371478709,0.47571296254540363,0.8388737089331819,0.161126291066818,0.39906309727805456,212.13729660490912,-8.746175761474024
0.076015625,7.6015625,0.00428350792818379,4.28350792818379,6.425907258064516,0.9067515576919304,0.4755478251699978,0.8388737089331819,0.161126291066818,0.39892456787546443,211.80769944956225,-8.744798672623995
0.07634531250000001,7.634531250000001,0.004349034994195005,4.349034994195005,6.428034274193549,0.9061515760329006,0.47538274796356206,0.8388737089331819,0.161126291066818,0.3987860889470413,211.47770213419457,-8.743422737295143
0.07667500000000001,7.667500000000001,0.004414642580117307,4.414642580117308,6.430161290322581,0.9055521845787262,0.47521773023450964,0.8388737089331819,0.161126291066818,0.39864765991263146,211.1473073410204,-8.74204794108934
0.0770046875,7.700468750000001,0.004480306949116111,4.480306949116111,6.432288306451613,0.9049533953505975,0.475052773269407,0.8388737089331819,0.161126291066818,0.3985092818515014,210.8165044698727,-8.740674307468426
0.07733437500000001,7.733437500000001,0.004546004222279285,4.546004222279285,6.434415322580646,0.9043551909753517,0.4748878753876664,0.8388737089331819,0.161126291066818,0.3983709533538504,210.48530286326599,-8.739301803144373
0.0776640625,7.76640625,0.004611710466776636,4.611710466776636,6.436542338709677,0.9037575888139592,0.47472303841790314,0.8388737089331819,0.161126291066818,0.39823267595365586,210.15368815427456,-8.73793046189828
0.07799375,7.799375000000001,0.004677401787255581,4.677401787255581,6.4386693548387095,0.9031605721607608,0.4745582607435089,0.8388737089331819,0.161126291066818,0.39809444829478724,209.82166930844542,-8.736560251718647
0.07832343750000001,7.8323437500000015,0.004743054420133308,4.7430544201333085,6.4407963709677425,0.9025641501567186,0.47439354336348105,0.8388737089331819,0.161126291066818,0.39795627121527766,209.48923749711375,-8.735191190516822
0.078653125,7.865312500000001,0.004808644830409906,4.808644830409905,6.442923387096774,0.9019683180846612,0.4742288858733346,0.8388737089331819,0.161126291066818,0.3978181443758148,209.15639343876688,-8.733823269433083
0.0789828125,7.89828125,0.0048741498105919,4.8741498105919,6.445050403225807,0.9013730731332644,0.4740642880600395,0.8388737089331819,0.161126291066818,0.3976800675976937,208.82313657057986,-8.732456483283805
0.07931250000000002,7.931250000000002,0.004939546581281797,4.939546581281797,6.447177419354839,0.9007784225118122,0.47389975073077517,0.8388737089331819,0.161126291066818,0.3975420415580357,208.48945920488885,-8.731090846261306
0.0796421875,7.964218750000001,0.005004812892957337,5.004812892957338,6.449304435483872,0.9001843515185552,0.4737352724609469,0.8388737089331819,0.161126291066818,0.397404065061786,208.15536920429858,-8.729726330186484
0.07997187500000001,7.997187500000002,0.005069927128434138,5.069927128434138,6.451431451612903,0.8995908792275042,0.47357085526893306,0.8388737089331819,0.161126291066818,0.39726613980210895,207.8208503123097,-8.728362972204401
0.0803015625,8.030156250000001,0.005134868405477774,5.134868405477773,6.453558467741935,0.8989979848738703,0.47340649710866745,0.8388737089331819,0.161126291066818,0.3971282640626136,207.48591479866766,-8.727000732397475
0.08063125000000002,8.063125000000001,0.005199616679006832,5.199616679006832,6.455685483870969,0.8984056820374777,0.4732421994403836,0.8388737089331819,0.161126291066818,0.39699043906825116,207.15055021611798,-8.725639637290858
0.08096093750000001,8.096093750000001,0.005264152842306696,5.264152842306696,6.457812499999999,0.897813961374863,0.47307796138159214,0.8388737089331819,0.161126291066818,0.39685266407872477,206.81476066803378,-8.724279669053805
0.081290625,8.129062500000002,0.005328458826656004,5.3284588266560045,6.459939516129032,0.8972228247678435,0.4729137831971778,0.8388737089331819,0.161126291066818,0.3967149393162392,206.47854211559797,-8.722920831576461
0.0816203125,8.16203125,0.005392517698753493,5.392517698753493,6.462066532258064,0.8966322747016355,0.47274966521556905,0.8388737089331819,0.161126291066818,0.3965772650563045,206.14188999267932,-8.721563129922753
0.08195000000000001,8.195,0.005456313755322924,5.456313755322924,6.4641935483870965,0.896042301265001,0.47258560649084336,0.8388737089331819,0.161126291066818,0.39643964050541103,205.80480894868495,-8.720206545144196
0.0822796875,8.22796875,0.005519832614268234,5.519832614268234,6.4663205645161295,0.8954529187107759,0.4724216085618636,0.8388737089331819,0.161126291066818,0.39630206695447034,205.467285576756,-8.718851105100978
0.082609375,8.2609375,0.005583061301750179,5.5830613017501785,6.468447580645161,0.8948641087923678,0.47225766962272353,0.8388737089331819,0.161126291066818,0.3961645428885553,205.1293308113457,-8.717496774687792
0.08293906250000001,8.293906250000001,0.005645988334559516,5.645988334559515,6.470574596774194,0.894275887279042,0.4720937913712214,0.8388737089331819,0.161126291066818,0.3960270697319043,204.7909299544286,-8.716143584712215
0.08326875,8.326875,0.005708603797170823,5.708603797170823,6.472701612903227,0.893688240286387,0.47192997244756413,0.8388737089331819,0.161126291066818,0.39588964634382245,204.45209073371393,-8.714791508510286
0.08359843750000003,8.359843750000001,0.005770899412874966,5.770899412874966,6.474828629032258,0.8931011743032796,0.47176621359387033,0.8388737089331819,0.161126291066818,0.3957522733468537,204.11280538393106,-8.71344055890718
0.083928125,8.392812500000002,0.005832868608407307,5.832868608407307,6.476955645161291,0.8925146871771962,0.47160251466049163,0.8388737089331819,0.161126291066818,0.39561495061546187,203.77307268701367,-8.712090731977547
0.0842578125,8.42578125,0.005894506571513078,5.8945065715130776,6.479082661290322,0.8919287737003467,0.47143887517952204,0.8388737089331819,0.161126291066818,0.39547767775713305,203.43289384145376,-8.710742017863483
0.08458750000000001,8.45875,0.005955810300920527,5.955810300920527,6.481209677419355,0.8913434433917008,0.4712752962109588,0.8388737089331819,0.161126291066818,0.39534045566107096,203.09225850301004,-8.709394435280704
0.08491718750000002,8.491718750000002,0.0060167786482267956,6.016778648226795,6.483336693548387,0.8907586804779217,0.47111177618876304,0.8388737089331819,0.161126291066818,0.3952032830135667,202.75117616576213,-8.708047953864302
0.085246875,8.5246875,0.006077412351240408,6.077412351240408,6.485463709677419,0.8901745028767,0.47094831704790624,0.8388737089331819,0.161126291066818,0.39506616143781714,202.4096297218946,-8.706702608637633
0.08557656250000001,8.55765625,0.006137714058367847,6.1377140583678464,6.487590725806451,0.8895908922465523,0.47078491695202856,0.8388737089331819,0.161126291066818,0.3949290893933482,202.06763078314094,-8.70535836423934
0.08590625,8.590625000000001,0.006197688343679479,6.197688343679479,6.4897177419354835,0.8890078595988069,0.4706215771197634,0.8388737089331819,0.161126291066818,0.3947920679024394,201.72516758572237,-8.704015242292886
0.08623593750000001,8.623593750000001,0.00625734171234197,6.25734171234197,6.491844758064516,0.8884253982280519,0.4704582969240989,0.8388737089331819,0.161126291066818,0.394655096439107,201.382242505522,-8.702673230020768
0.08656562500000001,8.656562500000001,0.006316682596159437,6.316682596159437,6.4939717741935485,0.8878435075443715,0.4702950763744514,0.8388737089331819,0.161126291066818,0.39451817501125014,201.03885303165896,-8.701332326517596
0.0868953125,8.68953125,0.006375721339024334,6.3757213390243335,6.496098790322581,0.8872621924186814,0.4701319160526398,0.8388737089331819,0.161126291066818,0.3943813041069413,200.69499211389217,-8.69999254149308
0.08722500000000001,8.722500000000002,0.006434470172140055,6.434470172140055,6.498225806451613,0.8866814407194027,0.46996881475938446,0.8388737089331819,0.161126291066818,0.3942444827201364,200.3506666850291,-8.698653851609397
0.0875546875,8.75546875,0.006492943178940764,6.492943178940764,6.500352822580646,0.8861012688343223,0.4698057742848109,0.8388737089331819,0.161126291066818,0.3941077123525246,200.00586007381145,-8.697316288967217
0.087884375,8.7884375,0.006551156249699081,6.551156249699081,6.502479838709677,0.8855216576853367,0.46964279269837605,0.8388737089331819,0.161126291066818,0.39397099138462427,199.66058503880834,-8.695979816714459
0.08821406250000001,8.82140625,0.006609127025878539,6.609127025878539,6.504606854838711,0.8849426215103994,0.46947987156726834,0.8388737089331819,0.161126291066818,0.3938343211311083,199.31482652815072,-8.694644462780484
0.08854375,8.854375000000001,0.006666874834354814,6.666874834354814,6.506733870967742,0.8843641491346058,0.4693170097878633,0.8388737089331819,0.161126291066818,0.39369770066617527,198.9685907789995,-8.693310205670803
0.0888734375,8.88734375,0.006724420611696739,6.724420611696739,6.508860887096774,0.8837862445018043,0.46915420784616674,0.8388737089331819,0.161126291066818,0.3935611303975228,198.62187128961392,-8.691977053296473
0.08920312500000002,8.920312500000001,0.006781786818764909,6.781786818764909,6.510987903225807,0.8832089079192054,0.46899146584654594,0.8388737089331819,0.161126291066818,0.39342461041270166,198.27466455554583,-8.690645006497617
0.0895328125,8.953281250000002,0.006838997345951322,6.838997345951322,6.513114919354839,0.882632131882819,0.4688287830671604,0.8388737089331819,0.161126291066818,0.39328814010617896,197.92697383303596,-8.689314050904951
0.08986250000000001,8.986250000000002,0.006896077409447881,6.89607740944788,6.515241935483871,0.8820559281231561,0.46866616081982804,0.8388737089331819,0.161126291066818,0.39315172057840425,197.57878567011795,-8.687984209597829
0.0901921875,9.01921875,0.00695305343899377,6.95305343899377,6.517368951612904,0.881480279994268,0.46850359741366676,0.8388737089331819,0.161126291066818,0.39301535041094093,197.23011130800867,-8.686655450399293
0.090521875,9.0521875,0.007009952957611693,7.009952957611692,6.519495967741935,0.8809052038497539,0.4683410946526163,0.8388737089331819,0.161126291066818,0.3928790311170666,196.88093307448742,-8.68532780540044
0.0908515625,9.08515625,0.0070668044538997905,7.06680445389979,6.5216229838709685,0.8803306841271836,0.46817865095722594,0.8388737089331819,0.161126291066818,0.3927427613718217,196.5312613591322,-8.684001244523026
0.09118125,9.118125000000001,0.007123637247499867,7.123637247499867,6.523750000000001,0.879756729221497,0.46801626728932294,0.8388737089331819,0.161126291066818,0.39260654198205774,196.18108536222667,-8.68267578436043
0.0915109375,9.15109375,0.007180481348412482,7.180481348412481,6.525877016129033,0.8791833349591099,0.4678539432765855,0.8388737089331819,0.161126291066818,0.3924703726354438,195.83040539959245,-8.681351417017684
0.09184062500000001,9.184062500000001,0.007237367310875417,7.237367310875417,6.528004032258065,0.8786104983800096,0.46769167867386713,0.8388737089331819,0.161126291066818,0.3923342531263328,195.47922076015467,-8.680028136958649
0.09217031249999999,9.21703125,0.007294326082563863,7.294326082563863,6.530131048387097,0.8780382266412766,0.4675294743154174,0.8388737089331819,0.161126291066818,0.39219818415455504,195.12752146816712,-8.678705958377126
0.0925,9.25,0.007351388849907663,7.3513888499076625,6.532258064516129,0.8774665054859689,0.4673673287496774,0.8388737089331819,0.161126291066818,0.3920621645024357,194.77531711951903,-8.677384853701767
0.09282968750000001,9.28296875,0.0074085868803534785,7.408586880353479,6.534385080645161,0.8768953533439272,0.46720524401690344,0.8388737089331819,0.161126291066818,0.391926195881492,194.42258722350726,-8.676064859120993
0.093159375,9.3159375,0.00746595136242713,7.46595136242713,6.536512096774194,0.8763247503457637,0.46704321806264254,0.8388737089331819,0.161126291066818,0.3917902765682978,194.0693466397677,-8.674745936104111
0.09348906250000003,9.348906250000002,0.007523513244473888,7.523513244473888,6.538639112903225,0.8757547092562462,0.46688125232373767,0.8388737089331819,0.161126291066818,0.39165440776818256,193.71557993490268,-8.673428109794596
0.09381874999999999,9.381874999999999,0.007581303072971659,7.581303072971659,6.540766129032258,0.8751852215024942,0.4667193459519774,0.8388737089331819,0.161126291066818,0.3915185887696041,193.36129154474992,-8.672111363695006
0.0941484375,9.414843750000001,0.0076393508313243,7.6393508313242995,6.54289314516129,0.8746162885862838,0.466557499178128,0.8388737089331819,0.161126291066818,0.39138281976614625,193.00647647275702,-8.670795700968833
0.09447812500000001,9.447812500000001,0.007697685780049062,7.697685780049062,6.545020161290323,0.8740479131736848,0.4663957123596459,0.8388737089331819,0.161126291066818,0.3912471010576696,192.65112850026912,-8.66948112705821
0.0948078125,9.48078125,0.007756336299273974,7.756336299273974,6.547147177419355,0.8734800855608836,0.46623398452179826,0.8388737089331819,0.161126291066818,0.39111143182649666,192.29525329876176,-8.668167623240139
0.0951375,9.51375,0.007815329734457598,7.815329734457598,6.549274193548388,0.8729128195956168,0.4660723172271288,0.8388737089331819,0.161126291066818,0.3909758133834041,191.93883375833894,-8.666855216802972
0.0954671875,9.54671875,0.007874692246234967,7.874692246234967,6.551401209677419,0.8723460978003478,0.46591070866061857,0.8388737089331819,0.161126291066818,0.39084024420582025,191.58188313972266,-8.665543873826918
0.095796875,9.5796875,0.007934448665280175,7.934448665280176,6.553528225806452,0.8717799350232546,0.4657491604954258,0.8388737089331819,0.161126291066818,0.3907047256973137,191.224383146881,-8.664233623563902
0.09612656250000001,9.61265625,0.007994622353057573,7.994622353057572,6.555655241935485,0.8712143183722717,0.46558767140828483,0.8388737089331819,0.161126291066818,0.3905692567478315,190.86634266363168,-8.662924441044717
0.09645625,9.645625,0.008055235069310362,8.055235069310362,6.557782258064516,0.8706492537301727,0.46542624210505745,0.8388737089331819,0.161126291066818,0.3904338379495026,190.50775205909244,-8.661616338000922
0.0967859375,9.678593750000001,0.008116306847107593,8.116306847107593,6.559909274193549,0.8700847393530381,0.4652648724672183,0.8388737089331819,0.161126291066818,0.3902984692028993,190.14860917933433,-8.660309311254894
0.097115625,9.7115625,0.00817785587623801,8.177855876238011,6.562036290322581,0.8695207700084834,0.4651035619960665,0.8388737089331819,0.161126291066818,0.39016315008967445,189.78891544246804,-8.659003350799178
0.0974453125,9.744531250000001,0.008239898395702551,8.239898395702552,6.564163306451612,0.868957355044069,0.46494231177722195,0.8388737089331819,0.161126291066818,0.390027881520526,189.4286574055704,-8.657698475155257
0.097775,9.777500000000002,0.008302448596016082,8.302448596016083,6.566290322580646,0.8683944793319567,0.46478112023473556,0.8388737089331819,0.161126291066818,0.3898926621734317,189.067846586641,-8.65639465494605
0.0981046875,9.81046875,0.008365518531983845,8.365518531983845,6.5684173387096765,0.8678321597652169,0.46461998927762505,0.8388737089331819,0.161126291066818,0.3897574936498166,188.70646159817798,-8.655091923468712
0.098434375,9.8434375,0.00842911804656882,8.429118046568819,6.57054435483871,0.8672703792113465,0.4644589171084396,0.8388737089331819,0.161126291066818,0.38962237444184605,188.34451613153334,-8.653790247411123
0.0987640625,9.87640625,0.008493254706413203,8.493254706413202,6.572671370967741,0.8667091478546933,0.4642979049072841,0.8388737089331819,0.161126291066818,0.38948730553947924,187.98199553819066,-8.652489646943177
0.09909375000000001,9.909375,0.00855793374952053,8.55793374952053,6.5747983870967746,0.8661484596210022,0.46413695208049877,0.8388737089331819,0.161126291066818,0.38935228644471054,187.6189020665722,-8.651190110397588
0.0994234375,9.942343750000001,0.008623158045544596,8.623158045544596,6.576925403225807,0.8655883136689967,0.46397605860458474,0.8388737089331819,0.161126291066818,0.38921731713782737,187.25523251953848,-8.649891636351507
0.099753125,9.975312500000001,0.008688928069067936,8.688928069067936,6.579052419354838,0.8650287149266067,0.4638152250890624,0.8388737089331819,0.161126291066818,0.3890823981301404,186.89097743556914,-8.648594234690826
0.1000828125,10.008281250000001,0.008755241886185606,8.755241886185607,6.581179435483872,0.8644696515828431,0.4636544503074447,0.8388737089331819,0.161126291066818,0.38894752839278185,186.52614533633763,-8.6472978824914
0.1004125,10.04125,0.00882209515464046,8.82209515464046,6.583306451612903,0.8639111395120229,0.4634937360718125,0.8388737089331819,0.161126291066818,0.38881270944585866,186.1607147759437,-8.646002611101016
0.1007421875,10.07421875,0.00888948113768338,8.88948113768338,6.585433467741936,0.8633531604443999,0.4633330804437573,0.8388737089331819,0.161126291066818,0.388677939663291,185.79470136337287,-8.644708384923945
0.101071875,10.107187500000002,0.00895739073175703,8.95739073175703,6.587560483870968,0.8627957277792259,0.46317248496596514,0.8388737089331819,0.161126291066818,0.3885432203391976,185.42808610535988,-8.64341523046309
0.1014015625,10.14015625,0.00902581250802413,9.025812508024131,6.5896875,0.8622388311902134,0.4630119485705239,0.8388737089331819,0.161126291066818,0.38840855057773505,185.06087602400322,-8.642123127689764
0.10173125000000001,10.173125,0.009094732767682016,9.094732767682016,6.591814516129032,0.8616824741482313,0.4628514717082725,0.8388737089331819,0.161126291066818,0.3882739307571003,184.69306290790738,-8.640832083636603
0.10206093749999999,10.20609375,0.009164135610924119,9.164135610924118,6.593941532258065,0.8611266572407642,0.46269105451348974,0.8388737089331819,0.161126291066818,0.3881393609899362,184.32464162317729,-8.63954209968338
0.102390625,10.239062500000001,0.009234003019326685,9.234003019326686,6.596068548387096,0.8605713730570245,0.4625306962350246,0.8388737089331819,0.161126291066818,0.38800484064612195,183.9556161198069,-8.63825316150569
0.10272031250000001,10.272031250000001,0.0093043149513556,9.304314951355598,6.598195564516129,0.8600166330430642,0.4623703982087128,0.8388737089331819,0.161126291066818,0.3878703708462551,183.5859688156003,-8.636965291801278
0.10305,10.305,0.009375049450604507,9.375049450604507,6.6003225806451615,0.8594624212402852,0.4622101587349438,0.8388737089331819,0.161126291066818,0.387735950164577,183.2157134721883,-8.635678459455251
0.10337968750000003,10.337968750000002,0.009446182766291387,9.446182766291386,6.6024495967741945,0.8589087530619911,0.4620499795917918,0.8388737089331819,0.161126291066818,0.38760158009266743,182.84482768565798,-8.634392694964385
0.10370937499999999,10.3709375,0.009517689485457408,9.517689485457408,6.604576612903227,0.8583556140068406,0.4618898592380071,0.8388737089331819,0.161126291066818,0.38746725933761234,182.47332366108245,-8.63310797006501
0.1040390625,10.40390625,0.009589542676229617,9.589542676229616,6.606703629032259,0.8578030117802202,0.46172979859786817,0.8388737089331819,0.161126291066818,0.3873329886747648,182.10118773184115,-8.631824300117993
0.10436875000000001,10.436875,0.009661714041427925,9.661714041427926,6.60883064516129,0.8572509427070213,0.4615697973313059,0.8388737089331819,0.161126291066818,0.38719876781884965,181.72841947375184,-8.630541678124596
0.1046984375,10.46984375,0.009734174081718647,9.734174081718647,6.610957661290324,0.8566994036981567,0.461409855161628,0.8388737089331819,0.161126291066818,0.38706459653775716,181.35501785061928,-8.62926009823168
0.105028125,10.502812500000001,0.009806892267441008,9.806892267441008,6.613084677419355,0.8561484018501346,0.4612499729492971,0.8388737089331819,0.161126291066818,0.38693047555330673,180.9809694971646,-8.627979574615788
0.1053578125,10.53578125,0.009879837218160926,9.879837218160926,6.615211693548388,0.8555979234750096,0.46109014923309394,0.8388737089331819,0.161126291066818,0.38679640363971984,180.60628614722012,-8.626700080576924
0.1056875,10.568750000000001,0.009952976888938552,9.95297688893855,6.617338709677419,0.8550479859631159,0.46093038602598546,0.8388737089331819,0.161126291066818,0.3866623824856216,180.2309416909116,-8.625421650544553
0.10601718750000001,10.601718750000002,0.010026278762233217,10.026278762233217,6.619465725806452,0.8544985707137394,0.46077068131433396,0.8388737089331819,0.161126291066818,0.3865284104018245,179.85495396850334,-8.6241442481447
0.106346875,10.6346875,0.0100997100443121,10.0997100443121,6.621592741935484,0.8539496895904589,0.4606110364949247,0.8388737089331819,0.161126291066818,0.38639448856005465,179.47830336959333,-8.622867896940944
0.1066765625,10.66765625,0.01017323786497807,10.17323786497807,6.623719758064516,0.8534013347321173,0.4604514507542675,0.8388737089331819,0.161126291066818,0.3862606162778967,179.10099460238007,-8.621592581681899
0.10700625,10.700625,0.010246829479388453,10.246829479388452,6.625846774193549,0.8528535072941476,0.4602919242892193,0.8388737089331819,0.161126291066818,0.3861267937204887,178.72302118456776,-8.62031830485902
0.1073359375,10.73359375,0.010320452470700119,10.320452470700118,6.6279737903225815,0.8523062101009121,0.4601324574857738,0.8388737089331819,0.161126291066818,0.3859930212116307,178.34437435904618,-8.619045072254648
0.10766562500000001,10.766562500000001,0.0103940749522486,10.3940749522486,6.630100806451614,0.8517594336535915,0.45997304934152716,0.8388737089331819,0.161126291066818,0.38585929791043244,177.96506110503014,-8.617772865376807
0.1079953125,10.799531250000001,0.010467665767949873,10.467665767949873,6.632227822580645,0.8512131914082834,0.45981370144128625,0.8388737089331819,0.161126291066818,0.3857256251463465,177.58505885671997,-8.616501710952985
0.108325,10.832500000000001,0.010541194689603657,10.541194689603657,6.634354838709678,0.8506674666141764,0.45965441196254847,0.8388737089331819,0.161126291066818,0.3855920013905238,177.20438401257127,-8.61523157619615
0.1086546875,10.86546875,0.010614632609777321,10.61463260977732,6.63648185483871,0.8501222732597127,0.45949518255279326,0.8388737089331819,0.161126291066818,0.38545842802499114,176.82301300165724,-8.613962488890763
0.10898437500000001,10.8984375,0.010687951728959469,10.687951728959469,6.638608870967743,0.8495775993729452,0.45933601192607026,0.8388737089331819,0.161126291066818,0.38532490397099883,176.44095613328773,-8.612694425656844
0.1093140625,10.931406250000002,0.01076112573569262,10.76112573569262,6.640735887096774,0.8490334502779396,0.45917690075184137,0.8388737089331819,0.161126291066818,0.3851914297901407,176.05820096742048,-8.611427397205574
0.10964375,10.964375,0.010834129978425564,10.834129978425564,6.642862903225807,0.8484898246030148,0.45901784894257003,0.8388737089331819,0.161126291066818,0.3850580054089847,175.67474378959557,-8.610161401050295
0.10997343750000001,10.99734375,0.010906941627866743,10.906941627866743,6.644989919354838,0.8479467171028938,0.458858855969536,0.8388737089331819,0.161126291066818,0.3849246303840013,175.29058617336568,-8.608896427058689
0.110303125,11.0303125,0.01097953982867209,10.979539828672088,6.647116935483871,0.8474041369529477,0.45869992294293177,0.8388737089331819,0.161126291066818,0.3847913056465019,174.90571001257766,-8.607632493549655
0.1106328125,11.063281250000001,0.011051905839362153,11.051905839362153,6.649243951612904,0.8468620696361292,0.4585410482783312,0.8388737089331819,0.161126291066818,0.38465802986735287,174.5201295395603,-8.60636957209142
0.1109625,11.096250000000001,0.011124023159435012,11.124023159435012,6.6513709677419355,0.8463205310883986,0.4583822338576021,0.8388737089331819,0.161126291066818,0.3845248046252038,174.133817045185,-8.605107694351632
0.1112921875,11.12921875,0.011195877642722186,11.195877642722186,6.653497983870967,0.8457795053010103,0.4582234779233248,0.8388737089331819,0.161126291066818,0.3843916284458015,173.74678896106428,-8.603846828944043
0.11162187500000001,11.162187500000002,0.011267457596124329,11.267457596124329,6.655625,0.8452390016920479,0.4580647816165909,0.8388737089331819,0.161126291066818,0.38425850228637765,173.3590263186016,-8.602586994676411
0.11195156249999999,11.19515625,0.011338753862961145,11.338753862961145,6.657752016129033,0.8446990147686176,0.45790614437730437,0.8388737089331819,0.161126291066818,0.3841254256770824,172.97053092976776,-8.60132818091658
0.11228125,11.228125,0.011409759890274753,11.409759890274753,6.659879032258065,0.8441595434635374,0.45774756614947415,0.8388737089331819,0.161126291066818,0.38399239857094636,172.58129842769242,-8.600070385767578
0.11261093750000001,11.26109375,0.011480471779536906,11.480471779536906,6.662006048387097,0.8436205927471115,0.4575890475696281,0.8388737089331819,0.161126291066818,0.38385942150193614,172.1913156097212,-8.59881361926436
0.112940625,11.2940625,0.011550888320327284,11.550888320327283,6.664133064516129,0.8430821511194052,0.45743058738539544,0.8388737089331819,0.161126291066818,0.3837264934194706,171.80059310549046,-8.59755785889204
0.11327031250000003,11.327031250000003,0.011621011006670737,11.621011006670738,6.666260080645162,0.8425442339615152,0.4572721874292223,0.8388737089331819,0.161126291066818,0.38359361586074087,171.4091022898832,-8.596303135266016
0.11359999999999999,11.36,0.011690844035845952,11.690844035845952,6.668387096774193,0.84200682376744,0.45711384575652264,0.8388737089331819,0.161126291066818,0.38346078719448456,171.01686268416665,-8.595049413990639
0.1139296875,11.392968750000001,0.011760394289603933,11.760394289603934,6.670514112903228,0.8414699331536506,0.4569555638845832,0.8388737089331819,0.161126291066818,0.38332800869351386,170.6238493570707,-8.593796720223397
0.11425937500000001,11.425937500000002,0.011829671297862299,11.8296712978623,6.672641129032258,0.8409335525796214,0.456797340781752,0.8388737089331819,0.161126291066818,0.3831952794924029,170.2300701871973,-8.592545035308396
0.11458906250000005,11.458906250000005,0.011898687185068185,11.898687185068184,6.674768145161291,0.8403976850820758,0.4566391768637796,0.8388737089331819,0.161126291066818,0.383062599939914,169.8355142678267,-8.591294365461476
0.11491875,11.491875,0.011967456599548251,11.967456599548251,6.6768951612903225,0.8398623315006497,0.45648107229451135,0.8388737089331819,0.161126291066818,0.38292997017349273,169.44017379619328,-8.590044712556502
0.1152484375,11.52484375,0.012035996626287241,12.035996626287242,6.6790221774193546,0.8393274845220188,0.45632302629445365,0.8388737089331819,0.161126291066818,0.3827973895392422,169.04405351915128,-8.588796062328298
0.115578125,11.5578125,0.012104326683695906,12.104326683695906,6.6811491935483875,0.8387931553141255,0.4561650402222292,0.8388737089331819,0.161126291066818,0.3826648591768754,168.6471295133974,-8.587548437094595
0.11590781250000001,11.590781250000001,0.012172468405043815,12.172468405043814,6.68327620967742,0.8382593285685431,0.45600711237099534,0.8388737089331819,0.161126291066818,0.3825323776545671,168.24941898271487,-8.586301806756293
0.1162375,11.623750000000001,0.012240445505341311,12.240445505341311,6.685403225806452,0.8377260188202257,0.45584924449191033,0.8388737089331819,0.161126291066818,0.3823999464413176,167.8508923351983,-8.58505620030525
0.11656718750000002,11.656718750000003,0.012308283634557167,12.308283634557167,6.687530241935485,0.8371932125533644,0.4556914350827996,0.8388737089331819,0.161126291066818,0.3822675642769924,167.45156412109787,-8.58381159118185
0.116896875,11.6896875,0.012376010218153434,12.376010218153434,6.689657258064516,0.8366609168356384,0.45553368503013786,0.8388737089331819,0.161126291066818,0.3821352319052317,167.05141621975753,-8.582567993593921
0.1172265625,11.72265625,0.01244365428600549,12.44365428600549,6.691784274193549,0.8361291284491746,0.45537599402610107,0.8388737089331819,0.161126291066818,0.3820029490678099,166.65044678513294,-8.581325401375418
0.11755625000000003,11.755625000000002,0.012511246290853114,12.511246290853114,6.693911290322581,0.8355978441935017,0.4552183617630749,0.8388737089331819,0.161126291066818,0.38187071550667756,166.24865405328813,-8.580083808388887
0.1178859375,11.78859375,0.012578817917497265,12.578817917497265,6.696038306451613,0.8350670710973738,0.4550607891268524,0.8388737089331819,0.161126291066818,0.3817385319649032,165.84601930791888,-8.578843228776714
0.118215625,11.8215625,0.012646401884015909,12.646401884015908,6.698165322580645,0.8345367960119032,0.45490327464786395,0.8388737089331819,0.161126291066818,0.3816063972097035,165.44255716484557,-8.577603636673773
0.1185453125,11.85453125,0.012714031736321378,12.714031736321378,6.700292338709677,0.8340070353557161,0.45474582031058836,0.8388737089331819,0.161126291066818,0.3814743129058055,165.03823289716289,-8.57636506484816
0.11887500000000001,11.887500000000001,0.01278174163742071,12.781741637420708,6.70241935483871,0.8334777717088672,0.4545884241433935,0.8388737089331819,0.161126291066818,0.38134227739925897,164.63306840655468,-8.575127478954961
0.1192046875,11.920468750000001,0.012849566152769104,12.849566152769103,6.7045463709677415,0.83294901609825,0.45443108750242867,0.8388737089331819,0.161126291066818,0.38121029182770166,164.22703759776192,-8.573890901074794
0.119534375,11.9534375,0.012917540033125285,12.917540033125285,6.7066733870967745,0.8324207613204314,0.4542738096092454,0.8388737089331819,0.161126291066818,0.3810783555381138,163.82014520811822,-8.572655317121203
0.11986406250000001,11.986406250000002,0.012985697996326448,12.985697996326447,6.708800403225807,0.8318930082152555,0.4541165906270791,0.8388737089331819,0.161126291066818,0.3809464686674293,163.41238225277255,-8.571420728964208
0.12019375,12.019375,0.013054074509399393,13.054074509399392,6.710927419354839,0.8313657597450275,0.45395943096991787,0.8388737089331819,0.161126291066818,0.38081463156293177,163.00373579197702,-8.570187142691415
0.1205234375,12.05234375,0.013122703572413925,13.122703572413924,6.713054435483871,0.8308390066131818,0.4538023296088339,0.8388737089331819,0.161126291066818,0.38068284336148084,162.5942144626816,-8.568954540046457
0.12085312500000002,12.085312500000002,0.013191618505465484,13.191618505465485,6.715181451612904,0.8303127618972256,0.45364528814949784,0.8388737089331819,0.161126291066818,0.3805511054100313,162.18378711676843,-8.567722947206963
0.1211828125,12.11828125,0.013260851740145692,13.260851740145691,6.717308467741935,0.8297870095335983,0.45348830476347785,0.8388737089331819,0.161126291066818,0.3804194161747598,161.77247452311244,-8.566492332468853
0.12151250000000001,12.151250000000001,0.013330434616823499,13.3304346168235,6.719435483870969,0.8292617627076735,0.45333138107166315,0.8388737089331819,0.161126291066818,0.3802877770153877,161.36024483386672,-8.565262722231576
0.12184218750000003,12.184218750000003,0.013400397189015756,13.400397189015756,6.7215625,0.8287370103012106,0.4531745158260567,0.8388737089331819,0.161126291066818,0.38015618688500313,160.94711007741043,-8.564034094606088
0.122171875,12.217187500000001,0.013470768036075411,13.47076803607541,6.723689516129032,0.8282127571230359,0.45301770965968385,0.8388737089331819,0.161126291066818,0.3800246463146344,160.53305324198564,-8.562806459351275
0.12250156250000001,12.250156250000002,0.013541574085368015,13.541574085368016,6.725816532258065,0.827689002140542,0.45286096251578245,0.8388737089331819,0.161126291066818,0.37989315525666506,160.1180678087647,-8.561579814618918
0.12283125,12.283125,0.013612840445043918,13.612840445043917,6.727943548387096,0.827165740105933,0.4527042738364245,0.8388737089331819,0.161126291066818,0.37976171324306424,159.70215523973687,-8.560354150174325
0.12316093750000001,12.31609375,0.01368459024844486,13.68459024844486,6.730070564516129,0.8266429800222261,0.45254764475531545,0.8388737089331819,0.161126291066818,0.3796303212248675,159.28528989195473,-8.559129484126764
0.12349062499999999,12.3490625,0.013756844511110094,13.756844511110094,6.732197580645162,0.8261207079507553,0.4523910736809244,0.8388737089331819,0.161126291066818,0.37949897786698145,158.86748973229592,-8.557905788949517
0.1238203125,12.38203125,0.013829622001268803,13.829622001268802,6.734324596774194,0.8255989389327624,0.45223456246691307,0.8388737089331819,0.161126291066818,0.37936768472439414,158.44871702616217,-8.556683094771177
0.12415000000000001,12.415000000000001,0.013902939124624212,13.902939124624211,6.736451612903226,0.825077658004777,0.45207810939684007,0.8388737089331819,0.161126291066818,0.3792364403572279,158.0289918950761,-8.55546137201632
0.1244796875,12.447968750000001,0.013976809824149011,13.976809824149012,6.738578629032258,0.8245568738744545,0.45192171557243105,0.8388737089331819,0.161126291066818,0.3791052456896918,157.60828838189076,-8.554240638215745
0.12480937500000001,12.480937500000003,0.014051245495523633,14.051245495523633,6.740705645161291,0.8240365815846303,0.45176538046725906,0.8388737089331819,0.161126291066818,0.37897410028017964,157.18660712040378,-8.553020883702644
0.12513906249999998,12.513906249999998,0.014126254918758083,14.126254918758082,6.742832661290322,0.8235167798653519,0.4516091039933252,0.8388737089331819,0.161126291066818,0.3788430040548718,156.76394154541083,-8.551802106146033
0.12546875,12.546875,0.01420184420644501,14.20184420644501,6.744959677419355,0.822997473716273,0.45145288681343676,0.8388737089331819,0.161126291066818,0.3787119575697796,156.34027217478393,-8.550584315705123
0.1257984375,12.579843750000002,0.014278016768996577,14.278016768996578,6.747086693548387,0.8224786519391907,0.4512967276506536,0.8388737089331819,0.161126291066818,0.3785809597537118,155.91561246058347,-8.549367490269537
0.12612812499999998,12.612812499999999,0.014354773297121972,14.354773297121971,6.749213709677419,0.8219603294413182,0.45114062835623114,0.8388737089331819,0.161126291066818,0.37845001215963786,155.4899221519022,-8.548151659742237
0.12645781250000002,12.64578125,0.014432111761704338,14.432111761704338,6.751340725806453,0.8214424894387962,0.4509845869810119,0.8388737089331819,0.161126291066818,0.3783191131524607,155.06322633763452,-8.546936790874524
0.1267875,12.67875,0.014510027431137933,14.510027431137932,6.753467741935484,0.8209251438169768,0.45082860501610494,0.8388737089331819,0.161126291066818,0.3781882639830325,154.63549041021332,-8.545722907554277
0.1271171875,12.711718750000001,0.014588512906087429,14.588512906087429,6.755594758064516,0.8204082837633323,0.4506726814665331,0.8388737089331819,0.161126291066818,0.37805746381669303,154.2067229902553,-8.544509992411763
0.12744687500000002,12.744687500000001,0.014667558171532194,14.667558171532193,6.757721774193549,0.8198919119159969,0.4505168167131269,0.8388737089331819,0.161126291066818,0.37792671297291125,153.77690850750983,-8.54329805090328
0.1277765625,12.77765625,0.01474715066585934,14.74715066585934,6.759848790322581,0.819376029341214,0.4503610109488902,0.8388737089331819,0.161126291066818,0.37779601161359283,153.34603438974054,-8.542087085354703
0.12810625000000003,12.810625000000002,0.014827275366670773,14.827275366670772,6.761975806451613,0.8188606288266068,0.4502052633669737,0.8388737089331819,0.161126291066818,0.37766535906189325,152.91410613228726,-8.54087708157293
0.12843593749999999,12.84359375,0.0149079148928716,14.9079148928716,6.764102822580646,0.8183457212684434,0.45004957534756324,0.8388737089331819,0.161126291066818,0.37753475647561385,152.48108925600127,-8.539668061497915
0.128765625,12.8765625,0.014989049622510535,14.989049622510535,6.766229838709678,0.8178312919737581,0.44989394517801184,0.8388737089331819,0.161126291066818,0.3774042024180604,152.04700580458868,-8.538459996002599
0.1290953125,12.90953125,0.015070657825747291,15.070657825747292,6.768356854838711,0.8173173546564153,0.44973837458164256,0.8388737089331819,0.161126291066818,0.3772736983348831,151.6118143299022,-8.53725291265755
0.12942499999999998,12.942499999999999,0.01515271581222906,15.15271581222906,6.770483870967743,0.8168038967165783,0.44958286209607184,0.8388737089331819,0.161126291066818,0.377143242999327,151.1755323944839,-8.536046786504173
0.1297546875,12.97546875,0.015235198092066464,15.235198092066463,6.772610887096774,0.8162909246318579,0.44942740856983066,0.8388737089331819,0.161126291066818,0.3770128371232024,150.73813429572164,-8.534841630671243
0.130084375,13.0084375,0.015318077549511476,15.318077549511475,6.774737903225806,0.8157784356038931,0.4492720137272444,0.8388737089331819,0.161126291066818,0.3768824804752529,150.29961523076213,-8.533637439766435
0.13041406249999998,13.041406249999998,0.015401325628354605,15.401325628354604,6.776864919354838,0.8152664263367758,0.4491166772304443,0.8388737089331819,0.161126291066818,0.37675217277204953,149.85997169966657,-8.532434207398053
0.13074375000000002,13.074375000000002,0.015484912527977592,15.484912527977592,6.778991935483871,0.8147549037853793,0.4489613999896523,0.8388737089331819,0.161126291066818,0.37662191477715345,149.419175750592,-8.531231947659208
0.1310734375,13.107343750000002,0.015568807408920983,15.568807408920982,6.781118951612903,0.8142438553118828,0.44880618052820437,0.8388737089331819,0.161126291066818,0.37649170525183007,148.97724593759452,-8.530030635485058
0.13140312499999998,13.1403125,0.015652978606754485,15.652978606754484,6.7832459677419354,0.8137332964259046,0.4486510208010343,0.8388737089331819,0.161126291066818,0.3763615458360218,148.53413312246497,-8.528830302073656
0.1317328125,13.17328125,0.015737393852971793,15.737393852971792,6.785372983870968,0.8132232108072308,0.4484959188795239,0.8388737089331819,0.161126291066818,0.3762314349118617,148.08986490825268,-8.527630914990015
0.1320625,13.20625,0.015822020501571766,15.822020501571766,6.7875000000000005,0.8127136087054686,0.44834087607874773,0.8388737089331819,0.161126291066818,0.3761013735825312,147.6444041536947,-8.52643249492218
0.13239218749999998,13.23921875,0.015906825759935052,15.906825759935051,6.789627016129032,0.8122044835253276,0.448185891655505,0.8388737089331819,0.161126291066818,0.3759713612245787,147.19775481608426,-8.525235028873146
0.132721875,13.2721875,0.015991776922559722,15.99177692255972,6.791754032258066,0.8116958358191477,0.44803096573976936,0.8388737089331819,0.161126291066818,0.3758413979470357,146.74990319301804,-8.524038518138374
0.1330515625,13.30515625,0.016076841606182127,16.076841606182125,6.793881048387096,0.8111876686688211,0.44787609877293344,0.8388737089331819,0.161126291066818,0.37571148412017485,146.30082873305884,-8.5228429690787
0.13338125,13.338125,0.016161987984780746,16.161987984780744,6.79600806451613,0.8106799729770384,0.4477212897006975,0.8388737089331819,0.161126291066818,0.37558161885957175,145.85054202797423,-8.52164836367697
0.13371093750000002,13.37109375,0.016247185022941157,16.247185022941157,6.798135080645161,0.8101727614553506,0.4475665401482175,0.8388737089331819,0.161126291066818,0.3754518035285271,145.39899711605412,-8.520454727572014
0.134040625,13.404062500000002,0.016332402706050603,16.3324027060506,6.800262096774194,0.809666018690604,0.447411848282612,0.8388737089331819,0.161126291066818,0.3753220365894848,144.94622105537314,-8.519262030095645
0.1343703125,13.437031250000002,0.016417612265790783,16.417612265790783,6.802389112903226,0.8091597571174911,0.44725721569738935,0.8388737089331819,0.161126291066818,0.3751923193791971,144.49216769571365,-8.518070296339442
0.1347,13.469999999999999,0.016502786399408574,16.502786399408574,6.804516129032258,0.8086539664103615,0.44710264118300486,0.8388737089331819,0.161126291066818,0.37506265088300883,144.0368509023245,-8.516879505813678
0.1350296875,13.50296875,0.016587899481265576,16.587899481265577,6.80664314516129,0.8081486509026965,0.4469481253361068,0.8388737089331819,0.161126291066818,0.37493303160143254,143.58024535916468,-8.515689667388292
0.135359375,13.535937500000001,0.01667292776519943,16.67292776519943,6.808770161290323,0.8076438098707026,0.44679366813042176,0.8388737089331819,0.161126291066818,0.3748034615124281,143.12233892921822,-8.514500779804822
0.13568906249999999,13.568906249999998,0.016757849576273593,16.757849576273593,6.8108971774193545,0.8071394380732441,0.44663926897965484,0.8388737089331819,0.161126291066818,0.37467394012416816,142.66313202617746,-8.513312832746763
0.13601875,13.601875,0.016842645490545587,16.842645490545586,6.8130241935483875,0.8066355443413502,0.44648492903996095,0.8388737089331819,0.161126291066818,0.3745444684065206,142.20258551215056,-8.51212584410777
0.1363484375,13.63484375,0.016927298501548654,16.927298501548652,6.81515120967742,0.806132115284445,0.4463306467140154,0.8388737089331819,0.161126291066818,0.37441504501953177,141.74072257068727,-8.510939787228107
0.13667812499999998,13.6678125,0.017011794172256754,17.011794172256753,6.817278225806452,0.8056291651067667,0.44617642382635014,0.8388737089331819,0.161126291066818,0.3742856714937537,141.27748786012856,-8.509754690782012
0.1370078125,13.70078125,0.017096120771387557,17.096120771387557,6.819405241935484,0.8051266798177791,0.4460222587022845,0.8388737089331819,0.161126291066818,0.37415634642434054,140.8129064906466,-8.508570526897474
0.1373375,13.73375,0.017180269392992522,17.18026939299252,6.821532258064516,0.8046246674660994,0.445868152403948,0.8388737089331819,0.161126291066818,0.3740270707022851,140.3469398727157,-8.507387311907756
0.13766718749999998,13.766718749999999,0.01726423405838631,17.264234058386307,6.823659274193549,0.8041231235884441,0.4457141044385908,0.8388737089331819,0.161126291066818,0.3738978439142322,139.8795854678354,-8.50620503704656
0.137996875,13.7996875,0.017348011799578893,17.34801179957889,6.825786290322581,0.8036220467331261,0.44556011468674656,0.8388737089331819,0.161126291066818,0.373768665959965,139.41083198935587,-8.505023699585877
0.1383265625,13.83265625,0.017431602723492,17.431602723492,6.827913306451613,0.8031214419175663,0.44540618383674213,0.8388737089331819,0.161126291066818,0.37363953741690253,138.94064813914238,-8.50384330978662
0.13865624999999998,13.865624999999998,0.017515010056366256,17.515010056366258,6.830040322580645,0.8026212982362004,0.4452523105883725,0.8388737089331819,0.161126291066818,0.3735104571943371,138.4690510297708,-8.502663845937832
0.1389859375,13.898593749999998,0.017598240167895397,17.598240167895398,6.832167338709677,0.8021216301408193,0.44509849681018165,0.8388737089331819,0.161126291066818,0.37338142685974113,137.99597943756825,-8.501485337249472
0.13931562500000003,13.931562500000002,0.01768130257475756,17.68130257475756,6.83429435483871,0.8016224215308766,0.44494474054996636,0.8388737089331819,0.161126291066818,0.37325244477546266,137.5214666630216,-8.5003077515696
0.1396453125,13.964531250000002,0.017764209923351513,17.764209923351512,6.836421370967742,0.8011236836083713,0.44479104327198965,0.8388737089331819,0.161126291066818,0.37312351216983336,137.04546041793037,-8.499131111587413
0.139975,13.9975,0.0178469779516841,17.8469779516841,6.838548387096774,0.8006254082356488,0.44463740401824325,0.8388737089331819,0.161126291066818,0.3729946282392054,136.56796915320774,-8.497955401138642
0.1403046875,14.03046875,0.017929625430495737,17.929625430495737,6.8406754032258075,0.8001275976848302,0.44448382313488516,0.8388737089331819,0.161126291066818,0.3728657932739616,136.08896807189225,-8.496780624973189
0.140634375,14.063437500000001,0.018012174083849666,18.012174083849665,6.842802419354839,0.7996302532255535,0.44433030084361436,0.8388737089331819,0.161126291066818,0.37273700746007926,135.608434912388,-8.49560678583014
0.1409640625,14.09640625,0.018094648489549416,18.094648489549417,6.844929435483872,0.7991333677491906,0.4441768363112276,0.8388737089331819,0.161126291066818,0.37260827009860636,135.12637513150705,-8.494433869599904
0.14129375,14.129375,0.01817707595988382,18.17707595988382,6.847056451612904,0.7986369518868108,0.44402343093825875,0.8388737089331819,0.161126291066818,0.3724795823644137,134.6427344488365,-8.493261897847427
0.1416234375,14.16234375,0.018259486403330957,18.259486403330957,6.849183467741935,0.7981409915284791,0.44387008300761893,0.8388737089331819,0.161126291066818,0.37235094281708053,134.15754181420948,-8.492090842376298
0.14195312499999999,14.195312499999998,0.018341912167979646,18.341912167979647,6.851310483870968,0.7976454996199465,0.443716794213998,0.8388737089331819,0.161126291066818,0.3722223528782379,133.6707336919631,-8.49092072941413
0.14228281250000002,14.228281250000002,0.01842438786754869,18.42438786754869,6.853437500000001,0.797150464413247,0.44356356313537343,0.8388737089331819,0.161126291066818,0.3720938113549883,133.1823311668112,-8.489751535507166
0.1426125,14.261250000000002,0.01850695019099924,18.506950190999238,6.855564516129032,0.7966558918397384,0.443410390582298,0.8388737089331819,0.161126291066818,0.3719653189272832,132.69229376301385,-8.488583272774065
0.14294218749999998,14.294218749999999,0.018589637696844297,18.589637696844296,6.857691532258064,0.7961617794860298,0.44325727631106826,0.8388737089331819,0.161126291066818,0.37183687539068605,132.20060967441765,-8.487415936541513
0.143271875,14.3271875,0.018672490593359698,18.672490593359697,6.859818548387096,0.7956681239751641,0.44310421995427046,0.8388737089331819,0.161126291066818,0.37170848043698335,131.70727073081113,-8.486249520191198
0.1436015625,14.360156250000001,0.018755550505993125,18.755550505993124,6.861945564516129,0.7951749321829369,0.44295122244563756,0.8388737089331819,0.161126291066818,0.37158013484945884,131.21223076356466,-8.485084037753426
0.14393124999999998,14.393124999999998,0.018838860233352128,18.83886023335213,6.864072580645161,0.7946821919563961,0.4427982823026132,0.8388737089331819,0.161126291066818,0.37145183738443527,130.7155135192398,-8.483919464930853
0.1442609375,14.42609375,0.01892246349322653,18.92246349322653,6.866199596774194,0.7941899179541978,0.4426454014496638,0.8388737089331819,0.161126291066818,0.3713235896562967,130.21704240990178,-8.482755831437048
0.144590625,14.4590625,0.01900640466016664,19.00640466016664,6.868326612903226,0.7936980948810795,0.44249257800202246,0.8388737089331819,0.161126291066818,0.37119539008396185,129.7168531119003,-8.481593106635653
0.1449203125,14.49203125,0.019090728496195496,19.090728496195496,6.870453629032258,0.7932067322641109,0.44233981323337973,0.8388737089331819,0.161126291066818,0.3710672397358963,129.21488685086626,-8.480431309906493
0.14525,14.525,0.01917547987628092,19.17547987628092,6.872580645161291,0.7927158240705805,0.44218710643588327,0.8388737089331819,0.161126291066818,0.3709391380183011,128.71114397022026,-8.479270429271763
0.1455796875,14.55796875,0.019260703510231132,19.26070351023113,6.874707661290323,0.7922253705909894,0.4420344577066692,0.8388737089331819,0.161126291066818,0.3708110850126613,128.20560027861103,-8.478110465495822
0.14590937499999998,14.590937499999999,0.019346443662708056,19.346443662708054,6.876834677419355,0.7917353750102523,0.4418818675139048,0.8388737089331819,0.161126291066818,0.3706830811117102,127.6982191187189,-8.476951425183241
0.1462390625,14.62390625,0.0194327438730721,19.4327438730721,6.878961693548387,0.7912458284271114,0.4417293347790694,0.8388737089331819,0.161126291066818,0.3705551254107052,127.18901251150022,-8.475793290558947
0.14656875,14.656875,0.019519646676785213,19.51964667678521,6.88108870967742,0.7907567431993859,0.4415768611454503,0.8388737089331819,0.161126291066818,0.37042721928815653,126.67790503357239,-8.474636086733987
0.1468984375,14.689843750000001,0.019607193330102562,19.60719333010256,6.883215725806451,0.7902681045299056,0.44142444477712345,0.8388737089331819,0.161126291066818,0.3702993612039561,126.16493288795422,-8.473479784031582
0.147228125,14.722812499999998,0.019695423539779145,19.695423539779146,6.885342741935485,0.789779924151159,0.44127208723953826,0.8388737089331819,0.161126291066818,0.37017155247131805,125.65002127827456,-8.47232440630766
0.1475578125,14.755781249999998,0.01978437519950629,19.78437519950629,6.8874697580645154,0.7892921924737901,0.44111978736197177,0.8388737089331819,0.161126291066818,0.3700437921081538,125.13318473597015,-8.471169934386364
0.14788750000000003,14.788750000000002,0.01987408413477332,19.87408413477332,6.889596774193549,0.7888049133925837,0.4409675457048445,0.8388737089331819,0.161126291066818,0.3699160805845852,124.61438011284284,-8.470016376307623
0.14821718749999999,14.82171875,0.019964583857824188,19.964583857824188,6.8917237903225805,0.7883180864649266,0.4408153622720203,0.8388737089331819,0.161126291066818,0.3697884179038539,124.09358195182165,-8.46886373135767
0.148546875,14.8546875,0.02005590533434512,20.05590533434512,6.893850806451613,0.7878317064644564,0.4406632364497034,0.8388737089331819,0.161126291066818,0.3696608035510624,123.57078607418477,-8.467711989156891
0.1488765625,14.887656250000001,0.02014807676347969,20.14807676347969,6.895977822580645,0.7873457820510347,0.44051116941543245,0.8388737089331819,0.161126291066818,0.36953323851401704,123.04592501369147,-8.466561167378384
0.14920624999999998,14.920625,0.02024112337272159,20.24112337272159,6.898104838709677,0.7868603003538392,0.44035915956734106,0.8388737089331819,0.161126291066818,0.3694057214489543,122.51902884708247,-8.46541124019334
0.1495359375,14.95359375,0.02033506722918196,20.33506722918196,6.90023185483871,0.78637527479354,0.440207208700032,0.8388737089331819,0.161126291066818,0.3692782538613191,121.99000598490774,-8.46426223490095
0.149865625,14.9865625,0.02042992706866897,20.42992706866897,6.902358870967741,0.7858906922857963,0.4400553151812152,0.8388737089331819,0.161126291066818,0.36915083438182633,121.45888762035148,-8.46311412523233
0.15019531249999998,15.019531249999998,0.02052571814395177,20.525718143951767,6.904485887096774,0.7854065602675255,0.43990348003330565,0.8388737089331819,0.161126291066818,0.36902346386815305,120.92560800977643,-8.461966926397292
0.15052500000000002,15.052500000000002,0.02062245209350793,20.62245209350793,6.906612903225807,0.7849228747309153,0.4397517027971502,0.8388737089331819,0.161126291066818,0.36889614193512765,120.39015495163814,-8.460820630469696
0.1508546875,15.085468750000002,0.020720136831975,20.720136831974997,6.908739919354838,0.78443963406168,0.439599983322404,0.8388737089331819,0.161126291066818,0.36876886845663004,119.85250476994298,-8.459675234358775
0.15118437499999998,15.118437499999999,0.02081877646344047,20.81877646344047,6.910866935483871,0.7839568432847195,0.4394483223221285,0.8388737089331819,0.161126291066818,0.36864164403082833,119.31259953730114,-8.458530748406556
0.1515140625,15.15140625,0.020918371218612154,20.918371218612155,6.912993951612903,0.7834744917782481,0.43929671847414353,0.8388737089331819,0.161126291066818,0.36851446754858064,118.77045989744137,-8.457387151296132
0.15184375,15.184375000000001,0.02101891741681011,21.01891741681011,6.915120967741935,0.7829925935562618,0.43914517366279837,0.8388737089331819,0.161126291066818,0.36838734059061795,118.22597970997948,-8.456244471563384
0.15217343749999998,15.217343749999998,0.021120407453614872,21.12040745361487,6.917247983870968,0.782511133165256,0.43899368593429217,0.8388737089331819,0.161126291066818,0.3682602615179481,117.67920436025491,-8.455102678105693
0.152503125,15.2503125,0.021222829814891122,21.22282981489112,6.919375,0.782030121168077,0.4388422567254764,0.8388737089331819,0.161126291066818,0.36813323153590793,117.130042778156,-8.453961792479928
0.1528328125,15.28328125,0.02132616911778366,21.32616911778366,6.921502016129033,0.7815495500530423,0.438690885115493,0.8388737089331819,0.161126291066818,0.36800624987201397,116.5784985419195,-8.452821799652112
0.1531625,15.31625,0.0214304061791524,21.4304061791524,6.923629032258065,0.7810694217561309,0.4385395714161487,0.8388737089331819,0.161126291066818,0.3678793167878327,116.02452431065949,-8.451682703715155
0.15349218750000002,15.34921875,0.021535518111774857,21.535518111774856,6.925756048387097,0.7805897377292671,0.4383883158773234,0.8388737089331819,0.161126291066818,0.36775243249298156,115.46807364236125,-8.45054450778546
0.153821875,15.3821875,0.02164147844849933,21.64147844849933,6.927883064516129,0.7801104909697715,0.4382371176404725,0.8388737089331819,0.161126291066818,0.36762559626725033,114.90914736039713,-8.449407197847185
0.1541515625,15.415156250000003,0.021748257294378563,21.74825729437856,6.930010080645162,0.7796316918499994,0.4380859781252754,0.8388737089331819,0.161126291066818,0.3674988093015706,114.34764609528817,-8.448270795093487
0.15448125,15.448125,0.02185582150665386,21.855821506653857,6.932137096774193,0.7791533268127165,0.43793489561149845,0.8388737089331819,0.161126291066818,0.3673720701528836,113.78360772084035,-8.447135272219418
0.1548109375,15.48109375,0.021964134902292702,21.964134902292702,6.934264112903227,0.7786754080846161,0.43778387176451455,0.8388737089331819,0.161126291066818,0.36724538021822684,113.21691852136502,-8.446000654183013
0.155140625,15.514062500000001,0.022073158492610063,22.073158492610062,6.936391129032258,0.778197924710486,0.437632905203097,0.8388737089331819,0.161126291066818,0.36711873833892555,112.64760098699365,-8.444866918945573
0.15547031249999999,15.547031249999998,0.022182850744325695,22.182850744325695,6.93851814516129,0.7777208821157537,0.43748199669988114,0.8388737089331819,0.161126291066818,0.36699214516312334,112.07557876957492,-8.443734077679897
0.1558,15.579999999999998,0.022293167866227648,22.29316786622765,6.940645161290322,0.7772442782403562,0.43733114604288464,0.8388737089331819,0.161126291066818,0.3668656005129937,111.50081933063707,-8.442602126380834
0.1561296875,15.61296875,0.022404064120426195,22.404064120426195,6.9427721774193545,0.7767681096392586,0.4371803528358916,0.8388737089331819,0.161126291066818,0.3667391040561615,110.92329887139591,-8.441471058228911
0.15645937499999998,15.6459375,0.02251549215699603,22.51549215699603,6.944899193548387,0.776292383104809,0.4370296180352157,0.8388737089331819,0.161126291066818,0.3666126565948532,110.3429263901607,-8.440340887179515
0.1567890625,15.67890625,0.02262740337061623,22.62740337061623,6.94702620967742,0.775817086944387,0.4368789401535592,0.8388737089331819,0.161126291066818,0.36648625688141384,109.75973002497054,-8.43921158967173
0.15711875,15.711875000000001,0.02273974827763145,22.73974827763145,6.949153225806452,0.7753422350194631,0.4367283210841231,0.8388737089331819,0.161126291066818,0.36635990650399985,109.17356822616938,-8.4380831940148
0.15744843749999998,15.74484375,0.02285247691177448,22.852476911774477,6.951280241935484,0.774867812990665,0.43657775898667106,0.8388737089331819,0.161126291066818,0.36623360391888554,108.58448632660061,-8.436955671266992
0.157778125,15.7778125,0.02296553923661138,22.96553923661138,6.953407258064516,0.7743938297130275,0.4364272550933199,0.8388737089331819,0.161126291066818,0.36610735015966117,107.99237201069944,-8.435829039578666
0.1581078125,15.81078125,0.02307888557259875,23.07888557259875,6.955534274193549,0.7739202796745143,0.4362768087315698,0.8388737089331819,0.161126291066818,0.36598114466218434,107.39720967885798,-8.434703287925759
0.15843749999999998,15.843749999999998,0.02319246703647939,23.19246703647939,6.957661290322581,0.7734471629272528,0.4361264199662011,0.8388737089331819,0.161126291066818,0.3658549874807977,106.79894458814337,-8.433578416581863
0.1587671875,15.876718749999998,0.023306235990589983,23.306235990589983,6.959788306451612,0.7729744827442353,0.4359760892914907,0.8388737089331819,0.161126291066818,0.3657288790301369,106.19749609866889,-8.432454432368173
0.15909687500000003,15.909687500000002,0.023420146499514304,23.420146499514303,6.961915322580645,0.7725022304168825,0.43582581560584477,0.8388737089331819,0.161126291066818,0.3656028183861039,105.59287089220308,-8.431331317753811
0.1594265625,15.942656250000002,0.02353415479139005,23.534154791390048,6.964042338709677,0.7720304179610985,0.4356756005693528,0.8388737089331819,0.161126291066818,0.36547680694130447,104.98491883281604,-8.430209097333059
0.15975625,15.975625,0.023648219721067665,23.648219721067665,6.96616935483871,0.7715590311635104,0.43552544234438595,0.8388737089331819,0.161126291066818,0.3653508431541997,104.37368698275634,-8.429087742378423
0.1600859375,16.00859375,0.023762303232227826,23.762303232227826,6.968296370967742,0.7710880810992965,0.4353753424677605,0.8388737089331819,0.161126291066818,0.3652249283139845,103.75902652326985,-8.427967275577842
0.160415625,16.0415625,0.023876370815491304,23.876370815491303,6.9704233870967744,0.7706175588635004,0.43522529980782637,0.8388737089331819,0.161126291066818,0.36509906147134735,103.14094264688856,-8.426847678989592
0.1607453125,16.07453125,0.023990391959502373,23.99039195950237,6.9725504032258065,0.7701474679458971,0.43507531488900536,0.8388737089331819,0.161126291066818,0.3649732430662119,102.51934117814342,-8.425728959878478
0.161075,16.107499999999998,0.024104340591934965,24.104340591934964,6.974677419354839,0.7696778081598067,0.4349253877448895,0.8388737089331819,0.161126291066818,0.36484747312675775,101.8941543464768,-8.424611118033646
0.1614046875,16.14046875,0.024218195507359853,24.21819550735985,6.976804435483871,0.7692085743007963,0.4347755177350673,0.8388737089331819,0.161126291066818,0.3647217511157603,101.26535592251403,-8.42349414302943
0.161734375,16.173437500000002,0.02433194077892256,24.33194077892256,6.978931451612904,0.7687397748587684,0.43462570605739853,0.8388737089331819,0.161126291066818,0.36459607803807287,100.63279972894708,-8.422378052314327
0.16206406250000002,16.20640625,0.0244455661508126,24.4455661508126,6.981058467741936,0.7682713974561246,0.43447595110666926,0.8388737089331819,0.161126291066818,0.3644704525471234,99.99651917972889,-8.42126282085627
0.16239375,16.239375000000003,0.02455906740855709,24.55906740855709,6.983185483870968,0.7678034547794823,0.43432625464686786,0.8388737089331819,0.161126291066818,0.3643448761226757,99.35632369180695,-8.42014847465378
0.16272343749999998,16.27234375,0.024672446724242708,24.672446724242707,6.985312499999999,0.7673359345890733,0.4341766150885843,0.8388737089331819,0.161126291066818,0.3642193474314152,98.71224420168281,-8.419034988947367
0.163053125,16.3053125,0.02478571297385864,24.78571297385864,6.987439516129032,0.7668688437537557,0.43402703341450366,0.8388737089331819,0.161126291066818,0.3640938672976908,98.06413543933247,-8.417922377892504
0.1633828125,16.33828125,0.02489888202405684,24.89888202405684,6.989566532258065,0.7664021786859088,0.4338775091989081,0.8388737089331819,0.161126291066818,0.3639684353643788,97.4119456759913,-8.416810634347092
0.16371249999999998,16.37125,0.02501197698574397,25.01197698574397,6.991693548387096,0.7659359376260613,0.4337280422612057,0.8388737089331819,0.161126291066818,0.3638430514799856,96.75560519047109,-8.415699754889278
0.1640421875,16.40421875,0.025125028432046764,25.12502843204676,6.993820564516129,0.7654701255974651,0.43357863333838664,0.8388737089331819,0.161126291066818,0.3637177162627526,96.09497281554873,-8.414589749923426
0.164371875,16.4371875,0.02523807457832796,25.23807457832796,6.995947580645161,0.7650047322534896,0.43342928108756895,0.8388737089331819,0.161126291066818,0.3635924285861716,95.43006048610061,-8.41348059852112
0.1647015625,16.47015625,0.025351161422070567,25.351161422070565,6.9980745967741935,0.7645397711871714,0.43327998740746193,0.8388737089331819,0.161126291066818,0.36346719004301997,94.76063011967418,-8.41237232856254
0.16503125,16.503125,0.025464342840588287,25.464342840588287,7.0002016129032265,0.7640752275581315,0.43313075034403975,0.8388737089331819,0.161126291066818,0.3633419989941167,94.08673776745998,-8.411264909949496
0.1653609375,16.536093750000003,0.025577680644659123,25.57768064465912,7.002328629032258,0.7636111113310063,0.4329815713062731,0.8388737089331819,0.161126291066818,0.36321685662141023,93.40817295892737,-8.410158363168769
0.165690625,16.5690625,0.025691244586311904,25.691244586311903,7.004455645161291,0.7631474155750315,0.43283244941053195,0.8388737089331819,0.161126291066818,0.3630917621836467,92.72490403469948,-8.409052674246494
0.1660203125,16.60203125,0.025805112319119,25.805112319119,7.006582661290324,0.7626841419174523,0.43268338493465786,0.8388737089331819,0.161126291066818,0.36296671591390006,92.03680258353754,-8.407947846664532
0.16635,16.635,0.02591936930946016,25.91936930946016,7.008709677419355,0.7622212919732795,0.4325343781561547,0.8388737089331819,0.161126291066818,0.36284171804496085,91.34373354347619,-8.406843883883473
0.1666796875,16.66796875,0.02603410869731826,26.03410869731826,7.010836693548388,0.7617588588474506,0.4323854281921544,0.8388737089331819,0.161126291066818,0.3627167678362146,90.64566046077353,-8.405740771990285
0.167009375,16.7009375,0.026149431105246573,26.14943110524657,7.012963709677419,0.7612968526600742,0.4322365364802957,0.8388737089331819,0.161126291066818,0.3625918664936582,89.9423352592736,-8.40463853180995
0.1673390625,16.73390625,0.02626544439420616,26.26544439420616,7.015090725806452,0.7608352603782256,0.4320877012984327,0.8388737089331819,0.161126291066818,0.36246701257262914,89.23379154714081,-8.403537136891913
0.16766875000000003,16.766875000000002,0.026382263365008922,26.38226336500892,7.017217741935484,0.7603740935550047,0.4319389242820448,0.8388737089331819,0.161126291066818,0.36234220744508777,88.5197483211378,-8.402436610993403
0.1679984375,16.79984375,0.026500009404118445,26.500009404118444,7.019344758064516,0.7599133419733851,0.4317902040910103,0.8388737089331819,0.161126291066818,0.36221744998684147,87.80019909017253,-8.401336933406874
0.168328125,16.8328125,0.02661881007255377,26.61881007255377,7.021471774193548,0.7594530105900062,0.4316415414601959,0.8388737089331819,0.161126291066818,0.36209274081435033,87.07493414482786,-8.400238114419208
0.1686578125,16.86578125,0.026738798636613836,26.738798636613836,7.0235987903225805,0.7589930976691208,0.4314929362090241,0.8388737089331819,0.161126291066818,0.361968079776133,86.3438254162692,-8.399140150646193
0.16898749999999998,16.89875,0.02686011353909332,26.86011353909332,7.025725806451613,0.7585335997093137,0.4313443879132478,0.8388737089331819,0.161126291066818,0.36184346651629934,85.60676734016452,-8.398043035090577
0.1693171875,16.931718749999998,0.02698289780959648,26.98289780959648,7.027852822580646,0.7580745234158465,0.4311958975508251,0.8388737089331819,0.161126291066818,0.36171890185523303,84.86349753748381,-8.39694678162204
0.169646875,16.9646875,0.027107298412478085,27.107298412478084,7.029979838709677,0.7576158575334286,0.4310474636308153,0.8388737089331819,0.161126291066818,0.3615943845422228,84.11401488350694,-8.395851367386594
0.16997656249999998,16.99765625,0.02723346553085523,27.23346553085523,7.03210685483871,0.7571576151762095,0.43089908801447185,0.8388737089331819,0.161126291066818,0.36146991613862567,83.35793924654936,-8.39475681936437
0.17030625000000002,17.030625,0.027361551785045075,27.361551785045076,7.034233870967743,0.7566997828968747,0.43075076890662334,0.8388737089331819,0.161126291066818,0.361345495138519,82.5952956439035,-8.393663110210959
0.1706359375,17.063593750000003,0.027491711383699418,27.491711383699418,7.036360887096774,0.7562423689250467,0.4306025074977315,0.8388737089331819,0.161126291066818,0.36122112254055033,81.82575795447012,-8.392570256920827
0.17096562499999998,17.0965625,0.02762409920583566,27.62409920583566,7.038487903225807,0.7557853682307941,0.430454303150565,0.8388737089331819,0.161126291066818,0.36109679781016274,81.04920509405555,-8.39147824936267
0.1712953125,17.12953125,0.0277588698119134,27.7588698119134,7.040614919354839,0.7553287806493401,0.4303061558980816,0.8388737089331819,0.161126291066818,0.36097252097500365,80.26542928977868,-8.390387087356729
0.171625,17.1625,0.02789617638208746,27.89617638208746,7.042741935483871,0.754872609528269,0.43015806625997216,0.8388737089331819,0.161126291066818,0.36084829247102834,79.47414582437268,-8.389296777915904
0.17195468749999998,17.19546875,0.028036169579793917,28.036169579793917,7.044868951612903,0.7544168463481731,0.43001003311271097,0.8388737089331819,0.161126291066818,0.36072411135574023,78.67527897612914,-8.38820730375498
0.172284375,17.2284375,0.028178996338905388,28.17899633890539,7.046995967741935,0.7539615027944607,0.4298620581318894,0.8388737089331819,0.161126291066818,0.3605999790347491,77.86836014937808,-8.38711868896241
0.1726140625,17.26140625,0.02832479857284174,28.32479857284174,7.0491229838709675,0.7535065652074319,0.42971413947944137,0.8388737089331819,0.161126291066818,0.36047589396614965,77.05339644020552,-8.386030905720103
0.17294375,17.294375,0.028473711804253947,28.473711804253945,7.0512500000000005,0.7530520440465667,0.4295662786630747,0.8388737089331819,0.161126291066818,0.3603518574147182,76.2299066799431,-8.38494397561146
0.17327343750000002,17.32734375,0.028625863714227935,28.625863714227936,7.053377016129032,0.7525979310434304,0.4294184745903532,0.8388737089331819,0.161126291066818,0.3602278684640389,75.39777399022626,-8.383857881854418
0.173603125,17.360312500000003,0.028781372610396566,28.781372610396566,7.0555040322580655,0.7521442293137762,0.42927072775000163,0.8388737089331819,0.161126291066818,0.36010392752409004,74.55663230287679,-8.382772630989775
0.1739328125,17.39328125,0.028940345813915407,28.940345813915407,7.057631048387097,0.751690938903777,0.42912303820487924,0.8388737089331819,0.161126291066818,0.35998003464760253,73.70615848374972,-8.38168822327087
0.1742625,17.42625,0.029102877965969255,29.102877965969256,7.05975806451613,0.7512380546372273,0.4289754052888603,0.8388737089331819,0.161126291066818,0.3598561892757811,72.8461384176606,-8.380604648241514
0.1745921875,17.45921875,0.02926904925534193,29.26904925534193,7.061885080645161,0.7507855848356111,0.42882783021906745,0.8388737089331819,0.161126291066818,0.35973239242963795,71.97601265347589,-8.37952192312236
0.174921875,17.4921875,0.02943892356961881,29.438923569618808,7.064012096774193,0.7503335175896924,0.4286803113880763,0.8388737089331819,0.161126291066818,0.3596086427607469,71.09569999646959,-8.378440023645705
0.17525156249999999,17.52515625,0.029612546573810062,29.61254657381006,7.066139112903227,0.7498818648979566,0.4285328505286843,0.8388737089331819,0.161126291066818,0.3594849417227062,70.20448865510393,-8.377358974579105
0.17558125,17.558125,0.029789943721592504,29.789943721592504,7.068266129032257,0.7494306153082653,0.42838544609471974,0.8388737089331819,0.161126291066818,0.3593612880184731,69.30225507205633,-8.376278752584854
0.17591093750000003,17.591093750000002,0.029971118205977983,29.971118205977984,7.07039314516129,0.7489797751616784,0.42823809902921633,0.8388737089331819,0.161126291066818,0.35923768243913395,68.38837215553794,-8.375199370828613
0.176240625,17.6240625,0.030156048858029392,30.15604885802939,7.072520161290323,0.7485293412583377,0.428090808939657,0.8388737089331819,0.161126291066818,0.35911412465541626,67.46244319521244,-8.374120822900087
0.1765703125,17.65703125,0.030344688004262158,30.344688004262157,7.0746471774193544,0.7480793117094398,0.42794357561587193,0.8388737089331819,0.161126291066818,0.35899061449101405,66.5240127820968,-8.3730431050756
0.1769,17.69,0.0305369592955837,30.5369592955837,7.076774193548387,0.7476296915284996,0.4277963998179568,0.8388737089331819,0.161126291066818,0.3588671525835518,65.57236258221526,-8.37196622780479
0.17722968749999998,17.72296875,0.030732755523026865,30.732755523026864,7.0789012096774195,0.7471804706356595,0.4276492801835818,0.8388737089331819,0.161126291066818,0.3587437377902067,64.6072366337409,-8.370890170541978
0.177559375,17.755937499999998,0.030931936438104442,30.93193643810444,7.081028225806452,0.7467316622190749,0.427502218624411,0.8388737089331819,0.161126291066818,0.3586203717146237,63.62753511183951,-8.369814960529496
0.1778890625,17.78890625,0.03113432659832904,31.13432659832904,7.083155241935484,0.7462832520197572,0.427355213187493,0.8388737089331819,0.161126291066818,0.3584970527185229,62.63308069185948,-8.368740568631104
0.17821874999999998,17.821875,0.031339713261268415,31.33971326126841,7.085282258064516,0.7458352494420808,0.4272082652535366,0.8388737089331819,0.161126291066818,0.35837378196014485,61.622779736433415,-8.367667014321828
0.1785484375,17.854843749999997,0.03154784435339879,31.547844353398787,7.087409274193549,0.7453876480946651,0.42706137397612426,0.8388737089331819,0.161126291066818,0.358250558729452,60.59607534948722,-8.366594284622419
0.17887812500000003,17.887812500000003,0.03175842654292224,31.75842654292224,7.089536290322581,0.7449404493211835,0.4269145395995768,0.8388737089331819,0.161126291066818,0.35812738323139875,59.5520477533628,-8.365522382446452
0.1792078125,17.92078125,0.031971123448566424,31.971123448566424,7.091663306451613,0.7444936548822627,0.4267677624284264,0.8388737089331819,0.161126291066818,0.35800425572144906,58.4896603949452,-8.364451311568049
0.1795375,17.95375,0.03218555401910694,32.185554019106945,7.093790322580645,0.7440472579916593,0.42662104155650266,0.8388737089331819,0.161126291066818,0.35788117543944054,57.40820488254164,-8.36338105818503
0.1798671875,17.98671875,0.03240129112086092,32.40129112086092,7.095917338709678,0.7436012685236563,0.4264743784382336,0.8388737089331819,0.161126291066818,0.35775814360545444,56.30604924271123,-8.362311642758199
0.180196875,18.0196875,0.03261786037259548,32.61786037259548,7.098044354838709,0.743155673943044,0.4263277713507341,0.8388737089331819,0.161126291066818,0.3576351587742079,55.18260343321608,-8.361243039656197
0.18052656250000002,18.052656250000002,0.03283473926907362,32.834739269073616,7.100171370967743,0.7427104851714981,0.42618122189911023,0.8388737089331819,0.161126291066818,0.35751222229218205,54.03588834103649,-8.36017527149997
0.18085625,18.085625,0.03305135663570578,33.05135663570577,7.102298387096774,0.74226569267977,0.4260347287845409,0.8388737089331819,0.161126291066818,0.35738933306983006,52.864933369803666,-8.359108318834732
0.1811859375,18.11859375,0.033267092457372194,33.26709245737219,7.1044254032258065,0.7418213009899454,0.4258882927043515,0.8388737089331819,0.161126291066818,0.35726649169211994,51.66777707397748,-8.358042191117338
0.181515625,18.1515625,0.0334812781243079,33.4812781243079,7.106552419354839,0.7413773086639789,0.42574191350899404,0.8388737089331819,0.161126291066818,0.35714369803359974,50.44260716481851,-8.356976885540613
0.18184531250000002,18.184531250000003,0.033693197136877746,33.69319713687774,7.108679435483872,0.740933712154618,0.4255955907469853,0.8388737089331819,0.161126291066818,0.3570209517155321,49.187580288924885,-8.355912394951083
0.182175,18.2175,0.0339020863090045,33.9020863090045,7.110806451612904,0.7404905180770485,0.42544932541698716,0.8388737089331819,0.161126291066818,0.35689825357566823,47.89975471685592,-8.354848733123076
0.18250468749999998,18.25046875,0.03410713750684377,34.10713750684377,7.112933467741936,0.7400477155917263,0.42530311602546345,0.8388737089331819,0.161126291066818,0.3567756023611199,46.57734123711715,-8.353785877881544
0.182834375,18.2834375,0.034307499954944726,34.307499954944724,7.115060483870968,0.7396053171117585,0.42515696440114836,0.8388737089331819,0.161126291066818,0.3566529996059641,45.21605454806093,-8.352723854948072
0.1831640625,18.31640625,0.0345022831365315,34.5022831365315,7.117187499999999,0.7391633100228384,0.42501086879433264,0.8388737089331819,0.161126291066818,0.3565304438424158,43.8135305227314,-8.351662638484514
0.18349375,18.349375000000002,0.0346905603076598,34.6905603076598,7.119314516129033,0.7387217019722487,0.42486483035384176,0.8388737089331819,0.161126291066818,0.3564079360341943,42.36476267715753,-8.35060224439825
0.18382343750000002,18.38234375,0.03487137263684755,34.87137263684755,7.121441532258065,0.7382804883766397,0.4247188484775495,0.8388737089331819,0.161126291066818,0.35628547567619206,40.865324817244336,-8.34954266339383
0.184153125,18.4153125,0.035043733972396976,35.04373397239698,7.123568548387097,0.7378396688739796,0.4245729231671683,0.8388737089331819,0.161126291066818,0.35616306276984533,39.30945414134514,-8.348483894872901
0.1844828125,18.44828125,0.03520663622910922,35.206636229109215,7.125695564516129,0.7373992468742772,0.4244270549670837,0.8388737089331819,0.161126291066818,0.356040697771825,37.689481526719085,-8.347425946017125
0.1848125,18.48125,0.03535905537458618,35.359055374586184,7.127822580645161,0.7369592140436906,0.4242812427329682,0.8388737089331819,0.161126291066818,0.35591837972218465,35.99827157382494,-8.346368799787871
0.185,18.5,0.035440668387684865,35.440668387684866,7.129032258064516,0.7367091355742922,0.4241983418430504,0.8388737089331819,0.161126291066818,0.3558488363451855,35.00000000000125,-8.345767944635465
