z_m,B_T,B_mT,B_original_T,B_original_mT,original_detuning_MHz,equivalent_detuning_MHz,field_offset_removed_mT
0.0,0.0,0.0,0.0052551430169026,5.255143016902623,-600.0,-526.447731260968,5.2551430169026006
0.0001851851851851,1.8307097164399315e-05,0.018307097164399315,0.005273450114067,5.2734501140670735,-600.0,-526.447731260968,5.2551430169026006
0.0003703703703703,3.662311337199967e-05,0.03662311337199967,0.0052917661302746,5.291766130274611,-600.0,-526.447731260968,5.2551430169026006
0.0005555555555555,5.494806167109963e-05,0.05494806167109963,0.0053100910785737,5.310091078573764,-600.0,-526.447731260968,5.2551430169026006
0.0007407407407407,7.328195514230001e-05,0.07328195514230001,0.0053284249720449,5.328424972044924,-600.0,-526.447731260968,5.2551430169026006
0.0009259259259259,9.162480689779966e-05,0.09162480689779967,0.0053467678238004,5.34676782380042,-600.0,-526.447731260968,5.2551430169026006
0.0011111111111111,0.00010997663008199994,0.10997663008199994,0.0053651196469846,5.365119646984661,-600.0,-526.447731260968,5.2551430169026006
0.0012962962962962,0.0001283374378715993,0.1283374378715993,0.0053834804547742,5.383480454774225,-600.0,-526.447731260968,5.2551430169026006
0.0014814814814814,0.00014670724347530008,0.14670724347530006,0.0054018502603779,5.40185026037798,-600.0,-526.447731260968,5.2551430169026006
0.0016666666666666,0.00016508606013449986,0.16508606013449986,0.0054202290770371,5.420229077037187,-600.0,-526.447731260968,5.2551430169026006
0.0018518518518518,0.00018347390112299997,0.18347390112299997,0.0054386169180256,5.438616918025623,-600.0,-526.447731260968,5.2551430169026006
0.002037037037037,0.00020187077974699943,0.20187077974699943,0.0054570137966496,5.45701379664967,-600.0,-526.447731260968,5.2551430169026006
0.0022222222222222,0.00022027670934580013,0.22027670934580013,0.0054754197262484,5.4754197262484645,-600.0,-526.447731260968,5.2551430169026006
0.0024074074074074,0.0002386917032912994,0.2386917032912994,0.0054938347201939,5.493834720193972,-600.0,-526.447731260968,5.2551430169026006
0.0025925925925925,0.00025711577498850006,0.2571157749885001,0.0055122587918911,5.512258791891126,-600.0,-526.447731260968,5.2551430169026006
0.0027777777777777,0.0002755489378752996,0.2755489378752996,0.0055306919547779,5.530691954777919,-600.0,-526.447731260968,5.2551430169026006
0.0029629629629629,0.00029399120542289957,0.2939912054228996,0.0055491342223255,5.549134222325546,-600.0,-526.447731260968,5.2551430169026006
0.0031481481481481,0.00031244259113589936,0.31244259113589934,0.0055675856080385,5.567585608038507,-600.0,-526.447731260968,5.2551430169026006
0.0033333333333333,0.00033090310855199943,0.33090310855199945,0.0055860461254546,5.586046125454694,-600.0,-526.447731260968,5.2551430169026006
0.0035185185185185,0.0003493727712429,0.3493727712429,0.0056045157881455,5.60451578814556,-600.0,-526.447731260968,5.2551430169026006
0.0037037037037037,0.00036785159281349945,0.36785159281349944,0.0056229946097161,5.622994609716186,-600.0,-526.447731260968,5.2551430169026006
0.0038888888888888,0.0003863395869028001,0.3863395869028001,0.0056414826038054,5.6414826038054455,-600.0,-526.447731260968,5.2551430169026006
0.004074074074074,0.0004048367671833997,0.4048367671833997,0.005659979784086,5.659979784086065,-600.0,-526.447731260968,5.2551430169026006
0.0042592592592592,0.00042334314736219934,0.42334314736219936,0.0056784861642648,5.6784861642648,-600.0,-526.447731260968,5.2551430169026006
0.0044444444444444,0.0004418587411798994,0.44185874117989943,0.0056970017580825,5.6970017580825045,-600.0,-526.447731260968,5.2551430169026006
0.0046296296296296,0.0004603835624115999,0.4603835624115999,0.0057155265793142,5.715526579314281,-600.0,-526.447731260968,5.2551430169026006
0.0048148148148148,0.00047891762486699987,0.47891762486699985,0.0057340606417696,5.734060641769602,-600.0,-526.447731260968,5.2551430169026006
0.005,0.0004974609423897998,0.49746094238979977,0.0057526039592924,5.752603959292404,-600.0,-526.447731260968,5.2551430169026006
0.0051851851851851,0.0005160135288585993,0.5160135288585993,0.0057711565457612,5.771156545761225,-600.0,-526.447731260968,5.2551430169026006
0.0053703703703703,0.0005345753981866996,0.5345753981866995,0.0057897184150893,5.78971841508933,-600.0,-526.447731260968,5.2551430169026006
0.0055555555555555,0.0005531465643222001,0.5531465643222001,0.0058082895812248,5.808289581224821,-600.0,-526.447731260968,5.2551430169026006
0.0057407407407407,0.0005717270412480997,0.5717270412480997,0.0058268700581507,5.826870058150771,-600.0,-526.447731260968,5.2551430169026006
0.0059259259259259,0.0005903168429826997,0.5903168429826997,0.0058454598598853,5.845459859885339,-600.0,-526.447731260968,5.2551430169026006
0.0061111111111111,0.0006089159835791997,0.6089159835791996,0.0058640590004818,5.864059000481891,-600.0,-526.447731260968,5.2551430169026006
0.0062962962962962,0.0006275244771264997,0.6275244771264997,0.0058826674940291,5.882667494029122,-600.0,-526.447731260968,5.2551430169026006
0.0064814814814814,0.0006461423377485996,0.6461423377485996,0.0059012853546512,5.9012853546512085,-600.0,-526.447731260968,5.2551430169026006
0.0066666666666666,0.0006647695796052995,0.6647695796052995,0.0059199125965079,5.9199125965079,-600.0,-526.447731260968,5.2551430169026006
0.0068518518518518,0.0006834062168920001,0.6834062168920001,0.0059385492337946,5.93854923379464,-600.0,-526.447731260968,5.2551430169026006
0.007037037037037,0.0007020522638400998,0.7020522638400998,0.0059571952807427,5.95719528074273,-600.0,-526.447731260968,5.2551430169026006
0.0072222222222222,0.0007207077347167997,0.7207077347167997,0.0059758507516194,5.975850751619433,-600.0,-526.447731260968,5.2551430169026006
0.0074074074074074,0.0007393726438253995,0.7393726438253996,0.005994515660728,5.994515660728096,-600.0,-526.447731260968,5.2551430169026006
0.0075925925925925,0.0007580470055055999,0.7580470055055999,0.0060131900224082,6.013190022408287,-600.0,-526.447731260968,5.2551430169026006
0.0077777777777777,0.0007767308341332995,0.7767308341332996,0.0060318738510359,6.031873851035912,-600.0,-526.447731260968,5.2551430169026006
0.0079629629629629,0.0007954241441207,0.7954241441207001,0.0060505671610233,6.050567161023372,-600.0,-526.447731260968,5.2551430169026006
0.0081481481481481,0.0008141269499169993,0.8141269499169993,0.0060692699668196,6.069269966819658,-600.0,-526.447731260968,5.2551430169026006
0.0083333333333333,0.0008328392660078999,0.8328392660078999,0.0060879822829105,6.087982282910508,-600.0,-526.447731260968,5.2551430169026006
0.0085185185185185,0.0008515611069158996,0.8515611069158996,0.0061067041238185,6.106704123818515,-600.0,-526.447731260968,5.2551430169026006
0.0087037037037037,0.0008702924872006001,0.8702924872006002,0.0061254355041032,6.125435504103283,-600.0,-526.447731260968,5.2551430169026006
0.0088888888888888,0.0008890334214588999,0.8890334214589,0.0061441764383615,6.144176438361543,-600.0,-526.447731260968,5.2551430169026006
0.009074074074074,0.0009077839243246,0.9077839243246001,0.0061629269412272,6.162926941227288,-600.0,-526.447731260968,5.2551430169026006
0.0092592592592592,0.0009265440104692995,0.9265440104692996,0.0061816870273719,6.181687027371902,-600.0,-526.447731260968,5.2551430169026006
0.0094444444444444,0.0009453136946016997,0.9453136946016997,0.0062004567115043,6.200456711504307,-600.0,-526.447731260968,5.2551430169026006
0.0096296296296296,0.0009640929914683993,0.9640929914683993,0.006219236008371,6.219236008371095,-600.0,-526.447731260968,5.2551430169026006
0.0098148148148148,0.000982881915854,0.982881915854,0.0062380249327566,6.238024932756646,-600.0,-526.447731260968,5.2551430169026006
0.01,0.0010016804825806,1.0016804825806,0.0062568234994832,6.256823499483289,-600.0,-526.447731260968,5.2551430169026006
0.0101851851851851,0.0010204887065087993,1.0204887065087993,0.0062756317234114,6.2756317234114105,-600.0,-526.447731260968,5.2551430169026006
0.0103703703703703,0.0010393066025369997,1.0393066025369997,0.0062944496194396,6.294449619439619,-600.0,-526.447731260968,5.2551430169026006
0.0105555555555555,0.0010581341856022,1.0581341856022,0.0063132772025048,6.313277202504871,-600.0,-526.447731260968,5.2551430169026006
0.0107407407407407,0.0010769714706799997,1.0769714706799998,0.0063321144875826,6.3321144875826,-600.0,-526.447731260968,5.2551430169026006
0.0109259259259259,0.0010958184727842,1.0958184727842,0.0063509614896868,6.350961489686867,-600.0,-526.447731260968,5.2551430169026006
0.0111111111111111,0.0011146752069677995,1.1146752069677994,0.0063698182238704,6.369818223870499,-600.0,-526.447731260968,5.2551430169026006
0.0112962962962962,0.0011335416883225995,1.1335416883225995,0.0063886847052252,6.388684705225234,-600.0,-526.447731260968,5.2551430169026006
0.0114814814814814,0.0011524179319791997,1.1524179319791998,0.0064075609488818,6.407560948881844,-600.0,-526.447731260968,5.2551430169026006
0.0116666666666666,0.0011713039531076,1.1713039531076002,0.0064264469700102,6.42644697001029,-600.0,-526.447731260968,5.2551430169026006
0.0118518518518518,0.0011901997669171993,1.1901997669171993,0.0064453427838198,6.445342783819868,-600.0,-526.447731260968,5.2551430169026006
0.012037037037037,0.0012091053886567,1.2091053886567,0.0064642484055593,6.464248405559346,-600.0,-526.447731260968,5.2551430169026006
0.0122222222222222,0.0012280208336144993,1.2280208336144993,0.0064831638505171,6.4831638505171005,-600.0,-526.447731260968,5.2551430169026006
0.0124074074074074,0.0012469461171186,1.2469461171186,0.0065020891340212,6.502089134021273,-600.0,-526.447731260968,5.2551430169026006
0.0125925925925925,0.0012658812545373,1.2658812545373,0.0065210242714399,6.52102427143991,-600.0,-526.447731260968,5.2551430169026006
0.0127777777777777,0.0012848262612785,1.2848262612785,0.0065399692781811,6.539969278181112,-600.0,-526.447731260968,5.2551430169026006
0.0129629629629629,0.0013037811527904994,1.3037811527904994,0.0065589241696931,6.558924169693166,-600.0,-526.447731260968,5.2551430169026006
0.0131481481481481,0.0013227459445620997,1.3227459445620997,0.0065778889614647,6.5778889614647085,-600.0,-526.447731260968,5.2551430169026006
0.0133333333333333,0.0013417206521221994,1.3417206521221994,0.0065968636690248,6.596863669024877,-600.0,-526.447731260968,5.2551430169026006
0.0135185185185185,0.0013607052910407993,1.3607052910407993,0.0066158483079434,6.615848307943424,-600.0,-526.447731260968,5.2551430169026006
0.0137037037037037,0.0013796998769282998,1.3796998769282998,0.0066348428938309,6.634842893830919,-600.0,-526.447731260968,5.2551430169026006
0.0138888888888888,0.0013987044254362,1.3987044254362,0.0066538474423388,6.653847442338855,-600.0,-526.447731260968,5.2551430169026006
0.014074074074074,0.0014177189522571994,1.4177189522571993,0.0066728619691598,6.672861969159812,-600.0,-526.447731260968,5.2551430169026006
0.0142592592592592,0.001436743473125,1.436743473125,0.0066918864900276,6.691886490027622,-600.0,-526.447731260968,5.2551430169026006
0.0144444444444444,0.0014557780038147996,1.4557780038147996,0.0067109210207174,6.710921020717486,-600.0,-526.447731260968,5.2551430169026006
0.0146296296296296,0.0014748225601435,1.4748225601434999,0.0067299655770461,6.729965577046177,-600.0,-526.447731260968,5.2551430169026006
0.0148148148148148,0.0014938771579694997,1.4938771579694996,0.0067490201748721,6.749020174872155,-600.0,-526.447731260968,5.2551430169026006
0.015,0.0015129418131931,1.5129418131931,0.0067680848300957,6.768084830095724,-600.0,-526.447731260968,5.2551430169026006
0.0151851851851851,0.0015320165417565994,1.5320165417565994,0.0067871595586592,6.787159558659212,-600.0,-526.447731260968,5.2551430169026006
0.0153703703703703,0.0015511013596443994,1.5511013596443994,0.006806244376547,6.806244376547088,-600.0,-526.447731260968,5.2551430169026006
0.0155555555555555,0.0015701962828834999,1.5701962828834999,0.0068253392997861,6.825339299786158,-600.0,-526.447731260968,5.2551430169026006
0.0157407407407407,0.001589301327543,1.5893013275430001,0.0068444443444456,6.844444344445696,-600.0,-526.447731260968,5.2551430169026006
0.0159259259259259,0.0016084165097349995,1.6084165097349996,0.0068635595266376,6.863559526637608,-600.0,-526.447731260968,5.2551430169026006
0.0161111111111111,0.0016275418456138998,1.6275418456138997,0.0068826848625165,6.882684862516594,-600.0,-526.447731260968,5.2551430169026006
0.0162962962962962,0.0016466773513776995,1.6466773513776995,0.0069018203682803,6.901820368280311,-600.0,-526.447731260968,5.2551430169026006
0.0164814814814814,0.0016658230432669,1.6658230432669,0.0069209660601695,6.920966060169515,-600.0,-526.447731260968,5.2551430169026006
0.0166666666666666,0.0016849789375656,1.6849789375656,0.0069401219544682,6.940121954468247,-600.0,-526.447731260968,5.2551430169026006
0.0168518518518518,0.0017041450506012999,1.7041450506012998,0.0069592880675039,6.959288067503971,-600.0,-526.447731260968,5.2551430169026006
0.017037037037037,0.0017233213987450993,1.7233213987450993,0.0069784644156477,6.978464415647752,-600.0,-526.447731260968,5.2551430169026006
0.0172222222222222,0.0017425079984117993,1.7425079984117993,0.0069976510153144,6.997651015314416,-600.0,-526.447731260968,5.2551430169026006
0.0174074074074074,0.0017617048660600997,1.7617048660600998,0.0070168478829627,7.01684788296271,-600.0,-526.447731260968,5.2551430169026006
0.0175925925925925,0.0017809120181927996,1.7809120181927995,0.0070360550350954,7.036055035095468,-600.0,-526.447731260968,5.2551430169026006
0.0177777777777777,0.0018001294713570993,1.8001294713570992,0.0070552724882597,7.055272488259778,-600.0,-526.447731260968,5.2551430169026006
0.0179629629629629,0.0018193572421444995,1.8193572421444995,0.0070745002590471,7.074500259047149,-600.0,-526.447731260968,5.2551430169026006
0.0181481481481481,0.001838595347191,1.8385953471910002,0.0070937383640936,7.093738364093678,-600.0,-526.447731260968,5.2551430169026006
0.0183333333333333,0.0018578438031775996,1.8578438031775997,0.0071129868200802,7.112986820080207,-600.0,-526.447731260968,5.2551430169026006
0.0185185185185185,0.0018771026268299,1.8771026268298998,0.0071322456437325,7.132245643732512,-600.0,-526.447731260968,5.2551430169026006
0.0187037037037037,0.0018963718349187999,1.8963718349188,0.0071515148518214,7.151514851821462,-600.0,-526.447731260968,5.2551430169026006
0.0188888888888888,0.0019156514442605,1.9156514442605,0.0071707944611631,7.170794461163191,-600.0,-526.447731260968,5.2551430169026006
0.019074074074074,0.0019349414717165997,1.9349414717165998,0.0071900844886192,7.190084488619251,-600.0,-526.447731260968,5.2551430169026006
0.0192592592592592,0.0019542419341942,1.9542419341942001,0.0072093849510968,7.209384951096828,-600.0,-526.447731260968,5.2551430169026006
0.0194444444444444,0.0019735528486462,1.9735528486462002,0.0072286958655488,7.228695865548858,-600.0,-526.447731260968,5.2551430169026006
0.0196296296296296,0.0019928742320715993,1.9928742320715993,0.0072480172489742,7.24801724897425,-600.0,-526.447731260968,5.2551430169026006
0.0198148148148148,0.0020122061015153993,2.012206101515399,0.007267349118418,7.267349118418037,-600.0,-526.447731260968,5.2551430169026006
0.02,0.0020315484740689,2.0315484740688996,0.0072866914909715,7.286691490971547,-600.0,-526.447731260968,5.2551430169026006
0.0201851851851851,0.0020509013668699996,2.05090136687,0.0073060443837726,7.306044383772611,-600.0,-526.447731260968,5.2551430169026006
0.0203703703703703,0.0020702647971029995,2.0702647971029995,0.0073254078140056,7.325407814005679,-600.0,-526.447731260968,5.2551430169026006
0.0205555555555555,0.0020896387819993997,2.0896387819994,0.007344781798902,7.344781798902074,-600.0,-526.447731260968,5.2551430169026006
0.0207407407407407,0.0021090233388374995,2.1090233388374995,0.0073641663557401,7.364166355740106,-600.0,-526.447731260968,5.2551430169026006
0.0209259259259259,0.0021284184849426,2.1284184849425998,0.0073835615018452,7.383561501845295,-600.0,-526.447731260968,5.2551430169026006
0.0211111111111111,0.0021478242376878993,2.147824237687899,0.0074029672545905,7.402967254590522,-600.0,-526.447731260968,5.2551430169026006
0.0212962962962962,0.0021672406144936,2.1672406144936,0.0074223836313962,7.42238363139623,-600.0,-526.447731260968,5.2551430169026006
0.0214814814814814,0.002186667632828,2.1866676328279997,0.0074418106497306,7.441810649730605,-600.0,-526.447731260968,5.2551430169026006
0.0216666666666666,0.0022061053102070995,2.2061053102070995,0.0074612483271097,7.461248327109744,-600.0,-526.447731260968,5.2551430169026006
0.0218518518518518,0.0022255536641951996,2.2255536641951994,0.0074806966810978,7.480696681097861,-600.0,-526.447731260968,5.2551430169026006
0.022037037037037,0.0022450127124047994,2.2450127124047996,0.0075001557293074,7.50015572930745,-600.0,-526.447731260968,5.2551430169026006
0.0222222222222222,0.0022644824724967995,2.2644824724967996,0.0075196254893994,7.519625489399489,-600.0,-526.447731260968,5.2551430169026006
0.0224074074074074,0.0022839629621809994,2.2839629621809996,0.0075391059790836,7.539105979083614,-600.0,-526.447731260968,5.2551430169026006
0.0225925925925925,0.0023034541992156994,2.3034541992156994,0.0075585972161183,7.558597216118326,-600.0,-526.447731260968,5.2551430169026006
0.0227777777777777,0.0023229562014084994,2.3229562014084992,0.0075780992183111,7.578099218311148,-600.0,-526.447731260968,5.2551430169026006
0.0229629629629629,0.0023424689866161997,2.3424689866161996,0.0075976120035188,7.597612003518852,-600.0,-526.447731260968,5.2551430169026006
0.0231481481481481,0.002361992572745,2.361992572745,0.0076171355896476,7.617135589647611,-600.0,-526.447731260968,5.2551430169026006
0.0233333333333333,0.0023815269777505994,2.381526977750599,0.0076366699946532,7.636669994653229,-600.0,-526.447731260968,5.2551430169026006
0.0235185185185185,0.0024010722196386993,2.4010722196386993,0.0076562152365413,7.65621523654131,-600.0,-526.447731260968,5.2551430169026006
0.0237037037037037,0.0024206283164648,2.4206283164648,0.0076757713333674,7.675771333367455,-600.0,-526.447731260968,5.2551430169026006
0.0238888888888888,0.0024401952863347997,2.4401952863347995,0.0076953383032374,7.695338303237467,-600.0,-526.447731260968,5.2551430169026006
0.024074074074074,0.0024597731474049,2.4597731474049,0.0077149161643075,7.714916164307516,-600.0,-526.447731260968,5.2551430169026006
0.0242592592592592,0.0024793619178816997,2.4793619178817,0.0077345049347843,7.73450493478439,-600.0,-526.447731260968,5.2551430169026006
0.0244444444444444,0.002498961616023,2.498961616023,0.0077541046329256,7.754104632925639,-600.0,-526.447731260968,5.2551430169026006
0.0246296296296296,0.0025185722601370995,2.5185722601370997,0.0077737152770397,7.773715277039797,-600.0,-526.447731260968,5.2551430169026006
0.0248148148148148,0.0025381938685838995,2.5381938685838996,0.0077933368854865,7.793336885486584,-600.0,-526.447731260968,5.2551430169026006
0.0249999999999999,0.0025578264597744997,2.5578264597744997,0.0078129694766771,7.812969476677106,-600.0,-526.447731260968,5.2551430169026006
0.0251851851851851,0.0025774700521714,2.5774700521714,0.007832613069074,7.832613069074042,-600.0,-526.447731260968,5.2551430169026006
0.0253703703703703,0.0025971246642892,2.5971246642892,0.0078522676811918,7.852267681191875,-600.0,-526.447731260968,5.2551430169026006
0.0255555555555555,0.002616790314694399,2.616790314694399,0.007871933331597,7.871933331597051,-600.0,-526.447731260968,5.2551430169026006
0.0257407407407407,0.0026364670220055996,2.6364670220055997,0.0078916100389082,7.89161003890824,-600.0,-526.447731260968,5.2551430169026006
0.0259259259259259,0.002656154804893799,2.656154804893799,0.0079112978217964,7.911297821796483,-600.0,-526.447731260968,5.2551430169026006
0.0261111111111111,0.0026758536820827997,2.6758536820827996,0.0079309966989854,7.93099669898545,-600.0,-526.447731260968,5.2551430169026006
0.0262962962962962,0.002695563672349,2.695563672349,0.0079507066892516,7.950706689251627,-600.0,-526.447731260968,5.2551430169026006
0.0264814814814814,0.002715284794521899,2.715284794521899,0.0079704278114245,7.970427811424499,-600.0,-526.447731260968,5.2551430169026006
0.0266666666666666,0.002735017067484199,2.735017067484199,0.0079901600843868,7.99016008438681,-600.0,-526.447731260968,5.2551430169026006
0.0268518518518518,0.0027547605101721,2.7547605101721,0.0080099035270747,8.009903527074735,-600.0,-526.447731260968,5.2551430169026006
0.027037037037037,0.0027745151415755004,2.7745151415755003,0.0080296581584781,8.029658158478114,-600.0,-526.447731260968,5.2551430169026006
0.0272222222222222,0.002794280980738,2.7942809807380002,0.0080494239976406,8.049423997640638,-600.0,-526.447731260968,5.2551430169026006
0.0274074074074074,0.0028140580467574993,2.8140580467574994,0.0080692010636601,8.069201063660106,-600.0,-526.447731260968,5.2551430169026006
0.0275925925925925,0.0028338463587859004,2.8338463587859004,0.0080889893756885,8.088989375688595,-600.0,-526.447731260968,5.2551430169026006
0.0277777777777777,0.0028536459360301,2.8536459360301,0.0081087889529327,8.108788952932715,-600.0,-526.447731260968,5.2551430169026006
0.0279629629629629,0.0028734567977511003,2.8734567977511003,0.0081285998146537,8.12859981465379,-600.0,-526.447731260968,5.2551430169026006
0.0281481481481481,0.0028932789632655003,2.8932789632655003,0.0081484219801681,8.14842198016811,-600.0,-526.447731260968,5.2551430169026006
0.0283333333333333,0.002913112451944499,2.913112451944499,0.0081682554688471,8.168255468847134,-600.0,-526.447731260968,5.2551430169026006
0.0285185185185185,0.0029329572832150997,2.9329572832151,0.0081881003001177,8.188100300117704,-600.0,-526.447731260968,5.2551430169026006
0.0287037037037037,0.0029528134765596003,2.9528134765596,0.0082079564934622,8.20795649346228,-600.0,-526.447731260968,5.2551430169026006
0.0288888888888888,0.0029726810515165,2.9726810515164996,0.0082278240684191,8.227824068419164,-600.0,-526.447731260968,5.2551430169026006
0.029074074074074,0.0029925600276801004,2.9925600276801005,0.0082477030445827,8.247703044582714,-600.0,-526.447731260968,5.2551430169026006
0.0292592592592592,0.0030124504247009,3.0124504247009,0.0082675934416035,8.267593441603575,-600.0,-526.447731260968,5.2551430169026006
0.0294444444444444,0.0030323522622862998,3.0323522622862997,0.0082874952791889,8.287495279188912,-600.0,-526.447731260968,5.2551430169026006
0.0296296296296296,0.0030522655602000003,3.0522655602000004,0.0083074085771026,8.307408577102619,-600.0,-526.447731260968,5.2551430169026006
0.0298148148148148,0.0030721903382629,3.0721903382629003,0.0083273333551655,8.327333355165573,-600.0,-526.447731260968,5.2551430169026006
0.03,0.003092126616353199,3.092126616353199,0.0083472696332558,8.347269633255838,-600.0,-526.447731260968,5.2551430169026006
0.0301851851851851,0.0031120744144062995,3.1120744144062993,0.0083672174313089,8.36721743130892,-600.0,-526.447731260968,5.2551430169026006
0.0303703703703703,0.0031320337524153004,3.1320337524153006,0.0083871767693179,8.387176769317993,-600.0,-526.447731260968,5.2551430169026006
0.0305555555555555,0.0031520046504314994,3.1520046504314996,0.0084071476673341,8.40714766733411,-600.0,-526.447731260968,5.2551430169026006
0.0307407407407407,0.0031719871285638005,3.1719871285638006,0.0084271301454664,8.427130145466474,-600.0,-526.447731260968,5.2551430169026006
0.0309259259259259,0.00319198120698,3.19198120698,0.0084471242238826,8.447124223882657,-600.0,-526.447731260968,5.2551430169026006
0.0311111111111111,0.0032119869059062,3.2119869059062,0.0084671299228088,8.467129922808828,-600.0,-526.447731260968,5.2551430169026006
0.0312962962962962,0.0032320042456273996,3.2320042456273996,0.00848714726253,8.487147262530007,-600.0,-526.447731260968,5.2551430169026006
0.0314814814814814,0.0032520332464876,3.2520332464876,0.0085071762633902,8.507176263390297,-600.0,-526.447731260968,5.2551430169026006
0.0316666666666666,0.0032720739288905005,3.2720739288905003,0.0085272169457931,8.527216945793143,-600.0,-526.447731260968,5.2551430169026006
0.0318518518518518,0.0032921263132988992,3.2921263132988994,0.0085472693302015,8.547269330201523,-600.0,-526.447731260968,5.2551430169026006
0.032037037037037,0.0033121904202356002,3.3121904202356003,0.0085673334371382,8.567333437138267,-600.0,-526.447731260968,5.2551430169026006
0.0322222222222222,0.003332266270283599,3.332266270283599,0.0085874092871862,8.58740928718624,-600.0,-526.447731260968,5.2551430169026006
0.0324074074074074,0.0033523538840860003,3.3523538840860003,0.0086074969009886,8.60749690098862,-600.0,-526.447731260968,5.2551430169026006
0.0325925925925925,0.0033724532823465004,3.3724532823465005,0.0086275962992491,8.627596299249134,-600.0,-526.447731260968,5.2551430169026006
0.0327777777777777,0.003392564485829699,3.3925644858296993,0.0086477075027323,8.64770750273231,-600.0,-526.447731260968,5.2551430169026006
0.0329629629629629,0.0034126875153610995,3.4126875153610996,0.0086678305322637,8.667830532263729,-600.0,-526.447731260968,5.2551430169026006
0.0331481481481481,0.0034328223918275993,3.4328223918275995,0.0086879654087302,8.687965408730276,-600.0,-526.447731260968,5.2551430169026006
0.0333333333333333,0.0034529691361777004,3.4529691361777,0.0087081121530803,8.708112153080375,-600.0,-526.447731260968,5.2551430169026006
0.0335185185185185,0.0034731277694215997,3.4731277694215996,0.0087282707863242,8.728270786324298,-600.0,-526.447731260968,5.2551430169026006
0.0337037037037037,0.0034932983126316998,3.4932983126317,0.0087484413295343,8.748441329534337,-600.0,-526.447731260968,5.2551430169026006
0.0338888888888888,0.0035134807869424993,3.513480786942499,0.0087686238038451,8.768623803845143,-600.0,-526.447731260968,5.2551430169026006
0.034074074074074,0.003533675213551299,3.533675213551299,0.0087888182304539,8.788818230453916,-600.0,-526.447731260968,5.2551430169026006
0.0342592592592592,0.0035538816137181,3.5538816137181,0.0088090246306207,8.809024630620735,-600.0,-526.447731260968,5.2551430169026006
0.0344444444444444,0.0035741000087661,3.5741000087661,0.0088292430256687,8.829243025668744,-600.0,-526.447731260968,5.2551430169026006
0.0346296296296296,0.0035943304200818,3.5943304200818,0.0088494734369844,8.849473436984473,-600.0,-526.447731260968,5.2551430169026006
0.0348148148148148,0.0036145728691154002,3.6145728691154004,0.008869715886018,8.869715886018074,-600.0,-526.447731260968,5.2551430169026006
0.0349999999999999,0.0036348273773809,3.6348273773809003,0.0088899703942835,8.889970394283587,-600.0,-526.447731260968,5.2551430169026006
0.0351851851851851,0.0036550939664565995,3.6550939664565996,0.0089102369833592,8.910236983359233,-600.0,-526.447731260968,5.2551430169026006
0.0353703703703703,0.0036753726579850004,3.6753726579850006,0.0089305156748876,8.93051567488762,-600.0,-526.447731260968,5.2551430169026006
0.0355555555555555,0.003695663473673499,3.695663473673499,0.0089508064905761,8.950806490576106,-600.0,-526.447731260968,5.2551430169026006
0.0357407407407407,0.003715966435294299,3.715966435294299,0.0089711094521969,8.97110945219698,-600.0,-526.447731260968,5.2551430169026006
0.0359259259259259,0.003736281564685099,3.736281564685099,0.0089914245815877,8.991424581587795,-600.0,-526.447731260968,5.2551430169026006
0.0361111111111111,0.003756608883749,3.756608883749,0.0090117519006516,9.011751900651602,-600.0,-526.447731260968,5.2551430169026006
0.0362962962962962,0.0037769484144546004,3.7769484144546004,0.0090320914313572,9.03209143135725,-600.0,-526.447731260968,5.2551430169026006
0.0364814814814814,0.003797300178837,3.7973001788369998,0.0090524431957396,9.052443195739668,-600.0,-526.447731260968,5.2551430169026006
0.0366666666666666,0.0038176641989975,3.8176641989975,0.0090728072159001,9.072807215900117,-600.0,-526.447731260968,5.2551430169026006
0.0368518518518518,0.003838040497103799,3.838040497103799,0.0090931835140064,9.093183514006489,-600.0,-526.447731260968,5.2551430169026006
0.037037037037037,0.003858429095390899,3.8584290953908993,0.0091135721122935,9.113572112293584,-600.0,-526.447731260968,5.2551430169026006
0.0372222222222222,0.003878830016160799,3.878830016160799,0.0091339730330634,9.133973033063404,-600.0,-526.447731260968,5.2551430169026006
0.0374074074074074,0.0038992432817827995,3.8992432817827996,0.0091543862986854,9.154386298685406,-600.0,-526.447731260968,5.2551430169026006
0.0375925925925925,0.003919668914694199,3.919668914694199,0.0091748119315968,9.174811931596828,-600.0,-526.447731260968,5.2551430169026006
0.0377777777777777,0.003940106937400299,3.9401069374002993,0.0091952499543029,9.195249954302955,-600.0,-526.447731260968,5.2551430169026006
0.0379629629629629,0.0039605573724746995,3.9605573724746996,0.0092157003893773,9.215700389377396,-600.0,-526.447731260968,5.2551430169026006
0.0381481481481481,0.0039810202425597995,3.9810202425597994,0.0092361632594624,9.236163259462414,-600.0,-526.447731260968,5.2551430169026006
0.0383333333333333,0.0040014955703665004,4.0014955703665,0.0092566385872691,9.256638587269178,-600.0,-526.447731260968,5.2551430169026006
0.0385185185185185,0.004021983378675399,4.021983378675399,0.009277126395578,9.27712639557808,-600.0,-526.447731260968,5.2551430169026006
0.0387037037037037,0.0040424836903363995,4.042483690336399,0.009297626707239,9.297626707239012,-600.0,-526.447731260968,5.2551430169026006
0.0388888888888888,0.004062996528269,4.062996528269,0.0093181395451716,9.318139545171698,-600.0,-526.447731260968,5.2551430169026006
0.039074074074074,0.0040835219154632995,4.083521915463299,0.0093386649323659,9.338664932365951,-600.0,-526.447731260968,5.2551430169026006
0.0392592592592592,0.004104059874979399,4.104059874979399,0.009359202891882,9.359202891882012,-600.0,-526.447731260968,5.2551430169026006
0.0394444444444444,0.0041246104299482,4.1246104299482,0.0093797534468508,9.379753446850817,-600.0,-526.447731260968,5.2551430169026006
0.0396296296296296,0.004145173603571699,4.145173603571699,0.0094003166204743,9.40031662047432,-600.0,-526.447731260968,5.2551430169026006
0.0398148148148148,0.0041657494191231,4.1657494191231,0.0094208924360257,9.420892436025792,-600.0,-526.447731260968,5.2551430169026006
0.04,0.004186337899947499,4.1863378999475,0.0094414809168501,9.441480916850164,-600.0,-526.447731260968,5.2551430169026006
0.0401851851851851,0.0042069390694616,4.2069390694616,0.0094620820863642,9.462082086364257,-600.0,-526.447731260968,5.2551430169026006
0.0403703703703703,0.0042275529511545005,4.2275529511545,0.0094826959680571,9.482695968057174,-600.0,-526.447731260968,5.2551430169026006
0.0405555555555555,0.004248179568587899,4.248179568587899,0.0095033225854905,9.503322585490563,-600.0,-526.447731260968,5.2551430169026006
0.0407407407407407,0.004268818945396299,4.2688189453962995,0.0095239619622989,9.523961962298952,-600.0,-526.447731260968,5.2551430169026006
0.0409259259259259,0.004289471105287399,4.289471105287399,0.00954461412219,9.544614122190064,-600.0,-526.447731260968,5.2551430169026006
0.0411111111111111,0.0043101360720425004,4.310136072042501,0.0095652790889451,9.565279088945124,-600.0,-526.447731260968,5.2551430169026006
0.0412962962962962,0.004330813869516499,4.330813869516499,0.0095859568864191,9.585956886419185,-600.0,-526.447731260968,5.2551430169026006
0.0414814814814814,0.0043515045216388,4.3515045216388,0.0096066475385414,9.606647538541452,-600.0,-526.447731260968,5.2551430169026006
0.0416666666666666,0.004372208052412999,4.372208052412999,0.0096273510693156,9.627351069315605,-600.0,-526.447731260968,5.2551430169026006
0.0418518518518518,0.0043929244859174,4.3929244859174,0.00964806750282,9.648067502820098,-600.0,-526.447731260968,5.2551430169026006
0.042037037037037,0.0044136538463058995,4.413653846305899,0.0096687968632085,9.668796863208554,-600.0,-526.447731260968,5.2551430169026006
0.0422222222222222,0.0044343961578074,4.4343961578074005,0.00968953917471,9.689539174710012,-600.0,-526.447731260968,5.2551430169026006
0.0424074074074074,0.0044551514447267,4.4551514447267,0.0097102944616293,9.710294461629305,-600.0,-526.447731260968,5.2551430169026006
0.0425925925925925,0.004475919731444699,4.475919731444699,0.0097310627483473,9.731062748347378,-600.0,-526.447731260968,5.2551430169026006
0.0427777777777777,0.004496701042419,4.496701042419001,0.0097518440593216,9.751844059321632,-600.0,-526.447731260968,5.2551430169026006
0.0429629629629629,0.0045174954021836,4.5174954021836,0.0097726384190862,9.772638419086247,-600.0,-526.447731260968,5.2551430169026006
0.0431481481481481,0.0045383028353499005,4.5383028353499,0.0097934458522525,9.793445852252525,-600.0,-526.447731260968,5.2551430169026006
0.0433333333333333,0.0045591233666066,4.5591233666066,0.0098142663835092,9.814266383509242,-600.0,-526.447731260968,5.2551430169026006
0.0435185185185185,0.0045799570207203,4.5799570207203,0.0098351000376229,9.835100037622968,-600.0,-526.447731260968,5.2551430169026006
0.0437037037037037,0.0046008038225357996,4.6008038225357994,0.0098559468394384,9.855946839438412,-600.0,-526.447731260968,5.2551430169026006
0.0438888888888888,0.004621663796976199,4.6216637969762,0.0098768068138788,9.876806813878806,-600.0,-526.447731260968,5.2551430169026006
0.044074074074074,0.004642536969043599,4.642536969043599,0.0098976799859462,9.8976799859462,-600.0,-526.447731260968,5.2551430169026006
0.0442592592592592,0.0046634233638191995,4.6634233638191995,0.0099185663807218,9.918566380721847,-600.0,-526.447731260968,5.2551430169026006
0.0444444444444444,0.0046843230064639,4.6843230064639005,0.0099394660233665,9.939466023366531,-600.0,-526.447731260968,5.2551430169026006
0.0446296296296296,0.0047052359222182994,4.705235922218299,0.0099603789391209,9.960378939120943,-600.0,-526.447731260968,5.2551430169026006
0.0448148148148148,0.004726162136403399,4.726162136403399,0.009981305153306,9.981305153306035,-600.0,-526.447731260968,5.2551430169026006
0.045,0.004747101674420699,4.747101674420699,0.0100022446913233,10.002244691323344,-600.0,-526.447731260968,5.2551430169026006
0.0451851851851851,0.0047680545617527,4.7680545617527,0.0100231975786553,10.023197578655394,-600.0,-526.447731260968,5.2551430169026006
0.0453703703703703,0.0047890208239634,4.7890208239634,0.010044163840866,10.044163840866036,-600.0,-526.447731260968,5.2551430169026006
0.0455555555555555,0.0048100004866982,4.8100004866982,0.0100651435036008,10.065143503600812,-600.0,-526.447731260968,5.2551430169026006
0.0457407407407407,0.004830993575684699,4.830993575684699,0.0100861365925873,10.086136592587346,-600.0,-526.447731260968,5.2551430169026006
0.0459259259259259,0.0048520001167329995,4.852000116733,0.0101071431336356,10.107143133635654,-600.0,-526.447731260968,5.2551430169026006
0.0461111111111111,0.0048730201357358996,4.873020135735899,0.0101281631526385,10.128163152638589,-600.0,-526.447731260968,5.2551430169026006
0.0462962962962962,0.004894053658669499,4.894053658669499,0.0101491966755721,10.149196675572156,-600.0,-526.447731260968,5.2551430169026006
0.0464814814814814,0.004915100711593299,4.9151007115933,0.0101702437284959,10.170243728495912,-600.0,-526.447731260968,5.2551430169026006
0.0466666666666666,0.004936161320650699,4.936161320650699,0.0101913043375533,10.19130433755333,-600.0,-526.447731260968,5.2551430169026006
0.0468518518518518,0.0049572355120695,4.9572355120694995,0.0102123785289721,10.212378528972195,-600.0,-526.447731260968,5.2551430169026006
0.047037037037037,0.0049783233121623,4.9783233121623,0.0102334663290649,10.233466329064973,-600.0,-526.447731260968,5.2551430169026006
0.0472222222222222,0.004999424747326499,4.999424747326499,0.0102545677642291,10.254567764229186,-600.0,-526.447731260968,5.2551430169026006
0.0474074074074074,0.0050205398440452,5.0205398440452,0.0102756828609478,10.275682860947825,-600.0,-526.447731260968,5.2551430169026006
0.0475925925925925,0.0050416686288871,5.0416686288871,0.0102968116457897,10.29681164578971,-600.0,-526.447731260968,5.2551430169026006
0.0477777777777777,0.005062811128507199,5.0628111285071995,0.0103179541454098,10.317954145409884,-600.0,-526.447731260968,5.2551430169026006
0.0479629629629629,0.0050839673696474,5.0839673696474,0.01033911038655,10.33911038655003,-600.0,-526.447731260968,5.2551430169026006
0.0481481481481481,0.0051051373791362,5.1051373791362,0.0103602803960388,10.360280396038831,-600.0,-526.447731260968,5.2551430169026006
0.0483333333333333,0.0051263211838898,5.1263211838898,0.0103814642007924,10.381464200792404,-600.0,-526.447731260968,5.2551430169026006
0.0485185185185185,0.005147518810912,5.1475188109120005,0.0104026618278146,10.402661827814647,-600.0,-526.447731260968,5.2551430169026006
0.0487037037037037,0.0051687302872951,5.1687302872951,0.0104238733041977,10.4238733041977,-600.0,-526.447731260968,5.2551430169026006
0.0488888888888888,0.005189955640219699,5.189955640219699,0.0104450986571223,10.44509865712231,-600.0,-526.447731260968,5.2551430169026006
0.049074074074074,0.0052111948969556,5.2111948969555995,0.0104663379138582,10.466337913858252,-600.0,-526.447731260968,5.2551430169026006
0.0492592592592592,0.0052324480848621,5.232448084862099,0.0104875911017647,10.48759110176474,-600.0,-526.447731260968,5.2551430169026006
0.0494444444444444,0.0052537152313882,5.2537152313882,0.0105088582482908,10.50885824829082,-600.0,-526.447731260968,5.2551430169026006
0.0496296296296296,0.0052749963640730995,5.2749963640730995,0.0105301393809757,10.530139380975786,-600.0,-526.447731260968,5.2551430169026006
0.0498148148148148,0.0052962915105469995,5.296291510546999,0.0105514345274496,10.551434527449652,-600.0,-526.447731260968,5.2551430169026006
0.0499999999999999,0.0053176006985308005,5.317600698530801,0.0105727437154334,10.572743715433464,-600.0,-526.447731260968,5.2551430169026006
0.0501851851851851,0.005338923955837199,5.338923955837199,0.0105940669727398,10.594066972739842,-600.0,-526.447731260968,5.2551430169026006
0.0503703703703703,0.0053602613103707,5.3602613103707,0.0106154043272733,10.6154043272733,-600.0,-526.447731260968,5.2551430169026006
0.0505555555555555,0.0053816127901281,5.3816127901281,0.0106367558070307,10.636755807030728,-600.0,-526.447731260968,5.2551430169026006
0.0507407407407407,0.0054029784231992,5.4029784231992,0.0106581214401018,10.658121440101814,-600.0,-526.447731260968,5.2551430169026006
0.0509259259259259,0.005424358237766799,5.424358237766799,0.0106795012546694,10.67950125466946,-600.0,-526.447731260968,5.2551430169026006
0.0511111111111111,0.0054457522621076,5.4457522621076,0.0107008952790102,10.700895279010233,-600.0,-526.447731260968,5.2551430169026006
0.0512962962962962,0.0054671605245921,5.4671605245921,0.0107223035414947,10.722303541494789,-600.0,-526.447731260968,5.2551430169026006
0.0514814814814814,0.005488583053685699,5.488583053685699,0.0107437260705883,10.743726070588316,-600.0,-526.447731260968,5.2551430169026006
0.0516666666666666,0.0055100198779483,5.5100198779483,0.0107651628948509,10.765162894850976,-600.0,-526.447731260968,5.2551430169026006
0.0518518518518518,0.0055314710260357,5.5314710260357005,0.0107866140429383,10.786614042938346,-600.0,-526.447731260968,5.2551430169026006
0.052037037037037,0.0055529365266992,5.552936526699201,0.0108080795436018,10.808079543601878,-600.0,-526.447731260968,5.2551430169026006
0.0522222222222222,0.0055744164087867,5.5744164087867,0.0108295594256893,10.829559425689318,-600.0,-526.447731260968,5.2551430169026006
0.0524074074074074,0.0055959107012426,5.595910701242601,0.0108510537181452,10.8510537181452,-600.0,-526.447731260968,5.2551430169026006
0.0525925925925925,0.0056174194331086,5.6174194331086005,0.0108725624500112,10.872562450011277,-600.0,-526.447731260968,5.2551430169026006
0.0527777777777777,0.005638942633524299,5.638942633524299,0.0108940856504269,10.894085650426966,-600.0,-526.447731260968,5.2551430169026006
0.0529629629629629,0.005660480331727199,5.660480331727199,0.0109156233486298,10.915623348629834,-600.0,-526.447731260968,5.2551430169026006
0.0531481481481481,0.005682032557053399,5.682032557053399,0.010937175573956,10.937175573956052,-600.0,-526.447731260968,5.2551430169026006
0.0533333333333333,0.0057035993389382,5.7035993389382,0.0109587423558408,10.958742355840862,-600.0,-526.447731260968,5.2551430169026006
0.0535185185185185,0.005725180706916399,5.725180706916399,0.010980323723819,10.980323723819035,-600.0,-526.447731260968,5.2551430169026006
0.0537037037037037,0.005746776690622699,5.746776690622699,0.0110019197075253,11.001919707525364,-600.0,-526.447731260968,5.2551430169026006
0.0538888888888888,0.0057683873197925005,5.768387319792501,0.0110235303366951,11.023530336695131,-600.0,-526.447731260968,5.2551430169026006
0.054074074074074,0.005790012624261899,5.790012624261899,0.0110451556411645,11.04515564116456,-600.0,-526.447731260968,5.2551430169026006
0.0542592592592592,0.0058116526339687,5.8116526339687,0.0110667956508713,11.066795650871333,-600.0,-526.447731260968,5.2551430169026006
0.0544444444444444,0.005833307378952399,5.833307378952399,0.011088450395855,11.088450395855066,-600.0,-526.447731260968,5.2551430169026006
0.0546296296296296,0.0058549768893551,5.8549768893551,0.0111101199062577,11.11011990625776,-600.0,-526.447731260968,5.2551430169026006
0.0548148148148148,0.0058766611954217006,5.8766611954217005,0.0111318042123243,11.131804212324363,-600.0,-526.447731260968,5.2551430169026006
0.055,0.0058983603275005,5.8983603275005,0.0111535033444031,11.15350334440318,-600.0,-526.447731260968,5.2551430169026006
0.0551851851851851,0.0059200743160438005,5.9200743160438005,0.0111752173329464,11.175217332946422,-600.0,-526.447731260968,5.2551430169026006
0.0553703703703703,0.005941803191608,5.941803191608,0.0111969462085106,11.196946208510685,-600.0,-526.447731260968,5.2551430169026006
0.0555555555555555,0.005963546984854799,5.9635469848547995,0.0112186900017574,11.218690001757466,-600.0,-526.447731260968,5.2551430169026006
0.0557407407407407,0.005985305726550999,5.985305726550999,0.0112404487434536,11.240448743453657,-600.0,-526.447731260968,5.2551430169026006
0.0559259259259259,0.006007079447569399,6.007079447569399,0.011262222464472,11.26222246447203,-600.0,-526.447731260968,5.2551430169026006
0.0561111111111111,0.006028868178889199,6.0288681788892,0.0112840111957918,11.284011195791807,-600.0,-526.447731260968,5.2551430169026006
0.0562962962962962,0.006050671951596499,6.050671951596499,0.0113058149684991,11.305814968499114,-600.0,-526.447731260968,5.2551430169026006
0.0564814814814814,0.006072490796884899,6.072490796884899,0.0113276338137875,11.327633813787545,-600.0,-526.447731260968,5.2551430169026006
0.0566666666666666,0.006094324746055999,6.094324746055999,0.0113494677629586,11.34946776295863,-600.0,-526.447731260968,5.2551430169026006
0.0568518518518518,0.0061161738305198,6.1161738305198,0.0113713168474224,11.371316847422426,-600.0,-526.447731260968,5.2551430169026006
0.057037037037037,0.006138038081795299,6.138038081795299,0.0113931810986979,11.393181098697983,-600.0,-526.447731260968,5.2551430169026006
0.0572222222222222,0.0061599175315113,6.1599175315113,0.0114150605484139,11.41506054841391,-600.0,-526.447731260968,5.2551430169026006
0.0574074074074074,0.0061818122114063,6.181812211406299,0.0114369552283089,11.4369552283089,-600.0,-526.447731260968,5.2551430169026006
0.0575925925925925,0.0062037221533296,6.2037221533296,0.0114588651702322,11.45886517023226,-600.0,-526.447731260968,5.2551430169026006
0.0577777777777777,0.0062256473892418,6.2256473892418,0.0114807904061444,11.480790406144465,-600.0,-526.447731260968,5.2551430169026006
0.0579629629629629,0.006247587951214999,6.2475879512149985,0.0115027309681176,11.502730968117673,-600.0,-526.447731260968,5.2551430169026006
0.0581481481481481,0.006269543871433699,6.269543871433699,0.0115246868883363,11.524686888336328,-600.0,-526.447731260968,5.2551430169026006
0.0583333333333333,0.0062915151821950005,6.291515182195001,0.0115466581990976,11.546658199097651,-600.0,-526.447731260968,5.2551430169026006
0.0585185185185185,0.0063135019159096,6.3135019159096,0.0115686449328122,11.568644932812234,-600.0,-526.447731260968,5.2551430169026006
0.0587037037037037,0.006335504105101899,6.335504105101899,0.0115906471220045,11.590647122004569,-600.0,-526.447731260968,5.2551430169026006
0.0588888888888888,0.006357521782410999,6.357521782410999,0.0116126647993136,11.61266479931363,-600.0,-526.447731260968,5.2551430169026006
0.059074074074074,0.0063795549805907995,6.379554980590799,0.0116346979974934,11.634697997493433,-600.0,-526.447731260968,5.2551430169026006
0.0592592592592592,0.006401603732510999,6.401603732510999,0.0116567467494136,11.656746749413614,-600.0,-526.447731260968,5.2551430169026006
0.0594444444444444,0.0064236680711573,6.4236680711573,0.0116788110880599,11.678811088059964,-600.0,-526.447731260968,5.2551430169026006
0.0596296296296296,0.006445748029632399,6.4457480296324,0.011700891046535,11.70089104653506,-600.0,-526.447731260968,5.2551430169026006
0.0598148148148148,0.0064678436411561005,6.467843641156101,0.0117229866580587,11.722986658058788,-600.0,-526.447731260968,5.2551430169026006
0.06,0.0064899549390663005,6.4899549390663,0.0117450979559689,11.745097955968976,-600.0,-526.447731260968,5.2551430169026006
0.0601851851851851,0.006512081956819299,6.5120819568193,0.0117672249737219,11.767224973721948,-600.0,-526.447731260968,5.2551430169026006
0.0603703703703703,0.0065342247279905,6.5342247279905,0.0117893677448931,11.789367744893124,-600.0,-526.447731260968,5.2551430169026006
0.0605555555555555,0.006556383286275,6.556383286275,0.0118115263031776,11.811526303177615,-600.0,-526.447731260968,5.2551430169026006
0.0607407407407407,0.006578557665488199,6.578557665488199,0.0118337006823908,11.833700682390836,-600.0,-526.447731260968,5.2551430169026006
0.0609259259259259,0.0066007478995664,6.6007478995664,0.011855890916469,11.855890916469065,-600.0,-526.447731260968,5.2551430169026006
0.0611111111111111,0.006622954022567499,6.622954022567499,0.0118780970394701,11.878097039470106,-600.0,-526.447731260968,5.2551430169026006
0.0612962962962962,0.006645176068671199,6.645176068671199,0.0119003190855738,11.900319085573845,-600.0,-526.447731260968,5.2551430169026006
0.0614814814814814,0.006667414072180299,6.667414072180299,0.0119225570890829,11.92255708908292,-600.0,-526.447731260968,5.2551430169026006
0.0616666666666666,0.0066896680675206,6.689668067520601,0.0119448110844232,11.944811084423272,-600.0,-526.447731260968,5.2551430169026006
0.0618518518518518,0.0067119380892422,6.7119380892422,0.0119670811061448,11.967081106144835,-600.0,-526.447731260968,5.2551430169026006
0.062037037037037,0.006734224172019499,6.734224172019499,0.0119893671889221,11.989367188922111,-600.0,-526.447731260968,5.2551430169026006
0.0622222222222222,0.0067565263506522,6.7565263506522,0.0120116693675548,12.011669367554822,-600.0,-526.447731260968,5.2551430169026006
0.0624074074074074,0.0067788446600658995,6.778844660065899,0.0120339876769685,12.033987676968533,-600.0,-526.447731260968,5.2551430169026006
0.0625925925925925,0.0068011791353127,6.8011791353127,0.0120563221522153,12.056322152215309,-600.0,-526.447731260968,5.2551430169026006
0.0627777777777777,0.0068235298115717,6.823529811571699,0.0120786728284743,12.078672828474351,-600.0,-526.447731260968,5.2551430169026006
0.0629629629629629,0.00684589672415,6.84589672415,0.0121010397410526,12.101039741052617,-600.0,-526.447731260968,5.2551430169026006
0.0631481481481481,0.006868279908482899,6.868279908482899,0.0121234229253855,12.12342292538552,-600.0,-526.447731260968,5.2551430169026006
0.0633333333333333,0.0068906794001349,6.8906794001349,0.0121458224170375,12.145822417037513,-600.0,-526.447731260968,5.2551430169026006
0.0635185185185185,0.0069130952348002,6.9130952348002,0.0121682382517028,12.168238251702832,-600.0,-526.447731260968,5.2551430169026006
0.0637037037037037,0.0069355274483035,6.9355274483035,0.0121906704652061,12.19067046520611,-600.0,-526.447731260968,5.2551430169026006
0.0638888888888888,0.0069579760766004,6.9579760766004,0.012213119093503,12.213119093503034,-600.0,-526.447731260968,5.2551430169026006
0.064074074074074,0.0069804411557784,6.9804411557784,0.012235584172681,12.235584172681063,-600.0,-526.447731260968,5.2551430169026006
0.0642592592592592,0.007002922722057399,7.0029227220573995,0.01225806573896,12.25806573896005,-600.0,-526.447731260968,5.2551430169026006
0.0644444444444444,0.0070254208117903,7.0254208117903,0.0122805638286929,12.280563828692992,-600.0,-526.447731260968,5.2551430169026006
0.0646296296296296,0.007047935461464,7.047935461464,0.0123030784783666,12.303078478366627,-600.0,-526.447731260968,5.2551430169026006
0.0648148148148148,0.0070704667076996,7.0704667076996,0.0123256097246022,12.325609724602224,-600.0,-526.447731260968,5.2551430169026006
0.065,0.0070930145872535,7.0930145872535,0.0123481576041561,12.348157604156182,-600.0,-526.447731260968,5.2551430169026006
0.0651851851851851,0.0071155791370180995,7.115579137018099,0.0123707221539207,12.370722153920797,-600.0,-526.447731260968,5.2551430169026006
0.0653703703703703,0.007138160394022299,7.138160394022299,0.0123933034109249,12.393303410924949,-600.0,-526.447731260968,5.2551430169026006
0.0655555555555555,0.007160758395432099,7.160758395432099,0.0124159014123347,12.415901412334792,-600.0,-526.447731260968,5.2551430169026006
0.0657407407407407,0.007183373178551799,7.183373178551799,0.0124385161954544,12.438516195454492,-600.0,-526.447731260968,5.2551430169026006
0.0659259259259259,0.0072060047808243,7.2060047808243,0.0124611477977269,12.46114779772693,-600.0,-526.447731260968,5.2551430169026006
0.0661111111111111,0.007228653239831799,7.228653239831799,0.0124837962567344,12.483796256734434,-600.0,-526.447731260968,5.2551430169026006
0.0662962962962963,0.0072513185932969,7.2513185932969,0.0125064616101995,12.5064616101995,-600.0,-526.447731260968,5.2551430169026006
0.0664814814814814,0.0072740008790829,7.274000879082901,0.0125291438959855,12.52914389598552,-600.0,-526.447731260968,5.2551430169026006
0.0666666666666666,0.007296700135194899,7.296700135194899,0.0125518431520975,12.551843152097552,-600.0,-526.447731260968,5.2551430169026006
0.0668518518518518,0.007319416399780399,7.319416399780399,0.012574559416683,12.574559416683018,-600.0,-526.447731260968,5.2551430169026006
0.067037037037037,0.007342149711129799,7.3421497111297995,0.0125972927280324,12.597292728032476,-600.0,-526.447731260968,5.2551430169026006
0.0672222222222222,0.0073649001076777,7.3649001076777,0.0126200431245803,12.620043124580375,-600.0,-526.447731260968,5.2551430169026006
0.0674074074074074,0.0073876676280031995,7.387667628003199,0.0126428106449058,12.642810644905817,-600.0,-526.447731260968,5.2551430169026006
0.0675925925925925,0.0074104523108306,7.4104523108306,0.0126655953277332,12.665595327733296,-600.0,-526.447731260968,5.2551430169026006
0.0677777777777777,0.0074332541950308,7.4332541950308,0.0126883972119334,12.688397211933491,-600.0,-526.447731260968,5.2551430169026006
0.0679629629629629,0.0074560733196214,7.4560733196214,0.012711216336524,12.711216336524023,-600.0,-526.447731260968,5.2551430169026006
0.0681481481481481,0.007478909723767599,7.478909723767599,0.0127340527406702,12.734052740670256,-600.0,-526.447731260968,5.2551430169026006
0.0683333333333333,0.007501763446783399,7.501763446783399,0.012756906463686,12.756906463686043,-600.0,-526.447731260968,5.2551430169026006
0.0685185185185185,0.007524634528131899,7.524634528131899,0.0127797775450345,12.779777545034568,-600.0,-526.447731260968,5.2551430169026006
0.0687037037037037,0.007547523007426399,7.547523007426399,0.012802666024329,12.802666024329096,-600.0,-526.447731260968,5.2551430169026006
0.0688888888888888,0.007570428924431099,7.570428924431099,0.0128255719413337,12.825571941333791,-600.0,-526.447731260968,5.2551430169026006
0.069074074074074,0.0075933523190619,7.593352319061901,0.0128484953359645,12.84849533596452,-600.0,-526.447731260968,5.2551430169026006
0.0692592592592592,0.007616293231387,7.616293231387,0.0128714362482896,12.871436248289664,-600.0,-526.447731260968,5.2551430169026006
0.0694444444444444,0.007639251701628299,7.639251701628299,0.0128943947185309,12.89439471853096,-600.0,-526.447731260968,5.2551430169026006
0.0696296296296296,0.007662227770161599,7.662227770161599,0.0129173707870642,12.917370787064256,-600.0,-526.447731260968,5.2551430169026006
0.0698148148148148,0.0076852214775177995,7.6852214775178,0.0129403644944204,12.94036449442043,-600.0,-526.447731260968,5.2551430169026006
0.0699999999999999,0.0077082328643835,7.7082328643835005,0.0129633758812861,12.963375881286138,-600.0,-526.447731260968,5.2551430169026006
0.0701851851851851,0.0077312619716021,7.7312619716021,0.0129864049885047,12.986404988504724,-600.0,-526.447731260968,5.2551430169026006
0.0703703703703703,0.007754308840174399,7.754308840174399,0.013009451857077,13.009451857077028,-600.0,-526.447731260968,5.2551430169026006
0.0705555555555555,0.0077773735112596,7.777373511259601,0.0130325165281622,13.03251652816223,-600.0,-526.447731260968,5.2551430169026006
0.0707407407407407,0.007800456026176099,7.800456026176099,0.0130555990430787,13.055599043078743,-600.0,-526.447731260968,5.2551430169026006
0.0709259259259259,0.007823556426402398,7.823556426402399,0.013078699443305,13.078699443305032,-600.0,-526.447731260968,5.2551430169026006
0.0711111111111111,0.0078466747535779,7.8466747535779,0.0131018177704805,13.10181777048054,-600.0,-526.447731260968,5.2551430169026006
0.0712962962962962,0.007869811049503898,7.869811049503898,0.0131249540664065,13.12495406640651,-600.0,-526.447731260968,5.2551430169026006
0.0714814814814814,0.0078929653561442,7.892965356144199,0.0131481083730468,13.148108373046892,-600.0,-526.447731260968,5.2551430169026006
0.0716666666666666,0.0079161377156266,7.9161377156266,0.0131712807325292,13.171280732529226,-600.0,-526.447731260968,5.2551430169026006
0.0718518518518518,0.007939328170242899,7.939328170242899,0.0131944711871455,13.194471187145542,-600.0,-526.447731260968,5.2551430169026006
0.072037037037037,0.007962536762450598,7.962536762450599,0.0132176797793532,13.21767977935326,-600.0,-526.447731260968,5.2551430169026006
0.0722222222222222,0.007985763534873399,7.985763534873399,0.013240906551776,13.24090655177607,-600.0,-526.447731260968,5.2551430169026006
0.0724074074074074,0.0080090085303023,8.0090085303023,0.0132641515472049,13.264151547204907,-600.0,-526.447731260968,5.2551430169026006
0.0725925925925925,0.008032271791696199,8.032271791696198,0.0132874148085988,13.2874148085988,-600.0,-526.447731260968,5.2551430169026006
0.0727777777777777,0.0080555533621832,8.0555533621832,0.0133106963790858,13.310696379085842,-600.0,-526.447731260968,5.2551430169026006
0.0729629629629629,0.0080788532850615,8.078853285061498,0.0133339963019641,13.333996301964117,-600.0,-526.447731260968,5.2551430169026006
0.0731481481481481,0.008102171603800001,8.102171603800002,0.0133573146207026,13.357314620702612,-600.0,-526.447731260968,5.2551430169026006
0.0733333333333333,0.0081255083620396,8.1255083620396,0.0133806513789422,13.380651378942208,-600.0,-526.447731260968,5.2551430169026006
0.0735185185185185,0.0081488636035939,8.1488636035939,0.0134040066204965,13.4040066204966,-600.0,-526.447731260968,5.2551430169026006
0.0737037037037037,0.0081722373724506,8.172237372450601,0.0134273803893532,13.427380389353273,-600.0,-526.447731260968,5.2551430169026006
0.0738888888888888,0.0081956297127718,8.1956297127718,0.0134507727296744,13.450772729674446,-600.0,-526.447731260968,5.2551430169026006
0.074074074074074,0.008219040668895401,8.219040668895401,0.013474183685798,13.474183685798076,-600.0,-526.447731260968,5.2551430169026006
0.0742592592592592,0.0082424702853362,8.2424702853362,0.0134976133022388,13.497613302238822,-600.0,-526.447731260968,5.2551430169026006
0.0744444444444444,0.0082659186067864,8.2659186067864,0.013521061623689,13.521061623689029,-600.0,-526.447731260968,5.2551430169026006
0.0746296296296296,0.0082893856781171,8.2893856781171,0.0135445286950197,13.544528695019729,-600.0,-526.447731260968,5.2551430169026006
0.0748148148148148,0.008312871544379,8.312871544379,0.0135680145612816,13.56801456128164,-600.0,-526.447731260968,5.2551430169026006
0.075,0.008336376250803499,8.336376250803498,0.0135915192677061,13.591519267706188,-600.0,-526.447731260968,5.2551430169026006
0.0751851851851851,0.0083598998428038,8.359899842803799,0.0136150428597064,13.615042859706495,-600.0,-526.447731260968,5.2551430169026006
0.0753703703703703,0.0083834423659758,8.3834423659758,0.0136385853828784,13.63858538287844,-600.0,-526.447731260968,5.2551430169026006
0.0755555555555555,0.008407003866099001,8.407003866099002,0.0136621468830016,13.662146883001643,-600.0,-526.447731260968,5.2551430169026006
0.0757407407407407,0.0084305843891379,8.4305843891379,0.0136857274060405,13.685727406040556,-600.0,-526.447731260968,5.2551430169026006
0.0759259259259259,0.0084541839812428,8.4541839812428,0.0137093269981454,13.709326998145466,-600.0,-526.447731260968,5.2551430169026006
0.0761111111111111,0.0084778026887509,8.4778026887509,0.0137329457056535,13.732945705653574,-600.0,-526.447731260968,5.2551430169026006
0.0762962962962962,0.008501440558187398,8.501440558187397,0.01375658357509,13.75658357509005,-600.0,-526.447731260968,5.2551430169026006
0.0764814814814814,0.0085250976362665,8.5250976362665,0.0137802406531691,13.7802406531691,-600.0,-526.447731260968,5.2551430169026006
0.0766666666666666,0.008548773969892398,8.548773969892398,0.013803916986795,13.803916986795034,-600.0,-526.447731260968,5.2551430169026006
0.0768518518518518,0.0085724696061607,8.5724696061607,0.0138276126230633,13.82761262306338,-600.0,-526.447731260968,5.2551430169026006
0.077037037037037,0.0085961845923593,8.5961845923593,0.0138513276092619,13.85132760926194,-600.0,-526.447731260968,5.2551430169026006
0.0772222222222222,0.0086199189759693,8.619918975969298,0.0138750619928719,13.875061992871917,-600.0,-526.447731260968,5.2551430169026006
0.0774074074074074,0.008643672804666401,8.643672804666402,0.013898815821569,13.89881582156901,-600.0,-526.447731260968,5.2551430169026006
0.0775925925925925,0.0086674461263219,8.6674461263219,0.0139225891432245,13.92258914322455,-600.0,-526.447731260968,5.2551430169026006
0.0777777777777777,0.008691238989004,8.691238989004,0.0139463820059066,13.946382005906612,-600.0,-526.447731260968,5.2551430169026006
0.0779629629629629,0.008715051440978498,8.715051440978499,0.0139701944578811,13.97019445788112,-600.0,-526.447731260968,5.2551430169026006
0.0781481481481481,0.008738883530710399,8.738883530710398,0.013994026547613,13.994026547613062,-600.0,-526.447731260968,5.2551430169026006
0.0783333333333333,0.008762735306864899,8.762735306864899,0.0140178783237675,14.017878323767563,-600.0,-526.447731260968,5.2551430169026006
0.0785185185185185,0.0087866068183085,8.786606818308499,0.0140417498352111,14.041749835211103,-600.0,-526.447731260968,5.2551430169026006
0.0787037037037037,0.00881049811411,8.810498114109999,0.0140656411310126,14.065641131012658,-600.0,-526.447731260968,5.2551430169026006
0.0788888888888888,0.008834409243542198,8.834409243542199,0.0140895522604448,14.089552260444847,-600.0,-526.447731260968,5.2551430169026006
0.079074074074074,0.008858340256082599,8.858340256082599,0.0141134832729852,14.113483272985212,-600.0,-526.447731260968,5.2551430169026006
0.0792592592592592,0.0088822912014146,8.882291201414601,0.0141374342183172,14.13743421831728,-600.0,-526.447731260968,5.2551430169026006
0.0794444444444444,0.008906262129429299,8.9062621294293,0.0141614051463319,14.16140514633191,-600.0,-526.447731260968,5.2551430169026006
0.0796296296296296,0.008930253090225701,8.930253090225701,0.0141853961071283,14.185396107128373,-600.0,-526.447731260968,5.2551430169026006
0.0798148148148148,0.008954264134112998,8.954264134112998,0.0142094071510156,14.209407151015665,-600.0,-526.447731260968,5.2551430169026006
0.08,0.008978295311610998,8.978295311610998,0.0142334383285136,14.233438328513696,-600.0,-526.447731260968,5.2551430169026006
0.0801851851851851,0.0090023466734519,9.0023466734519,0.0142574896903545,14.257489690354532,-600.0,-526.447731260968,5.2551430169026006
0.0803703703703703,0.009026418270581,9.026418270581,0.0142815612874836,14.28156128748368,-600.0,-526.447731260968,5.2551430169026006
0.0805555555555555,0.0090505101541586,9.0505101541586,0.0143056531710612,14.305653171061287,-600.0,-526.447731260968,5.2551430169026006
0.0807407407407407,0.009074622375560799,9.074622375560798,0.0143297653924634,14.329765392463482,-600.0,-526.447731260968,5.2551430169026006
0.0809259259259259,0.009098754986380901,9.098754986380902,0.0143538980032835,14.353898003283572,-600.0,-526.447731260968,5.2551430169026006
0.0811111111111111,0.009122908038430699,9.1229080384307,0.0143780510553333,14.378051055333382,-600.0,-526.447731260968,5.2551430169026006
0.0812962962962963,0.0091470815837419,9.1470815837419,0.0144022246006445,14.402224600644564,-600.0,-526.447731260968,5.2551430169026006
0.0814814814814814,0.0091712756745672,9.1712756745672,0.0144264186914698,14.42641869146986,-600.0,-526.447731260968,5.2551430169026006
0.0816666666666666,0.009195490363381801,9.1954903633818,0.0144506333802844,14.450633380284462,-600.0,-526.447731260968,5.2551430169026006
0.0818518518518518,0.0092197257028846,9.219725702884599,0.0144748687197872,14.474868719787288,-600.0,-526.447731260968,5.2551430169026006
0.082037037037037,0.009243981745999701,9.243981745999701,0.0144991247629023,14.499124762902392,-600.0,-526.447731260968,5.2551430169026006
0.0822222222222222,0.009268258545877598,9.268258545877599,0.0145234015627802,14.523401562780256,-600.0,-526.447731260968,5.2551430169026006
0.0824074074074074,0.009292556155896501,9.2925561558965,0.0145476991727991,14.54769917279916,-600.0,-526.447731260968,5.2551430169026006
0.0825925925925925,0.0093168746296639,9.3168746296639,0.0145720176465665,14.572017646566565,-600.0,-526.447731260968,5.2551430169026006
0.0827777777777777,0.009341214021017799,9.3412140210178,0.0145963570379204,14.59635703792048,-600.0,-526.447731260968,5.2551430169026006
0.0829629629629629,0.0093655743840282,9.3655743840282,0.0146207174009308,14.620717400930864,-600.0,-526.447731260968,5.2551430169026006
0.0831481481481481,0.0093899557729984,9.3899557729984,0.014645098789901,14.64509878990101,-600.0,-526.447731260968,5.2551430169026006
0.0833333333333333,0.009414358242466298,9.414358242466298,0.0146695012593689,14.669501259368989,-600.0,-526.447731260968,5.2551430169026006
0.0835185185185185,0.009438781847206399,9.4387818472064,0.014693924864109,14.69392486410902,-600.0,-526.447731260968,5.2551430169026006
0.0837037037037037,0.009463226642230298,9.463226642230298,0.0147183696591329,14.718369659132977,-600.0,-526.447731260968,5.2551430169026006
0.0838888888888888,0.009487692682789099,9.487692682789099,0.0147428356996917,14.742835699691751,-600.0,-526.447731260968,5.2551430169026006
0.084074074074074,0.009512180024374099,9.512180024374098,0.0147673230412767,14.767323041276796,-600.0,-526.447731260968,5.2551430169026006
0.0842592592592592,0.0095366887227189,9.5366887227189,0.0147918317396215,14.791831739621516,-600.0,-526.447731260968,5.2551430169026006
0.0844444444444444,0.009561218833800098,9.561218833800098,0.0148163618507027,14.816361850702789,-600.0,-526.447731260968,5.2551430169026006
0.0846296296296296,0.0095857704138398,9.5857704138398,0.0148409134307424,14.840913430742471,-600.0,-526.447731260968,5.2551430169026006
0.0848148148148148,0.009610343519306199,9.610343519306198,0.0148654865362088,14.865486536208849,-600.0,-526.447731260968,5.2551430169026006
0.0849999999999999,0.009634938206915598,9.634938206915598,0.0148900812238182,14.8900812238182,-600.0,-526.447731260968,5.2551430169026006
0.0851851851851851,0.0096595545336337,9.6595545336337,0.0149146975505363,14.914697550536305,-600.0,-526.447731260968,5.2551430169026006
0.0853703703703703,0.0096841925566773,9.6841925566773,0.0149393355735799,14.939335573579994,-600.0,-526.447731260968,5.2551430169026006
0.0855555555555555,0.009708852333516,9.708852333516,0.0149639953504186,14.963995350418676,-600.0,-526.447731260968,5.2551430169026006
0.0857407407407407,0.009733533921873299,9.733533921873299,0.0149886769387759,14.98867693877593,-600.0,-526.447731260968,5.2551430169026006
0.0859259259259259,0.009758237379728401,9.758237379728401,0.015013380396631,15.013380396631058,-600.0,-526.447731260968,5.2551430169026006
0.0861111111111111,0.009782962765318,9.782962765317999,0.0150381057822206,15.038105782220695,-600.0,-526.447731260968,5.2551430169026006
0.0862962962962962,0.009807710137137798,9.807710137137798,0.0150628531540404,15.062853154040411,-600.0,-526.447731260968,5.2551430169026006
0.0864814814814814,0.009832479553943601,9.832479553943601,0.0150876225708462,15.08762257084628,-600.0,-526.447731260968,5.2551430169026006
0.0866666666666666,0.009857271074753898,9.857271074753898,0.0151124140916565,15.112414091656587,-600.0,-526.447731260968,5.2551430169026006
0.0868518518518518,0.0098820847588507,9.8820847588507,0.0151372277757533,15.137227775753397,-600.0,-526.447731260968,5.2551430169026006
0.087037037037037,0.0099069206657816,9.9069206657816,0.0151620636826842,15.162063682684249,-600.0,-526.447731260968,5.2551430169026006
0.0872222222222222,0.0099317788553611,9.9317788553611,0.0151869218722637,15.18692187226379,-600.0,-526.447731260968,5.2551430169026006
0.0874074074074074,0.0099566593876729,9.9566593876729,0.0152118024045755,15.211802404575511,-600.0,-526.447731260968,5.2551430169026006
0.0875925925925925,0.009981562323070698,9.981562323070698,0.0152367053399733,15.23670533997338,-600.0,-526.447731260968,5.2551430169026006
0.0877777777777777,0.0100064877221809,10.0064877221809,0.0152616307390835,15.26163073908359,-600.0,-526.447731260968,5.2551430169026006
0.0879629629629629,0.0100314356459036,10.0314356459036,0.0152865786628062,15.286578662806264,-600.0,-526.447731260968,5.2551430169026006
0.0881481481481481,0.010056406155414501,10.056406155414502,0.0153115491723171,15.31154917231719,-600.0,-526.447731260968,5.2551430169026006
0.0883333333333333,0.010081399312166901,10.081399312166901,0.0153365423290695,15.33654232906958,-600.0,-526.447731260968,5.2551430169026006
0.0885185185185185,0.0101064151778932,10.1064151778932,0.0153615581947958,15.36155819479583,-600.0,-526.447731260968,5.2551430169026006
0.0887037037037037,0.0101314538146067,10.1314538146067,0.0153865968315093,15.386596831509308,-600.0,-526.447731260968,5.2551430169026006
0.0888888888888888,0.010156515284603498,10.156515284603499,0.0154116583015061,15.411658301506131,-600.0,-526.447731260968,5.2551430169026006
0.089074074074074,0.0101815996504643,10.1815996504643,0.0154367426673669,15.436742667366977,-600.0,-526.447731260968,5.2551430169026006
0.0892592592592592,0.010206706975056299,10.2067069750563,0.0154618499919589,15.461849991958925,-600.0,-526.447731260968,5.2551430169026006
0.0894444444444444,0.010231837321534598,10.231837321534599,0.0154869803384372,15.48698033843725,-600.0,-526.447731260968,5.2551430169026006
0.0896296296296296,0.0102569907533447,10.2569907533447,0.0155121337702473,15.512133770247356,-600.0,-526.447731260968,5.2551430169026006
0.0898148148148148,0.0102821673342239,10.2821673342239,0.0155373103511265,15.537310351126564,-600.0,-526.447731260968,5.2551430169026006
0.09,0.0103073671282034,10.307367128203401,0.015562510145106,15.562510145106026,-600.0,-526.447731260968,5.2551430169026006
0.0901851851851851,0.010332590199610001,10.332590199610001,0.0155877332165126,15.58773321651264,-600.0,-526.447731260968,5.2551430169026006
0.0903703703703703,0.0103578366130683,10.357836613068299,0.0156129796299709,15.61297962997095,-600.0,-526.447731260968,5.2551430169026006
0.0905555555555555,0.0103831064335024,10.3831064335024,0.015638249450405,15.638249450405064,-600.0,-526.447731260968,5.2551430169026006
0.0907407407407407,0.010408399726138,10.408399726137999,0.0156635427430406,15.663542743040646,-600.0,-526.447731260968,5.2551430169026006
0.0909259259259259,0.0104337165565042,10.4337165565042,0.0156888595734068,15.688859573406832,-600.0,-526.447731260968,5.2551430169026006
0.0911111111111111,0.0104590569904356,10.459056990435599,0.0157142000073382,15.714200007338242,-600.0,-526.447731260968,5.2551430169026006
0.0912962962962962,0.010484421094074298,10.484421094074298,0.0157395641109769,15.739564110976955,-600.0,-526.447731260968,5.2551430169026006
0.0914814814814814,0.010509808933871899,10.509808933871899,0.0157649519507745,15.76495195077456,-600.0,-526.447731260968,5.2551430169026006
0.0916666666666666,0.010535220576591498,10.535220576591499,0.0157903635934941,15.790363593494128,-600.0,-526.447731260968,5.2551430169026006
0.0918518518518518,0.0105606560893096,10.5606560893096,0.0158157991062122,15.815799106212298,-600.0,-526.447731260968,5.2551430169026006
0.092037037037037,0.010586115539418697,10.586115539418698,0.0158412585563213,15.841258556321378,-600.0,-526.447731260968,5.2551430169026006
0.0922222222222222,0.010611598994628699,10.611598994628698,0.0158667420115313,15.866742011531352,-600.0,-526.447731260968,5.2551430169026006
0.0924074074074074,0.010637106522969397,10.637106522969397,0.015892249539872,15.89224953987203,-600.0,-526.447731260968,5.2551430169026006
0.0925925925925925,0.0106626381927925,10.6626381927925,0.0159177812096951,15.917781209695136,-600.0,-526.447731260968,5.2551430169026006
0.0927777777777777,0.0106881940727739,10.6881940727739,0.0159433370896765,15.9433370896765,-600.0,-526.447731260968,5.2551430169026006
0.0929629629629629,0.0107137742319155,10.7137742319155,0.0159689172488181,15.968917248818151,-600.0,-526.447731260968,5.2551430169026006
0.0931481481481481,0.0107393787395479,10.739378739547899,0.0159945217564505,15.994521756450524,-600.0,-526.447731260968,5.2551430169026006
0.0933333333333333,0.010765007665331998,10.765007665331998,0.0160201506822346,16.02015068223464,-600.0,-526.447731260968,5.2551430169026006
0.0935185185185185,0.010790661079261698,10.790661079261698,0.0160458040961643,16.04580409616433,-600.0,-526.447731260968,5.2551430169026006
0.0937037037037037,0.010816339051665798,10.816339051665798,0.0160714820685684,16.07148206856845,-600.0,-526.447731260968,5.2551430169026006
0.0938888888888888,0.0108420416532105,10.842041653210499,0.0160971846701131,16.097184670113137,-600.0,-526.447731260968,5.2551430169026006
0.094074074074074,0.010867768954901397,10.867768954901397,0.016122911971804,16.122911971804086,-600.0,-526.447731260968,5.2551430169026006
0.0942592592592592,0.0108935210280862,10.8935210280862,0.0161486640449888,16.14866404498882,-600.0,-526.447731260968,5.2551430169026006
0.0944444444444444,0.0109192979444564,10.9192979444564,0.016174440961359,16.174440961359025,-600.0,-526.447731260968,5.2551430169026006
0.0946296296296296,0.0109450997760502,10.9450997760502,0.0162002427929528,16.200242792952842,-600.0,-526.447731260968,5.2551430169026006
0.0948148148148148,0.010970926595254598,10.970926595254598,0.0162260696121572,16.226069612157257,-600.0,-526.447731260968,5.2551430169026006
0.095,0.0109967784748078,10.9967784748078,0.0162519214917104,16.251921491710437,-600.0,-526.447731260968,5.2551430169026006
0.0951851851851851,0.0110226554878015,11.022655487801499,0.0162777985047041,16.277798504704144,-600.0,-526.447731260968,5.2551430169026006
0.0953703703703703,0.011048557707683499,11.0485577076835,0.0163037007245861,16.303700724586115,-600.0,-526.447731260968,5.2551430169026006
0.0955555555555555,0.011074485208259897,11.074485208259897,0.0163296282251625,16.329628225162537,-600.0,-526.447731260968,5.2551430169026006
0.0957407407407407,0.011100438063697798,11.100438063697798,0.0163555810806004,16.355581080600462,-600.0,-526.447731260968,5.2551430169026006
0.0959259259259259,0.0111264163485277,11.1264163485277,0.0163815593654303,16.381559365430306,-600.0,-526.447731260968,5.2551430169026006
0.0961111111111111,0.0111524201376457,11.1524201376457,0.0164075631545483,16.407563154548335,-600.0,-526.447731260968,5.2551430169026006
0.0962962962962963,0.0111784495063165,11.178449506316499,0.0164335925232191,16.433592523219193,-600.0,-526.447731260968,5.2551430169026006
0.0964814814814814,0.0112045045301758,11.2045045301758,0.0164596475470784,16.45964754707843,-600.0,-526.447731260968,5.2551430169026006
0.0966666666666666,0.011230585285232398,11.230585285232397,0.016485728302135,16.485728302135076,-600.0,-526.447731260968,5.2551430169026006
0.0968518518518518,0.011256691847871599,11.256691847871599,0.0165118348647742,16.511834864774222,-600.0,-526.447731260968,5.2551430169026006
0.097037037037037,0.011282824294857,11.282824294857,0.0165379673117596,16.537967311759655,-600.0,-526.447731260968,5.2551430169026006
0.0972222222222222,0.0113089827033338,11.3089827033338,0.0165641257202364,16.564125720236436,-600.0,-526.447731260968,5.2551430169026006
0.0974074074074074,0.011335167150830997,11.335167150830998,0.0165903101677336,16.59031016773362,-600.0,-526.447731260968,5.2551430169026006
0.0975925925925925,0.011361377715264197,11.361377715264197,0.0166165207321668,16.61652073216689,-600.0,-526.447731260968,5.2551430169026006
0.0977777777777777,0.0113876144749386,11.3876144749386,0.0166427574918412,16.642757491841294,-600.0,-526.447731260968,5.2551430169026006
0.0979629629629629,0.011413877508551298,11.413877508551298,0.0166690205254539,16.669020525453952,-600.0,-526.447731260968,5.2551430169026006
0.0981481481481481,0.011440166895194198,11.440166895194197,0.0166953099120968,16.69530991209681,-600.0,-526.447731260968,5.2551430169026006
0.0983333333333333,0.0114664827143568,11.466482714356799,0.0167216257312594,16.72162573125946,-600.0,-526.447731260968,5.2551430169026006
0.0985185185185185,0.0114928250459292,11.4928250459292,0.0167479680628318,16.747968062831873,-600.0,-526.447731260968,5.2551430169026006
0.0987037037037037,0.011519193970204598,11.519193970204597,0.0167743369871072,16.774336987107286,-600.0,-526.447731260968,5.2551430169026006
0.0988888888888888,0.0115455895678824,11.545589567882399,0.016800732584785,16.800732584785035,-600.0,-526.447731260968,5.2551430169026006
0.099074074074074,0.011572011920070797,11.572011920070798,0.0168271549369734,16.82715493697344,-600.0,-526.447731260968,5.2551430169026006
0.0992592592592592,0.0115984611082901,11.5984611082901,0.0168536041251927,16.85360412519271,-600.0,-526.447731260968,5.2551430169026006
0.0994444444444444,0.0116249372144752,11.6249372144752,0.0168800802313778,16.88008023137789,-600.0,-526.447731260968,5.2551430169026006
0.0996296296296296,0.0116514403209791,11.6514403209791,0.0169065833378817,16.90658333788179,-600.0,-526.447731260968,5.2551430169026006
0.0998148148148148,0.011677970510575397,11.677970510575397,0.016933113527478,16.933113527478028,-600.0,-526.447731260968,5.2551430169026006
0.0999999999999999,0.011704527866461298,11.704527866461298,0.0169596708833639,16.959670883363977,-600.0,-526.447731260968,5.2551430169026006
0.1001851851851851,0.011731112472261197,11.731112472261197,0.0169862554891638,16.986255489163867,-600.0,-526.447731260968,5.2551430169026006
0.1003703703703703,0.0117577244120292,11.7577244120292,0.0170128674289318,17.012867428931838,-600.0,-526.447731260968,5.2551430169026006
0.1005555555555555,0.0117843637702524,11.7843637702524,0.017039506787155,17.039506787155034,-600.0,-526.447731260968,5.2551430169026006
0.1007407407407407,0.0118110306318541,11.8110306318541,0.0170661736487567,17.06617364875673,-600.0,-526.447731260968,5.2551430169026006
0.1009259259259259,0.011837725082196798,11.837725082196798,0.0170928680990994,17.092868099099498,-600.0,-526.447731260968,5.2551430169026006
0.1011111111111111,0.0118644472070857,11.8644472070857,0.0171195902239883,17.119590223988393,-600.0,-526.447731260968,5.2551430169026006
0.1012962962962962,0.011891197092771498,11.891197092771497,0.0171463401096741,17.146340109674185,-600.0,-526.447731260968,5.2551430169026006
0.1014814814814814,0.0119179748259539,11.9179748259539,0.0171731178428565,17.17311784285658,-600.0,-526.447731260968,5.2551430169026006
0.1016666666666666,0.0119447804937849,11.9447804937849,0.0171999235106875,17.199923510687526,-600.0,-526.447731260968,5.2551430169026006
0.1018518518518518,0.011971614183871798,11.971614183871798,0.0172267572007744,17.22675720077448,-600.0,-526.447731260968,5.2551430169026006
0.102037037037037,0.0119984759842812,11.9984759842812,0.0172536190011838,17.253619001183814,-600.0,-526.447731260968,5.2551430169026006
0.1022222222222222,0.012025365983541498,12.025365983541498,0.0172805090004441,17.280509000444123,-600.0,-526.447731260968,5.2551430169026006
0.1024074074074074,0.012052284270646998,12.052284270646998,0.0173074272875496,17.307427287549668,-600.0,-526.447731260968,5.2551430169026006
0.1025925925925925,0.012079230935061098,12.079230935061098,0.0173343739519637,17.334373951963798,-600.0,-526.447731260968,5.2551430169026006
0.1027777777777777,0.012106206066719798,12.106206066719798,0.0173613490836224,17.361349083622407,-600.0,-526.447731260968,5.2551430169026006
0.1029629629629629,0.0121332097560348,12.1332097560348,0.0173883527729374,17.38835277293748,-600.0,-526.447731260968,5.2551430169026006
0.1031481481481481,0.012160242093897898,12.160242093897898,0.0174153851108005,17.415385110800564,-600.0,-526.447731260968,5.2551430169026006
0.1033333333333333,0.0121873031716838,12.1873031716838,0.0174424461885864,17.442446188586405,-600.0,-526.447731260968,5.2551430169026006
0.1035185185185185,0.0122143930812538,12.2143930812538,0.0174695360981564,17.46953609815649,-600.0,-526.447731260968,5.2551430169026006
0.1037037037037037,0.012241511914960097,12.241511914960098,0.0174966549318627,17.496654931862725,-600.0,-526.447731260968,5.2551430169026006
0.1038888888888888,0.012268659765648497,12.268659765648497,0.0175238027825511,17.523802782551105,-600.0,-526.447731260968,5.2551430169026006
0.104074074074074,0.0122958367266628,12.2958367266628,0.0175509797435654,17.550979743565403,-600.0,-526.447731260968,5.2551430169026006
0.1042592592592592,0.0123230428918483,12.3230428918483,0.0175781859087509,17.578185908750914,-600.0,-526.447731260968,5.2551430169026006
0.1044444444444444,0.012350278355555598,12.350278355555599,0.0176054213724582,17.605421372458284,-600.0,-526.447731260968,5.2551430169026006
0.1046296296296296,0.012377543212644598,12.377543212644598,0.0176326862295472,17.63268622954725,-600.0,-526.447731260968,5.2551430169026006
0.1048148148148148,0.0124048375584879,12.4048375584879,0.0176599805753905,17.659980575390556,-600.0,-526.447731260968,5.2551430169026006
0.105,0.012432161488975198,12.432161488975197,0.0176873045058778,17.68730450587783,-600.0,-526.447731260968,5.2551430169026006
0.1051851851851851,0.012459515100516797,12.459515100516796,0.0177146581174194,17.714658117419486,-600.0,-526.447731260968,5.2551430169026006
0.1053703703703703,0.012486898490048099,12.4868984900481,0.0177420415069507,17.742041506950734,-600.0,-526.447731260968,5.2551430169026006
0.1055555555555555,0.012514311755032897,12.514311755032898,0.0177694547719355,17.76945477193557,-600.0,-526.447731260968,5.2551430169026006
0.1057407407407407,0.012541754993468199,12.5417549934682,0.0177968980103708,17.79689801037082,-600.0,-526.447731260968,5.2551430169026006
0.1059259259259259,0.012569228303887597,12.569228303887597,0.0178243713207902,17.82437132079022,-600.0,-526.447731260968,5.2551430169026006
0.1061111111111111,0.012596731785365897,12.596731785365897,0.0178518748022685,17.85187480226855,-600.0,-526.447731260968,5.2551430169026006
0.1062962962962962,0.012624265537523199,12.624265537523199,0.0178794085544258,17.879408554425833,-600.0,-526.447731260968,5.2551430169026006
0.1064814814814814,0.012651829660528899,12.651829660528898,0.0179069726774315,17.9069726774315,-600.0,-526.447731260968,5.2551430169026006
0.1066666666666666,0.012679424255106,12.679424255106001,0.0179345672720086,17.934567272008636,-600.0,-526.447731260968,5.2551430169026006
0.1068518518518518,0.012707049422535699,12.707049422535698,0.0179621924394383,17.962192439438336,-600.0,-526.447731260968,5.2551430169026006
0.107037037037037,0.012734705264661299,12.734705264661299,0.0179898482815639,17.989848281563994,-600.0,-526.447731260968,5.2551430169026006
0.1072222222222222,0.012762391883892998,12.762391883892999,0.0180175349007956,18.01753490079567,-600.0,-526.447731260968,5.2551430169026006
0.1074074074074074,0.012790109383211897,12.790109383211897,0.0180452524001145,18.045252400114556,-600.0,-526.447731260968,5.2551430169026006
0.1075925925925925,0.0128178578661748,12.817857866174801,0.0180730008830774,18.07300088307742,-600.0,-526.447731260968,5.2551430169026006
0.1077777777777777,0.012845637436918498,12.845637436918498,0.0181007804538211,18.100780453821123,-600.0,-526.447731260968,5.2551430169026006
0.1079629629629629,0.012873448200164499,12.873448200164498,0.0181285912170671,18.1285912170672,-600.0,-526.447731260968,5.2551430169026006
0.1081481481481481,0.012901290261223799,12.9012902612238,0.0181564332781264,18.156433278126418,-600.0,-526.447731260968,5.2551430169026006
0.1083333333333333,0.012929163726000798,12.929163726000798,0.0181843067429034,18.184306742903463,-600.0,-526.447731260968,5.2551430169026006
0.1085185185185185,0.012957068700999,12.957068700999,0.0182122117179016,18.212211717901663,-600.0,-526.447731260968,5.2551430169026006
0.1087037037037037,0.012985005293325,12.985005293325,0.0182401483102276,18.24014831022768,-600.0,-526.447731260968,5.2551430169026006
0.1088888888888888,0.013012973610693698,13.012973610693697,0.0182681166275963,18.26811662759632,-600.0,-526.447731260968,5.2551430169026006
0.109074074074074,0.0130409737614328,13.040973761432799,0.0182961167783354,18.29611677833543,-600.0,-526.447731260968,5.2551430169026006
0.1092592592592592,0.0130690058544881,13.0690058544881,0.0183241488713907,18.324148871390733,-600.0,-526.447731260968,5.2551430169026006
0.1094444444444444,0.013097069999428099,13.097069999428099,0.0183522130163307,18.35221301633079,-600.0,-526.447731260968,5.2551430169026006
0.1096296296296296,0.013125166306449398,13.125166306449398,0.018380309323352,18.38030932335201,-600.0,-526.447731260968,5.2551430169026006
0.1098148148148148,0.0131532948863811,13.153294886381099,0.0184084379032837,18.408437903283705,-600.0,-526.447731260968,5.2551430169026006
0.11,0.013181455850690499,13.181455850690499,0.0184365988675931,18.43659886759314,-600.0,-526.447731260968,5.2551430169026006
0.1101851851851851,0.0132096493114881,13.2096493114881,0.0184647923283907,18.46479232839076,-600.0,-526.447731260968,5.2551430169026006
0.1103703703703703,0.013237875381532697,13.237875381532698,0.0184930183984353,18.49301839843532,-600.0,-526.447731260968,5.2551430169026006
0.1105555555555555,0.0132661341742366,13.2661341742366,0.0185212771911392,18.52127719113923,-600.0,-526.447731260968,5.2551430169026006
0.1107407407407407,0.0132944258036711,13.2944258036711,0.0185495688205737,18.54956882057379,-600.0,-526.447731260968,5.2551430169026006
0.1109259259259259,0.013322750384572,13.322750384572,0.0185778934014746,18.57789340147461,-600.0,-526.447731260968,5.2551430169026006
0.1111111111111111,0.013351108032344398,13.3511080323444,0.018606251049247,18.60625104924705,-600.0,-526.447731260968,5.2551430169026006
0.1112962962962963,0.013379498863068998,13.379498863068997,0.0186346418799716,18.634641879971653,-600.0,-526.447731260968,5.2551430169026006
0.1114814814814814,0.013407922993507099,13.407922993507098,0.0186630660104097,18.66306601040973,-600.0,-526.447731260968,5.2551430169026006
0.1116666666666666,0.0134363805411063,13.436380541106299,0.0186915235580089,18.69152355800896,-600.0,-526.447731260968,5.2551430169026006
0.1118518518518518,0.013464871624006398,13.464871624006399,0.018720014640909,18.72001464090903,-600.0,-526.447731260968,5.2551430169026006
0.112037037037037,0.013493396361044699,13.493396361044699,0.0187485393779473,18.748539377947385,-600.0,-526.447731260968,5.2551430169026006
0.1122222222222222,0.0135219548717623,13.5219548717623,0.0187770978886649,18.777097888664997,-600.0,-526.447731260968,5.2551430169026006
0.1124074074074074,0.013550547276409499,13.5505472764095,0.0188056902933121,18.80569029331217,-600.0,-526.447731260968,5.2551430169026006
0.1125925925925925,0.0135791736959519,13.5791736959519,0.0188343167128545,18.83431671285457,-600.0,-526.447731260968,5.2551430169026006
0.1127777777777777,0.013607834252076397,13.607834252076398,0.018862977268979,18.862977268979023,-600.0,-526.447731260968,5.2551430169026006
0.1129629629629629,0.013636529067197,13.636529067197,0.0188916720840996,18.891672084099696,-600.0,-526.447731260968,5.2551430169026006
0.1131481481481481,0.013665258264461497,13.665258264461498,0.0189204012813641,18.92040128136411,-600.0,-526.447731260968,5.2551430169026006
0.1133333333333333,0.013694021967756698,13.694021967756699,0.0189491649846593,18.949164984659365,-600.0,-526.447731260968,5.2551430169026006
0.1135185185185185,0.013722820301715698,13.722820301715698,0.0189779633186183,18.97796331861832,-600.0,-526.447731260968,5.2551430169026006
0.1137037037037037,0.013751653391723299,13.751653391723298,0.0190067964086259,19.00679640862593,-600.0,-526.447731260968,5.2551430169026006
0.1138888888888888,0.013780521363923,13.780521363923,0.0190356643808256,19.0356643808256,-600.0,-526.447731260968,5.2551430169026006
0.114074074074074,0.013809424345223,13.809424345223,0.0190645673621256,19.064567362125626,-600.0,-526.447731260968,5.2551430169026006
0.1142592592592592,0.013838362463303097,13.838362463303097,0.0190935054802057,19.0935054802057,-600.0,-526.447731260968,5.2551430169026006
0.1144444444444444,0.0138673358466209,13.8673358466209,0.0191224788635235,19.122478863523504,-600.0,-526.447731260968,5.2551430169026006
0.1146296296296296,0.013896344624418699,13.896344624418699,0.0191514876413213,19.15148764132136,-600.0,-526.447731260968,5.2551430169026006
0.1148148148148148,0.0139253889267303,13.925388926730301,0.0191805319436329,19.18053194363291,-600.0,-526.447731260968,5.2551430169026006
0.1149999999999999,0.013954468884387398,13.954468884387397,0.01920961190129,19.209611901290025,-600.0,-526.447731260968,5.2551430169026006
0.1151851851851851,0.0139835846290269,13.9835846290269,0.0192387276459295,19.238727645929547,-600.0,-526.447731260968,5.2551430169026006
0.1153703703703703,0.0140127362930977,14.012736293097701,0.0192678793100003,19.267879310000342,-600.0,-526.447731260968,5.2551430169026006
0.1155555555555555,0.0140419240098676,14.0419240098676,0.0192970670267702,19.29706702677028,-600.0,-526.447731260968,5.2551430169026006
0.1157407407407407,0.014071147913430698,14.071147913430698,0.0193262909303333,19.326290930333368,-600.0,-526.447731260968,5.2551430169026006
0.1159259259259259,0.014100408138714299,14.100408138714299,0.0193555511556169,19.35555115561691,-600.0,-526.447731260968,5.2551430169026006
0.1161111111111111,0.014129704821486198,14.129704821486198,0.0193848478383888,19.384847838388808,-600.0,-526.447731260968,5.2551430169026006
0.1162962962962962,0.014159038098362199,14.159038098362199,0.0194141811152648,19.414181115264885,-600.0,-526.447731260968,5.2551430169026006
0.1164814814814814,0.0141884081068137,14.1884081068137,0.0194435511237163,19.44355112371633,-600.0,-526.447731260968,5.2551430169026006
0.1166666666666666,0.0142178149851746,14.2178149851746,0.0194729580020772,19.47295800207721,-600.0,-526.447731260968,5.2551430169026006
0.1168518518518518,0.0142472588726494,14.2472588726494,0.019502401889552,19.502401889552075,-600.0,-526.447731260968,5.2551430169026006
0.117037037037037,0.014276739909321,14.276739909321,0.0195318829262236,19.531882926223645,-600.0,-526.447731260968,5.2551430169026006
0.1172222222222222,0.014306258236157898,14.306258236157898,0.0195614012530605,19.561401253060584,-600.0,-526.447731260968,5.2551430169026006
0.1174074074074074,0.014335813995022699,14.335813995022699,0.0195909570119253,19.59095701192537,-600.0,-526.447731260968,5.2551430169026006
0.1175925925925925,0.014365407328679598,14.365407328679598,0.0196205503455822,19.62055034558224,-600.0,-526.447731260968,5.2551430169026006
0.1177777777777777,0.0143950383808026,14.3950383808026,0.0196501813977052,19.65018139770524,-600.0,-526.447731260968,5.2551430169026006
0.1179629629629629,0.014424707295983698,14.424707295983698,0.0196798503128863,19.679850312886355,-600.0,-526.447731260968,5.2551430169026006
0.1181481481481481,0.014454414219741099,14.4544142197411,0.0197095572366437,19.70955723664377,-600.0,-526.447731260968,5.2551430169026006
0.1183333333333333,0.014484159298527498,14.484159298527498,0.0197393023154301,19.73930231543017,-600.0,-526.447731260968,5.2551430169026006
0.1185185185185185,0.0145139426797385,14.5139426797385,0.0197690856966411,19.769085696641135,-600.0,-526.447731260968,5.2551430169026006
0.1187037037037037,0.0145437645117211,14.5437645117211,0.0197989075286237,19.798907528623754,-600.0,-526.447731260968,5.2551430169026006
0.1188888888888888,0.0145736249437825,14.5736249437825,0.0198287679606851,19.82876796068515,-600.0,-526.447731260968,5.2551430169026006
0.119074074074074,0.0146035241261986,14.6035241261986,0.0198586671431012,19.85866714310123,-600.0,-526.447731260968,5.2551430169026006
0.1192592592592592,0.014633462210222898,14.633462210222898,0.0198886052271255,19.88860522712556,-600.0,-526.447731260968,5.2551430169026006
0.1194444444444444,0.014663439348095497,14.663439348095498,0.0199185823649981,19.918582364998183,-600.0,-526.447731260968,5.2551430169026006
0.1196296296296296,0.0146934556930522,14.6934556930522,0.0199485987099548,19.9485987099548,-600.0,-526.447731260968,5.2551430169026006
0.1198148148148148,0.0147235113993331,14.7235113993331,0.0199786544162357,19.978654416235766,-600.0,-526.447731260968,5.2551430169026006
0.12,0.0147536066221928,14.7536066221928,0.0200087496390954,20.00874963909541,-600.0,-526.447731260968,5.2551430169026006
0.1201851851851851,0.014783741517908698,14.783741517908698,0.0200388845348113,20.038884534811388,-600.0,-526.447731260968,5.2551430169026006
0.1203703703703703,0.014813916243791497,14.813916243791498,0.0200690592606941,20.06905926069412,-600.0,-526.447731260968,5.2551430169026006
0.1205555555555555,0.014844130958193799,14.8441309581938,0.0200992739750964,20.099273975096438,-600.0,-526.447731260968,5.2551430169026006
0.1207407407407407,0.0148743858205205,14.8743858205205,0.0201295288374231,20.129528837423173,-600.0,-526.447731260968,5.2551430169026006
0.1209259259259259,0.0149046809912384,14.9046809912384,0.020159824008141,20.15982400814109,-600.0,-526.447731260968,5.2551430169026006
0.1211111111111111,0.014935016631886098,14.935016631886098,0.0201901596487887,20.190159648788704,-600.0,-526.447731260968,5.2551430169026006
0.1212962962962962,0.0149653929050838,14.965392905083801,0.0202205359219864,20.220535921986414,-600.0,-526.447731260968,5.2551430169026006
0.1214814814814814,0.014995809974544,14.995809974544,0.0202509529914466,20.25095299144665,-600.0,-526.447731260968,5.2551430169026006
0.1216666666666666,0.0150262680050815,15.0262680050815,0.0202814110219841,20.281411021984123,-600.0,-526.447731260968,5.2551430169026006
0.1218518518518518,0.015056767162623698,15.056767162623698,0.0203119101795263,20.311910179526308,-600.0,-526.447731260968,5.2551430169026006
0.122037037037037,0.0150873076142213,15.0873076142213,0.0203424506311239,20.342450631123945,-600.0,-526.447731260968,5.2551430169026006
0.1222222222222222,0.015117889528059099,15.117889528059099,0.0203730325449617,20.373032544961745,-600.0,-526.447731260968,5.2551430169026006
0.1224074074074074,0.015148513073466499,15.1485130734665,0.0204036560903691,20.40365609036917,-600.0,-526.447731260968,5.2551430169026006
0.1225925925925925,0.0151791784209288,15.1791784209288,0.0204343214378314,20.43432143783141,-600.0,-526.447731260968,5.2551430169026006
0.1227777777777777,0.015209885742097699,15.209885742097699,0.0204650287590003,20.465028759000397,-600.0,-526.447731260968,5.2551430169026006
0.1229629629629629,0.0152406352098034,15.240635209803399,0.020495778226706,20.49577822670604,-600.0,-526.447731260968,5.2551430169026006
0.1231481481481481,0.015271426998065,15.271426998065,0.0205265700149676,20.52657001496761,-600.0,-526.447731260968,5.2551430169026006
0.1233333333333333,0.0153022612821026,15.302261282102599,0.0205574042990052,20.557404299005203,-600.0,-526.447731260968,5.2551430169026006
0.1235185185185185,0.015333138238348698,15.333138238348699,0.0205882812552513,20.58828125525136,-600.0,-526.447731260968,5.2551430169026006
0.1237037037037036,0.0153640580444602,15.364058044460199,0.0206192010613628,20.61920106136283,-600.0,-526.447731260968,5.2551430169026006
0.1238888888888888,0.0153950208793299,15.3950208793299,0.0206501638962325,20.65016389623256,-600.0,-526.447731260968,5.2551430169026006
0.124074074074074,0.0154260269230991,15.4260269230991,0.0206811699400017,20.68116994000173,-600.0,-526.447731260968,5.2551430169026006
0.1242592592592592,0.015457076357169298,15.457076357169298,0.0207122193740719,20.71221937407196,-600.0,-526.447731260968,5.2551430169026006
0.1244444444444444,0.015488169364215099,15.488169364215098,0.0207433123811177,20.74331238111773,-600.0,-526.447731260968,5.2551430169026006
0.1246296296296296,0.015519306128196297,15.519306128196298,0.0207744491450989,20.7744491450989,-600.0,-526.447731260968,5.2551430169026006
0.1248148148148148,0.0155504868343708,15.550486834370801,0.0208056298512734,20.80562985127342,-600.0,-526.447731260968,5.2551430169026006
0.125,0.0155817116693075,15.5817116693075,0.0208368546862101,20.836854686210163,-600.0,-526.447731260968,5.2551430169026006
0.1251851851851851,0.015612980820899298,15.612980820899299,0.0208681238378019,20.868123837801992,-600.0,-526.447731260968,5.2551430169026006
0.1253703703703703,0.0156442944783763,15.6442944783763,0.0208994374952789,20.89943749527892,-600.0,-526.447731260968,5.2551430169026006
0.1255555555555555,0.0156756528323188,15.675652832318798,0.0209307958492214,20.930795849221457,-600.0,-526.447731260968,5.2551430169026006
0.1257407407407407,0.0157070560746716,15.707056074671598,0.0209621990915742,20.9621990915742,-600.0,-526.447731260968,5.2551430169026006
0.1259259259259259,0.0157385043987568,15.738504398756799,0.0209936474156594,20.99364741565947,-600.0,-526.447731260968,5.2551430169026006
0.1261111111111111,0.015769997999288597,15.769997999288597,0.0210251410161912,21.02514101619125,-600.0,-526.447731260968,5.2551430169026006
0.1262962962962963,0.015801537072386598,15.801537072386598,0.0210566800892892,21.056680089289227,-600.0,-526.447731260968,5.2551430169026006
0.1264814814814814,0.0158331218155904,15.833121815590399,0.021088264832493,21.088264832493035,-600.0,-526.447731260968,5.2551430169026006
0.1266666666666666,0.0158647524278741,15.8647524278741,0.0211198954447767,21.119895444776724,-600.0,-526.447731260968,5.2551430169026006
0.1268518518518518,0.015896429109660697,15.896429109660698,0.0211515721265633,21.15157212656333,-600.0,-526.447731260968,5.2551430169026006
0.127037037037037,0.015928152062837098,15.928152062837098,0.0211832950797397,21.183295079739747,-600.0,-526.447731260968,5.2551430169026006
0.1272222222222222,0.015959921490769097,15.959921490769098,0.0212150645076717,21.2150645076717,-600.0,-526.447731260968,5.2551430169026006
0.1274074074074074,0.015991737598316298,15.991737598316298,0.0212468806152189,21.246880615218977,-600.0,-526.447731260968,5.2551430169026006
0.1275925925925926,0.016023600591848198,16.023600591848197,0.0212787436087508,21.27874360875082,-600.0,-526.447731260968,5.2551430169026006
0.1277777777777777,0.016055510679258898,16.055510679258898,0.0213106536961615,21.31065369616156,-600.0,-526.447731260968,5.2551430169026006
0.1279629629629629,0.016087468069983797,16.087468069983796,0.0213426110868864,21.34261108688646,-600.0,-526.447731260968,5.2551430169026006
0.1281481481481481,0.0161194729750151,16.1194729750151,0.0213746159919177,21.3746159919177,-600.0,-526.447731260968,5.2551430169026006
0.1283333333333333,0.016151525606918,16.151525606918,0.0214066686238206,21.406668623820664,-600.0,-526.447731260968,5.2551430169026006
0.1285185185185185,0.0161836261798478,16.1836261798478,0.0214387691967504,21.43876919675042,-600.0,-526.447731260968,5.2551430169026006
0.1287037037037037,0.0162157749095658,16.2157749095658,0.0214709179264684,21.47091792646841,-600.0,-526.447731260968,5.2551430169026006
0.1288888888888889,0.0162479720134567,16.2479720134567,0.0215031150303593,21.50311503035931,-600.0,-526.447731260968,5.2551430169026006
0.129074074074074,0.016280217710545598,16.280217710545596,0.0215353607274482,21.535360727448293,-600.0,-526.447731260968,5.2551430169026006
0.1292592592592592,0.0163125122215157,16.3125122215157,0.0215676552384183,21.5676552384183,-600.0,-526.447731260968,5.2551430169026006
0.1294444444444444,0.0163448557687251,16.3448557687251,0.0215999987856277,21.599998785627747,-600.0,-526.447731260968,5.2551430169026006
0.1296296296296296,0.0163772485762257,16.3772485762257,0.0216323915931283,21.63239159312831,-600.0,-526.447731260968,5.2551430169026006
0.1298148148148148,0.0164096908697805,16.409690869780498,0.0216648338866831,21.664833886683105,-600.0,-526.447731260968,5.2551430169026006
0.13,0.0164421828768824,16.4421828768824,0.021697325893785,21.69732589378501,-600.0,-526.447731260968,5.2551430169026006
0.1301851851851851,0.016474724826772598,16.474724826772597,0.0217298678436752,21.72986784367526,-600.0,-526.447731260968,5.2551430169026006
0.1303703703703703,0.016507316950459698,16.5073169504597,0.0217624599673623,21.76245996736236,-600.0,-526.447731260968,5.2551430169026006
0.1305555555555555,0.016539959480738498,16.539959480738496,0.0217951024976411,21.79510249764117,-600.0,-526.447731260968,5.2551430169026006
0.1307407407407407,0.0165726526522097,16.5726526522097,0.0218277956691123,21.827795669112355,-600.0,-526.447731260968,5.2551430169026006
0.1309259259259259,0.0166053967012994,16.605396701299398,0.021860539718202,21.86053971820201,-600.0,-526.447731260968,5.2551430169026006
0.1311111111111111,0.016638191866279,16.638191866279,0.0218933348831816,21.893334883181645,-600.0,-526.447731260968,5.2551430169026006
0.1312962962962963,0.0166710383872857,16.671038387285698,0.0219261814041883,21.926181404188377,-600.0,-526.447731260968,5.2551430169026006
0.1314814814814814,0.0167039365063428,16.7039365063428,0.0219590795232454,21.95907952324548,-600.0,-526.447731260968,5.2551430169026006
0.1316666666666666,0.0167368864673805,16.736886467380497,0.0219920294842831,21.99202948428316,-600.0,-526.447731260968,5.2551430169026006
0.1318518518518518,0.016769888516257,16.769888516256998,0.0220250315331596,22.025031533159694,-600.0,-526.447731260968,5.2551430169026006
0.132037037037037,0.016802942900780198,16.8029429007802,0.0220580859176828,22.058085917682806,-600.0,-526.447731260968,5.2551430169026006
0.1322222222222222,0.0168360498707287,16.8360498707287,0.0220911928876313,22.09119288763135,-600.0,-526.447731260968,5.2551430169026006
0.1324074074074074,0.016869209677874798,16.869209677874796,0.0221243526947774,22.12435269477741,-600.0,-526.447731260968,5.2551430169026006
0.1325925925925926,0.0169024225760059,16.9024225760059,0.0221575655929085,22.15756559290857,-600.0,-526.447731260968,5.2551430169026006
0.1327777777777777,0.016935688820947897,16.9356888209479,0.0221908318378505,22.19083183785058,-600.0,-526.447731260968,5.2551430169026006
0.1329629629629629,0.016969008670587798,16.969008670587797,0.0222241516874904,22.2241516874904,-600.0,-526.447731260968,5.2551430169026006
0.1331481481481481,0.0170023823848968,17.002382384896798,0.0222575254017994,22.25752540179945,-600.0,-526.447731260968,5.2551430169026006
0.1333333333333333,0.017035810225954698,17.035810225954698,0.0222909532428573,22.29095324285734,-600.0,-526.447731260968,5.2551430169026006
0.1335185185185185,0.017069292457973197,17.069292457973198,0.0223244354748758,22.32443547487584,-600.0,-526.447731260968,5.2551430169026006
0.1337037037037036,0.0171028293473206,17.1028293473206,0.0223579723642232,22.35797236422328,-600.0,-526.447731260968,5.2551430169026006
0.1338888888888889,0.0171364211625466,17.1364211625466,0.0223915641794492,22.39156417944921,-600.0,-526.447731260968,5.2551430169026006
0.134074074074074,0.0171700681744069,17.1700681744069,0.0224252111913095,22.42521119130958,-600.0,-526.447731260968,5.2551430169026006
0.1342592592592592,0.0172037706558895,17.2037706558895,0.0224589136727921,22.458913672792125,-600.0,-526.447731260968,5.2551430169026006
0.1344444444444444,0.0172375288822396,17.237528882239598,0.0224926718991422,22.49267189914224,-600.0,-526.447731260968,5.2551430169026006
0.1346296296296296,0.017271343130986598,17.271343130986597,0.0225264861478892,22.526486147889205,-600.0,-526.447731260968,5.2551430169026006
0.1348148148148148,0.0173052136819701,17.3052136819701,0.0225603566988727,22.560356698872788,-600.0,-526.447731260968,5.2551430169026006
0.1349999999999999,0.0173391408173676,17.3391408173676,0.0225942838342702,22.59428383427029,-600.0,-526.447731260968,5.2551430169026006
0.1351851851851851,0.0173731248217213,17.373124821721298,0.0226282678386239,22.628267838623948,-600.0,-526.447731260968,5.2551430169026006
0.1353703703703703,0.017407165981966198,17.407165981966198,0.0226623089988688,22.6623089988688,-600.0,-526.447731260968,5.2551430169026006
0.1355555555555555,0.0174412645874583,17.4412645874583,0.0226964076043609,22.69640760436093,-600.0,-526.447731260968,5.2551430169026006
0.1357407407407407,0.0174754209300035,17.4754209300035,0.0227305639469061,22.730563946906173,-600.0,-526.447731260968,5.2551430169026006
0.1359259259259259,0.0175096353038866,17.5096353038866,0.0227647783207892,22.76477832078924,-600.0,-526.447731260968,5.2551430169026006
0.1361111111111111,0.0175439080059007,17.5439080059007,0.0227990510228033,22.79905102280332,-600.0,-526.447731260968,5.2551430169026006
0.1362962962962962,0.0175782393353775,17.5782393353775,0.0228333823522801,22.83338235228013,-600.0,-526.447731260968,5.2551430169026006
0.1364814814814814,0.0176126295942177,17.6126295942177,0.0228677726111203,22.86777261112034,-600.0,-526.447731260968,5.2551430169026006
0.1366666666666666,0.017647079086922,17.647079086922002,0.0229022221038246,22.90222210382464,-600.0,-526.447731260968,5.2551430169026006
0.1368518518518518,0.0176815881206225,17.6815881206225,0.0229367311375251,22.93673113752515,-600.0,-526.447731260968,5.2551430169026006
0.137037037037037,0.0177161570051147,17.7161570051147,0.0229713000220173,22.971300022017363,-600.0,-526.447731260968,5.2551430169026006
0.1372222222222222,0.01775078605289,17.75078605289,0.0230059290697926,23.00592906979261,-600.0,-526.447731260968,5.2551430169026006
0.1374074074074074,0.0177854755791684,17.7854755791684,0.023040618596071,23.040618596071,-600.0,-526.447731260968,5.2551430169026006
0.1375925925925925,0.017820225901932298,17.820225901932297,0.0230753689188349,23.07536891883492,-600.0,-526.447731260968,5.2551430169026006
0.1377777777777777,0.017855037341960398,17.855037341960397,0.023110180358863,23.110180358863023,-600.0,-526.447731260968,5.2551430169026006
0.1379629629629629,0.0178899102228621,17.8899102228621,0.0231450532397647,23.14505323976479,-600.0,-526.447731260968,5.2551430169026006
0.1381481481481481,0.017924844871113,17.924844871113,0.0231799878880156,23.1799878880156,-600.0,-526.447731260968,5.2551430169026006
0.1383333333333333,0.017959841616089798,17.959841616089797,0.0232149846329924,23.21498463299243,-600.0,-526.447731260968,5.2551430169026006
0.1385185185185185,0.017994900790107397,17.994900790107398,0.02325004380701,23.250043807010044,-600.0,-526.447731260968,5.2551430169026006
0.1387037037037037,0.0180300227284552,18.030022728455197,0.0232851657453578,23.285165745357855,-600.0,-526.447731260968,5.2551430169026006
0.1388888888888889,0.0180652077694347,18.0652077694347,0.0233203507863373,23.32035078633732,-600.0,-526.447731260968,5.2551430169026006
0.139074074074074,0.0181004562543973,18.1004562543973,0.0233555992712999,23.3555992712999,-600.0,-526.447731260968,5.2551430169026006
0.1392592592592592,0.0181357685277831,18.1357685277831,0.0233909115446857,23.3909115446858,-600.0,-526.447731260968,5.2551430169026006
0.1394444444444444,0.0181711449371605,18.1711449371605,0.0234262879540631,23.426287954063163,-600.0,-526.447731260968,5.2551430169026006
0.1396296296296296,0.0182065858332654,18.2065858332654,0.023461728850168,23.46172885016802,-600.0,-526.447731260968,5.2551430169026006
0.1398148148148148,0.0182420915700422,18.2420915700422,0.0234972345869448,23.497234586944828,-600.0,-526.447731260968,5.2551430169026006
0.1399999999999999,0.0182776625046851,18.2776625046851,0.0235328055215877,23.532805521587747,-600.0,-526.447731260968,5.2551430169026006
0.1401851851851852,0.0183132989976799,18.313298997679897,0.0235684420145825,23.568442014582537,-600.0,-526.447731260968,5.2551430169026006
0.1403703703703703,0.018349001412846597,18.349001412846597,0.0236041444297492,23.6041444297492,-600.0,-526.447731260968,5.2551430169026006
0.1405555555555555,0.0183847701173827,18.3847701173827,0.0236399131342853,23.639913134285308,-600.0,-526.447731260968,5.2551430169026006
0.1407407407407407,0.0184206054819074,18.420605481907398,0.02367574849881,23.675748498810066,-600.0,-526.447731260968,5.2551430169026006
0.1409259259259259,0.018456507880506498,18.456507880506496,0.0237116508974091,23.711650897409108,-600.0,-526.447731260968,5.2551430169026006
0.1411111111111111,0.018492477690777397,18.4924776907774,0.02374762070768,23.74762070768007,-600.0,-526.447731260968,5.2551430169026006
0.1412962962962962,0.018528515293876297,18.528515293876296,0.0237836583107789,23.783658310778915,-600.0,-526.447731260968,5.2551430169026006
0.1414814814814814,0.0185646210745644,18.5646210745644,0.023819764091467,23.81976409146709,-600.0,-526.447731260968,5.2551430169026006
0.1416666666666666,0.0186007954212567,18.6007954212567,0.0238559384381593,23.85593843815936,-600.0,-526.447731260968,5.2551430169026006
0.1418518518518518,0.018637038726069997,18.637038726069996,0.0238921817429726,23.89218174297268,-600.0,-526.447731260968,5.2551430169026006
0.142037037037037,0.0186733513848731,18.6733513848731,0.0239284944017757,23.92849440177572,-600.0,-526.447731260968,5.2551430169026006
0.1422222222222222,0.0187097337973367,18.7097337973367,0.0239648768142393,23.96487681423931,-600.0,-526.447731260968,5.2551430169026006
0.1424074074074074,0.0187461863669851,18.7461863669851,0.0240013293838877,24.00132938388778,-600.0,-526.447731260968,5.2551430169026006
0.1425925925925925,0.0187827095012485,18.782709501248497,0.0240378525181511,24.037852518151148,-600.0,-526.447731260968,5.2551430169026006
0.1427777777777777,0.018819303611515698,18.8193036115157,0.0240744466284183,24.074446628418325,-600.0,-526.447731260968,5.2551430169026006
0.1429629629629629,0.0188559691131884,18.8559691131884,0.024111112130091,24.11111213009108,-600.0,-526.447731260968,5.2551430169026006
0.1431481481481481,0.0188927064257365,18.8927064257365,0.0241478494426391,24.147849442639117,-600.0,-526.447731260968,5.2551430169026006
0.1433333333333333,0.0189295159727534,18.9295159727534,0.024184658989656,24.18465898965607,-600.0,-526.447731260968,5.2551430169026006
0.1435185185185185,0.0189663981820138,18.966398182013798,0.0242215411989164,24.22154119891645,-600.0,-526.447731260968,5.2551430169026006
0.1437037037037037,0.019003353485530998,19.003353485530997,0.0242584965024336,24.258496502433665,-600.0,-526.447731260968,5.2551430169026006
0.1438888888888888,0.019040382319616397,19.0403823196164,0.024295525336519,24.29552533651907,-600.0,-526.447731260968,5.2551430169026006
0.144074074074074,0.019077485124939397,19.077485124939397,0.024332628141842,24.33262814184208,-600.0,-526.447731260968,5.2551430169026006
0.1442592592592592,0.0191146623465886,19.1146623465886,0.0243698053634912,24.369805363491267,-600.0,-526.447731260968,5.2551430169026006
0.1444444444444444,0.0191519144341341,19.1519144341341,0.0244070574510367,24.407057451036792,-600.0,-526.447731260968,5.2551430169026006
0.1446296296296296,0.019189241841691098,19.189241841691096,0.0244443848585937,24.44438485859374,-600.0,-526.447731260968,5.2551430169026006
0.1448148148148148,0.019226645027984098,19.226645027984098,0.0244817880448867,24.48178804488673,-600.0,-526.447731260968,5.2551430169026006
0.145,0.019264124456412998,19.264124456412997,0.0245192674733156,24.519267473315683,-600.0,-526.447731260968,5.2551430169026006
0.1451851851851851,0.019301680595120198,19.3016805951202,0.0245568236120228,24.556823612022825,-600.0,-526.447731260968,5.2551430169026006
0.1453703703703703,0.019339313917058298,19.3393139170583,0.0245944569339609,24.594456933960902,-600.0,-526.447731260968,5.2551430169026006
0.1455555555555555,0.01937702490006,19.377024900059997,0.0246321679169626,24.63216791696264,-600.0,-526.447731260968,5.2551430169026006
0.1457407407407407,0.019414814026908898,19.414814026908896,0.0246699570438115,24.6699570438116,-600.0,-526.447731260968,5.2551430169026006
0.1459259259259259,0.0194526817854116,19.4526817854116,0.0247078248023142,24.707824802314207,-600.0,-526.447731260968,5.2551430169026006
0.1461111111111111,0.019490628668470598,19.4906286684706,0.0247457716853732,24.745771685373263,-600.0,-526.447731260968,5.2551430169026006
0.1462962962962962,0.0195286551741602,19.5286551741602,0.0247837981910628,24.78379819106283,-600.0,-526.447731260968,5.2551430169026006
0.1464814814814814,0.0195667618058018,19.5667618058018,0.0248219048227044,24.821904822704425,-600.0,-526.447731260968,5.2551430169026006
0.1466666666666666,0.0196049490720422,19.6049490720422,0.0248600920889448,24.86009208894485,-600.0,-526.447731260968,5.2551430169026006
0.1468518518518518,0.0196432174869326,19.6432174869326,0.0248983605038352,24.89836050383528,-600.0,-526.447731260968,5.2551430169026006
0.147037037037037,0.0196815675700095,19.6815675700095,0.0249367105869121,24.936710586912135,-600.0,-526.447731260968,5.2551430169026006
0.1472222222222222,0.0197199998463766,19.7199998463766,0.0249751428632792,24.975142863279277,-600.0,-526.447731260968,5.2551430169026006
0.1474074074074074,0.0197585148467893,19.7585148467893,0.0250136578636919,25.013657863691915,-600.0,-526.447731260968,5.2551430169026006
0.1475925925925925,0.0197971131077395,19.7971131077395,0.0250522561246421,25.05225612464216,-600.0,-526.447731260968,5.2551430169026006
0.1477777777777777,0.019835795171543498,19.8357951715435,0.0250909381884461,25.090938188446177,-600.0,-526.447731260968,5.2551430169026006
0.1479629629629629,0.0198745615864305,19.8745615864305,0.0251297046033331,25.12970460333312,-600.0,-526.447731260968,5.2551430169026006
0.1481481481481481,0.0199134129066331,19.913412906633102,0.0251685559235357,25.168555923535717,-600.0,-526.447731260968,5.2551430169026006
0.1483333333333333,0.0199523496924802,19.9523496924802,0.0252074927093828,25.207492709382816,-600.0,-526.447731260968,5.2551430169026006
0.1485185185185185,0.019991372510491,19.991372510491,0.0252465155273936,25.246515527393623,-600.0,-526.447731260968,5.2551430169026006
0.1487037037037037,0.0200304819334712,20.030481933471197,0.0252856249503738,25.285624950373847,-600.0,-526.447731260968,5.2551430169026006
0.1488888888888888,0.0200696785406112,20.0696785406112,0.0253248215575138,25.32482155751384,-600.0,-526.447731260968,5.2551430169026006
0.149074074074074,0.020108962917585998,20.108962917586,0.0253641059344886,25.36410593448864,-600.0,-526.447731260968,5.2551430169026006
0.1492592592592592,0.0201483356566575,20.148335656657498,0.0254034786735601,25.40347867356016,-600.0,-526.447731260968,5.2551430169026006
0.1494444444444444,0.0201877973567785,20.1877973567785,0.0254429403736811,25.44294037368119,-600.0,-526.447731260968,5.2551430169026006
0.1496296296296296,0.0202273486236993,20.2273486236993,0.0254824916406019,25.482491640601918,-600.0,-526.447731260968,5.2551430169026006
0.1498148148148148,0.0202669900700756,20.2669900700756,0.0255221330869782,25.522133086978272,-600.0,-526.447731260968,5.2551430169026006
0.15,0.02030672231558,20.30672231558,0.0255618653324826,25.56186533248267,-600.0,-526.447731260968,5.2551430169026006
0.1501851851851851,0.0203465459870145,20.346545987014498,0.0256016890039171,25.601689003917112,-600.0,-526.447731260968,5.2551430169026006
0.1503703703703703,0.0203864617184258,20.3864617184258,0.0256416047353284,25.641604735328443,-600.0,-526.447731260968,5.2551430169026006
0.1505555555555555,0.0204264701512236,20.426470151223597,0.0256816131681262,25.6816131681262,-600.0,-526.447731260968,5.2551430169026006
0.1507407407407407,0.0204665719343002,20.466571934300198,0.0257217149512028,25.721714951202877,-600.0,-526.447731260968,5.2551430169026006
0.1509259259259259,0.020506767724154,20.506767724154,0.0257619107410566,25.76191074105666,-600.0,-526.447731260968,5.2551430169026006
0.1511111111111111,0.0205470581850142,20.547058185014198,0.0258022012019168,25.802201201916883,-600.0,-526.447731260968,5.2551430169026006
0.1512962962962963,0.0205874439889694,20.5874439889694,0.025842587005872,25.842587005872037,-600.0,-526.447731260968,5.2551430169026006
0.1514814814814814,0.020627925816098,20.627925816098,0.0258830688330006,25.883068833000607,-600.0,-526.447731260968,5.2551430169026006
0.1516666666666666,0.0206685043546021,20.6685043546021,0.0259236473715047,25.923647371504718,-600.0,-526.447731260968,5.2551430169026006
0.1518518518518518,0.0207091803009439,20.7091803009439,0.0259643233178465,25.96432331784657,-600.0,-526.447731260968,5.2551430169026006
0.152037037037037,0.0207499543599853,20.7499543599853,0.0260050973768879,26.00509737688796,-600.0,-526.447731260968,5.2551430169026006
0.1522222222222222,0.020790827245130098,20.7908272451301,0.0260459702620327,26.045970262032764,-600.0,-526.447731260968,5.2551430169026006
0.1524074074074074,0.02083179967847,20.831799678470002,0.0260869426953726,26.086942695372613,-600.0,-526.447731260968,5.2551430169026006
0.1525925925925925,0.020872872390933,20.872872390932997,0.0261280154078356,26.128015407835683,-600.0,-526.447731260968,5.2551430169026006
0.1527777777777777,0.0209140461224362,20.914046122436197,0.0261691891393388,26.169189139338854,-600.0,-526.447731260968,5.2551430169026006
0.1529629629629629,0.0209553216220406,20.9553216220406,0.0262104646389432,26.21046463894326,-600.0,-526.447731260968,5.2551430169026006
0.1531481481481481,0.0209966996481106,20.9966996481106,0.0262518426650132,26.251842665013218,-600.0,-526.447731260968,5.2551430169026006
0.1533333333333333,0.0210381809684762,21.038180968476198,0.0262933239853788,26.29332398537887,-600.0,-526.447731260968,5.2551430169026006
0.1535185185185185,0.0210797663605997,21.0797663605997,0.0263349093775023,26.334909377502395,-600.0,-526.447731260968,5.2551430169026006
0.1537037037037037,0.021121456611745398,21.121456611745398,0.026376599628648,26.376599628648037,-600.0,-526.447731260968,5.2551430169026006
0.1538888888888888,0.021163252519153297,21.163252519153296,0.0264183955360559,26.418395536055925,-600.0,-526.447731260968,5.2551430169026006
0.154074074074074,0.0212051548902174,21.2051548902174,0.02646029790712,26.460297907120086,-600.0,-526.447731260968,5.2551430169026006
0.1542592592592592,0.021247164542667698,21.247164542667697,0.0265023075595703,26.50230755957031,-600.0,-526.447731260968,5.2551430169026006
0.1544444444444444,0.0212892823047557,21.289282304755698,0.0265444253216583,26.544425321658377,-600.0,-526.447731260968,5.2551430169026006
0.1546296296296296,0.0213315090154459,21.3315090154459,0.0265866520323485,26.5866520323486,-600.0,-526.447731260968,5.2551430169026006
0.1548148148148148,0.021373845524610097,21.373845524610097,0.0266289885415127,26.62898854151278,-600.0,-526.447731260968,5.2551430169026006
0.155,0.021416292693227198,21.4162926932272,0.0266714357101298,26.671435710129817,-600.0,-526.447731260968,5.2551430169026006
0.1551851851851851,0.0214588513935873,21.4588513935873,0.0267139944104899,26.71399441048997,-600.0,-526.447731260968,5.2551430169026006
0.1553703703703703,0.021501522509501398,21.5015225095014,0.026756665526404,26.75666552640404,-600.0,-526.447731260968,5.2551430169026006
0.1555555555555555,0.0215443069365148,21.5443069365148,0.0267994499534174,26.799449953417437,-600.0,-526.447731260968,5.2551430169026006
0.1557407407407407,0.021587205582126998,21.587205582126998,0.0268423485990296,26.8423485990296,-600.0,-526.447731260968,5.2551430169026006
0.1559259259259259,0.0216302193660158,21.6302193660158,0.0268853623829184,26.88536238291847,-600.0,-526.447731260968,5.2551430169026006
0.1561111111111111,0.021673349220268,21.673349220268,0.0269284922371706,26.92849223717063,-600.0,-526.447731260968,5.2551430169026006
0.1562962962962963,0.0217165960896142,21.7165960896142,0.0269717391065168,26.971739106516868,-600.0,-526.447731260968,5.2551430169026006
0.1564814814814814,0.021759960931671,21.759960931671,0.0270151039485736,27.015103948573685,-600.0,-526.447731260968,5.2551430169026006
0.1566666666666666,0.0218034447171881,21.8034447171881,0.0270585877340907,27.05858773409074,-600.0,-526.447731260968,5.2551430169026006
0.1568518518518518,0.021847048430301698,21.847048430301697,0.0271021914472043,27.1021914472043,-600.0,-526.447731260968,5.2551430169026006
0.157037037037037,0.021890773068794597,21.890773068794598,0.0271459160856972,27.14591608569722,-600.0,-526.447731260968,5.2551430169026006
0.1572222222222222,0.0219346196443626,21.934619644362602,0.0271897626612652,27.189762661265245,-600.0,-526.447731260968,5.2551430169026006
0.1574074074074074,0.021978589182887597,21.978589182887596,0.0272337321997902,27.233732199790214,-600.0,-526.447731260968,5.2551430169026006
0.1575925925925926,0.0220226827247174,22.0226827247174,0.02727782574162,27.2778257416201,-600.0,-526.447731260968,5.2551430169026006
0.1577777777777777,0.022066901324953498,22.0669013249535,0.0273220443418561,27.32204434185615,-600.0,-526.447731260968,5.2551430169026006
0.1579629629629629,0.0221112460537449,22.1112460537449,0.0273663890706475,27.366389070647596,-600.0,-526.447731260968,5.2551430169026006
0.1581481481481481,0.022155717996591,22.155717996590997,0.0274108610134936,27.41086101349369,-600.0,-526.447731260968,5.2551430169026006
0.1583333333333333,0.0222003182546512,22.2003182546512,0.0274554612715538,27.455461271553837,-600.0,-526.447731260968,5.2551430169026006
0.1585185185185185,0.022245047945063098,22.2450479450631,0.0275001909619657,27.500190961965703,-600.0,-526.447731260968,5.2551430169026006
0.1587037037037037,0.022289908201269,22.289908201269,0.0275450512181716,27.54505121817168,-600.0,-526.447731260968,5.2551430169026006
0.1588888888888888,0.0223349001733514,22.3349001733514,0.027590043190254,27.59004319025403,-600.0,-526.447731260968,5.2551430169026006
0.159074074074074,0.0223800250283762,22.3800250283762,0.0276351680452788,27.635168045278856,-600.0,-526.447731260968,5.2551430169026006
0.1592592592592592,0.022425283950746798,22.4252839507468,0.0276804269676494,27.6804269676494,-600.0,-526.447731260968,5.2551430169026006
0.1594444444444444,0.0224706781425661,22.470678142566097,0.0277258211594687,27.72582115946872,-600.0,-526.447731260968,5.2551430169026006
0.1596296296296296,0.0225162088240096,22.5162088240096,0.0277713518409122,27.77135184091224,-600.0,-526.447731260968,5.2551430169026006
0.1598148148148148,0.0225618772337077,22.5618772337077,0.0278170202506103,27.817020250610387,-600.0,-526.447731260968,5.2551430169026006
0.16,0.0226076846291392,22.6076846291392,0.0278628276460418,27.86282764604185,-600.0,-526.447731260968,5.2551430169026006
0.1601851851851851,0.0226536322870348,22.6536322870348,0.0279087753039374,27.90877530393749,-600.0,-526.447731260968,5.2551430169026006
0.1603703703703703,0.022699721503793,22.699721503793,0.0279548645206956,27.95486452069561,-600.0,-526.447731260968,5.2551430169026006
0.1605555555555555,0.022745953595905997,22.745953595906,0.0280010966128086,28.001096612808663,-600.0,-526.447731260968,5.2551430169026006
0.1607407407407407,0.022792329900399397,22.792329900399398,0.028047472917302,28.04747291730209,-600.0,-526.447731260968,5.2551430169026006
0.1609259259259259,0.0228388517752828,22.8388517752828,0.0280939947921854,28.09399479218546,-600.0,-526.447731260968,5.2551430169026006
0.1611111111111111,0.0228855206000138,22.8855206000138,0.0281406636169164,28.140663616916413,-600.0,-526.447731260968,5.2551430169026006
0.1612962962962963,0.0229323377759754,22.932337775975398,0.028187480792878,28.187480792878016,-600.0,-526.447731260968,5.2551430169026006
0.1614814814814814,0.022979304726967,22.979304726967,0.0282344477438696,28.234447743869683,-600.0,-526.447731260968,5.2551430169026006
0.1616666666666666,0.023026422899709797,23.026422899709797,0.0282815659166124,28.281565916612426,-600.0,-526.447731260968,5.2551430169026006
0.1618518518518518,0.023073693764366198,23.073693764366197,0.0283288367812688,28.328836781268883,-600.0,-526.447731260968,5.2551430169026006
0.162037037037037,0.023121118815075798,23.1211188150758,0.0283762618319784,28.37626183197846,-600.0,-526.447731260968,5.2551430169026006
0.1622222222222222,0.0231686995705058,23.1686995705058,0.0284238425874084,28.423842587408465,-600.0,-526.447731260968,5.2551430169026006
0.1624074074074074,0.0232164375744188,23.2164375744188,0.0284715805913214,28.471580591321484,-600.0,-526.447731260968,5.2551430169026006
0.1625925925925926,0.0232643343962572,23.264334396257198,0.0285194774131598,28.519477413159848,-600.0,-526.447731260968,5.2551430169026006
0.1627777777777777,0.023312391631745,23.312391631744998,0.0285675346486476,28.567534648647666,-600.0,-526.447731260968,5.2551430169026006
0.1629629629629629,0.023360610903508498,23.360610903508498,0.0286157539204111,28.61575392041113,-600.0,-526.447731260968,5.2551430169026006
0.1631481481481481,0.0234089938617152,23.4089938617152,0.0286641368786178,28.664136878617853,-600.0,-526.447731260968,5.2551430169026006
0.1633333333333333,0.023457542184732998,23.457542184732997,0.0287126852016356,28.71268520163568,-600.0,-526.447731260968,5.2551430169026006
0.1635185185185185,0.023506257579809498,23.5062575798095,0.0287614005967121,28.76140059671213,-600.0,-526.447731260968,5.2551430169026006
0.1637037037037036,0.0235551417837723,23.5551417837723,0.0288102848006749,28.81028480067491,-600.0,-526.447731260968,5.2551430169026006
0.1638888888888889,0.0236041965637518,23.6041965637518,0.0288593395806544,28.85933958065441,-600.0,-526.447731260968,5.2551430169026006
0.164074074074074,0.0236534237179265,23.6534237179265,0.0289085667348291,28.90856673482912,-600.0,-526.447731260968,5.2551430169026006
0.1642592592592592,0.023702825076292098,23.702825076292097,0.0289579680931947,28.957968093194705,-600.0,-526.447731260968,5.2551430169026006
0.1644444444444444,0.0237524025014552,23.752402501455197,0.0290075455183578,29.007545518357865,-600.0,-526.447731260968,5.2551430169026006
0.1646296296296296,0.0238021578894531,23.8021578894531,0.0290573009063557,29.057300906355703,-600.0,-526.447731260968,5.2551430169026006
0.1648148148148148,0.0238520931705992,23.8520931705992,0.0291072361875018,29.107236187501893,-600.0,-526.447731260968,5.2551430169026006
0.1649999999999999,0.0239022103103578,23.9022103103578,0.0291573533272604,29.15735332726044,-600.0,-526.447731260968,5.2551430169026006
0.1651851851851851,0.0239525113102458,23.9525113102458,0.0292076543271484,29.207654327148465,-600.0,-526.447731260968,5.2551430169026006
0.1653703703703703,0.0240029982087662,24.0029982087662,0.0292581412256688,29.2581412256688,-600.0,-526.447731260968,5.2551430169026006
0.1655555555555555,0.0240536730823714,24.0536730823714,0.029308816099274,29.308816099274075,-600.0,-526.447731260968,5.2551430169026006
0.1657407407407407,0.0241045380464605,24.1045380464605,0.0293596810633631,29.35968106336317,-600.0,-526.447731260968,5.2551430169026006
0.1659259259259259,0.0241555952564089,24.1555952564089,0.0294107382733115,29.410738273311598,-600.0,-526.447731260968,5.2551430169026006
0.1661111111111111,0.0242068469086347,24.2068469086347,0.0294619899255373,29.46198992553731,-600.0,-526.447731260968,5.2551430169026006
0.1662962962962962,0.0242582952417006,24.2582952417006,0.0295134382586032,29.5134382586032,-600.0,-526.447731260968,5.2551430169026006
0.1664814814814814,0.024309942537455397,24.3099425374554,0.029565085554358,29.565085554358028,-600.0,-526.447731260968,5.2551430169026006
0.1666666666666666,0.024361791122214697,24.361791122214697,0.0296169341391173,29.616934139117312,-600.0,-526.447731260968,5.2551430169026006
0.1668518518518518,0.0244138433679834,24.413843367983397,0.029668986384886,29.668986384886065,-600.0,-526.447731260968,5.2551430169026006
0.167037037037037,0.0244661016937224,24.4661016937224,0.029721244710625,29.721244710625065,-600.0,-526.447731260968,5.2551430169026006
0.1672222222222222,0.0245185685666599,24.5185685666599,0.0297737115835625,29.773711583562505,-600.0,-526.447731260968,5.2551430169026006
0.1674074074074074,0.0245712465036507,24.5712465036507,0.0298263895205533,29.82638952055332,-600.0,-526.447731260968,5.2551430169026006
0.1675925925925925,0.0246241380725853,24.6241380725853,0.0298792810894879,29.879281089487936,-600.0,-526.447731260968,5.2551430169026006
0.1677777777777777,0.0246772458938504,24.6772458938504,0.029932388910753,29.932388910753005,-600.0,-526.447731260968,5.2551430169026006
0.1679629629629629,0.0247305726418436,24.730572641843597,0.0299857156587462,29.98571565874629,-600.0,-526.447731260968,5.2551430169026006
0.1681481481481481,0.0247841210465455,24.7841210465455,0.0300392640634481,30.03926406344816,-600.0,-526.447731260968,5.2551430169026006
0.1683333333333333,0.0248378938951499,24.837893895149897,0.0300930369120525,30.093036912052515,-600.0,-526.447731260968,5.2551430169026006
0.1685185185185185,0.024891894033756898,24.8918940337569,0.0301470370506595,30.147037050659517,-600.0,-526.447731260968,5.2551430169026006
0.1687037037037037,0.0249461243691309,24.9461243691309,0.0302012673860335,30.201267386033557,-600.0,-526.447731260968,5.2551430169026006
0.1688888888888889,0.0250005878705264,25.0005878705264,0.030255730887429,30.25573088742906,-600.0,-526.447731260968,5.2551430169026006
0.169074074074074,0.0250552875715849,25.0552875715849,0.0303104305884875,30.310430588487574,-600.0,-526.447731260968,5.2551430169026006
0.1692592592592592,0.025110226572307,25.110226572307,0.0303653695892096,30.3653695892096,-600.0,-526.447731260968,5.2551430169026006
0.1694444444444444,0.025165408041102098,25.165408041102097,0.0304205510580047,30.42055105800476,-600.0,-526.447731260968,5.2551430169026006
0.1696296296296296,0.025220835216921398,25.220835216921397,0.030475978233824,30.475978233824083,-600.0,-526.447731260968,5.2551430169026006
0.1698148148148148,0.0252765114114758,25.2765114114758,0.0305316544283784,30.5316544283785,-600.0,-526.447731260968,5.2551430169026006
0.1699999999999999,0.025332440011545297,25.332440011545298,0.0305875830284479,30.58758302844794,-600.0,-526.447731260968,5.2551430169026006
0.1701851851851852,0.0253886244813828,25.3886244813828,0.0306437674982854,30.64376749828543,-600.0,-526.447731260968,5.2551430169026006
0.1703703703703703,0.0254450683652185,25.4450683652185,0.0307002113821211,30.700211382121115,-600.0,-526.447731260968,5.2551430169026006
0.1705555555555555,0.0255017752898687,25.5017752898687,0.0307569183067713,30.756918306771343,-600.0,-526.447731260968,5.2551430169026006
0.1707407407407407,0.0255587489674555,25.5587489674555,0.0308138919843581,30.813891984358182,-600.0,-526.447731260968,5.2551430169026006
0.1709259259259259,0.0256159931982425,25.6159931982425,0.0308711362151451,30.871136215145164,-600.0,-526.447731260968,5.2551430169026006
0.1711111111111111,0.025673511873592698,25.673511873592698,0.0309286548904953,30.928654890495373,-600.0,-526.447731260968,5.2551430169026006
0.1712962962962962,0.0257313089790559,25.7313089790559,0.0309864519959585,30.986451995958536,-600.0,-526.447731260968,5.2551430169026006
0.1714814814814814,0.025789388597591098,25.7893885975911,0.0310445316144937,31.044531614493767,-600.0,-526.447731260968,5.2551430169026006
0.1716666666666666,0.0258477549129329,25.8477549129329,0.0311028979298355,31.102897929835542,-600.0,-526.447731260968,5.2551430169026006
0.1718518518518518,0.025906412213108198,25.906412213108197,0.0311615552300108,31.16155523001083,-600.0,-526.447731260968,5.2551430169026006
0.172037037037037,0.0259653648941127,25.9653648941127,0.0312205079110153,31.2205079110154,-600.0,-526.447731260968,5.2551430169026006
0.1722222222222222,0.026024617463756,26.024617463755998,0.0312797604806586,31.279760480658684,-600.0,-526.447731260968,5.2551430169026006
0.1724074074074074,0.0260841745456837,26.0841745456837,0.0313393175625863,31.33931756258633,-600.0,-526.447731260968,5.2551430169026006
0.1725925925925925,0.026144040883588196,26.144040883588197,0.0313991839004908,31.39918390049085,-600.0,-526.447731260968,5.2551430169026006
0.1727777777777777,0.0262042213456184,26.2042213456184,0.031459364362521,31.45936436252101,-600.0,-526.447731260968,5.2551430169026006
0.1729629629629629,0.026264720928999098,26.264720928999097,0.0315198639459017,31.519863945901776,-600.0,-526.447731260968,5.2551430169026006
0.1731481481481481,0.0263255447648744,26.3255447648744,0.031580687781777,31.580687781777083,-600.0,-526.447731260968,5.2551430169026006
0.1733333333333333,0.0263866981233861,26.3866981233861,0.0316418411402887,31.64184114028873,-600.0,-526.447731260968,5.2551430169026006
0.1735185185185185,0.026448186419002997,26.448186419002997,0.0317033294359056,31.70332943590565,-600.0,-526.447731260968,5.2551430169026006
0.1737037037037037,0.0265100152161162,26.510015216116198,0.0317651582330188,31.76515823301881,-600.0,-526.447731260968,5.2551430169026006
0.1738888888888888,0.026572190234915402,26.572190234915404,0.031827333251818,31.82733325181807,-600.0,-526.447731260968,5.2551430169026006
0.174074074074074,0.026634717357566097,26.634717357566096,0.0318898603744687,31.88986037446872,-600.0,-526.447731260968,5.2551430169026006
0.1742592592592592,0.0266976026347035,26.6976026347035,0.0319527456516061,31.952745651606136,-600.0,-526.447731260968,5.2551430169026006
0.1744444444444444,0.0267608522922669,26.7608522922669,0.0320159953091695,32.015995309169575,-600.0,-526.447731260968,5.2551430169026006
0.1746296296296296,0.0268244727386936,26.8244727386936,0.0320796157555962,32.07961575559621,-600.0,-526.447731260968,5.2551430169026006
0.1748148148148148,0.0268884705724967,26.8884705724967,0.0321436135893993,32.143613589399386,-600.0,-526.447731260968,5.2551430169026006
0.175,0.0269528525902537,26.9528525902537,0.0322079956071563,32.20799560715635,-600.0,-526.447731260968,5.2551430169026006
0.1751851851851851,0.027017625795030198,27.0176257950302,0.0322727688119328,32.272768811932856,-600.0,-526.447731260968,5.2551430169026006
0.1753703703703703,0.0270827974052713,27.0827974052713,0.0323379404221739,32.33794042217399,-600.0,-526.447731260968,5.2551430169026006
0.1755555555555555,0.027148374864190902,27.148374864190902,0.0324035178810935,32.403517881093514,-600.0,-526.447731260968,5.2551430169026006
0.1757407407407407,0.027214365849693396,27.214365849693397,0.032469508866596,32.46950886659609,-600.0,-526.447731260968,5.2551430169026006
0.1759259259259259,0.0272807782848671,27.2807782848671,0.0325359213017697,32.53592130176979,-600.0,-526.447731260968,5.2551430169026006
0.1761111111111111,0.0273476203490869,27.347620349086903,0.0326027633659895,32.60276336598958,-600.0,-526.447731260968,5.2551430169026006
0.1762962962962962,0.0274149004897732,27.4149004897732,0.0326700435066758,32.67004350667585,-600.0,-526.447731260968,5.2551430169026006
0.1764814814814814,0.0274826274348531,27.4826274348531,0.0327377704517557,32.73777045175575,-600.0,-526.447731260968,5.2551430169026006
0.1766666666666666,0.027550810205976696,27.550810205976695,0.0328059532228793,32.8059532228794,-600.0,-526.447731260968,5.2551430169026006
0.1768518518518518,0.027619458132545002,27.619458132545002,0.0328746011494476,32.87460114944763,-600.0,-526.447731260968,5.2551430169026006
0.177037037037037,0.027688580866610496,27.688580866610497,0.0329437238835131,32.943723883513165,-600.0,-526.447731260968,5.2551430169026006
0.1772222222222222,0.027758188398719602,27.758188398719604,0.0330133314156222,33.01333141562226,-600.0,-526.447731260968,5.2551430169026006
0.1774074074074074,0.0278282910747681,27.8282910747681,0.0330834340916707,33.08343409167075,-600.0,-526.447731260968,5.2551430169026006
0.1775925925925925,0.027898899613952297,27.898899613952295,0.0331540426308549,33.15404263085499,-600.0,-526.447731260968,5.2551430169026006
0.1777777777777777,0.0279700251279029,27.9700251279029,0.0332251681448055,33.225168144805586,-600.0,-526.447731260968,5.2551430169026006
0.1779629629629629,0.028041679141098397,28.041679141098395,0.033296822158001,33.296822158001056,-600.0,-526.447731260968,5.2551430169026006
0.1781481481481481,0.0281138736126645,28.1138736126645,0.0333690166295671,33.36901662956717,-600.0,-526.447731260968,5.2551430169026006
0.1783333333333333,0.0281866209596765,28.1866209596765,0.0334417639765791,33.44176397657918,-600.0,-526.447731260968,5.2551430169026006
0.1785185185185185,0.028259934082092396,28.259934082092396,0.033515077098995,33.51507709899509,-600.0,-526.447731260968,5.2551430169026006
0.1787037037037037,0.028333826389459298,28.333826389459297,0.0335889694063619,33.58896940636196,-600.0,-526.447731260968,5.2551430169026006
0.1788888888888888,0.028408311829549296,28.408311829549294,0.0336634548464519,33.663454846451906,-600.0,-526.447731260968,5.2551430169026006
0.179074074074074,0.0284834049190981,28.4834049190981,0.0337385479360007,33.738547936000735,-600.0,-526.447731260968,5.2551430169026006
0.1792592592592592,0.028559120776838698,28.559120776838697,0.0338142637937413,33.814263793741326,-600.0,-526.447731260968,5.2551430169026006
0.1794444444444444,0.028635475159041697,28.635475159041697,0.0338906181759443,33.89061817594432,-600.0,-526.447731260968,5.2551430169026006
0.1796296296296296,0.028712484497800596,28.712484497800595,0.0339676275147032,33.96762751470326,-600.0,-526.447731260968,5.2551430169026006
0.1798148148148148,0.028790165942324496,28.790165942324496,0.0340453089592271,34.04530895922714,-600.0,-526.447731260968,5.2551430169026006
0.18,0.028868537403532,28.868537403532,0.0341236804204346,34.12368042043466,-600.0,-526.447731260968,5.2551430169026006
0.1801851851851851,0.028947617602275898,28.947617602275898,0.0342027606191785,34.20276061917855,-600.0,-526.447731260968,5.2551430169026006
0.1803703703703703,0.0290274261215651,29.0274261215651,0.0342825691384677,34.28256913846775,-600.0,-526.447731260968,5.2551430169026006
0.1805555555555555,0.0291079834631977,29.107983463197698,0.0343631264801003,34.3631264801003,-600.0,-526.447731260968,5.2551430169026006
0.1807407407407407,0.029189311109268097,29.189311109268097,0.0344444541261707,34.44445412617077,-600.0,-526.447731260968,5.2551430169026006
0.1809259259259259,0.0292714315890727,29.2714315890727,0.0345265746059753,34.526574605975306,-600.0,-526.447731260968,5.2551430169026006
0.1811111111111111,0.0293543685520019,29.3543685520019,0.0346095115689045,34.60951156890455,-600.0,-526.447731260968,5.2551430169026006
0.1812962962962963,0.029438146847090202,29.438146847090202,0.0346932898639928,34.6932898639928,-600.0,-526.447731260968,5.2551430169026006
0.1814814814814814,0.029522792609979198,29.5227926099792,0.0347779356268818,34.77793562688186,-600.0,-526.447731260968,5.2551430169026006
0.1816666666666666,0.029608333358159496,29.608333358159495,0.0348634763750621,34.8634763750621,-600.0,-526.447731260968,5.2551430169026006
0.1818518518518518,0.029694798095471597,29.694798095471597,0.0349499411123742,34.94994111237428,-600.0,-526.447731260968,5.2551430169026006
0.182037037037037,0.029782217426994897,29.782217426994897,0.0350373604438975,35.0373604438976,-600.0,-526.447731260968,5.2551430169026006
0.1822222222222222,0.029870623685610997,29.870623685610997,0.0351257667025136,35.12576670251366,-600.0,-526.447731260968,5.2551430169026006
0.1824074074074074,0.029960051071727896,29.960051071727896,0.0352151940886305,35.21519408863051,-600.0,-526.447731260968,5.2551430169026006
0.1825925925925925,0.030050535807876297,30.050535807876297,0.0353056788247789,35.30567882477893,-600.0,-526.447731260968,5.2551430169026006
0.1827777777777777,0.0301421163101602,30.1421163101602,0.0353972593270628,35.397259327062834,-600.0,-526.447731260968,5.2551430169026006
0.1829629629629629,0.030234833378862395,30.234833378862394,0.035489976395765,35.48997639576509,-600.0,-526.447731260968,5.2551430169026006
0.1831481481481481,0.0303287304108891,30.328730410889097,0.0355838734277917,35.58387342779179,-600.0,-526.447731260968,5.2551430169026006
0.1833333333333333,0.0304238536371904,30.423853637190398,0.035678996654093,35.67899665409308,-600.0,-526.447731260968,5.2551430169026006
0.1835185185185185,0.0305202523888434,30.5202523888434,0.035775395405746,35.775395405746025,-600.0,-526.447731260968,5.2551430169026006
0.1837037037037037,0.0306179793961431,30.617979396143102,0.0358731224130457,35.87312241304576,-600.0,-526.447731260968,5.2551430169026006
0.1838888888888888,0.030717091125849298,30.717091125849297,0.0359722341427519,35.972234142751944,-600.0,-526.447731260968,5.2551430169026006
0.184074074074074,0.0308176481627112,30.8176481627112,0.0360727911796138,36.07279117961383,-600.0,-526.447731260968,5.2551430169026006
0.1842592592592592,0.0309197156425915,30.919715642591502,0.0361748586594941,36.17485865949417,-600.0,-526.447731260968,5.2551430169026006
0.1844444444444444,0.031023363745982996,31.023363745982994,0.0362785067628856,36.27850676288566,-600.0,-526.447731260968,5.2551430169026006
0.1846296296296296,0.0311286682625408,31.1286682625408,0.0363838112794434,36.38381127944348,-600.0,-526.447731260968,5.2551430169026006
0.1848148148148148,0.0312357112395348,31.2357112395348,0.0364908542564374,36.49085425643741,-600.0,-526.447731260968,5.2551430169026006
0.185,0.031344581729991695,31.344581729991695,0.0365997247468943,36.5997247468944,-600.0,-526.447731260968,5.2551430169026006
