z_m,z_cm,B_T,B_mT,beam_radius_mm,s_local,eta_available,force_scale,force_margin_fraction,eta_design,v_design_m_s,delta_eff_MHz
0.0,0.0,-0.007932547108501399,-7.9325471085013985,5.935483870967742,1.0627838755489134,0.5152182388792927,0.8388737089331819,0.16112629106681808,0.4322030349586944,280.0,-9.095563799176047
9.25e-05,0.00925,-0.007918929435631418,-7.918929435631418,5.93608064516129,1.0625701958006364,0.5151680160820777,0.8388737089331819,0.16112629106681808,0.43216090437452165,279.9241590670327,-9.0950926911408
0.000185,0.0185,-0.007905309414494301,-7.905309414494301,5.936677419354838,1.0623565804884785,0.5151177980273686,0.8388737089331819,0.16112629106681808,0.4321187777687124,279.84830497651075,-9.094621700777669
0.00027749999999999997,0.027749999999999997,-0.007891687043045272,-7.8916870430452715,5.937274193548387,1.0621430295865333,0.5150675847152546,0.8388737089331819,0.16112629106681808,0.4320766551413415,279.77243771703354,-9.094150828047804
0.00037,0.037,-0.007878062319236977,-7.878062319236977,5.937870967741936,1.0619295430689089,0.5150173761458248,0.8388737089331819,0.16112629106681808,0.4320345364924837,279.696557277186,-9.093680072912392
0.0004625,0.04625,-0.007864435241019548,-7.864435241019548,5.938467741935484,1.0617161209097261,0.5149671723191682,0.8388737089331819,0.16112629106681808,0.43199242182221365,279.62066364553885,-9.093209435332625
0.0005549999999999999,0.055499999999999994,-0.007850805806340505,-7.850805806340506,5.939064516129033,1.061502763083118,0.5149169732353733,0.8388737089331819,0.16112629106681808,0.4319503111306056,279.54475681064855,-9.092738915269697
0.0006475,0.06475,-0.007837174013144882,-7.837174013144882,5.939661290322581,1.0612894695632318,0.5148667788945283,0.8388737089331819,0.16112629106681808,0.4319082044177334,279.46883676105733,-9.092268512684848
0.00074,0.074,-0.007823539859375062,-7.823539859375062,5.9402580645161285,1.0610762403242269,0.5148165892967207,0.8388737089331819,0.16112629106681808,0.43186610168367073,279.39290348529283,-9.09179822753932
0.0008325,0.08325,-0.007809903342970908,-7.809903342970908,5.940854838709677,1.0608630753402757,0.5147664044420386,0.8388737089331819,0.16112629106681808,0.43182400292849127,279.31695697186854,-9.091328059794359
0.000925,0.0925,-0.007796264461869691,-7.796264461869691,5.941451612903226,1.0606499745855635,0.5147162243305686,0.8388737089331819,0.16112629106681808,0.4317819081522678,279.2409972092834,-9.090858009411248
0.0010175,0.10175,-0.007782623214006099,-7.782623214006099,5.942048387096774,1.06043693803429,0.5146660489623983,0.8388737089331819,0.16112629106681808,0.43173981735507366,279.1650241860222,-9.090388076351267
0.0011099999999999999,0.11099999999999999,-0.007768979597312256,-7.7689795973122555,5.942645161290323,1.0602239656606647,0.5146158783376137,0.8388737089331819,0.16112629106681808,0.4316977305369811,279.089037890555,-9.089918260575732
0.0012025,0.12025,-0.0077553336097176675,-7.755333609717668,5.943241935483871,1.0600110574389139,0.5145657124563016,0.8388737089331819,0.16112629106681808,0.4316556476980629,279.0130383113376,-9.089448562045954
0.001295,0.1295,-0.007741685249149233,-7.741685249149233,5.9438387096774195,1.0597982133432744,0.5145155513185478,0.8388737089331819,0.16112629106681808,0.4316135688383911,278.93702543681104,-9.08897898072328
0.0013875,0.13875,-0.007728034513531313,-7.728034513531313,5.944435483870968,1.0595854333479957,0.5144653949244377,0.8388737089331819,0.16112629106681808,0.4315714939580372,278.8609992554022,-9.088509516569065
0.00148,0.148,-0.007714381400785619,-7.714381400785619,5.945032258064516,1.0593727174273413,0.5144152432740569,0.8388737089331819,0.16112629106681808,0.43152942305707315,278.7849597555232,-9.08804016954466
0.0015725,0.15725,-0.007700725908831256,-7.700725908831256,5.945629032258064,1.0591600655555884,0.5143650963674905,0.8388737089331819,0.16112629106681808,0.4314873561355703,278.70890692557157,-9.08757093961148
0.001665,0.1665,-0.007687068035584714,-7.687068035584714,5.946225806451613,1.0589474777070247,0.5143149542048232,0.8388737089331819,0.16112629106681808,0.43144529319359964,278.63284075393034,-9.087101826730892
0.0017575,0.17575,-0.007673407778959883,-7.6734077789598825,5.946822580645161,1.0587349538559527,0.5142648167861394,0.8388737089331819,0.16112629106681808,0.43140323423123206,278.5567612289679,-9.086632830864342
0.00185,0.185,-0.007659745136868027,-7.659745136868027,5.9474193548387095,1.058522493976687,0.5142146841115232,0.8388737089331819,0.16112629106681808,0.43136117924853795,278.480668339038,-9.086163951973251
0.0019425,0.19425,-0.007646080107217789,-7.646080107217789,5.948016129032259,1.0583100980435558,0.5141645561810584,0.8388737089331819,0.16112629106681808,0.4313191282455878,278.40456207247973,-9.08569519001907
0.002035,0.2035,-0.007632412687915156,-7.632412687915156,5.948612903225807,1.0580977660308992,0.5141144329948286,0.8388737089331819,0.16112629106681808,0.43127708122245173,278.3284424176174,-9.085226544963255
0.0021275,0.21275,-0.007618742876863512,-7.618742876863512,5.949209677419355,1.0578854979130705,0.5140643145529168,0.8388737089331819,0.16112629106681808,0.43123503817919917,278.2523093627608,-9.084758016767308
0.0022199999999999998,0.22199999999999998,-0.007605070671963577,-7.605070671963577,5.949806451612903,1.0576732936644366,0.5140142008554061,0.8388737089331819,0.16112629106681808,0.43119299911590003,278.1761628962047,-9.0842896053927
0.0023125,0.23124999999999998,-0.007591396071113434,-7.591396071113434,5.950403225806451,1.0574611532593765,0.5139640919023788,0.8388737089331819,0.16112629106681808,0.43115096403262326,278.1000030062293,-9.083821310800968
0.002405,0.2405,-0.007577719072208524,-7.577719072208524,5.951,1.057249076672282,0.5139139876939174,0.8388737089331819,0.16112629106681808,0.4311089329294381,278.0238296810999,-9.08335313295363
0.0024975,0.24975000000000003,-0.007564039673141619,-7.564039673141619,5.951596774193549,1.0570370638775577,0.5138638882301035,0.8388737089331819,0.16112629106681808,0.431066905806413,277.94764290906716,-9.082885071812232
0.00259,0.259,-0.007550357871802858,-7.550357871802858,5.952193548387097,1.0568251148496222,0.5138137935110192,0.8388737089331819,0.16112629106681808,0.43102488266361677,277.87144267836663,-9.082417127338337
0.0026825,0.26825,-0.007536673666079691,-7.536673666079691,5.952790322580645,1.056613229562905,0.5137637035367454,0.8388737089331819,0.16112629106681808,0.4309828635011173,277.79522897721915,-9.081949299493516
0.002775,0.2775,-0.007522987053856913,-7.522987053856913,5.953387096774194,1.0564014079918496,0.5137136183073634,0.8388737089331819,0.16112629106681808,0.4309408483189829,277.7190017938306,-9.081481588239363
0.0028675,0.28675,-0.007509298033016621,-7.509298033016621,5.9539838709677415,1.0561896501109127,0.5136635378229537,0.8388737089331819,0.16112629106681808,0.43089883711728094,277.6427611163919,-9.081013993537494
0.00296,0.296,-0.007495606601438286,-7.495606601438285,5.95458064516129,1.0559779558945628,0.5136134620835967,0.8388737089331819,0.16112629106681808,0.430856829896079,277.56650693307915,-9.080546515349521
0.0030525,0.30525,-0.0074819127569986585,-7.481912756998659,5.955177419354839,1.0557663253172813,0.5135633910893725,0.8388737089331819,0.16112629106681808,0.4308148266554442,277.4902392320534,-9.080079153637094
0.003145,0.3145,-0.007468216497571805,-7.468216497571805,5.955774193548387,1.0555547583535634,0.5135133248403612,0.8388737089331819,0.16112629106681808,0.43077282739544365,277.41395800146057,-9.079611908361858
0.0032375,0.32375,-0.007454517821029108,-7.454517821029109,5.956370967741936,1.0553432549779158,0.5134632633366416,0.8388737089331819,0.16112629106681808,0.4307308321161436,277.3376632294317,-9.079144779485512
0.00333,0.333,-0.007440816725239256,-7.440816725239256,5.956967741935484,1.0551318151648592,0.5134132065782935,0.8388737089331819,0.16112629106681808,0.43068884081761094,277.2613549040828,-9.078677766969708
0.0034224999999999998,0.34225,-0.007427113208068248,-7.427113208068248,5.9575645161290325,1.0549204388889262,0.5133631545653955,0.8388737089331819,0.16112629106681808,0.43064685349991166,277.18503301351467,-9.078210870776172
0.003515,0.3515,-0.007413407267379338,-7.413407267379338,5.95816129032258,1.0547091261246617,0.513313107298026,0.8388737089331819,0.16112629106681808,0.4306048701631115,277.108697545813,-9.077744090866611
0.0036075,0.36075,-0.007399698901033127,-7.399698901033127,5.958758064516129,1.0544978768466242,0.5132630647762633,0.8388737089331819,0.16112629106681808,0.43056289080727594,277.0323484890485,-9.07727742720277
0.0037,0.37,-0.007385988106887431,-7.385988106887431,5.959354838709677,1.0542866910293858,0.5132130270001853,0.8388737089331819,0.16112629106681808,0.43052091543247073,276.9559858312765,-9.076810879746398
0.0037925,0.37925,-0.007372274882797415,-7.372274882797415,5.959951612903226,1.054075568647529,0.5131629939698699,0.8388737089331819,0.16112629106681808,0.4304789440387608,276.87960956053735,-9.076344448459258
0.003885,0.3885,-0.007358559226615465,-7.358559226615465,5.960548387096774,1.0538645096756507,0.5131129656853939,0.8388737089331819,0.16112629106681808,0.4304369766262109,276.803219664856,-9.075878133303137
0.0039775,0.39775,-0.0073448411361912765,-7.344841136191277,5.961145161290323,1.0536535140883607,0.5130629421468348,0.8388737089331819,0.16112629106681808,0.4303950131948858,276.7268161322422,-9.075411934239826
0.00407,0.407,-0.007331120609371802,-7.331120609371802,5.961741935483871,1.05344258186028,0.513012923354269,0.8388737089331819,0.16112629106681808,0.4303530537448498,276.6503989506906,-9.074945851231147
0.0041624999999999995,0.41624999999999995,-0.007317397644001229,-7.317397644001229,5.96233870967742,1.0532317129660431,0.5129629093077728,0.8388737089331819,0.16112629106681808,0.43031109827616676,276.57396810818034,-9.074479884238922
0.004255,0.4255,-0.0073036722379210125,-7.303672237921012,5.962935483870968,1.0530209073802985,0.5129129000074223,0.8388737089331819,0.16112629106681808,0.4302691467889006,276.4975235926752,-9.074014033225007
0.0043475,0.43474999999999997,-0.007289944388969914,-7.289944388969914,5.963532258064516,1.0528101650777055,0.5128628954532936,0.8388737089331819,0.16112629106681808,0.4302271992831151,276.42106539212386,-9.073548298151257
0.0044399999999999995,0.44399999999999995,-0.007276214094983837,-7.276214094983837,5.9641290322580645,1.0525994860329368,0.5128128956454617,0.8388737089331819,0.16112629106681808,0.43018525575887323,276.3445934944594,-9.07308267897955
0.0045325,0.45325,-0.0072624813537960015,-7.262481353796002,5.964725806451613,1.0523888702206778,0.5127629005840021,0.8388737089331819,0.16112629106681808,0.43014331621623825,276.2681078875995,-9.072617175671779
0.004625,0.46249999999999997,-0.00724874616323687,-7.24874616323687,5.965322580645161,1.0521783176156263,0.5127129102689895,0.8388737089331819,0.16112629106681808,0.43010138065527287,276.19160855944665,-9.072151788189846
0.0047175,0.47175000000000006,-0.007235008521134069,-7.235008521134069,5.96591935483871,1.051967828192493,0.5126629247004983,0.8388737089331819,0.16112629106681808,0.4300594490760396,276.11509549788747,-9.071686516495683
0.00481,0.481,-0.007221268425312535,-7.221268425312535,5.966516129032259,1.0517574019260014,0.5126129438786029,0.8388737089331819,0.16112629106681808,0.4300175214786007,276.0385686907935,-9.071221360551233
0.0049025,0.49024999999999996,-0.0072075258735943525,-7.207525873594353,5.967112903225806,1.0515470387908874,0.5125629678033772,0.8388737089331819,0.16112629106681808,0.42997559786301814,275.96202812602047,-9.070756320318447
0.004995,0.49950000000000006,-0.007193780863798875,-7.1937808637988745,5.9677096774193545,1.0513367387619,0.5125129964748949,0.8388737089331819,0.16112629106681808,0.42993367822935386,275.8854737914087,-9.070291395759291
0.0050875,0.50875,-0.00718003339374265,-7.18003339374265,5.968306451612903,1.0511265018137992,0.5124630298932289,0.8388737089331819,0.16112629106681808,0.429891762577669,275.8089056747829,-9.069826586835767
0.00518,0.518,-0.007166283461239415,-7.166283461239415,5.968903225806452,1.0509163279213596,0.5124130680584528,0.8388737089331819,0.16112629106681808,0.42984985090802524,275.7323237639522,-9.069361893509853
0.0052725,0.52725,-0.007152531064100144,-7.152531064100144,5.9695,1.050706217059368,0.5123631109706389,0.8388737089331819,0.16112629106681808,0.4298079432204833,275.6557280467101,-9.068897315743596
0.005365,0.5365,-0.007138776200132972,-7.138776200132972,5.970096774193549,1.0504961692026225,0.5123131586298596,0.8388737089331819,0.16112629106681808,0.4297660395151039,275.5791185108344,-9.068432853499008
0.0054575,0.54575,-0.007125018867143269,-7.125018867143269,5.970693548387097,1.0502861843259355,0.512263211036187,0.8388737089331819,0.16112629106681808,0.42972413979194746,275.50249514408733,-9.06796850673816
0.00555,0.555,-0.007111259062933532,-7.111259062933532,5.9712903225806455,1.050076262404131,0.5122132681896933,0.8388737089331819,0.16112629106681808,0.4296822440510746,275.42585793421523,-9.067504275423088
0.0056425,0.56425,-0.0070974967853035045,-7.0974967853035045,5.971887096774193,1.0498664034120457,0.5121633300904493,0.8388737089331819,0.16112629106681808,0.42964035229254477,275.3492068689489,-9.067040159515903
0.005735,0.5735,-0.0070837320320500585,-7.083732032050058,5.972483870967742,1.0496566073245288,0.5121133967385265,0.8388737089331819,0.16112629106681808,0.4295984645164178,275.27254193600317,-9.066576158978686
0.0058275,0.58275,-0.007069964800967257,-7.069964800967257,5.97308064516129,1.0494468741164427,0.512063468133996,0.8388737089331819,0.16112629106681808,0.4295565807227534,275.19586312307723,-9.066112273773548
0.00592,0.592,-0.007056195089846335,-7.056195089846335,5.973677419354839,1.049237203762661,0.5120135442769279,0.8388737089331819,0.16112629106681808,0.4295147009116105,275.1191704178544,-9.065648503862619
0.0060125,0.60125,-0.007042422896475697,-7.042422896475697,5.974274193548387,1.0490275962380717,0.5119636251673926,0.8388737089331819,0.16112629106681808,0.4294728250830479,275.04246380800214,-9.065184849208059
0.006105,0.6105,-0.007028648218640863,-7.028648218640863,5.974870967741936,1.0488180515175738,0.5119137108054602,0.8388737089331819,0.16112629106681808,0.4294309532371247,274.965743281172,-9.064721309771995
0.0061975,0.61975,-0.00701487105412455,-7.0148710541245505,5.975467741935485,1.0486085695760794,0.5118638011912002,0.8388737089331819,0.16112629106681808,0.42938908537389897,274.88900882499973,-9.064257885516628
0.00629,0.629,-0.007001091400706608,-7.001091400706608,5.976064516129032,1.0483991503885135,0.5118138963246821,0.8388737089331819,0.16112629106681808,0.42934722149342913,274.812260427105,-9.063794576404133
0.0063825,0.63825,-0.006987309256164007,-6.987309256164007,5.976661290322581,1.0481897939298128,0.5117639962059747,0.8388737089331819,0.16112629106681808,0.4293053615957728,274.7354980750916,-9.063331382396733
0.006475,0.6475,-0.006973524618270874,-6.973524618270874,5.977258064516129,1.0479805001749274,0.511714100835147,0.8388737089331819,0.16112629106681808,0.42926350568098803,274.65872175654727,-9.062868303456625
0.0065674999999999996,0.65675,-0.006959737484798486,-6.959737484798485,5.9778548387096775,1.047771269098819,0.5116642102122672,0.8388737089331819,0.16112629106681808,0.4292216537491318,274.58193145904386,-9.06240533954607
0.00666,0.666,-0.0069459478535152065,-6.945947853515206,5.978451612903226,1.0475621006764626,0.5116143243374033,0.8388737089331819,0.16112629106681808,0.4291798058002614,274.505127170137,-9.06194249062731
0.0067525,0.67525,-0.006932155722186546,-6.932155722186547,5.979048387096774,1.0473529948828453,0.5115644432106234,0.8388737089331819,0.16112629106681808,0.4291379618344338,274.4283088773663,-9.06147975666261
0.0068449999999999995,0.6845,-0.006918361088575117,-6.918361088575117,5.979645161290323,1.0471439516929661,0.511514566831995,0.8388737089331819,0.16112629106681808,0.42909612185170565,274.35147656825535,-9.061017137614254
0.0069375,0.69375,-0.006904563950440645,-6.904563950440645,5.980241935483871,1.0469349710818379,0.5114646952015852,0.8388737089331819,0.16112629106681808,0.4290542858521332,274.27463023031146,-9.06055463344455
0.00703,0.703,-0.006890764305539966,-6.8907643055399665,5.980838709677419,1.0467260530244848,0.511414828319461,0.8388737089331819,0.16112629106681808,0.4290124538357727,274.19776985102584,-9.060092244115802
0.0071224999999999995,0.7122499999999999,-0.006876962151627025,-6.8769621516270245,5.981435483870968,1.0465171974959442,0.5113649661856888,0.8388737089331819,0.16112629106681808,0.4289706258026799,274.12089541787356,-9.05962996959035
0.007215,0.7215,-0.006863157486452837,-6.863157486452837,5.982032258064516,1.0463084044712654,0.5113151088003353,0.8388737089331819,0.16112629106681808,0.4289288017529107,274.04400691831336,-9.059167809830521
0.0073075,0.73075,-0.0068493503077655385,-6.849350307765539,5.982629032258065,1.04609967392551,0.511265256163466,0.8388737089331819,0.16112629106681808,0.42888698168652006,273.9671043397878,-9.058705764798702
0.0074,0.74,-0.006835540613310322,-6.835540613310322,5.983225806451614,1.0458910058337525,0.5112154082751469,0.8388737089331819,0.16112629106681808,0.42884516560356334,273.8901876697231,-9.058243834457256
0.0074925,0.74925,-0.0068217284008294694,-6.821728400829469,5.983822580645162,1.0456824001710803,0.5111655651354432,0.8388737089331819,0.16112629106681808,0.4288033535040952,273.8132568955292,-9.05778201876858
0.007585,0.7585,-0.006807913668062342,-6.807913668062342,5.98441935483871,1.0454738569125916,0.5111157267444202,0.8388737089331819,0.16112629106681808,0.42876154538817046,273.73631200459977,-9.057320317695075
0.0076775,0.76775,-0.0067940964127453565,-6.794096412745357,5.985016129032258,1.0452653760333992,0.5110658931021429,0.8388737089331819,0.16112629106681808,0.42871974125584367,273.6593529843119,-9.056858731199162
0.00777,0.777,-0.006780276632612033,-6.780276632612033,5.985612903225806,1.0450569575086261,0.5110160642086753,0.8388737089331819,0.16112629106681808,0.4286779411071685,273.5823798220266,-9.056397259243292
0.0078625,0.78625,-0.006766454325392876,-6.766454325392876,5.986209677419354,1.044848601313409,0.5109662400640818,0.8388737089331819,0.16112629106681808,0.42863614494219887,273.5053925050881,-9.055935901789907
0.007955,0.7955,-0.006752629488815513,-6.752629488815513,5.986806451612903,1.0446403074228965,0.5109164206684261,0.8388737089331819,0.16112629106681808,0.42859435276098845,273.4283910208244,-9.055474658801485
0.008047499999999999,0.8047499999999999,-0.006738802120604594,-6.7388021206045945,5.987403225806452,1.0444320758122498,0.5108666060217718,0.8388737089331819,0.16112629106681808,0.4285525645635903,273.35137535654695,-9.055013530240508
0.00814,0.814,-0.006724972218481814,-6.724972218481814,5.988,1.0442239064566434,0.5108167961241826,0.8388737089331819,0.16112629106681808,0.42851078035005813,273.2743454995507,-9.05455251606947
0.0082325,0.82325,-0.006711139780165885,-6.711139780165885,5.988596774193549,1.0440157993312624,0.5107669909757212,0.8388737089331819,0.16112629106681808,0.4284690001204443,273.197301437114,-9.054091616250895
0.008324999999999999,0.8324999999999999,-0.006697304803372561,-6.69730480337256,5.989193548387097,1.0438077544113051,0.5107171905764502,0.8388737089331819,0.16112629106681808,0.4284272238748014,273.1202431564986,-9.053630830747318
0.0084175,0.84175,-0.006683467285814643,-6.683467285814643,5.989790322580645,1.0435997716719823,0.5106673949264319,0.8388737089331819,0.16112629106681808,0.42838545161318187,273.0431706449497,-9.053170159521272
0.00851,0.851,-0.0066696272252019274,-6.6696272252019275,5.990387096774194,1.0433918510885167,0.5106176040257285,0.8388737089331819,0.16112629106681808,0.4283436833356377,272.96608388969594,-9.052709602535332
0.008602499999999999,0.86025,-0.006655784619241261,-6.6557846192412615,5.990983870967742,1.0431839926361444,0.510567817874402,0.8388737089331819,0.16112629106681808,0.4283019190422209,272.88898287794916,-9.052249159752057
0.008695,0.8694999999999999,-0.0066419394656364455,-6.641939465636446,5.9915806451612905,1.0429761962901127,0.5105180364725136,0.8388737089331819,0.16112629106681808,0.4282601587329829,272.8118675969045,-9.051788831134065
0.0087875,0.87875,-0.006628091762088325,-6.628091762088324,5.992177419354839,1.0427684620256814,0.5104682598201243,0.8388737089331819,0.16112629106681808,0.4282184024079749,272.7347380337404,-9.051328616643948
0.008879999999999999,0.8879999999999999,-0.006614241506294739,-6.614241506294738,5.992774193548387,1.0425607898181233,0.5104184879172955,0.8388737089331819,0.16112629106681808,0.42817665006724814,272.6575941756186,-9.05086851624433
0.0089725,0.89725,-0.006600388695950512,-6.600388695950512,5.993370967741936,1.042353179642722,0.5103687207640871,0.8388737089331819,0.16112629106681808,0.4281349017108532,272.580436009684,-9.050408529897856
0.009065,0.9065,-0.00658653332874748,-6.58653332874748,5.993967741935483,1.0421456314747757,0.5103189583605601,0.8388737089331819,0.16112629106681808,0.42809315733884107,272.5032635230647,-9.049948657567175
0.0091575,0.9157500000000001,-0.006572675402374413,-6.572675402374413,5.994564516129032,1.0419381452895926,0.5102692007067737,0.8388737089331819,0.16112629106681808,0.4280514169512615,272.4260767028718,-9.049488899214962
0.00925,0.9249999999999999,-0.006558814914517106,-6.5588149145171055,5.995161290322581,1.0417307210624949,0.5102194478027883,0.8388737089331819,0.16112629106681808,0.428009680548165,272.3488755361997,-9.049029254803894
0.0093425,0.93425,-0.006544951862858314,-6.544951862858314,5.995758064516129,1.0415233587688162,0.5101696996486628,0.8388737089331819,0.16112629106681808,0.42796794812960115,272.27166001012597,-9.048569724296678
0.009435,0.9435000000000001,-0.006531086245077745,-6.531086245077745,5.996354838709677,1.0413160583839025,0.5101199562444564,0.8388737089331819,0.16112629106681808,0.4279262196956196,272.194430111711,-9.048110307656023
0.0095275,0.95275,-0.006517218058852076,-6.517218058852076,5.996951612903226,1.0411088198831118,0.5100702175902276,0.8388737089331819,0.16112629106681808,0.42788449524626937,272.11718582799824,-9.047651004844672
0.00962,0.962,-0.006503347301854935,-6.503347301854935,5.997548387096775,1.0409016432418154,0.5100204836860356,0.8388737089331819,0.16112629106681808,0.4278427747816001,272.0399271460143,-9.04719181582535
0.0097125,0.9712500000000001,-0.006489473971756908,-6.489473971756908,5.998145161290323,1.040694528435396,0.5099707545319377,0.8388737089331819,0.16112629106681808,0.42780105830165993,271.9626540527686,-9.04673274056084
0.009805,0.9804999999999999,-0.00647559806622552,-6.47559806622552,5.998741935483871,1.0404874754392481,0.5099210301279925,0.8388737089331819,0.16112629106681808,0.4277593458064979,271.8853665352535,-9.046273779013905
0.0098975,0.98975,-0.006461719582925235,-6.461719582925236,5.999338709677419,1.04028048422878,0.5098713104742573,0.8388737089331819,0.16112629106681808,0.42771763729616213,271.8080645804444,-9.045814931147346
0.00999,0.9990000000000001,-0.006447838519517453,-6.447838519517453,5.999935483870967,1.0400735547794102,0.5098215955707889,0.8388737089331819,0.16112629106681808,0.4276759327707003,271.7307481752995,-9.045356196923976
0.0100825,1.0082499999999999,-0.0064339548736604985,-6.433954873660499,6.000532258064516,1.039866687066571,0.509771885417645,0.8388737089331819,0.16112629106681808,0.42763423223016084,271.6534173067597,-9.044897576306596
0.010175,1.0175,-0.0064200686430096075,-6.420068643009608,6.001129032258064,1.0396598810657065,0.5097221800148818,0.8388737089331819,0.16112629106681808,0.4275925356745909,271.5760719617489,-9.044439069258061
0.0102675,1.02675,-0.006406179825216953,-6.406179825216952,6.0017258064516135,1.0394531367522728,0.509672479362556,0.8388737089331819,0.16112629106681808,0.42755084310403796,271.4987121271737,-9.043980675741215
0.01036,1.036,-0.006392288417931603,-6.392288417931603,6.002322580645162,1.039246454101738,0.5096227834607234,0.8388737089331819,0.16112629106681808,0.4275091545185489,271.42133778992337,-9.043522395718936
0.0104525,1.04525,-0.0063783944187995436,-6.378394418799544,6.00291935483871,1.0390398330895834,0.50957309230944,0.8388737089331819,0.16112629106681808,0.42746746991817064,271.3439489368701,-9.043064229154092
0.010545,1.0545,-0.006364497825463651,-6.36449782546365,6.003516129032258,1.0388332736913009,0.509523405908761,0.8388737089331819,0.16112629106681808,0.4274257893029495,271.26654555486857,-9.042606176009599
0.0106375,1.06375,-0.00635059863556367,-6.35059863556367,6.004112903225807,1.038626775882396,0.5094737242587419,0.8388737089331819,0.16112629106681808,0.4273841126729321,271.1891276307561,-9.042148236248364
0.01073,1.073,-0.0063366968467362976,-6.336696846736298,6.004709677419355,1.0384203396383862,0.5094240473594376,0.8388737089331819,0.16112629106681808,0.4273424400281643,271.1116951513528,-9.041690409833318
0.0108225,1.0822500000000002,-0.006322792456615042,-6.3227924566150415,6.0053064516129036,1.0382139649348001,0.5093743752109025,0.8388737089331819,0.16112629106681808,0.427300771368692,271.0342481034612,-9.041232696727391
0.010915,1.0915,-0.006308885462830348,-6.308885462830348,6.005903225806452,1.0380076517471795,0.509324707813191,0.8388737089331819,0.16112629106681808,0.4272591066945607,270.95678647386654,-9.040775096893567
0.0110075,1.10075,-0.006294975863009479,-6.294975863009479,6.0065,1.037801400051078,0.5092750451663569,0.8388737089331819,0.16112629106681808,0.42721744600581557,270.8793102493364,-9.040317610294803
0.0111,1.11,-0.006281063654776596,-6.281063654776596,6.007096774193548,1.0375952098220609,0.5092253872704541,0.8388737089331819,0.16112629106681808,0.4271757893025017,270.80181941662096,-9.039860236894098
0.0111925,1.1192499999999999,-0.006267148835752728,-6.267148835752727,6.007693548387096,1.0373890810357067,0.5091757341255359,0.8388737089331819,0.16112629106681808,0.427134136584664,270.7243139624529,-9.039402976654454
0.011285,1.1285,-0.006253231403555705,-6.253231403555705,6.008290322580645,1.037183013667605,0.5091260857316553,0.8388737089331819,0.16112629106681808,0.4270924878523468,270.6467938735472,-9.038945829538893
0.0113775,1.13775,-0.006239311355800263,-6.239311355800264,6.008887096774194,1.0369770076933582,0.5090764420888654,0.8388737089331819,0.16112629106681808,0.4270508431055947,270.5692591366013,-9.038488795510446
0.01147,1.147,-0.006225388690097955,-6.2253886900979545,6.009483870967742,1.0367710630885805,0.5090268031972186,0.8388737089331819,0.16112629106681808,0.4270092023444516,270.49170973829507,-9.038031874532166
0.0115625,1.15625,-0.006211463404057157,-6.211463404057157,6.01008064516129,1.0365651798288984,0.508977169056767,0.8388737089331819,0.16112629106681808,0.4269675655689613,270.41414566529056,-9.037575066567126
0.011655,1.1655,-0.006197535495283107,-6.197535495283106,6.010677419354839,1.0363593578899495,0.5089275396675625,0.8388737089331819,0.16112629106681808,0.42692593277916724,270.33656690423226,-9.03711837157839
0.0117475,1.17475,-0.006183604961377853,-6.183604961377853,6.011274193548388,1.0361535972473852,0.5088779150296568,0.8388737089331819,0.16112629106681808,0.42688430397511284,270.2589734417469,-9.036661789529072
0.01184,1.184,-0.006169671799940241,-6.16967179994024,6.0118709677419355,1.0359478978768681,0.5088282951431015,0.8388737089331819,0.16112629106681808,0.42684267915684126,270.1813652644433,-9.03620532038227
0.0119325,1.1932500000000001,-0.006155736008565951,-6.155736008565951,6.012467741935484,1.035742259754073,0.5087786800079472,0.8388737089331819,0.16112629106681808,0.42680105832439524,270.1037423589126,-9.03574896410112
0.012025,1.2025,-0.006141797584847471,-6.141797584847471,6.013064516129032,1.035536682854686,0.5087290696242448,0.8388737089331819,0.16112629106681808,0.4267594414778172,270.0261047117281,-9.035292720648753
0.0121175,1.2117499999999999,-0.006127856526374074,-6.127856526374074,6.01366129032258,1.0353311671544068,0.5086794639920449,0.8388737089331819,0.16112629106681808,0.42671782861714963,269.94845230944526,-9.034836589988341
0.01221,1.221,-0.006113912830731847,-6.113912830731847,6.014258064516128,1.0351257126289455,0.5086298631113974,0.8388737089331819,0.16112629106681808,0.4266762197424345,269.87078513860155,-9.034380572083041
0.0123025,1.2302499999999998,-0.00609996649550366,-6.09996649550366,6.014854838709678,1.0349203192540248,0.508580266982352,0.8388737089331819,0.16112629106681808,0.4266346148537135,269.7931031857166,-9.033924666896047
0.012395,1.2395,-0.0060860175182691455,-6.086017518269146,6.0154516129032265,1.034714987005381,0.5085306756049587,0.8388737089331819,0.16112629106681808,0.42659301395102844,269.7154064372919,-9.03346887439056
0.0124875,1.24875,-0.006072065896604763,-6.072065896604763,6.016048387096775,1.0345097158587602,0.5084810889792664,0.8388737089331819,0.16112629106681808,0.42655141703442045,269.6376948798113,-9.033013194529792
0.01258,1.258,-0.00605811162808368,-6.05811162808368,6.016645161290322,1.0343045057899218,0.5084315071053244,0.8388737089331819,0.16112629106681808,0.4265098241039309,269.5599684997402,-9.032557627276978
0.0126725,1.26725,-0.0060441547102758645,-6.044154710275865,6.01724193548387,1.0340993567746366,0.5083819299831809,0.8388737089331819,0.16112629106681808,0.42646823515960014,269.48222728352613,-9.032102172595375
0.012765,1.2765,-0.006030195140748057,-6.030195140748057,6.017838709677419,1.0338942687886874,0.5083323576128845,0.8388737089331819,0.16112629106681808,0.426426650201469,269.4044712175986,-9.031646830448228
0.0128575,1.28575,-0.00601623291706371,-6.016232917063711,6.018435483870968,1.0336892418078698,0.5082827899944835,0.8388737089331819,0.16112629106681808,0.426385069229578,269.3267002883688,-9.031191600798824
0.01295,1.295,-0.006002268036783058,-6.002268036783058,6.019032258064517,1.0334842758079912,0.5082332271280254,0.8388737089331819,0.16112629106681808,0.42634349224396695,269.24891448222985,-9.030736483610454
0.0130425,1.3042500000000001,-0.0059883004974630675,-5.988300497463068,6.019629032258065,1.03327937076487,0.5081836690135579,0.8388737089331819,0.16112629106681808,0.42630191924467586,269.17111378555677,-9.03028147884642
0.013134999999999999,1.3135,-0.005974330296657437,-5.974330296657437,6.020225806451613,1.0330745266543375,0.508134115651128,0.8388737089331819,0.16112629106681808,0.42626035023174413,269.09329818470616,-9.029826586470058
0.0132275,1.3227499999999999,-0.005960357431916585,-5.960357431916585,6.020822580645161,1.0328697434522367,0.5080845670407828,0.8388737089331819,0.16112629106681808,0.42621878520521134,269.01546766601643,-9.029371806444681
0.01332,1.332,-0.0059463819007876725,-5.946381900787673,6.02141935483871,1.0326650211344222,0.5080350231825685,0.8388737089331819,0.16112629106681808,0.42617722416511633,268.9376222158077,-9.02891713873366
0.013412499999999999,1.3412499999999998,-0.005932403700814545,-5.932403700814545,6.0220161290322585,1.032460359676762,0.5079854840765319,0.8388737089331819,0.16112629106681808,0.42613566711149814,268.8597618203817,-9.028462583300364
0.013505,1.3505,-0.005918422829537811,-5.918422829537811,6.022612903225807,1.0322557590551344,0.5079359497227188,0.8388737089331819,0.16112629106681808,0.42609411404439534,268.78188646602194,-9.028008140108163
0.0135975,1.35975,-0.00590443928449474,-5.904439284494741,6.023209677419355,1.0320512192454303,0.5078864201211749,0.8388737089331819,0.16112629106681808,0.42605256496384625,268.7039961389934,-9.027553809120468
0.013689999999999999,1.369,-0.0058904530632193,-5.8904530632193,6.023806451612903,1.0318467402235525,0.5078368952719458,0.8388737089331819,0.16112629106681808,0.426011019869889,268.62609082554246,-9.027099590300676
0.0137825,1.37825,-0.005876464163242182,-5.876464163242182,6.024403225806451,1.0316423219654158,0.5077873751750763,0.8388737089331819,0.16112629106681808,0.4259694787625614,268.5481705118974,-9.026645483612223
0.013875,1.3875,-0.005862472582090739,-5.862472582090739,6.025,1.0314379644469465,0.5077378598306115,0.8388737089331819,0.16112629106681808,0.4259279416419011,268.4702351842677,-9.026191489018549
0.013967499999999999,1.39675,-0.005848478317288999,-5.848478317288999,6.0255967741935486,1.0312336676440836,0.507688349238596,0.8388737089331819,0.16112629106681808,0.42588640850794557,268.3922848288444,-9.02573760648311
0.01406,1.406,-0.005834481366357675,-5.834481366357675,6.026193548387097,1.031029431532778,0.507638843399074,0.8388737089331819,0.16112629106681808,0.4258448793607319,268.31431943179996,-9.02528383596938
0.0141525,1.4152500000000001,-0.00582048172681417,-5.820481726814171,6.026790322580645,1.0308252560889917,0.5075893423120893,0.8388737089331819,0.16112629106681808,0.42580335420029686,268.2363389792883,-9.024830177440846
0.014244999999999999,1.4244999999999999,-0.005806479396172505,-5.806479396172505,6.027387096774193,1.0306211412886987,0.5075398459776858,0.8388737089331819,0.16112629106681808,0.42576183302667714,268.1583434574445,-9.024376630861012
0.0143375,1.4337499999999999,-0.005792474371943367,-5.792474371943367,6.027983870967741,1.0304170871078862,0.507490354395907,0.8388737089331819,0.16112629106681808,0.4257203158399094,268.0803328523851,-9.023923196193389
0.01443,1.443,-0.005778466651634134,-5.778466651634134,6.028580645161291,1.0302130935225504,0.5074408675667954,0.8388737089331819,0.16112629106681808,0.4256788026400292,268.00230715020797,-9.023469873401506
0.014522499999999999,1.4522499999999998,-0.005764456232748758,-5.764456232748758,6.0291774193548395,1.0300091605087034,0.5073913854903944,0.8388737089331819,0.16112629106681808,0.425637293427073,267.92426633699205,-9.02301666244892
0.014615,1.4615,-0.005750443112787882,-5.750443112787883,6.029774193548388,1.029805288042366,0.5073419081667463,0.8388737089331819,0.16112629106681808,0.42559578820107624,267.84621039879767,-9.022563563299187
0.0147075,1.47075,-0.00573642728924876,-5.73642728924876,6.030370967741935,1.0296014760995724,0.5072924355958933,0.8388737089331819,0.16112629106681808,0.42555428696207437,267.7681393216663,-9.022110575915882
0.0148,1.48,-0.005722408759625251,-5.72240875962525,6.030967741935483,1.0293977246563675,0.5072429677778775,0.8388737089331819,0.16112629106681808,0.42551278971010253,267.69005309162037,-9.0216577002626
0.0148925,1.48925,-0.005708387521407861,-5.708387521407861,6.031564516129031,1.0291940336888092,0.50719350471274,0.8388737089331819,0.16112629106681808,0.42547129644519555,267.61195169466373,-9.021204936302944
0.014985,1.4985,-0.005694363572083696,-5.694363572083696,6.032161290322581,1.0289904031729662,0.5071440464005227,0.8388737089331819,0.16112629106681808,0.42542980716738815,267.53383511678106,-9.020752284000539
0.0150775,1.5077500000000001,-0.005680336909136453,-5.680336909136453,6.03275806451613,1.0287868330849201,0.5070945928412665,0.8388737089331819,0.16112629106681808,0.42538832187671494,267.4557033439381,-9.020299743319011
0.01517,1.517,-0.005666307530046456,-5.666307530046456,6.033354838709678,1.0285833234007642,0.5070451440350122,0.8388737089331819,0.16112629106681808,0.42534684057321015,267.3775563620818,-9.019847314222016
0.0152625,1.52625,-0.005652275432290582,-5.6522754322905815,6.033951612903226,1.0283798740966026,0.5069956999818002,0.8388737089331819,0.16112629106681808,0.42530536325690743,267.2993941571398,-9.019394996673226
0.015355,1.5355,-0.005638240613342341,-5.638240613342341,6.034548387096773,1.0281764851485522,0.5069462606816705,0.8388737089331819,0.16112629106681808,0.4252638899278406,267.22121671502083,-9.018942790636318
0.0154475,1.5447499999999998,-0.005624203070671776,-5.6242030706717765,6.035145161290322,1.0279731565327406,0.506896826134663,0.8388737089331819,0.16112629106681808,0.42522242058604304,267.14302402161445,-9.018490696074979
0.01554,1.554,-0.005610162801745518,-5.610162801745518,6.0357419354838715,1.027769888225309,0.5068473963408178,0.8388737089331819,0.16112629106681808,0.42518095523154825,267.06481606279107,-9.018038712952924
0.0156325,1.56325,-0.005596119804026793,-5.596119804026793,6.03633870967742,1.027566680202409,0.5067979713001737,0.8388737089331819,0.16112629106681808,0.425139493864389,266.98659282440207,-9.017586841233882
0.015725,1.5725,-0.005582074074975338,-5.5820740749753375,6.036935483870968,1.0273635324402046,0.50674855101277,0.8388737089331819,0.16112629106681808,0.42509803648459815,266.9083542922794,-9.01713508088159
0.015817499999999998,1.5817499999999998,-0.005568025612047475,-5.568025612047475,6.037532258064516,1.0271604449148706,0.5066991354786451,0.8388737089331819,0.16112629106681808,0.42505658309220784,266.83010045223585,-9.01668343185981
0.01591,1.591,-0.005553974412696054,-5.553974412696054,6.038129032258064,1.026957417602595,0.5066497246978379,0.8388737089331819,0.16112629106681808,0.4250151336872508,266.75183129006496,-9.016231894132288
0.0160025,1.60025,-0.005539920474370488,-5.539920474370487,6.0387258064516125,1.0267544504795765,0.5066003186703859,0.8388737089331819,0.16112629106681808,0.4249736882697585,266.6735467915409,-9.01578046766284
0.016094999999999998,1.6094999999999997,-0.005525863794516714,-5.525863794516714,6.039322580645162,1.0265515435220254,0.5065509173963275,0.8388737089331819,0.16112629106681808,0.4249322468397631,266.59524694241856,-9.015329152415234
0.0161875,1.6187500000000001,-0.0055118043705771795,-5.511804370577179,6.03991935483871,1.0263486967061657,0.5065015208757001,0.8388737089331819,0.16112629106681808,0.424890809397296,266.5169317284333,-9.014877948353304
0.01628,1.628,-0.005497742199990854,-5.497742199990854,6.040516129032258,1.0261459100082309,0.506452129108541,0.8388737089331819,0.16112629106681808,0.4248493759423885,266.43860113530104,-9.014426855440874
0.016372499999999998,1.6372499999999999,-0.005483677280193263,-5.4836772801932625,6.041112903225806,1.025943183404467,0.5064027420948871,0.8388737089331819,0.16112629106681808,0.42480794647507153,266.36025514871847,-9.013975873641783
0.016465,1.6465,-0.005469609608616369,-5.469609608616369,6.041709677419355,1.0257405168711315,0.5063533598347751,0.8388737089331819,0.16112629106681808,0.4247665209953759,266.28189375436244,-9.013525002919893
0.0165575,1.6557499999999998,-0.005455539182688704,-5.455539182688704,6.0423064516129035,1.025537910384495,0.5063039823282418,0.8388737089331819,0.16112629106681808,0.4247250995033324,266.2035169378905,-9.01307424323907
0.016649999999999998,1.6649999999999998,-0.005441465999835261,-5.441465999835261,6.042903225806453,1.0253353639208376,0.5062546095753226,0.8388737089331819,0.16112629106681808,0.4246836819989709,266.12512468494066,-9.01262359456321
0.0167425,1.67425,-0.0054273900574774965,-5.4273900574774965,6.0435,1.0251328774564528,0.506205241576054,0.8388737089331819,0.16112629106681808,0.4246422684823217,266.04671698113094,-9.012173056856213
0.016835,1.6835,-0.005413311353033409,-5.413311353033409,6.044096774193548,1.0249304509676451,0.506155878330471,0.8388737089331819,0.16112629106681808,0.4246008589534146,265.9682938120602,-9.011722630081993
0.016927499999999998,1.6927499999999998,-0.0053992298839173995,-5.3992298839174,6.044693548387096,1.0247280844307312,0.5061065198386092,0.8388737089331819,0.16112629106681808,0.42455945341227913,265.8898551633072,-9.011272314204481
0.01702,1.702,-0.005385145647540401,-5.3851456475404005,6.0452903225806445,1.0245257778220387,0.5060571661005037,0.8388737089331819,0.16112629106681808,0.4245180518589448,265.81140102043116,-9.010822109187629
0.0171125,1.71125,-0.005371058641309751,-5.371058641309751,6.045887096774193,1.0243235311179073,0.5060078171161887,0.8388737089331819,0.16112629106681808,0.42447665429344045,265.7329313689715,-9.010372014995388
0.017204999999999998,1.7205,-0.0053569688626292945,-5.356968862629294,6.046483870967743,1.024121344294688,0.5059584728856987,0.8388737089331819,0.16112629106681808,0.42443526071579485,265.6544461944479,-9.009922031591744
0.0172975,1.7297500000000001,-0.005342876308899273,-5.342876308899273,6.047080645161291,1.023919217328745,0.5059091334090682,0.8388737089331819,0.16112629106681808,0.42439387112603694,265.5759454823601,-9.009472158940687
0.01739,1.7389999999999999,-0.0053287809775164055,-5.328780977516406,6.047677419354839,1.0237171501964526,0.5058597986863308,0.8388737089331819,0.16112629106681808,0.4243524855241951,265.497429218188,-9.009022397006209
0.017482499999999998,1.7482499999999999,-0.005314682865873826,-5.314682865873826,6.048274193548387,1.0235151428741964,0.5058104687175198,0.8388737089331819,0.16112629106681808,0.424311103910297,265.4188973873916,-9.008572745752339
0.017575,1.7575,-0.005300581971361091,-5.300581971361091,6.0488709677419354,1.0233131953383754,0.5057611435026688,0.8388737089331819,0.16112629106681808,0.424269726284371,265.34034997541085,-9.008123205143114
0.0176675,1.7667499999999998,-0.0052864782913642095,-5.28647829136421,6.049467741935484,1.023111307565399,0.5057118230418105,0.8388737089331819,0.16112629106681808,0.42422835264644454,265.2617869676659,-9.007673775142583
0.017759999999999998,1.7759999999999998,-0.005272371823265556,-5.272371823265556,6.050064516129033,1.022909479531688,0.5056625073349776,0.8388737089331819,0.16112629106681808,0.424186982996545,265.1832083495566,-9.007224455714795
0.0178525,1.78525,-0.005258262564443935,-5.2582625644439345,6.050661290322581,1.022707711213676,0.5056131963822026,0.8388737089331819,0.16112629106681808,0.4241456173346996,265.1046141064629,-9.00677524682385
0.017945,1.7945,-0.005244150512274561,-5.244150512274561,6.051258064516129,1.0225060025878072,0.5055638901835176,0.8388737089331819,0.16112629106681808,0.42410425566093524,265.02600422374474,-9.006326148433827
0.0180375,1.8037500000000002,-0.005230035664129012,-5.230035664129012,6.051854838709677,1.022304353630538,0.5055145887389542,0.8388737089331819,0.16112629106681808,0.4240628979752786,264.9473786867416,-9.005877160508838
0.01813,1.813,-0.005215918017375294,-5.2159180173752935,6.052451612903225,1.0221027643183358,0.505465292048544,0.8388737089331819,0.16112629106681808,0.42402154427775607,264.8687374807731,-9.005428283013005
0.0182225,1.82225,-0.005201797569377743,-5.201797569377743,6.053048387096775,1.0219012346276797,0.5054160001123182,0.8388737089331819,0.16112629106681808,0.42398019456839386,264.79008059113846,-9.004979515910456
0.018315,1.8315000000000001,-0.005187674317497094,-5.187674317497095,6.053645161290323,1.0216997645350614,0.5053667129303079,0.8388737089331819,0.16112629106681808,0.423938848847218,264.7114080031166,-9.004530859165357
0.0184075,1.84075,-0.00517354825909045,-5.17354825909045,6.054241935483871,1.0214983540169837,0.5053174305025436,0.8388737089331819,0.16112629106681808,0.42389750711425417,264.63271970196627,-9.004082312741877
0.0185,1.8499999999999999,-0.005159419391511267,-5.159419391511267,6.054838709677419,1.0212970030499597,0.5052681528290559,0.8388737089331819,0.16112629106681808,0.4238561693695279,264.55401567292586,-9.00363387660417
0.0185925,1.85925,-0.005145287712109327,-5.145287712109328,6.055435483870968,1.0210957116105153,0.5052188799098745,0.8388737089331819,0.16112629106681808,0.4238148356130642,264.4752959012132,-9.00318555071646
0.018685,1.8685,-0.005131153218230808,-5.131153218230808,6.0560322580645165,1.0208944796751886,0.5051696117450296,0.8388737089331819,0.16112629106681808,0.4237735058448885,264.396560372026,-9.002737335042935
0.0187775,1.8777499999999998,-0.00511701590721817,-5.11701590721817,6.056629032258065,1.0206933072205278,0.5051203483345504,0.8388737089331819,0.16112629106681808,0.4237321800650251,264.3178090705412,-9.002289229547838
0.01887,1.8870000000000002,-0.005102875776410231,-5.102875776410231,6.057225806451613,1.020492194223093,0.5050710896784664,0.8388737089331819,0.16112629106681808,0.42369085827349884,264.2390419819155,-9.00184123419539
0.0189625,1.89625,-0.005088732823142136,-5.088732823142136,6.057822580645161,1.0202911406594568,0.5050218357768063,0.8388737089331819,0.16112629106681808,0.42364954047033376,264.16025909128484,-9.001393348949865
0.019055,1.9055,-0.005074587044745339,-5.074587044745338,6.058419354838709,1.0200901465062022,0.5049725866295988,0.8388737089331819,0.16112629106681808,0.42360822665555403,264.08146038376486,-9.000945573775514
0.0191475,1.9147500000000002,-0.005060438438547578,-5.060438438547578,6.0590161290322575,1.0198892117399243,0.5049233422368724,0.8388737089331819,0.16112629106681808,0.4235669168291835,264.0026458444502,-9.000497908636623
0.01924,1.924,-0.005046287001872932,-5.046287001872932,6.059612903225807,1.0196883363372293,0.5048741025986551,0.8388737089331819,0.16112629106681808,0.4235256109912456,263.9238154584153,-9.000050353497489
0.0193325,1.93325,-0.005032132732041759,-5.032132732041759,6.060209677419356,1.0194875202747355,0.5048248677149746,0.8388737089331819,0.16112629106681808,0.42348430914176366,263.8449692107135,-8.999602908322432
0.019425,1.9425000000000001,-0.0050179756263706975,-5.017975626370697,6.060806451612904,1.0192867635290732,0.5047756375858589,0.8388737089331819,0.16112629106681808,0.42344301128076106,263.76610708637764,-8.999155573075766
0.0195175,1.95175,-0.005003815682172661,-5.003815682172661,6.061403225806451,1.0190860660768823,0.5047264122113345,0.8388737089331819,0.16112629106681808,0.4234017174082602,263.6872290704197,-8.998708347721845
0.01961,1.9609999999999999,-0.0049896528967568595,-4.989652896756859,6.061999999999999,1.0188854278948158,0.504677191591429,0.8388737089331819,0.16112629106681808,0.4233604275242841,263.60833514783087,-8.998261232225007
0.0197025,1.97025,-0.004975487267428741,-4.975487267428742,6.0625967741935485,1.0186848489595375,0.5046279757261684,0.8388737089331819,0.16112629106681808,0.42331914162885453,263.52942530358143,-8.997814226549636
0.019795,1.9795,-0.00496131879149003,-4.96131879149003,6.063193548387097,1.0184843292477235,0.5045787646155798,0.8388737089331819,0.16112629106681808,0.42327785972199444,263.4504995226209,-8.99736733066011
0.0198875,1.9887499999999998,-0.004947147466238703,-4.947147466238703,6.063790322580646,1.01828386873606,0.5045295582596887,0.8388737089331819,0.16112629106681808,0.423236581803725,263.37155778987767,-8.996920544520826
0.01998,1.9980000000000002,-0.004932973288968962,-4.932973288968962,6.064387096774194,1.0180834674012462,0.5044803566585213,0.8388737089331819,0.16112629106681808,0.4231953078740682,263.2926000902593,-8.996473868096208
0.0200725,2.00725,-0.00491879625697127,-4.91879625697127,6.064983870967742,1.0178831252199916,0.5044311598121031,0.8388737089331819,0.16112629106681808,0.4231540379330455,263.2136264086524,-8.99602730135067
0.020165,2.0164999999999997,-0.004904616367532293,-4.904616367532293,6.06558064516129,1.017682842169018,0.5043819677204593,0.8388737089331819,0.16112629106681808,0.42311277198067815,263.1346367299222,-8.995580844248654
0.0202575,2.02575,-0.004890433617934947,-4.890433617934947,6.066177419354839,1.0174826182250571,0.5043327803836144,0.8388737089331819,0.16112629106681808,0.4230715100169865,263.0556310389132,-8.995134496754634
0.02035,2.035,-0.004876248005458336,-4.8762480054583355,6.066774193548387,1.017282453364855,0.5042835978015939,0.8388737089331819,0.16112629106681808,0.42303025204199207,262.9766093204485,-8.994688258833056
0.0204425,2.04425,-0.004862059527377794,-4.862059527377794,6.067370967741936,1.0170823475651656,0.5042344199744214,0.8388737089331819,0.16112629106681808,0.4229889980557146,262.89757155933023,-8.994242130448429
0.020535,2.0535,-0.004847868180964828,-4.847868180964828,6.067967741935484,1.0168823008027572,0.5041852469021216,0.8388737089331819,0.16112629106681808,0.42294774805817487,262.8185177403391,-8.99379611156523
0.0206275,2.06275,-0.004833673963487176,-4.8336739634871755,6.068564516129032,1.016682313054408,0.5041360785847181,0.8388737089331819,0.16112629106681808,0.4229065020493925,262.73944784823465,-8.993350202147992
0.02072,2.072,-0.004819476872208733,-4.819476872208733,6.069161290322581,1.0164823842969077,0.5040869150222342,0.8388737089331819,0.16112629106681808,0.42286526002938735,262.66036186775517,-8.992904402161237
0.0208125,2.0812500000000003,-0.004805276904389576,-4.805276904389576,6.0697580645161295,1.0162825145070586,0.5040377562146938,0.8388737089331819,0.16112629106681808,0.42282402199817914,262.58125978361755,-8.992458711569506
0.020905,2.0905,-0.0047910740572859505,-4.79107405728595,6.070354838709677,1.0160827036616729,0.5039886021621194,0.8388737089331819,0.16112629106681808,0.42278278795578694,262.5021415805172,-8.99201313033736
0.0209975,2.09975,-0.004776868328150266,-4.7768683281502655,6.070951612903226,1.015882951737574,0.5039394528645336,0.8388737089331819,0.16112629106681808,0.42274155790222967,262.42300724312827,-8.991567658429373
0.02109,2.109,-0.004762659714231111,-4.762659714231111,6.071548387096774,1.0156832587115991,0.5038903083219592,0.8388737089331819,0.16112629106681808,0.42270033183752653,262.3438567561034,-8.991122295810117
0.0211825,2.11825,-0.004748448212773175,-4.748448212773175,6.072145161290322,1.0154836245605938,0.503841168534418,0.8388737089331819,0.16112629106681808,0.4226591097616956,262.2646901040735,-8.990677042444208
0.021275,2.1275,-0.0047342338210173375,-4.734233821017337,6.0727419354838705,1.015284049261417,0.503792033501932,0.8388737089331819,0.16112629106681808,0.42261789167475555,262.1855072716483,-8.990231898296258
0.0213675,2.13675,-0.004720016536200565,-4.720016536200565,6.07333870967742,1.0150845327909384,0.5037429032245228,0.8388737089331819,0.16112629106681808,0.42257667757672435,262.10630824341564,-8.989786863330892
0.02146,2.146,-0.004705796355555995,-4.705796355555995,6.073935483870968,1.0148850751260392,0.5036937777022117,0.8388737089331819,0.16112629106681808,0.42253546746761994,262.02709300394184,-8.989341937512755
0.0215525,2.1552499999999997,-0.004691573276312836,-4.691573276312837,6.074532258064517,1.0146856762436112,0.5036446569350194,0.8388737089331819,0.16112629106681808,0.4224942613474597,261.9478615377715,-8.988897120806504
0.021645,2.1645000000000003,-0.004677347295696455,-4.677347295696455,6.075129032258064,1.0144863361205592,0.5035955409229671,0.8388737089331819,0.16112629106681808,0.4224530592162614,261.86861382942755,-8.988452413176816
0.0217375,2.17375,-0.004663118410928289,-4.663118410928289,6.075725806451612,1.0142870547337977,0.5035464296660751,0.8388737089331819,0.16112629106681808,0.42241186107404205,261.78934986341113,-8.988007814588372
0.02183,2.183,-0.0046488866192258725,-4.648886619225872,6.0763225806451615,1.0140878320602529,0.5034973231643632,0.8388737089331819,0.16112629106681808,0.42237066692081826,261.71006962420154,-8.987563325005883
0.0219225,2.19225,-0.004634651917802829,-4.634651917802828,6.07691935483871,1.0138886680768628,0.5034482214178517,0.8388737089331819,0.16112629106681808,0.4223294767566071,261.63077309625623,-8.987118944394052
0.022015,2.2015,-0.004620414303868887,-4.620414303868888,6.077516129032259,1.0136895627605766,0.50339912442656,0.8388737089331819,0.16112629106681808,0.4222882905814247,261.55146026401087,-8.986674672717617
0.0221075,2.21075,-0.004606173774629813,-4.606173774629814,6.078112903225807,1.013490516088355,0.5033500321905074,0.8388737089331819,0.16112629106681808,0.4222471083952875,261.47213111187904,-8.986230509941318
0.0222,2.22,-0.004591930327287441,-4.591930327287441,6.078709677419355,1.0132915280371695,0.5033009447097133,0.8388737089331819,0.16112629106681808,0.4222059301982115,261.3927856242524,-8.985786456029913
0.0222925,2.22925,-0.004577683959039682,-4.577683959039682,6.0793064516129025,1.0130925985840027,0.5032518619841958,0.8388737089331819,0.16112629106681808,0.4221647559902121,261.31342378550056,-8.985342510948184
0.022385,2.2384999999999997,-0.004563434667080483,-4.563434667080482,6.079903225806452,1.0128937277058492,0.5032027840139738,0.8388737089331819,0.16112629106681808,0.42212358577130504,261.23404557997117,-8.984898674660904
0.0224775,2.24775,-0.00454918244859984,-4.54918244859984,6.0805,1.0126949153797151,0.5031537107990657,0.8388737089331819,0.16112629106681808,0.4220824195415058,261.1546509919897,-8.984454947132885
0.02257,2.257,-0.004534927300783775,-4.5349273007837745,6.081096774193548,1.0124961615826167,0.5031046423394889,0.8388737089331819,0.16112629106681808,0.42204125730082903,261.0752400058594,-8.984011328328931
0.0226625,2.26625,-0.004520669220814339,-4.520669220814339,6.081693548387097,1.0122974662915822,0.5030555786352613,0.8388737089331819,0.16112629106681808,0.4220000990492896,260.99581260586154,-8.983567818213889
0.022755,2.2755,-0.004506408205869589,-4.5064082058695885,6.082290322580645,1.0120988294836515,0.5030065196864004,0.8388737089331819,0.16112629106681808,0.4219589447869023,260.91636877625484,-8.983124416752581
0.0228475,2.28475,-0.0044921442531236176,-4.492144253123618,6.0828870967741935,1.0119002511358748,0.502957465492923,0.8388737089331819,0.16112629106681808,0.42191779451368117,260.836908501276,-8.982681123909886
0.02294,2.294,-0.004477877359746493,-4.4778773597464925,6.083483870967743,1.011701731225314,0.5029084160548459,0.8388737089331819,0.16112629106681808,0.4218766482296404,260.7574317651393,-8.982237939650664
0.0230325,2.3032500000000002,-0.00446360752290429,-4.46360752290429,6.084080645161291,1.011503269729043,0.5028593713721858,0.8388737089331819,0.16112629106681808,0.42183550593479385,260.67793855203655,-8.981794863939813
0.023125,2.3125,-0.004449334739759069,-4.4493347397590695,6.084677419354839,1.0113048666241455,0.5028103314449589,0.8388737089331819,0.16112629106681808,0.4217943676291552,260.5984288461373,-8.981351896742218
0.0232175,2.3217499999999998,-0.004435059007468873,-4.4350590074688725,6.085274193548387,1.011106521887718,0.5027612962731812,0.8388737089331819,0.16112629106681808,0.42175323331273784,260.5189026315887,-8.980909038022814
0.02331,2.331,-0.00442078032318771,-4.42078032318771,6.085870967741935,1.0109082354968668,0.5027122658568682,0.8388737089331819,0.16112629106681808,0.42171210298555484,260.4393598925151,-8.980466287746511
0.0234025,2.34025,-0.004406498684065547,-4.406498684065547,6.086467741935484,1.01071000742871,0.5026632401960355,0.8388737089331819,0.16112629106681808,0.42167097664761916,260.35980061301854,-8.98002364587827
0.023495,2.3495,-0.004392214087248311,-4.392214087248311,6.087064516129033,1.0105118376603772,0.502614219290698,0.8388737089331819,0.16112629106681808,0.4216298542989435,260.28022477717843,-8.97958111238303
0.0235875,2.35875,-0.004377926529877867,-4.377926529877867,6.087661290322581,1.0103137261690087,0.5025652031408708,0.8388737089331819,0.16112629106681808,0.4215887359395403,260.2006323690515,-8.979138687225774
0.02368,2.368,-0.004363636009092041,-4.363636009092041,6.088258064516129,1.0101156729317564,0.5025161917465681,0.8388737089331819,0.16112629106681808,0.42154762156942166,260.12102337267186,-8.97869637037149
0.0237725,2.3772499999999996,-0.004349342522024572,-4.349342522024572,6.088854838709677,1.0099176779257837,0.5024671851078046,0.8388737089331819,0.16112629106681808,0.4215065111885997,260.04139777205086,-8.978254161785179
0.023865,2.3865000000000003,-0.004335046065805114,-4.335046065805114,6.0894516129032255,1.0097197411282643,0.5024181832245943,0.8388737089331819,0.16112629106681808,0.4214654047970864,259.961755551177,-8.977812061431845
0.0239575,2.39575,-0.004320746637559255,-4.320746637559255,6.090048387096774,1.0095218625163833,0.5023691860969505,0.8388737089331819,0.16112629106681808,0.4214243023948927,259.8820966940162,-8.977370069276533
0.02405,2.405,-0.004306444234408468,-4.306444234408468,6.090645161290323,1.0093240420673375,0.5023201937248868,0.8388737089331819,0.16112629106681808,0.4213832039820302,259.80242118451116,-8.976928185284278
0.0241425,2.41425,-0.004292138853470155,-4.292138853470155,6.091241935483872,1.0091262797583347,0.5022712061084165,0.8388737089331819,0.16112629106681808,0.42134210955851,259.72272900658203,-8.976486409420133
0.024235,2.4234999999999998,-0.004277830491857578,-4.277830491857578,6.09183870967742,1.0089285755665938,0.5022222232475527,0.8388737089331819,0.16112629106681808,0.42130101912434303,259.6430201441258,-8.976044741649176
0.0243275,2.43275,-0.004263519146679877,-4.263519146679877,6.092435483870968,1.0087309294693447,0.5021732451423075,0.8388737089331819,0.16112629106681808,0.4212599326795395,259.5632945810164,-8.975603181936496
0.02442,2.442,-0.004249204815042105,-4.249204815042106,6.0930322580645155,1.0085333414438284,0.5021242717926938,0.8388737089331819,0.16112629106681808,0.42121885022411015,259.483552301105,-8.975161730247173
0.0245125,2.45125,-0.004234887494045136,-4.234887494045136,6.093629032258065,1.0083358114672973,0.5020753031987233,0.8388737089331819,0.16112629106681808,0.42117777175806487,259.40379328821945,-8.974720386546338
0.024605,2.4604999999999997,-0.004220567180785743,-4.220567180785743,6.094225806451613,1.008138339517015,0.5020263393604079,0.8388737089331819,0.16112629106681808,0.42113669728141356,259.32401752616454,-8.974279150799124
0.0246975,2.46975,-0.004206243872356501,-4.206243872356501,6.094822580645161,1.0079409255702558,0.5019773802777592,0.8388737089331819,0.16112629106681808,0.4210956267941661,259.2442249987218,-8.973838022970652
0.02479,2.479,-0.004191917565845876,-4.191917565845876,6.09541935483871,1.0077435696043053,0.5019284259507879,0.8388737089331819,0.16112629106681808,0.4210545602963314,259.1644156896497,-8.9733970030261
0.0248825,2.48825,-0.004177588258338132,-4.177588258338131,6.096016129032258,1.0075462715964605,0.5018794763795057,0.8388737089331819,0.16112629106681808,0.4210134977879192,259.08458958268324,-8.972956090930621
0.024975,2.4975,-0.0041632559469133535,-4.163255946913353,6.0966129032258065,1.0073490315240299,0.5018305315639229,0.8388737089331819,0.16112629106681808,0.4209724392689382,259.0047466615342,-8.972515286649417
0.0250675,2.50675,-0.004148920628647468,-4.148920628647468,6.097209677419354,1.0071518493643314,0.50178159150405,0.8388737089331819,0.16112629106681808,0.42093138473939723,258.9248869098911,-8.972074590147665
0.02516,2.516,-0.004134582300612199,-4.134582300612199,6.097806451612904,1.0069547250946953,0.5017326561998968,0.8388737089331819,0.16112629106681808,0.4208903341993045,258.84501031141883,-8.971634001390594
0.0252525,2.52525,-0.004120240959875058,-4.120240959875058,6.098403225806452,1.006757658692464,0.5016837256514738,0.8388737089331819,0.16112629106681808,0.4208492876486687,258.76511684975895,-8.971193520343425
0.025345,2.5345,-0.0041058966034993585,-4.1058966034993585,6.099,1.0065606501349886,0.50163479985879,0.8388737089331819,0.16112629106681808,0.4208082450874976,258.6852065085295,-8.970753146971392
0.0254375,2.5437499999999997,-0.004091549228544201,-4.091549228544201,6.099596774193548,1.006363699399633,0.501585878821855,0.8388737089331819,0.16112629106681808,0.4207672065157991,258.605279271325,-8.97031288123976
0.02553,2.553,-0.004077198832064452,-4.077198832064452,6.100193548387097,1.0061668064637719,0.5015369625406778,0.8388737089331819,0.16112629106681808,0.4207261719335807,258.5253351217163,-8.969872723113802
0.0256225,2.56225,-0.004062845411110731,-4.0628454111107315,6.100790322580646,1.0059699713047896,0.5014880510152667,0.8388737089331819,0.16112629106681808,0.42068514134084956,258.4453740432506,-8.969432672558785
0.025715,2.5715,-0.0040484889627294416,-4.048488962729442,6.101387096774194,1.005773193900084,0.5014391442456309,0.8388737089331819,0.16112629106681808,0.42064411473761315,258.36539601945145,-8.968992729540018
0.0258075,2.58075,-0.004034129483962722,-4.034129483962722,6.101983870967741,1.005576474227062,0.5013902422317781,0.8388737089331819,0.16112629106681808,0.4206030921238782,258.2854010338187,-8.968552894022805
0.0259,2.59,-0.004019766971848449,-4.019766971848449,6.10258064516129,1.0053798122631423,0.5013413449737162,0.8388737089331819,0.16112629106681808,0.42056207349965113,258.2053890698283,-8.968113165972472
0.025992499999999998,2.5992499999999996,-0.004005401423420218,-4.005401423420218,6.1031774193548385,1.0051832079857552,0.5012924524714532,0.8388737089331819,0.16112629106681808,0.42052105886493873,258.1253601109324,-8.967673545354357
0.026085,2.6085000000000003,-0.003991032835707377,-3.9910328357073768,6.103774193548387,1.0049866613723408,0.5012435647249962,0.8388737089331819,0.16112629106681808,0.420480048219747,258.0453141405593,-8.967234032133822
0.0261775,2.61775,-0.0039766612057349805,-3.9766612057349806,6.104370967741937,1.004790172400351,0.5011946817343522,0.8388737089331819,0.16112629106681808,0.42043904156408174,257.9652511421134,-8.966794626276224
0.026269999999999998,2.627,-0.003962286530523756,-3.962286530523756,6.104967741935485,1.0045937410472487,0.5011458034995283,0.8388737089331819,0.16112629106681808,0.4203980388979489,257.885171098975,-8.96635532774694
0.0263625,2.63625,-0.003947908807090187,-3.947908807090187,6.105564516129033,1.0043973672905082,0.5010969300205309,0.8388737089331819,0.16112629106681808,0.4203570402213539,257.8050739945005,-8.965916136511387
0.026455,2.6454999999999997,-0.0039335280324463715,-3.9335280324463713,6.10616129032258,1.0042010511076136,0.5010480612973663,0.8388737089331819,0.16112629106681808,0.42031604553430196,257.72495981202206,-8.965477052534954
0.026547499999999998,2.65475,-0.003919144203600173,-3.9191442036001725,6.106758064516129,1.004004792476061,0.5009991973300405,0.8388737089331819,0.16112629106681808,0.42027505483679817,257.644828534848,-8.965038075783063
0.02664,2.664,-0.003904757317555037,-3.904757317555037,6.107354838709677,1.003808591373357,0.5009503381185593,0.8388737089331819,0.16112629106681808,0.42023406812884734,257.56468014626205,-8.964599206221163
0.0267325,2.67325,-0.0038903673713101324,-3.8903673713101323,6.107951612903226,1.0036124477770194,0.5009014836629277,0.8388737089331819,0.16112629106681808,0.4201930854104538,257.4845146295241,-8.964160443814695
0.026824999999999998,2.6824999999999997,-0.0038759743618602856,-3.8759743618602855,6.108548387096774,1.0034163616645775,0.5008526339631516,0.8388737089331819,0.16112629106681808,0.42015210668162234,257.4043319678696,-8.96372178852912
0.0269175,2.69175,-0.0038615782861959177,-3.861578286195918,6.109145161290323,1.00322033301357,0.5008037890192352,0.8388737089331819,0.16112629106681808,0.42011113194235655,257.3241321445097,-8.963283240329938
0.02701,2.701,-0.0038471791413031194,-3.8471791413031196,6.109741935483871,1.003024361801549,0.5007549488311837,0.8388737089331819,0.16112629106681808,0.4200701611926608,257.24391514263107,-8.96284479918262
0.027102499999999998,2.71025,-0.003832776924163622,-3.832776924163622,6.1103387096774195,1.002828448006075,0.500706113399001,0.8388737089331819,0.16112629106681808,0.4200291944325383,257.1636809453962,-8.96240646505269
0.027195,2.7195,-0.003818371631754734,-3.8183716317547343,6.110935483870967,1.0026325916047216,0.5006572827226915,0.8388737089331819,0.16112629106681808,0.4199882316619929,257.0834295359429,-8.961968237905644
0.0272875,2.72875,-0.003803963261049405,-3.8039632610494047,6.111532258064517,1.002436792575071,0.5006084568022588,0.8388737089331819,0.16112629106681808,0.41994727288102746,257.0031608973846,-8.961530117707033
0.027379999999999998,2.738,-0.0037895518090161856,-3.7895518090161855,6.112129032258065,1.0022410508947195,0.5005596356377067,0.8388737089331819,0.16112629106681808,0.4199063180896451,256.92287501281004,-8.961092104422407
0.0274725,2.74725,-0.003775137272619193,-3.775137272619193,6.112725806451613,1.0020453665412712,0.500510819229038,0.8388737089331819,0.16112629106681808,0.4198653672878484,256.8425718652834,-8.960654198017334
0.027565,2.7565,-0.00376071964881815,-3.76071964881815,6.113322580645161,1.0018497394923433,0.500462007576256,0.8388737089331819,0.16112629106681808,0.41982442047564006,256.7622514378442,-8.960216398457371
0.027657499999999998,2.7657499999999997,-0.0037462989345683605,-3.7462989345683604,6.11391935483871,1.0016541697255628,0.5004132006793635,0.8388737089331819,0.16112629106681808,0.4197834776530223,256.68191371350736,-8.959778705708118
0.02775,2.775,-0.0037318751268206646,-3.7318751268206647,6.114516129032258,1.001458657218568,0.5003643985383628,0.8388737089331819,0.16112629106681808,0.4197425388199972,256.60155867526277,-8.95934111973518
0.0278425,2.78425,-0.0037174482225214747,-3.7174482225214747,6.115112903225806,1.0012632019490075,0.5003156011532559,0.8388737089331819,0.16112629106681808,0.4197016039765663,256.52118630607566,-8.958903640504179
0.027934999999999998,2.7935,-0.003703018218612738,-3.703018218612738,6.115709677419355,1.0010678038945422,0.500266808524045,0.8388737089331819,0.16112629106681808,0.4196606731227316,256.44079658888637,-8.958466267980736
0.0280275,2.80275,-0.0036885851120319725,-3.6885851120319724,6.116306451612903,1.0008724630328427,0.5002180206507316,0.8388737089331819,0.16112629106681808,0.41961974625849424,256.36038950661043,-8.958029002130504
0.02812,2.812,-0.003674148899712193,-3.674148899712193,6.1169032258064515,1.0006771793415907,0.5001692375333169,0.8388737089331819,0.16112629106681808,0.4195788233838552,256.27996504213826,-8.957591842919147
0.028212499999999998,2.8212499999999996,-0.0036597095785819325,-3.6597095785819325,6.1175,1.0004819527984796,0.5001204591718024,0.8388737089331819,0.16112629106681808,0.41953790449881584,256.1995231783352,-8.957154790312321
0.028305,2.8305000000000002,-0.003645267145565269,-3.6452671455652688,6.118096774193549,1.000286783381212,0.5000716855661884,0.8388737089331819,0.16112629106681808,0.4194969896033764,256.11906389804176,-8.956717844275735
0.0283975,2.83975,-0.0036308215975817382,-3.6308215975817384,6.118693548387098,1.0000916710675025,0.5000229167164758,0.8388737089331819,0.16112629106681808,0.4194560786975376,256.0385871840731,-8.956281004775068
0.028489999999999998,2.8489999999999998,-0.003616372931546401,-3.616372931546401,6.119290322580646,0.9998966158350772,0.4999741526226645,0.8388737089331819,0.16112629106681808,0.41941517178129933,255.95809301921935,-8.95584427177606
0.0285825,2.85825,-0.0036019211443697836,-3.6019211443697836,6.119887096774193,0.9997016176616722,0.499925393284755,0.8388737089331819,0.16112629106681808,0.41937426885466206,255.87758138624534,-8.955407645244419
0.028675,2.8674999999999997,-0.0035874662329578957,-3.5874662329578957,6.120483870967742,0.999506676525034,0.49987663870274657,0.8388737089331819,0.16112629106681808,0.41933336991762515,255.79705226789065,-8.954971125145896
0.028767499999999998,2.87675,-0.0035730081942122014,-3.573008194212201,6.12108064516129,0.9993117924029208,0.4998278888766389,0.8388737089331819,0.16112629106681808,0.4192924749701884,255.71650564686954,-8.95453471144624
0.02886,2.886,-0.0035585470250296255,-3.5585470250296254,6.121677419354838,0.9991169652731012,0.499779143806431,0.8388737089331819,0.16112629106681808,0.41925158401235085,255.63594150587085,-8.954098404111233
0.0289525,2.89525,-0.0035440827223025464,-3.544082722302546,6.122274193548388,0.9989221951133548,0.49973040349212194,0.8388737089331819,0.16112629106681808,0.41921069704411185,255.55535982755805,-8.953662203106651
0.029044999999999998,2.9044999999999996,-0.0035296152829187737,-3.529615282918774,6.122870967741936,0.9987274819014722,0.4996816679337102,0.8388737089331819,0.16112629106681808,0.4191698140654701,255.47476059456912,-8.95322610839829
0.0291375,2.91375,-0.003515144703761533,-3.515144703761533,6.123467741935484,0.9985328256152549,0.4996329371311944,0.8388737089331819,0.16112629106681808,0.41912893507642435,255.39414378951645,-8.952790119951974
0.02923,2.923,-0.0035006709817094863,-3.500670981709486,6.124064516129032,0.9983382262325144,0.4995842110845724,0.8388737089331819,0.16112629106681808,0.4190880600769729,255.31350939498688,-8.952354237733516
0.029322499999999998,2.93225,-0.003486194113636697,-3.486194113636697,6.12466129032258,0.9981436837310735,0.499535489793842,0.8388737089331819,0.16112629106681808,0.41904718906711386,255.23285739354165,-8.95191846170876
0.029415,2.9415,-0.003471714096412624,-3.471714096412624,6.125258064516129,0.9979491980887663,0.49948677325900087,0.8388737089331819,0.16112629106681808,0.41900632204684535,255.15218776771624,-8.951482791843553
0.0295075,2.9507499999999998,-0.0034572309269021192,-3.457230926902119,6.125854838709678,0.997754769283437,0.4994380614800463,0.8388737089331819,0.16112629106681808,0.418965459016165,255.07150050002042,-8.951047228103764
0.0296,2.96,-0.003442744601965421,-3.442744601965421,6.126451612903226,0.997560397292941,0.49938935445697535,0.8388737089331819,0.16112629106681808,0.41892459997507037,254.99079557293817,-8.950611770455277
0.0296925,2.96925,-0.003428255118458127,-3.428255118458127,6.1270483870967745,0.9973660820951442,0.49934065218978463,0.8388737089331819,0.16112629106681808,0.4188837449235586,254.91007296892758,-8.950176418863988
0.029785,2.9785,-0.0034137624732312106,-3.4137624732312104,6.127645161290323,0.9971718236679237,0.4992919546784707,0.8388737089331819,0.16112629106681808,0.4188428938616269,254.8293326704209,-8.949741173295802
0.0298775,2.98775,-0.0033992666631309774,-3.3992666631309776,6.128241935483871,0.9969776219891668,0.4992432619230298,0.8388737089331819,0.16112629106681808,0.418802046789272,254.74857465982438,-8.949306033716633
0.02997,2.997,-0.0033847676849990947,-3.384767684999095,6.128838709677418,0.9967834770367716,0.49919457392345773,0.8388737089331819,0.16112629106681808,0.41876120370649045,254.66779891951828,-8.948871000092428
0.0300625,3.00625,-0.0033702655356725535,-3.3702655356725537,6.129435483870968,0.9965893887886471,0.49914589067975007,0.8388737089331819,0.16112629106681808,0.4187203646132785,254.58700543185677,-8.948436072389132
0.030155,3.0155000000000003,-0.003355760211983674,-3.355760211983674,6.130032258064516,0.9963953572227143,0.4990972121919027,0.8388737089331819,0.16112629106681808,0.4186795295096327,254.50619417916795,-8.948001250572705
0.0302475,3.02475,-0.0033412517107600753,-3.3412517107600754,6.1306290322580645,0.9962013823169028,0.49904853845991026,0.8388737089331819,0.16112629106681808,0.4186386983955486,254.42536514375368,-8.947566534609127
0.03034,3.034,-0.003326740028824693,-3.326740028824693,6.131225806451613,0.9960074640491544,0.49899986948376784,0.8388737089331819,0.16112629106681808,0.41859787127102205,254.34451830788967,-8.947131924464383
0.0304325,3.04325,-0.003312225162995764,-3.3122251629957637,6.131822580645162,0.9958136023974206,0.49895120526346987,0.8388737089331819,0.16112629106681808,0.4185570481360483,254.26365365382532,-8.946697420104483
0.030525,3.0525,-0.0032977071100867943,-3.2977071100867943,6.13241935483871,0.9956197973396645,0.4989025457990108,0.8388737089331819,0.16112629106681808,0.41851622899062285,254.18277116378368,-8.946263021495438
0.0306175,3.06175,-0.0032831858669065722,-3.2831858669065723,6.133016129032258,0.9954260488538599,0.49885389109038464,0.8388737089331819,0.16112629106681808,0.4184754138347406,254.10187081996148,-8.945828728603288
0.03071,3.071,-0.003268661430259146,-3.268661430259146,6.133612903225806,0.9952323569179907,0.4988052411375851,0.8388737089331819,0.16112629106681808,0.4184346026683962,254.0209526045289,-8.945394541394073
0.0308025,3.08025,-0.0032541337969438314,-3.2541337969438313,6.134209677419355,0.9950387215100523,0.498756595940606,0.8388737089331819,0.16112629106681808,0.41839379549158456,253.94001649962973,-8.944960459833855
0.030895,3.0894999999999997,-0.003239602963755168,-3.2396029637551678,6.134806451612903,0.9948451426080499,0.49870795549944025,0.8388737089331819,0.16112629106681808,0.4183529923042997,253.85906248738112,-8.944526483888696
0.0309875,3.09875,-0.003225068927482957,-3.225068927482957,6.135403225806451,0.99465162019,0.49865931981408096,0.8388737089331819,0.16112629106681808,0.41831219310653583,253.77809054987372,-8.944092613524694
0.03108,3.108,-0.003210531684912199,-3.210531684912199,6.136000000000001,0.9944581542339291,0.49861068888452076,0.8388737089331819,0.16112629106681808,0.41827139789828677,253.6971006691714,-8.943658848707944
0.0311725,3.11725,-0.003195991232823146,-3.1959912328231463,6.136596774193549,0.9942647447178757,0.4985620627107522,0.8388737089331819,0.16112629106681808,0.4182306066795463,253.61609282731143,-8.943225189404552
0.031265,3.1265,-0.0031814475679912096,-3.1814475679912095,6.137193548387097,0.9940713916198882,0.4985134412927674,0.8388737089331819,0.16112629106681808,0.41818981945030786,253.5350670063042,-8.942791635580651
0.031357499999999996,3.13575,-0.0031669006871870437,-3.1669006871870438,6.137790322580645,0.9938780949180255,0.4984648246305584,0.8388737089331819,0.16112629106681808,0.41814903621056465,253.45402318813336,-8.942358187202382
0.03145,3.145,-0.003152350587176449,-3.152350587176449,6.138387096774193,0.9936848545903569,0.4984162127241167,0.8388737089331819,0.16112629106681808,0.4181082569603095,253.37296135475563,-8.941924844235903
0.0315425,3.15425,-0.0031377972647204256,-3.1377972647204255,6.138983870967741,0.9934916706149634,0.4983676055734337,0.8388737089331819,0.16112629106681808,0.4180674816995354,253.2918814881008,-8.941491606647377
0.031634999999999996,3.1634999999999995,-0.0031232407165751428,-3.123240716575143,6.13958064516129,0.9932985429699355,0.49831900317850036,0.8388737089331819,0.16112629106681808,0.4180267104282347,253.21078357007173,-8.94105847440298
0.0317275,3.1727499999999997,-0.0031086809394919074,-3.1086809394919075,6.140177419354839,0.9931054716333748,0.4982704055393077,0.8388737089331819,0.16112629106681808,0.4179859431463997,253.12966758254407,-8.940625447468918
0.03182,3.182,-0.0030941179302171884,-3.0941179302171884,6.1407741935483875,0.9929124565833947,0.4982218126558464,0.8388737089331819,0.16112629106681808,0.4179451798540228,253.04853350736659,-8.940192525811392
0.031912499999999996,3.1912499999999997,-0.003079551685492573,-3.0795516854925733,6.141370967741936,0.9927194977981171,0.49817322452810653,0.8388737089331819,0.16112629106681808,0.4179044205510955,252.96738132636068,-8.939759709396625
0.032005,3.2005,-0.00306498220205479,-3.06498220205479,6.141967741935483,0.9925265952556762,0.49812464115607835,0.8388737089331819,0.16112629106681808,0.41786366523760976,252.8862110213206,-8.939326998190852
0.0320975,3.20975,-0.003050409476635694,-3.050409476635694,6.142564516129032,0.9923337489342156,0.49807606253975134,0.8388737089331819,0.16112629106681808,0.4178229139135567,252.80502257401344,-8.938894392160329
0.032189999999999996,3.2189999999999994,-0.003035833505962212,-3.0358335059622124,6.143161290322581,0.9921409588118905,0.4980274886791152,0.8388737089331819,0.16112629106681808,0.41778216657892764,252.72381596617876,-8.938461891271306
0.0322825,3.22825,-0.003021254286756388,-3.021254286756388,6.143758064516129,0.9919482248668667,0.49797891957415924,0.8388737089331819,0.16112629106681808,0.41774142323371366,252.6425911795289,-8.938029495490076
0.032375,3.2375000000000003,-0.0030066718157353467,-3.0066718157353467,6.144354838709678,0.9917555470773198,0.49793035522487233,0.8388737089331819,0.16112629106681808,0.41770068387790543,252.5613481957486,-8.937597204782913
0.032467499999999996,3.2467499999999996,-0.002992086089611303,-2.992086089611303,6.144951612903226,0.9915629254214364,0.4978817956312432,0.8388737089331819,0.16112629106681808,0.41765994851149346,252.48008699649526,-8.937165019116131
0.03256,3.256,-0.0029774971050914993,-2.977497105091499,6.145548387096774,0.9913703598774142,0.4978332407932603,0.8388737089331819,0.16112629106681808,0.4176192171344681,252.39880756339858,-8.936732938456041
0.0326525,3.26525,-0.002962904858878262,-2.9629048588782623,6.146145161290323,0.9911778504234602,0.49778469071091175,0.8388737089331819,0.16112629106681808,0.4175784897468194,252.31750987806072,-8.936300962768973
0.032744999999999996,3.2744999999999997,-0.0029483093476689506,-2.9483093476689506,6.14674193548387,0.9909853970377934,0.4977361453841855,0.8388737089331819,0.16112629106681808,0.4175377663485371,252.23619392205612,-8.935869092021276
0.0328375,3.28375,-0.002933710568155972,-2.933710568155972,6.1473387096774195,0.9907929996986424,0.4976876048130691,0.8388737089331819,0.16112629106681808,0.417497046939611,252.15485967693155,-8.93543732617931
0.03293,3.293,-0.0029191085170267366,-2.9191085170267366,6.147935483870968,0.990600658384247,0.4976390689975501,0.8388737089331819,0.16112629106681808,0.4174563315200305,252.07350712420592,-8.935005665209433
0.033022499999999996,3.3022499999999995,-0.0029045031909636755,-2.9045031909636756,6.148532258064516,0.9904083730728575,0.4975905379376156,0.8388737089331819,0.16112629106681808,0.4174156200897848,251.9921362453703,-8.934574109078037
0.033115,3.3114999999999997,-0.0028898945866442207,-2.8898945866442207,6.149129032258065,0.9902161437427341,0.4975420116332524,0.8388737089331819,0.16112629106681808,0.4173749126488628,251.91074702188786,-8.934142657751527
0.0332075,3.3207500000000003,-0.0028752827007407947,-2.8752827007407946,6.149725806451613,0.9900239703721482,0.497493490084447,0.8388737089331819,0.16112629106681808,0.4173342091972532,251.82933943519382,-8.933711311196307
0.033299999999999996,3.3299999999999996,-0.0028606675299208055,-2.8606675299208053,6.150322580645162,0.9898318529393815,0.49744497329118587,0.8388737089331819,0.16112629106681808,0.4172935097349447,251.74791346669534,-8.9332800693788
0.0333925,3.33925,-0.0028460490708466304,-2.8460490708466306,6.1509193548387096,0.9896397914227263,0.49739646125345494,0.8388737089331819,0.16112629106681808,0.41725281426192545,251.66646909777154,-8.932848932265449
0.033485,3.3485,-0.002831427320175611,-2.831427320175611,6.151516129032258,0.9894477858004853,0.4973479539712401,0.8388737089331819,0.16112629106681808,0.41721212277818365,251.58500630977338,-8.932417899822706
0.033577499999999996,3.35775,-0.0028168022745600233,-2.816802274560023,6.152112903225806,0.9892558360509721,0.4972994514445269,0.8388737089331819,0.16112629106681808,0.4171714352837071,251.50352508402355,-8.931986972017036
0.03367,3.367,-0.002802173930647089,-2.802173930647089,6.152709677419354,0.9890639421525101,0.49725095367330047,0.8388737089331819,0.16112629106681808,0.41713075177848336,251.42202540181654,-8.931556148814924
0.0337625,3.37625,-0.0027875422850789726,-2.7875422850789726,6.153306451612902,0.9888721040834342,0.4972024606575459,0.8388737089331819,0.16112629106681808,0.4170900722625,251.34050724441857,-8.931125430182844
0.033854999999999996,3.3854999999999995,-0.002772907334492736,-2.7729073344927357,6.153903225806452,0.9886803218220882,0.4971539723972478,0.8388737089331819,0.16112629106681808,0.417049396735744,251.25897059306737,-8.93069481608732
0.0339475,3.3947499999999997,-0.002758269075520354,-2.7582690755203543,6.1545000000000005,0.9884885953468288,0.4971054888923908,0.8388737089331819,0.16112629106681808,0.41700872519820253,251.17741542897227,-8.930264306494866
0.03404,3.404,-0.0027436275047887054,-2.7436275047887055,6.155096774193549,0.9882969246360211,0.4970570101429591,0.8388737089331819,0.16112629106681808,0.41696805764986233,251.09584173331413,-8.92983390137201
0.034132499999999996,3.4132499999999997,-0.00272898261891953,-2.7289826189195296,6.155693548387096,0.9881053096680417,0.4970085361489366,0.8388737089331819,0.16112629106681808,0.41692739409070984,251.01424948724517,-8.929403600685307
0.034225,3.4225,-0.002714334414529482,-2.714334414529482,6.156290322580645,0.9879137504212767,0.49696006691030686,0.8388737089331819,0.16112629106681808,0.4168867345207314,250.9326386718891,-8.928973404401306
0.0343175,3.43175,-0.002699682888230057,-2.6996828882300568,6.156887096774193,0.9877222468741245,0.4969116024270535,0.8388737089331819,0.16112629106681808,0.4168460789399131,250.85100926834087,-8.928543312486589
0.034409999999999996,3.441,-0.0026850280366275798,-2.6850280366275796,6.157483870967742,0.987530799004992,0.4968631426991596,0.8388737089331819,0.16112629106681808,0.41680542734824083,250.76936125766667,-8.928113324907738
0.0345025,3.45025,-0.002670369856323251,-2.670369856323251,6.158080645161291,0.9873394067922977,0.496814687726608,0.8388737089331819,0.16112629106681808,0.4167647797457002,250.68769462090393,-8.927683441631354
0.034595,3.4595000000000002,-0.0026557083439130965,-2.6557083439130964,6.158677419354839,0.9871480702144707,0.4967662375093814,0.8388737089331819,0.16112629106681808,0.41672413613227677,250.60600933906122,-8.927253662624048
0.034687499999999996,3.4687499999999996,-0.0026410434959879604,-2.6410434959879603,6.159274193548387,0.9869567892499492,0.49671779204746214,0.8388737089331819,0.16112629106681808,0.41668349650795555,250.52430539311817,-8.926823987852444
0.03478,3.4779999999999998,-0.0026263753091334786,-2.6263753091334787,6.159870967741935,0.9867655638771835,0.49666935134083223,0.8388737089331819,0.16112629106681808,0.41664286087272157,250.4425827640254,-8.926394417283197
0.0348725,3.48725,-0.0026117037799301066,-2.6117037799301066,6.160467741935484,0.9865743940746329,0.4966209153894735,0.8388737089331819,0.16112629106681808,0.41660222922655954,250.3608414327045,-8.92596495088294
0.034964999999999996,3.4964999999999997,-0.0025970289049530707,-2.5970289049530706,6.1610645161290325,0.9863832798207687,0.49657248419336775,0.8388737089331819,0.16112629106681808,0.41656160156945427,250.27908138004793,-8.925535588618352
0.0350575,3.50575,-0.0025823506807723866,-2.5823506807723864,6.161661290322581,0.9861922210940715,0.4965240577524962,0.8388737089331819,0.16112629106681808,0.4165209779013899,250.19730258691902,-8.925106330456115
0.03515,3.515,-0.002567669103952828,-2.567669103952828,6.162258064516129,0.9860012178730323,0.4964756360668398,0.8388737089331819,0.16112629106681808,0.4164803582223505,250.11550503415185,-8.924677176362916
0.035242499999999996,3.5242499999999994,-0.00255298417105392,-2.55298417105392,6.162854838709678,0.9858102701361527,0.4964272191363794,0.8388737089331819,0.16112629106681808,0.41643974253232,250.03368870255116,-8.924248126305468
0.035335,3.5334999999999996,-0.0025382958786299465,-2.5382958786299463,6.163451612903226,0.9856193778619452,0.4963788069610956,0.8388737089331819,0.16112629106681808,0.4163991308312822,249.95185357289242,-8.92381918025048
0.0354275,3.54275,-0.0025236042232298877,-2.5236042232298876,6.164048387096774,0.9854285410289322,0.4963303995409686,0.8388737089331819,0.16112629106681808,0.4163585231192204,249.86999962592157,-8.923390338164689
0.035519999999999996,3.5519999999999996,-0.0025089092013974787,-2.5089092013974787,6.164645161290323,0.9852377596156462,0.4962819968759783,0.8388737089331819,0.16112629106681808,0.41631791939611773,249.78812684235513,-8.922961600014853
0.0356125,3.56125,-0.002494210809671145,-2.494210809671145,6.165241935483871,0.985047033600631,0.4962335989661045,0.8388737089331819,0.16112629106681808,0.4162773196619573,249.70623520288007,-8.922532965767726
0.035705,3.5705,-0.0024795090445840213,-2.4795090445840215,6.165838709677419,0.9848563629624401,0.4961852058113269,0.8388737089331819,0.16112629106681808,0.416236723916722,249.62432468815376,-8.922104435390072
0.0357975,3.57975,-0.0024648039026639135,-2.4648039026639132,6.166435483870967,0.9846657476796374,0.49613681741162446,0.8388737089331819,0.16112629106681808,0.4161961321603943,249.54239527880387,-8.921676008848692
0.03589,3.589,-0.002450095380433309,-2.450095380433309,6.167032258064515,0.9844751877307977,0.49608843376697626,0.8388737089331819,0.16112629106681808,0.41615554439295654,249.4604469554283,-8.921247686110378
0.0359825,3.59825,-0.002435383474409372,-2.435383474409372,6.167629032258065,0.9842846830945048,0.4960400548773609,0.8388737089331819,0.16112629106681808,0.41611496061439085,249.37847969859524,-8.92081946714194
0.036075,3.6075000000000004,-0.002420668181103895,-2.420668181103895,6.168225806451614,0.984094233749355,0.4959916807427569,0.8388737089331819,0.16112629106681808,0.4160743808246791,249.29649348884297,-8.920391351910217
0.0361675,3.6167499999999997,-0.0024059494970233215,-2.4059494970233213,6.168822580645161,0.9839038396739531,0.4959433113631424,0.8388737089331819,0.16112629106681808,0.4160338050238031,249.2144883066798,-8.919963340382036
0.03626,3.626,-0.002391227418668733,-2.3912274186687332,6.169419354838709,0.9837135008469156,0.49589494673849543,0.8388737089331819,0.16112629106681808,0.41599323321174436,249.13246413258415,-8.919535432524262
0.0363525,3.63525,-0.0023765019425358177,-2.3765019425358176,6.170016129032258,0.9835232172468678,0.4958465868687935,0.8388737089331819,0.16112629106681808,0.41595266538848397,249.05042094700428,-8.919107628303745
0.036445,3.6445,-0.0023617730651148733,-2.3617730651148734,6.170612903225806,0.9833329888524469,0.4957982317540141,0.8388737089331819,0.16112629106681808,0.4159121015540031,248.96835873035837,-8.918679927687382
0.0365375,3.65375,-0.00234704078289079,-2.3470407828907898,6.171209677419355,0.9831428156422993,0.49574988139413423,0.8388737089331819,0.16112629106681808,0.4158715417082824,248.88627746303445,-8.918252330642062
0.03663,3.6630000000000003,-0.0023323050923430484,-2.332305092343048,6.171806451612904,0.9829526975950825,0.4957015357891309,0.8388737089331819,0.16112629106681808,0.4158309858513026,248.80417712539025,-8.917824837134685
0.0367225,3.67225,-0.002317565989945691,-2.3175659899456913,6.172403225806452,0.982762634689464,0.49565319493898075,0.8388737089331819,0.16112629106681808,0.4157904339830442,248.72205769775323,-8.917397447132172
0.036815,3.6815,-0.0023028234721673185,-2.3028234721673186,6.173,0.9825726269041215,0.49560485884366007,0.8388737089331819,0.16112629106681808,0.41574988610348723,248.6399191604204,-8.916970160601458
0.0369075,3.6907500000000004,-0.0022880775354710884,-2.2880775354710883,6.173596774193547,0.9823826742177428,0.4955565275031449,0.8388737089331819,0.16112629106681808,0.4157093422126115,248.5577614936584,-8.916542977509494
0.037,3.6999999999999997,-0.0022733281763146914,-2.2733281763146915,6.174193548387096,0.9821927766090266,0.49550820091741116,0.8388737089331819,0.16112629106681808,0.415668802310397,248.47558467770332,-8.916115897823227
0.0370925,3.70925,-0.0022585753911503513,-2.258575391150351,6.1747903225806455,0.9820029340566813,0.49545987908643424,0.8388737089331819,0.16112629106681808,0.41562826639682293,248.39338869276074,-8.91568892150964
0.037185,3.7185,-0.0022438191764247713,-2.2438191764247715,6.175387096774194,0.9818131465394264,0.4954115620101898,0.8388737089331819,0.16112629106681808,0.415587734471869,248.31117351900542,-8.915262048535714
0.0372775,3.72775,-0.002229059528579194,-2.229059528579194,6.175983870967742,0.981623414035991,0.4953632496886527,0.8388737089331819,0.16112629106681808,0.41554720653551397,248.22893913658163,-8.914835278868445
0.03737,3.737,-0.0022142964440493417,-2.214296444049342,6.176580645161291,0.9814337365251141,0.4953149421217976,0.8388737089331819,0.16112629106681808,0.4155066825877367,248.14668552560278,-8.914408612474855
0.0374625,3.7462500000000003,-0.0021995299192654025,-2.1995299192654025,6.177177419354839,0.9812441139855463,0.49526663930959935,0.8388737089331819,0.16112629106681808,0.41546616262851604,248.06441266615138,-8.913982049321962
0.037555,3.7554999999999996,-0.0021847599506520264,-2.1847599506520265,6.177774193548387,0.9810545463960473,0.495218341252032,0.8388737089331819,0.16112629106681808,0.41542564665783027,247.9821205382791,-8.913555589376806
0.0376475,3.7647500000000003,-0.002169986534628339,-2.169986534628339,6.178370967741936,0.9808650337353872,0.4951700479490697,0.8388737089331819,0.16112629106681808,0.41538513467565763,247.89980912200664,-8.913129232606437
0.03774,3.7740000000000005,-0.0021552096676078856,-2.1552096676078856,6.178967741935484,0.9806755759823469,0.4951217594006861,0.8388737089331819,0.16112629106681808,0.4153446266819761,247.8174783973236,-8.91270297897792
0.0378325,3.78325,-0.002140429345998652,-2.140429345998652,6.179564516129032,0.9804861731157173,0.49507347560685483,0.8388737089331819,0.16112629106681808,0.4153041226767635,247.73512834418858,-8.912276828458335
0.037925,3.7925,-0.0021256455662030382,-2.1256455662030382,6.18016129032258,0.9802968251142993,0.49502519656754906,0.8388737089331819,0.16112629106681808,0.41526362265999733,247.6527589425289,-8.911850781014772
0.0380175,3.80175,-0.0021108583246178436,-2.1108583246178436,6.180758064516129,0.9801075319569038,0.4949769222827417,0.8388737089331819,0.16112629106681808,0.4152231266316549,247.57037017224062,-8.911424836614334
0.03811,3.811,-0.002096067617634275,-2.096067617634275,6.1813548387096775,0.979918293622353,0.4949286527524056,0.8388737089331819,0.16112629106681808,0.41518263459171334,247.48796201318862,-8.910998995224148
0.0382025,3.82025,-0.0020812734416379083,-2.0812734416379084,6.181951612903227,0.979729110089478,0.4948803879765132,0.8388737089331819,0.16112629106681808,0.41514214654014964,247.4055344452063,-8.910573256811325
0.038295,3.8295000000000003,-0.00206647579300868,-2.06647579300868,6.182548387096774,0.9795399813371216,0.4948321279550367,0.8388737089331819,0.16112629106681808,0.4151016624769405,247.32308744809563,-8.910147621343024
0.0383875,3.8387499999999997,-0.002051674668120906,-2.051674668120906,6.183145161290322,0.9793509073441353,0.49478387268794816,0.8388737089331819,0.16112629106681808,0.41506118240206236,247.24062100162712,-8.9097220887864
0.03848,3.848,-0.0020368700633432244,-2.0368700633432244,6.183741935483871,0.9791618880893814,0.49473562217521905,0.8388737089331819,0.16112629106681808,0.4150207063154914,247.15813508553958,-8.909296659108623
0.0385725,3.85725,-0.002022061975038622,-2.0220619750386217,6.184338709677419,0.9789729235517332,0.49468737641682115,0.8388737089331819,0.16112629106681808,0.4149802342172038,247.07562967954033,-8.908871332276876
0.038665,3.8665,-0.0020072503995643975,-2.0072503995643975,6.184935483870968,0.9787840137100728,0.49463913541272536,0.8388737089331819,0.16112629106681808,0.4149397661071753,246.9931047633048,-8.908446108258351
0.0387575,3.87575,-0.0019924353332721498,-1.9924353332721498,6.185532258064517,0.9785951585432935,0.49459089916290266,0.8388737089331819,0.16112629106681808,0.41489930198538155,246.9105603164768,-8.908020987020258
0.03885,3.8850000000000002,-0.0019776167725077875,-1.9776167725077876,6.186129032258065,0.9784063580302981,0.4945426676673238,0.8388737089331819,0.16112629106681808,0.4148588418517979,246.8279963186681,-8.907595968529824
0.0389425,3.89425,-0.001962794713611491,-1.962794713611491,6.186725806451613,0.9782176121500001,0.4944944409259591,0.8388737089331819,0.16112629106681808,0.41481838570639956,246.74541274945872,-8.907171052754276
0.039035,3.9035,-0.0019479691529177103,-1.9479691529177103,6.187322580645161,0.978028920881323,0.4944462189387788,0.8388737089331819,0.16112629106681808,0.4147779335491615,246.66280958839656,-8.906746239660874
0.0391275,3.9127500000000004,-0.0019331400867551574,-1.9331400867551574,6.1879193548387095,0.9778402842032006,0.4943980017057528,0.8388737089331819,0.16112629106681808,0.41473748538005845,246.5801868149975,-8.906321529216877
0.03922,3.9219999999999997,-0.0019183075114467833,-1.9183075114467834,6.188516129032258,0.9776517020945764,0.4943497892268507,0.8388737089331819,0.16112629106681808,0.414697041199065,246.49754440874523,-8.905896921389552
0.0393125,3.93125,-0.001903471423309787,-1.9034714233097871,6.189112903225807,0.9774631745344043,0.49430158150204184,0.8388737089331819,0.16112629106681808,0.41465660100615537,246.41488234909139,-8.905472416146191
0.039405,3.9405,-0.0018886318186555604,-1.8886318186555604,6.189709677419355,0.9772747015016489,0.4942533785312956,0.8388737089331819,0.16112629106681808,0.4146161648013038,246.33220061545512,-8.905048013454097
0.0394975,3.94975,-0.0018737886937897227,-1.8737886937897226,6.190306451612903,0.977086282975284,0.4942051803145805,0.8388737089331819,0.16112629106681808,0.4145757325844841,246.24949918722336,-8.904623713280586
0.03959,3.959,-0.001858942045012084,-1.8589420450120842,6.190903225806452,0.9768979189342936,0.49415698685186527,0.8388737089331819,0.16112629106681808,0.4145353043556698,246.1667780437506,-8.904199515592977
0.0396825,3.9682500000000003,-0.0018440918686166412,-1.8440918686166412,6.1915,0.9767096093576733,0.49410879814311853,0.8388737089331819,0.16112629106681808,0.41449488011483476,246.08403716435888,-8.903775420358611
0.039775,3.9774999999999996,-0.0018292381608915346,-1.8292381608915347,6.192096774193549,0.9765213542244267,0.49406061418830804,0.8388737089331819,0.16112629106681808,0.4144544598619518,246.00127652833754,-8.903351427544857
0.0398675,3.98675,-0.0018143809181190955,-1.8143809181190955,6.192693548387097,0.9763331535135689,0.4940124349874019,0.8388737089331819,0.16112629106681808,0.41441404359699424,245.91849611494345,-8.902927537119055
0.03996,3.9960000000000004,-0.0017995201365757732,-1.7995201365757731,6.193290322580645,0.9761450072041249,0.4939642605403676,0.8388737089331819,0.16112629106681808,0.41437363131993477,245.83569590340068,-8.902503749048611
0.0400525,4.00525,-0.0017846558125321614,-1.7846558125321614,6.193887096774193,0.9759569152751296,0.49391609084717253,0.8388737089331819,0.16112629106681808,0.41433322303074605,245.75287587290057,-8.902080063300897
0.040145,4.0145,-0.0017697879422529596,-1.7697879422529597,6.194483870967742,0.9757688777056275,0.49386792590778356,0.8388737089331819,0.16112629106681808,0.41429281872940027,245.67003600260156,-8.901656479843329
0.0402375,4.023750000000001,-0.0017549165219969823,-1.7549165219969824,6.1950806451612905,0.9755808944746744,0.4938197657221678,0.8388737089331819,0.16112629106681808,0.41425241841586985,245.58717627162923,-8.901232998643321
0.04033,4.0329999999999995,-0.0017400415480171255,-1.7400415480171254,6.195677419354839,0.9753929655613355,0.49377161029029176,0.8388737089331819,0.16112629106681808,0.41421202209012675,245.50429665907612,-8.900809619668296
0.0404225,4.04225,-0.0017251630165603818,-1.7251630165603817,6.196274193548387,0.9752050909446855,0.49372345961212166,0.8388737089331819,0.16112629106681808,0.41417162975214256,245.42139714400176,-8.900386342885717
0.040515,4.0515,-0.0017102809238677891,-1.7102809238677892,6.196870967741935,0.9750172706038106,0.4936753136876237,0.8388737089331819,0.16112629106681808,0.4141312414018889,245.3384777054325,-8.899963168263033
0.0406075,4.06075,-0.0016953952661744503,-1.6953952661744502,6.197467741935483,0.9748295045178055,0.4936271725167636,0.8388737089331819,0.16112629106681808,0.4140908570393371,245.25553832236147,-8.899540095767703
0.0407,4.07,-0.0016805060397094987,-1.6805060397094986,6.198064516129032,0.9746417926657759,0.4935790360995069,0.8388737089331819,0.16112629106681808,0.4140504766644582,245.17257897374853,-8.899117125367225
0.0407925,4.07925,-0.0016656132406961052,-1.6656132406961053,6.1986612903225815,0.9744541350268375,0.4935309044358189,0.8388737089331819,0.16112629106681808,0.4140101002772231,245.0895996385202,-8.89869425702909
0.040885,4.0885,-0.001650716865351437,-1.650716865351437,6.19925806451613,0.9742665315801161,0.4934827775256647,0.8388737089331819,0.16112629106681808,0.4139697278776026,245.00660029556957,-8.898271490720802
0.0409775,4.09775,-0.0016358169098866786,-1.6358169098866786,6.199854838709678,0.9740789823047472,0.4934346553690091,0.8388737089331819,0.16112629106681808,0.4139293594655671,244.9235809237562,-8.897848826409886
0.04107,4.107,-0.0016209133705069906,-1.6209133705069907,6.200451612903225,0.9738914871798766,0.4933865379658167,0.8388737089331819,0.16112629106681808,0.41388899504108684,244.84054150190605,-8.89742626406389
0.0411625,4.11625,-0.0016060062434115193,-1.6060062434115194,6.201048387096773,0.9737040461846599,0.4933384253160517,0.8388737089331819,0.16112629106681808,0.41384863460413185,244.7574820088115,-8.897003803650339
0.041255,4.1255,-0.0015910955247933462,-1.5910955247933463,6.2016451612903225,0.9735166592982627,0.4932903174196781,0.8388737089331819,0.16112629106681808,0.41380827815467197,244.67440242323116,-8.896581445136803
0.0413475,4.13475,-0.0015761812108395304,-1.5761812108395303,6.202241935483871,0.9733293264998611,0.49324221427665976,0.8388737089331819,0.16112629106681808,0.41376792569267684,244.59130272388984,-8.896159188490865
0.04144,4.144,-0.0015612632977310414,-1.5612632977310414,6.20283870967742,0.9731420477686407,0.49319411588696005,0.8388737089331819,0.16112629106681808,0.4137275772181157,244.50818288947846,-8.895737033680104
0.0415325,4.15325,-0.0015463417816427765,-1.5463417816427765,6.203435483870968,0.9729548230837975,0.49314602225054244,0.8388737089331819,0.16112629106681808,0.413687232730958,244.42504289865403,-8.89531498067212
0.041625,4.1625000000000005,-0.0015314166587435348,-1.531416658743535,6.204032258064516,0.9727676524245373,0.49309793336736996,0.8388737089331819,0.16112629106681808,0.4136468922311726,244.34188273003943,-8.894893029434524
0.0417175,4.171749999999999,-0.0015164879251960161,-1.5164879251960162,6.204629032258064,0.972580535770076,0.4930498492374052,0.8388737089331819,0.16112629106681808,0.4136065557187283,244.2587023622236,-8.894471179934945
0.04181,4.181,-0.0015015555771567932,-1.5015555771567932,6.2052258064516135,0.9723934730996387,0.4930017698606107,0.8388737089331819,0.16112629106681808,0.41356622319359343,244.17550177376114,-8.894049432141017
0.0419025,4.19025,-0.0014866196107763087,-1.4866196107763086,6.205822580645162,0.9722064643924623,0.4929536952369489,0.8388737089331819,0.16112629106681808,0.4135258946557367,244.09228094317254,-8.893627786020394
0.041995,4.1995,-0.0014716800221988553,-1.4716800221988553,6.20641935483871,0.972019509627792,0.49290562536638166,0.8388737089331819,0.16112629106681808,0.41348557010512604,244.00903984894384,-8.893206241540732
0.0420875,4.20875,-0.001456736807562559,-1.456736807562559,6.207016129032258,0.9718326087848839,0.49285756024887073,0.8388737089331819,0.16112629106681808,0.41344524954172934,243.92577846952673,-8.892784798669725
0.04218,4.218,-0.0014417899629993736,-1.4417899629993736,6.207612903225806,0.9716457618430032,0.49280949988437767,0.8388737089331819,0.16112629106681808,0.4134049329655144,243.8424967833384,-8.892363457375053
0.0422725,4.22725,-0.001426839484635073,-1.426839484635073,6.208209677419355,0.9714589687814258,0.4927614442728636,0.8388737089331819,0.16112629106681808,0.41336462037644855,243.75919476876152,-8.891942217624415
0.042365,4.2365,-0.001411885368589214,-1.4118853685892139,6.208806451612904,0.9712722295794376,0.49271339341428977,0.8388737089331819,0.16112629106681808,0.41332431177449924,243.67587240414406,-8.891521079385534
0.0424575,4.24575,-0.0013969276109751384,-1.3969276109751383,6.209403225806451,0.9710855442163341,0.4926653473086167,0.8388737089331819,0.16112629106681808,0.41328400715963354,243.59252966779928,-8.891100042626128
0.04255,4.255,-0.0013819662078999719,-1.381966207899972,6.21,0.9708989126714207,0.49261730595580505,0.8388737089331819,0.16112629106681808,0.41324370653181824,243.50916653800573,-8.890679107313948
0.0426425,4.26425,-0.0013670011554645716,-1.3670011554645716,6.210596774193548,0.9707123349240132,0.4925692693558149,0.8388737089331819,0.16112629106681808,0.41320340989101995,243.425782993007,-8.890258273416755
0.042735,4.2735,-0.0013520324497635543,-1.3520324497635543,6.211193548387096,0.9705258109534368,0.4925212375086064,0.8388737089331819,0.16112629106681808,0.4131631172372052,243.34237901101176,-8.889837540902297
0.0428275,4.28275,-0.0013370600868852648,-1.3370600868852647,6.211790322580645,0.9703393407390273,0.4924732104141392,0.8388737089331819,0.16112629106681808,0.4131228285703403,243.25895457019368,-8.889416909738365
0.04292,4.292,-0.0013220840629117427,-1.3220840629117427,6.2123870967741945,0.970152924260129,0.4924251880723727,0.8388737089331819,0.16112629106681808,0.4130825438903909,243.17550964869125,-8.888996379892749
0.0430125,4.3012500000000005,-0.0013071043739187437,-1.3071043739187438,6.212983870967743,0.9699665614960981,0.4923771704832663,0.8388737089331819,0.16112629106681808,0.41304226319732323,243.0920442246079,-8.88857595133325
0.043105,4.310499999999999,-0.0012921210159757145,-1.2921210159757144,6.213580645161291,0.9697802524262994,0.4923291576467788,0.8388737089331819,0.16112629106681808,0.4130019864911026,243.00855827601168,-8.888155624027702
0.0431975,4.31975,-0.0012771339851457505,-1.2771339851457506,6.214177419354838,0.969593997030108,0.4922811495628692,0.8388737089331819,0.16112629106681808,0.41296171377169455,242.92505178093538,-8.887735397943919
0.04329,4.329000000000001,-0.001262143277485623,-1.2621432774856232,6.2147741935483864,0.9694077952869087,0.49223314623149583,0.8388737089331819,0.16112629106681808,0.4129214450390642,242.84152471737633,-8.887315273049754
0.0433825,4.3382499999999995,-0.0012471488890457255,-1.2471488890457254,6.2153709677419355,0.9692216471760963,0.4921851476526168,0.8388737089331819,0.16112629106681808,0.41288118029317644,242.75797706329632,-8.886895249313055
0.043475,4.3475,-0.0012321508158701052,-1.232150815870105,6.215967741935484,0.969035552677076,0.4921371538261904,0.8388737089331819,0.16112629106681808,0.4128409195339962,242.6744087966217,-8.886475326701706
0.0435675,4.35675,-0.0012171490539964092,-1.2171490539964092,6.216564516129033,0.9688495117692616,0.492089164752174,0.8388737089331819,0.16112629106681808,0.4128006627614878,242.590819895243,-8.886055505183576
0.04366,4.366,-0.0012021435994558837,-1.2021435994558838,6.217161290322581,0.9686635244320783,0.4920411804305254,0.8388737089331819,0.16112629106681808,0.4127604099756158,242.5072103370151,-8.885635784726556
0.0437525,4.37525,-0.0011871344482733569,-1.1871344482733568,6.217758064516129,0.9684775906449601,0.49199320086120163,0.8388737089331819,0.16112629106681808,0.41272016117634414,242.423580099757,-8.885216165298575
0.043845,4.3845,-0.0011721215964672403,-1.1721215964672402,6.2183548387096765,0.9682917103873515,0.4919452260441598,0.8388737089331819,0.16112629106681808,0.4126799163636369,242.33992916125192,-8.88479664686753
0.0439375,4.39375,-0.0011571050400494911,-1.157105040049491,6.2189516129032265,0.9681058836387059,0.4918972559793564,0.8388737089331819,0.16112629106681808,0.4126396755374575,242.25625749924694,-8.884377229401366
0.04403,4.403,-0.0011420847750256138,-1.1420847750256138,6.219548387096775,0.9679201103784884,0.4918492906667482,0.8388737089331819,0.16112629106681808,0.4125994386977697,242.1725650914532,-8.883957912868032
0.0441225,4.41225,-0.0011270607973946241,-1.127060797394624,6.220145161290323,0.9677343905861719,0.49180133010629135,0.8388737089331819,0.16112629106681808,0.41255920584453676,242.08885191554563,-8.883538697235482
0.044215,4.4215,-0.0011120331031490795,-1.1120331031490795,6.220741935483871,0.9675487242412407,0.4917533742979418,0.8388737089331819,0.16112629106681808,0.4125189769777217,242.00511794916295,-8.883119582471686
0.0443075,4.43075,-0.0010970016882750114,-1.0970016882750113,6.221338709677419,0.9673631113231878,0.4917054232416552,0.8388737089331819,0.16112629106681808,0.4124787520972873,241.9213631699076,-8.882700568544635
0.0444,4.44,-0.0010819665487519438,-1.0819665487519439,6.2219354838709675,0.9671775518115167,0.49165747693738726,0.8388737089331819,0.16112629106681808,0.4124385312031964,241.8375875553456,-8.882281655422315
0.0444925,4.44925,-0.0010669276805528643,-1.0669276805528642,6.222532258064517,0.9669920456857402,0.4916095353850929,0.8388737089331819,0.16112629106681808,0.4123983142954112,241.7537910830065,-8.881862843072744
0.044585,4.4585,-0.001051885079644221,-1.051885079644221,6.223129032258065,0.9668065929253813,0.49156159858472726,0.8388737089331819,0.16112629106681808,0.4123581013738941,241.66997373038328,-8.881444131463939
0.0446775,4.4677500000000006,-0.0010368387419858968,-1.0368387419858969,6.223725806451613,0.9666211935099737,0.4915136665362451,0.8388737089331819,0.16112629106681808,0.4123178924386071,241.58613547493235,-8.881025520563945
0.04477,4.476999999999999,-0.001021788663531193,-1.021788663531193,6.224322580645161,0.9664358474190592,0.491465739239601,0.8388737089331819,0.16112629106681808,0.41227768748951216,241.5022762940733,-8.880607010340796
0.0448625,4.48625,-0.0010067348402268178,-1.006734840226818,6.224919354838709,0.9662505546321903,0.491417816694749,0.8388737089331819,0.16112629106681808,0.4122374865265706,241.418396165189,-8.880188600762562
0.044955,4.4955,-0.0009916772680129045,-0.9916772680129045,6.2255161290322585,0.966065315128929,0.4913698989016431,0.8388737089331819,0.16112629106681808,0.412197289549744,241.33449506562542,-8.879770291797316
0.0450475,4.50475,-0.0009766159428229219,-0.9766159428229219,6.226112903225808,0.9658801288888476,0.4913219858602372,0.8388737089331819,0.16112629106681808,0.4121570965589935,241.2505729726915,-8.879352083413133
0.04514,4.514,-0.0009615508605837307,-0.9615508605837307,6.226709677419356,0.9656949958915282,0.4912740775704847,0.8388737089331819,0.16112629106681808,0.4121169075542802,241.16662986365918,-8.878933975578127
0.0452325,4.52325,-0.0009464820172155237,-0.9464820172155237,6.227306451612903,0.965509916116562,0.4912261740323388,0.8388737089331819,0.16112629106681808,0.41207672253556477,241.08266571576326,-8.878515968260405
0.045325,4.5325,-0.0009314094086318454,-0.9314094086318454,6.227903225806451,0.9653248895435503,0.49117827524575264,0.8388737089331819,0.16112629106681808,0.41203654150280783,240.99868050620128,-8.878098061428084
0.0454175,4.54175,-0.0009163330307395512,-0.9163330307395512,6.2284999999999995,0.9651399161521045,0.4911303812106788,0.8388737089331819,0.16112629106681808,0.41199636445596965,240.91467421213355,-8.8776802550493
0.04551,4.551,-0.0009012528794387796,-0.9012528794387795,6.229096774193548,0.9649549959218452,0.49108249192706993,0.8388737089331819,0.16112629106681808,0.4119561913950105,240.83064681068282,-8.877262549092212
0.0456025,4.56025,-0.0008861689506229944,-0.8861689506229944,6.229693548387097,0.9647701288324027,0.491034607394878,0.8388737089331819,0.16112629106681808,0.4119160223198901,240.7465982789346,-8.876844943524976
0.045695,4.5695,-0.0008710812401789101,-0.8710812401789101,6.230290322580646,0.964585314863418,0.49098672761405526,0.8388737089331819,0.16112629106681808,0.41187585723056847,240.66252859393666,-8.876427438315766
0.0457875,4.57875,-0.0008559897439864906,-0.8559897439864906,6.230887096774194,0.9644005539945413,0.4909388525845535,0.8388737089331819,0.16112629106681808,0.41183569612700505,240.57843773269914,-8.876010033432765
0.04588,4.588,-0.0008408944579189627,-0.8408944579189628,6.231483870967742,0.9642158462054323,0.49089098230632416,0.8388737089331819,0.16112629106681808,0.4117955390091591,240.4943256721945,-8.875592728844182
0.0459725,4.59725,-0.000825795377842769,-0.825795377842769,6.2320806451612905,0.9640311914757603,0.4908431167793183,0.8388737089331819,0.16112629106681808,0.4117553858769897,240.41019238935735,-8.875175524518228
0.046065,4.6065000000000005,-0.000810692499617554,-0.8106924996175541,6.232677419354839,0.9638465897852054,0.49079525600348733,0.8388737089331819,0.16112629106681808,0.41171523673045596,240.32603786108436,-8.874758420423118
0.0461575,4.615749999999999,-0.0007955858190961861,-0.7955858190961861,6.233274193548388,0.963662041113456,0.49074739997878164,0.8388737089331819,0.16112629106681808,0.41167509156951626,240.2418620642343,-8.8743414165271
0.04625,4.625,-0.0007804753321246689,-0.7804753321246689,6.233870967741936,0.9634775454402114,0.49069954870515203,0.8388737089331819,0.16112629106681808,0.41163495039412945,240.15766497562774,-8.873924512798416
0.0463425,4.63425,-0.0007653610345422197,-0.7653610345422197,6.234467741935484,0.96329310274518,0.49065170218254867,0.8388737089331819,0.16112629106681808,0.41159481320425356,240.07344657204715,-8.873507709205345
0.046435,4.6434999999999995,-0.0007502429221811738,-0.7502429221811738,6.235064516129032,0.9631087130080799,0.4906038604109216,0.8388737089331819,0.16112629106681808,0.41155467999984685,239.98920683023675,-8.87309100571614
0.0465275,4.65275,-0.0007351209908670048,-0.7351209908670048,6.2356612903225805,0.9629243762086391,0.49055602339022053,0.8388737089331819,0.16112629106681808,0.411514550780867,239.90494572690235,-8.8726744022991
0.04662,4.662,-0.0007199952364183,-0.7199952364183001,6.236258064516128,0.9627400923265953,0.49050819112039495,0.8388737089331819,0.16112629106681808,0.41147442554727176,239.8206632387114,-8.872257898922527
0.0467125,4.67125,-0.0007048656546467618,-0.7048656546467618,6.236854838709678,0.9625558613416955,0.4904603636013943,0.8388737089331819,0.16112629106681808,0.4114343042990186,239.73635934229281,-8.871841495554735
0.046805,4.6805,-0.0006897322413571687,-0.6897322413571687,6.237451612903226,0.9623716832336975,0.4904125408331676,0.8388737089331819,0.16112629106681808,0.41139418703606484,239.65203401423685,-8.871425192164043
0.0468975,4.68975,-0.0006745949923473655,-0.6745949923473654,6.238048387096774,0.9621875579823674,0.49036472281566357,0.8388737089331819,0.16112629106681808,0.4113540737583674,239.56768723109508,-8.871008988718794
0.04699,4.699,-0.0006594539034082518,-0.6594539034082518,6.238645161290322,0.9620034855674817,0.49031690954883084,0.8388737089331819,0.16112629106681808,0.4113139644658832,239.48331896938035,-8.870592885187335
0.0470825,4.70825,-0.0006443089703237664,-0.6443089703237664,6.239241935483871,0.9618194659688265,0.4902691010326176,0.8388737089331819,0.16112629106681808,0.41127385915856884,239.39892920556653,-8.870176881538034
0.047175,4.7175,-0.0006291601888708862,-0.6291601888708862,6.23983870967742,0.9616354991661975,0.490221297266972,0.8388737089331819,0.16112629106681808,0.4112337578363807,239.31451791608865,-8.869760977739265
0.0472675,4.72675,-0.0006140075548195565,-0.6140075548195565,6.240435483870969,0.9614515851393995,0.4901734982518417,0.8388737089331819,0.16112629106681808,0.411193660499275,239.23008507734255,-8.869345173759413
0.04736,4.736,-0.0005988510639327457,-0.5988510639327457,6.241032258064516,0.9612677238682491,0.49012570398717453,0.8388737089331819,0.16112629106681808,0.4111535671472079,239.14563066568502,-8.868929469566886
0.0474525,4.74525,-0.0005836907119663786,-0.5836907119663787,6.241629032258064,0.9610839153325696,0.4900779144729177,0.8388737089331819,0.16112629106681808,0.4111134777801352,239.06115465743355,-8.86851386513009
0.047545,4.754499999999999,-0.0005685264946693493,-0.5685264946693492,6.2422258064516125,0.960900159512196,0.49003012970901827,0.8388737089331819,0.16112629106681808,0.4110733923980124,238.97665702886638,-8.868098360417456
0.0476375,4.76375,-0.0005533584077834705,-0.5533584077834706,6.242822580645161,0.960716456386972,0.4899823496954231,0.8388737089331819,0.16112629106681808,0.41103331100079493,238.8921377562222,-8.86768295539742
0.04773,4.773000000000001,-0.0005381864470434965,-0.5381864470434965,6.243419354838711,0.9605328059367505,0.4899345744320785,0.8388737089331819,0.16112629106681808,0.41099323358843776,238.80759681570032,-8.867267650038437
0.0478225,4.7822499999999994,-0.0005230106081770899,-0.5230106081770899,6.244016129032259,0.9603492081413962,0.4898868039189312,0.8388737089331819,0.16112629106681808,0.4109531601608962,238.7230341834604,-8.866852444308968
0.047915,4.7915,-0.0005078308869047949,-0.5078308869047948,6.244612903225807,0.9601656629807811,0.48983903815592716,0.8388737089331819,0.16112629106681808,0.41091309071812504,238.63844983562242,-8.866437338177482
0.0480075,4.80075,-0.0004926472789400372,-0.49264727894003724,6.245209677419354,0.9599821704347877,0.48979127714301224,0.8388737089331819,0.16112629106681808,0.4108730252600787,238.5538437482665,-8.866022331612474
0.0481,4.81,-0.00047745977998910305,-0.47745977998910305,6.245806451612903,0.9597987304833083,0.48974352088013207,0.8388737089331819,0.16112629106681808,0.4108329637867116,238.469215897433,-8.865607424582453
0.0481925,4.81925,-0.00046226838575111,-0.46226838575110996,6.246403225806452,0.9596153431062442,0.4896957693672318,0.8388737089331819,0.16112629106681808,0.41079290629797777,238.3845662591222,-8.86519261705592
0.048285,4.8285,-0.00044707309191801956,-0.4470730919180196,6.247,0.959432008283507,0.4896480226042568,0.8388737089331819,0.16112629106681808,0.41075285279383145,238.29989480929444,-8.8647779090014
0.0483775,4.83775,-0.000431873894174578,-0.431873894174578,6.247596774193549,0.9592487259950173,0.48960028059115185,0.8388737089331819,0.16112629106681808,0.4107128032742261,238.21520152386978,-8.864363300387438
0.04847,4.8469999999999995,-0.00041667078819833636,-0.41667078819833636,6.248193548387097,0.959065496220706,0.48955254332786163,0.8388737089331819,0.16112629106681808,0.41067275773911555,238.13048637872808,-8.863948791182583
0.0485625,4.85625,-0.0004014637696596247,-0.40146376965962466,6.248790322580645,0.9588823189405131,0.4895048108143306,0.8388737089331819,0.16112629106681808,0.41063271618845304,238.0457493497089,-8.863534381355404
0.048655,4.8655,-0.00038625283422151794,-0.38625283422151796,6.249387096774194,0.9586991941343879,0.48945708305050273,0.8388737089331819,0.16112629106681808,0.4105926786221917,237.9609904126113,-8.863120070874464
0.0487475,4.87475,-0.00037103797753984346,-0.37103797753984347,6.249983870967741,0.9585161217822896,0.489409360036322,0.8388737089331819,0.16112629106681808,0.41055264504028444,237.8762095431938,-8.86270585970836
0.04884,4.884,-0.00035581919526315266,-0.35581919526315264,6.250580645161291,0.9583331018641867,0.4893616417717319,0.8388737089331819,0.16112629106681808,0.41051261544268386,237.79140671717437,-8.86229174782569
0.0489325,4.89325,-0.00034059648303269916,-0.3405964830326992,6.251177419354839,0.9581501343600585,0.4893139282566762,0.8388737089331819,0.16112629106681808,0.4104725898293428,237.7065819102302,-8.861877735195069
0.049025,4.9025,-0.00032536983648242857,-0.32536983648242856,6.251774193548387,0.9579672192498923,0.48926621949109783,0.8388737089331819,0.16112629106681808,0.4104325682002135,237.62173509799766,-8.861463821785124
0.0491175,4.9117500000000005,-0.00031013925123895615,-0.31013925123895614,6.2523709677419355,0.9577843565136852,0.4892185154749397,0.8388737089331819,0.16112629106681808,0.4103925505552479,237.53686625607227,-8.861050007564485
0.04921,4.920999999999999,-0.0002949047229215624,-0.29490472292156245,6.252967741935484,0.9576015461314451,0.48917081620814473,0.8388737089331819,0.16112629106681808,0.4103525368943982,237.45197536000845,-8.86063629250181
0.0493025,4.93025,-0.00027966624714215345,-0.27966624714215343,6.253564516129032,0.9574187880831874,0.4891231216906551,0.8388737089331819,0.16112629106681808,0.4103125272176159,237.3670623853196,-8.860222676565755
0.049395,4.9395,-0.00026442381950526905,-0.26442381950526905,6.254161290322581,0.9572360823489383,0.48907543192241293,0.8388737089331819,0.16112629106681808,0.41027252152485244,237.28212730747785,-8.859809159725005
0.0494875,4.9487499999999995,-0.00024917743560805164,-0.24917743560805164,6.254758064516129,0.957053428908734,0.4890277469033604,0.8388737089331819,0.16112629106681808,0.41023251981605935,237.1971701019141,-8.85939574194823
0.04958,4.958,-0.00023392709104021943,-0.23392709104021944,6.255354838709677,0.9568708277426198,0.48898006663343935,0.8388737089331819,0.16112629106681808,0.4101925220911877,237.11219074401782,-8.858982423204157
0.0496725,4.96725,-0.00021867278138407558,-0.2186727813840756,6.2559516129032255,0.9566882788306496,0.48893239111259096,0.8388737089331819,0.16112629106681808,0.4101525283501883,237.02718920913702,-8.858569203461474
0.049765,4.9765,-0.00020341450221446518,-0.20341450221446516,6.256548387096774,0.9565057821528877,0.4888847203407566,0.8388737089331819,0.16112629106681808,0.4101125385930119,236.94216547257807,-8.858156082688915
0.0498575,4.9857499999999995,-0.0001881522490987731,-0.1881522490987731,6.257145161290323,0.9563233376894078,0.48883705431787716,0.8388737089331819,0.16112629106681808,0.4100725528196089,236.8571195096057,-8.857743060855213
0.04995,4.995,-0.00017288601759689678,-0.17288601759689678,6.257741935483872,0.9561409454202927,0.4887893930438934,0.8388737089331819,0.16112629106681808,0.4100325710299297,236.77205129544282,-8.857330137929123
0.0500425,5.00425,-0.00015761580326123533,-0.15761580326123534,6.25833870967742,0.9559586053256358,0.48874173651874603,0.8388737089331819,0.16112629106681808,0.40999259322392445,236.6869608052705,-8.856917313879402
0.050135,5.0135,-0.00014234160163666847,-0.14234160163666848,6.258935483870967,0.9557763173855388,0.4886940847423751,0.8388737089331819,0.16112629106681808,0.4099526194015429,236.60184801422784,-8.856504588674825
0.0502275,5.02275,-0.00012706340826055079,-0.1270634082605508,6.259532258064516,0.9555940815801136,0.48864643771472077,0.8388737089331819,0.16112629106681808,0.4099126495627349,236.5167128974118,-8.856091962284182
0.05032,5.032,-0.00011178121866266269,-0.11178121866266269,6.260129032258064,0.9554118978894808,0.4885987954357227,0.8388737089331819,0.16112629106681808,0.4098726837074497,236.4315554298772,-8.855679434676274
0.0504125,5.04125,-9.649502836522039e-05,-0.09649502836522039,6.260725806451613,0.9552297662937705,0.4885511579053204,0.8388737089331819,0.16112629106681808,0.40983272183563674,236.34637558663655,-8.855267005819893
0.050505,5.0505,-8.120483288286876e-05,-0.08120483288286875,6.261322580645162,0.9550476867731239,0.48850352512345324,0.8388737089331819,0.16112629106681808,0.409792763947245,236.26117334266004,-8.854854675683889
0.0505975,5.059749999999999,-6.591062772262159e-05,-0.06591062772262159,6.26191935483871,0.9548656593076899,0.4884558970900603,0.8388737089331819,0.16112629106681808,0.4097528100422235,236.1759486728754,-8.854442444237076
0.05069,5.069,-5.061240838388286e-05,-0.05061240838388286,6.262516129032258,0.9546836838776275,0.48840827380508034,0.8388737089331819,0.16112629106681808,0.40971286012052077,236.09070155216764,-8.85403031144832
0.0507825,5.07825,-3.531017035839395e-05,-0.03531017035839395,6.263112903225806,0.9545017604631053,0.48836065526845207,0.8388737089331819,0.16112629106681808,0.40967291418208546,236.00543195537924,-8.853618277286461
0.050875,5.0874999999999995,-2.0003909130259303e-05,-0.020003909130259304,6.263709677419355,0.9543198890443005,0.4883130414801136,0.8388737089331819,0.16112629106681808,0.4096329722268656,235.92013985730983,-8.85320634172039
0.0509675,5.09675,-4.693620175888332e-06,-0.004693620175888332,6.264306451612903,0.9541380696014015,0.48826543244000326,0.8388737089331819,0.16112629106681808,0.4095930342548095,235.83482523271618,-8.852794504718986
0.05106,5.106,1.062070103599683e-05,0.010620701035996829,6.264903225806452,0.9539563021146035,0.4882178281480586,0.8388737089331819,0.16112629106681808,0.4095531002658647,235.7494880563121,-8.852382766251141
0.0511525,5.11525,2.5939059044410234e-05,0.025939059044410233,6.2655,0.9537745865641142,0.4881702286042175,0.8388737089331819,0.16112629106681808,0.40951317025997924,235.66412830276823,-8.851971126285774
0.051245,5.1245,4.1261458396070854e-05,0.04126145839607086,6.2660967741935485,0.9535929229301484,0.4881226338084173,0.8388737089331819,0.16112629106681808,0.4094732442371004,235.57874594671213,-8.851559584791799
0.0513375,5.13375,5.658790364548297e-05,0.05658790364548297,6.266693548387097,0.9534113111929312,0.488075043760595,0.8388737089331819,0.16112629106681808,0.40943332219717543,235.493340962728,-8.85114814173815
0.05143,5.143,7.191839935488672e-05,0.07191839935488673,6.267290322580645,0.9532297513326973,0.4880274584606877,0.8388737089331819,0.16112629106681808,0.40939340414015146,235.40791332535673,-8.850736797093779
0.0515225,5.1522499999999996,8.725295009434669e-05,0.08725295009434669,6.267887096774192,0.9530482433296898,0.4879798779086318,0.8388737089331819,0.16112629106681808,0.4093534900659752,235.32246300909554,-8.85032555082764
0.051615,5.1615,0.0001025915604417178,0.1025915604417178,6.268483870967742,0.9528667871641622,0.4879323021043638,0.8388737089331819,0.16112629106681808,0.40931357997459344,235.23698998839825,-8.849914402908704
0.051707499999999997,5.17075,0.0001179342349826677,0.1179342349826677,6.26908064516129,0.9526853828163776,0.48788473104781993,0.8388737089331819,0.16112629106681808,0.40927367386595265,235.1514942376749,-8.849503353305954
0.0518,5.18,0.00013328097831074667,0.13328097831074667,6.269677419354839,0.9525040302666076,0.487837164738936,0.8388737089331819,0.16112629106681808,0.4092337717399989,235.06597573129167,-8.84909240198839
0.0518925,5.18925,0.00014863179502732932,0.14863179502732932,6.270274193548388,0.952322729495134,0.48778960317764797,0.8388737089331819,0.16112629106681808,0.4091938735966786,234.9804344435709,-8.848681548925013
0.051984999999999996,5.198499999999999,0.00016398668974171028,0.16398668974171027,6.270870967741936,0.952141480482247,0.487742046363891,0.8388737089331819,0.16112629106681808,0.40915397943593723,234.89487034879087,-8.848270794084849
0.0520775,5.20775,0.00017934566707105182,0.17934566707105182,6.271467741935484,0.9519602832082472,0.48769449429760053,0.8388737089331819,0.16112629106681808,0.4091140892577207,234.8092834211858,-8.847860137436923
0.05217,5.2170000000000005,0.00019470873164045854,0.19470873164045854,6.272064516129032,0.9517791376534438,0.4876469469787113,0.8388737089331819,0.16112629106681808,0.4090742030619743,234.7236736349456,-8.847449578950283
0.052262499999999996,5.226249999999999,0.0002100758880829661,0.2100758880829661,6.2726612903225805,0.9515980437981563,0.48759940440715827,0.8388737089331819,0.16112629106681808,0.40903432084864333,234.63804096421592,-8.847039118593992
0.052355,5.2355,0.0002254471410395819,0.2254471410395819,6.273258064516129,0.9514170016227126,0.48755186658287597,0.8388737089331819,0.16112629106681808,0.40899444261767304,234.55238538309789,-8.846628756337108
0.0524475,5.24475,0.00024082249515926523,0.24082249515926524,6.273854838709677,0.9512360111074503,0.4875043335057984,0.8388737089331819,0.16112629106681808,0.408954568369008,234.4667068656482,-8.846218492148713
0.052539999999999996,5.254,0.00025620195509898916,0.2562019550989892,6.274451612903225,0.9510550722327162,0.4874568051758598,0.8388737089331819,0.16112629106681808,0.408914698102593,234.38100538587884,-8.845808325997906
0.0526325,5.26325,0.00027158552552375057,0.2715855255237506,6.275048387096775,0.9508741849788662,0.4874092815929937,0.8388737089331819,0.16112629106681808,0.4088748318183723,234.29528091775697,-8.845398257853791
0.052725,5.2725,0.0002869732111065654,0.2869732111065654,6.275645161290323,0.9506933493262673,0.48736176275713394,0.8388737089331819,0.16112629106681808,0.40883496951629045,234.209533435205,-8.844988287685483
0.052817499999999996,5.28175,0.0003023650165285006,0.3023650165285006,6.276241935483871,0.9505125652552936,0.48731424866821377,0.8388737089331819,0.16112629106681808,0.4087951111962914,234.12376291210035,-8.844578415462111
0.05291,5.2909999999999995,0.0003177609464787224,0.3177609464787224,6.276838709677419,0.9503318327463294,0.48726673932616604,0.8388737089331819,0.16112629106681808,0.4087552568583188,234.03796932227525,-8.844168641152825
0.0530025,5.30025,0.000333161005654466,0.333161005654466,6.277435483870968,0.9501511517797683,0.48721923473092377,0.8388737089331819,0.16112629106681808,0.4087154065023166,233.95215263951684,-8.843758964726762
0.053094999999999996,5.3095,0.00034856519876109207,0.34856519876109204,6.278032258064516,0.9499705223360138,0.4871717348824196,0.8388737089331819,0.16112629106681808,0.40867556012822814,233.86631283756697,-8.8433493861531
0.0531875,5.31875,0.0003639735305120832,0.3639735305120832,6.278629032258064,0.9497899443954778,0.48712423978058583,0.8388737089331819,0.16112629106681808,0.40863571773599666,233.780449890122,-8.842939905401025
0.05328,5.328,0.00037938600562909377,0.37938600562909375,6.279225806451613,0.9496094179385814,0.4870767494253544,0.8388737089331819,0.16112629106681808,0.4085958793255651,233.6945637708328,-8.842530522439707
0.053372499999999996,5.33725,0.0003948026288419137,0.3948026288419137,6.2798225806451615,0.9494289429457566,0.48702926381665745,0.8388737089331819,0.16112629106681808,0.4085560448968766,233.60865445330472,-8.842121237238372
0.053465,5.3465,0.0004102234048885661,0.4102234048885661,6.28041935483871,0.9492485193974427,0.4869817829544265,0.8388737089331819,0.16112629106681808,0.40851621444987357,233.5227219110972,-8.841712049766208
0.0535575,5.3557500000000005,0.0004256483385152467,0.4256483385152467,6.281016129032258,0.9490681472740897,0.48693430683859307,0.8388737089331819,0.16112629106681808,0.4084763879844986,233.43676611772398,-8.841302959992468
0.053649999999999996,5.364999999999999,0.0004410774344764164,0.4410774344764164,6.281612903225806,0.9488878265561556,0.48688683546908806,0.8388737089331819,0.16112629106681808,0.4084365655006938,233.35078704665275,-8.840893967886373
0.0537425,5.37425,0.0004565106975347646,0.4565106975347646,6.282209677419355,0.9487075572241092,0.48683936884584267,0.8388737089331819,0.16112629106681808,0.4083967469984014,233.26478467130516,-8.840485073417184
0.053835,5.3835,0.00047194813246125494,0.47194813246125494,6.282806451612903,0.9485273392584274,0.48679190696878744,0.8388737089331819,0.16112629106681808,0.40835693247756316,233.1787589650567,-8.840076276554159
0.053927499999999996,5.3927499999999995,0.00048738974403514086,0.48738974403514085,6.283403225806452,0.9483471726395972,0.48674444983785303,0.8388737089331819,0.16112629106681808,0.40831712193812086,233.09270990123653,-8.839667577266574
0.05402,5.402,0.000502835537044003,0.502835537044003,6.284,0.9481670573481138,0.4866969974529694,0.8388737089331819,0.16112629106681808,0.4082773153800158,233.00663745312738,-8.839258975523718
0.0541125,5.41125,0.000518285516283728,0.518285516283728,6.284596774193549,0.9479869933644829,0.48664954981406666,0.8388737089331819,0.16112629106681808,0.4082375128031894,232.9205415939656,-8.838850471294894
0.054204999999999996,5.4205,0.0005337396865585743,0.5337396865585743,6.285193548387097,0.9478069806692182,0.4866021069210745,0.8388737089331819,0.16112629106681808,0.4081977142075825,232.83442229694074,-8.838442064549405
0.0542975,5.42975,0.0005491980526811545,0.5491980526811544,6.285790322580645,0.9476270192428441,0.48655466877392256,0.8388737089331819,0.16112629106681808,0.40815791959313624,232.74827953519573,-8.83803375525658
0.05439,5.439,0.0005646606194724847,0.5646606194724847,6.2863870967741935,0.9474471090658934,0.4865072353725401,0.8388737089331819,0.16112629106681808,0.4081181289597912,232.66211328182655,-8.837625543385757
0.054482499999999996,5.44825,0.0005801273917619911,0.580127391761991,6.286983870967742,0.9472672501189077,0.48645980671685607,0.8388737089331819,0.16112629106681808,0.40807834230748785,232.5759235098823,-8.837217428906275
0.054575,5.4575,0.0005955983743875343,0.5955983743875344,6.28758064516129,0.9470874423824385,0.4864123828067993,0.8388737089331819,0.16112629106681808,0.4080385596361664,232.4897101923649,-8.836809411787506
0.0546675,5.46675,0.0006110735721954182,0.6110735721954181,6.288177419354839,0.9469076858370461,0.4863649636422983,0.8388737089331819,0.16112629106681808,0.40799878094576697,232.40347330222917,-8.836401491998814
0.054759999999999996,5.476,0.0006265529900404249,0.6265529900404249,6.288774193548387,0.946727980463301,0.48631754922328163,0.8388737089331819,0.16112629106681808,0.40795900623622955,232.31721281238256,-8.835993669509584
0.0548525,5.48525,0.000642036632785844,0.642036632785844,6.289370967741936,0.9465483262417814,0.48627013954967707,0.8388737089331819,0.16112629106681808,0.40791923550749354,232.23092869568504,-8.835585944289214
0.054945,5.4945,0.0006575245053034657,0.6575245053034656,6.289967741935484,0.946368723153076,0.4862227346214127,0.8388737089331819,0.16112629106681808,0.4078794687594987,232.14462092494915,-8.835178316307113
0.055037499999999996,5.503749999999999,0.0006730166124736146,0.6730166124736146,6.290564516129032,0.9461891711777823,0.4861753344384162,0.8388737089331819,0.16112629106681808,0.40783970599218433,232.0582894729397,-8.834770785532696
0.05513,5.513,0.0006885129591851806,0.6885129591851805,6.291161290322581,0.9460096702965066,0.48612793900061474,0.8388737089331819,0.16112629106681808,0.4077999472054893,231.9719343123737,-8.834363351935405
0.0552225,5.52225,0.0007040135503356324,0.7040135503356324,6.291758064516129,0.9458302204898649,0.4860805483079356,0.8388737089331819,0.16112629106681808,0.4077601923993527,231.8855554159203,-8.833956015484668
0.055314999999999996,5.531499999999999,0.0007195183908310138,0.7195183908310138,6.292354838709677,0.9456508217384821,0.4860331623603058,0.8388737089331819,0.16112629106681808,0.4077204415737131,231.7991527562007,-8.833548776149959
0.0554075,5.54075,0.0007350274855860389,0.7350274855860389,6.292951612903226,0.9454714740229926,0.4859857811576519,0.8388737089331819,0.16112629106681808,0.4076806947285091,231.7127263057878,-8.83314163390074
0.0555,5.55,0.000750540839524005,0.750540839524005,6.2935483870967746,0.9452921773240395,0.4859384046999004,0.8388737089331819,0.16112629106681808,0.407640951863679,231.62627603720645,-8.832734588706483
0.055592499999999996,5.55925,0.0007660584575769095,0.7660584575769095,6.294145161290323,0.9451129316222755,0.48589103298697744,0.8388737089331819,0.16112629106681808,0.4076012129791608,231.53980192293298,-8.832327640536697
0.055685,5.5685,0.0007815803446854103,0.7815803446854104,6.29474193548387,0.9449337368983622,0.48584366601880913,0.8388737089331819,0.16112629106681808,0.4075614780748925,231.45330393539535,-8.83192078936087
0.0557775,5.57775,0.0007971065057988931,0.7971065057988931,6.295338709677419,0.9447545931329708,0.4857963037953211,0.8388737089331819,0.16112629106681808,0.40752174715081185,231.36678204697284,-8.831514035148523
0.055869999999999996,5.587,0.0008126369458754508,0.8126369458754508,6.295935483870967,0.944575500306781,0.485748946316439,0.8388737089331819,0.16112629106681808,0.40748202020685625,231.280236229996,-8.831107377869186
0.0559625,5.5962499999999995,0.000828171669881932,0.828171669881932,6.296532258064516,0.944396458400482,0.4857015935820879,0.8388737089331819,0.16112629106681808,0.40744229724296305,231.19366645674663,-8.830700817492405
0.056055,5.6055,0.000843710682793948,0.843710682793948,6.297129032258065,0.9442174673947726,0.4856542455921931,0.8388737089331819,0.16112629106681808,0.40740257825906945,231.10707269945746,-8.830294353987727
0.056147499999999996,5.61475,0.000859253989595914,0.859253989595914,6.297725806451613,0.9440385272703601,0.4856069023466793,0.8388737089331819,0.16112629106681808,0.40736286325511234,231.02045493031218,-8.82988798732472
0.05624,5.624,0.0008748015952810294,0.8748015952810294,6.298322580645162,0.9438596380079607,0.48555956384547105,0.8388737089331819,0.16112629106681808,0.40732315223102844,230.93381312144535,-8.829481717472948
0.0563325,5.63325,0.0008903535048513673,0.8903535048513673,6.298919354838709,0.9436807995883005,0.48551223008849276,0.8388737089331819,0.16112629106681808,0.4072834451867543,230.84714724494205,-8.829075544402013
0.056424999999999996,5.642499999999999,0.0009059097233178126,0.9059097233178126,6.299516129032258,0.9435020119921147,0.48546490107566853,0.8388737089331819,0.16112629106681808,0.4072437421222263,230.7604572728381,-8.828669468081506
0.0565175,5.65175,0.0009214702557001792,0.9214702557001793,6.3001129032258065,0.943323275200147,0.4854175768069222,0.8388737089331819,0.16112629106681808,0.40720404303738056,230.67374317711952,-8.828263488481042
0.05661,5.6610000000000005,0.000937035107027118,0.937035107027118,6.300709677419355,0.9431445891931507,0.48537025728217753,0.8388737089331819,0.16112629106681808,0.407164347932153,230.5870049297229,-8.82785760557025
0.056702499999999996,5.670249999999999,0.0009526042823362588,0.9526042823362588,6.301306451612903,0.9429659539518878,0.48532294250135777,0.8388737089331819,0.16112629106681808,0.40712465680647936,230.50024250253477,-8.827451819318762
0.056795,5.6795,0.0009681777866741394,0.9681777866741395,6.301903225806452,0.9427873694571295,0.48527563246438615,0.8388737089331819,0.16112629106681808,0.4070849696602952,230.41345586739195,-8.827046129696225
0.0568875,5.68875,0.0009837556250962812,0.9837556250962811,6.3025,0.9426088356896573,0.48522832717118575,0.8388737089331819,0.16112629106681808,0.40704528649353605,230.326644996081,-8.826640536672297
0.056979999999999996,5.6979999999999995,0.000999337802667189,0.9993378026671891,6.303096774193548,0.9424303526302596,0.48518102662167917,0.8388737089331819,0.16112629106681808,0.4070056073061369,230.2398098603384,-8.826235040216654
0.0570725,5.70725,0.0010149243244603624,1.0149243244603623,6.303693548387097,0.9422519202597355,0.4851337308157888,0.8388737089331819,0.16112629106681808,0.40696593209803267,230.15295043185034,-8.825829640298982
0.057165,5.7165,0.0010305151955583506,1.0305151955583507,6.304290322580645,0.9420735385588931,0.4850864397534372,0.8388737089331819,0.16112629106681808,0.40692626086915834,230.06606668225254,-8.825424336888968
0.057257499999999996,5.72575,0.0010461104210527676,1.0461104210527676,6.304887096774193,0.9418952075085486,0.48503915343454607,0.8388737089331819,0.16112629106681808,0.40688659361944834,229.9791585831301,-8.825019129956324
0.05735,5.734999999999999,0.0010617100060442703,1.0617100060442703,6.305483870967742,0.9417169270895279,0.4849918718590373,0.8388737089331819,0.16112629106681808,0.4068469303488371,229.89222610601757,-8.824614019470769
0.0574425,5.74425,0.0010773139556426619,1.0773139556426619,6.306080645161291,0.9415386972826667,0.48494459502683246,0.8388737089331819,0.16112629106681808,0.40680727105725883,229.80526922239852,-8.82420900540204
0.057534999999999996,5.7535,0.0010929222749668118,1.0929222749668117,6.306677419354839,0.9413605180688088,0.48489732293785304,0.8388737089331819,0.16112629106681808,0.40676761574464765,229.7182879037058,-8.823804087719871
0.0576275,5.76275,0.0011085349691447894,1.1085349691447894,6.307274193548388,0.941182389428807,0.4848500555920199,0.8388737089331819,0.16112629106681808,0.40672796441093717,229.631282121321,-8.823399266394023
0.05772,5.772,0.0011241520433137946,1.1241520433137946,6.307870967741936,0.9410043113435238,0.48480279298925394,0.8388737089331819,0.16112629106681808,0.40668831705606107,229.54425184657458,-8.82299454139426
0.057812499999999996,5.78125,0.0011397735026202332,1.1397735026202331,6.308467741935483,0.94082628379383,0.48475553512947583,0.8388737089331819,0.16112629106681808,0.4066486736799528,229.45719705074578,-8.822589912690361
0.057905,5.7905,0.0011553993522197279,1.155399352219728,6.309064516129032,0.9406483067606061,0.4847082820126059,0.8388737089331819,0.16112629106681808,0.4066090342825454,229.3701177050622,-8.82218538025212
0.0579975,5.79975,0.0011710295972771406,1.1710295972771405,6.30966129032258,0.9404703802247417,0.48466103363856455,0.8388737089331819,0.16112629106681808,0.4065693988637723,229.2830137807,-8.821780944049332
0.058089999999999996,5.808999999999999,0.001186664242966565,1.186664242966565,6.3102580645161295,0.9402925041671343,0.4846137900072714,0.8388737089331819,0.16112629106681808,0.40652976742356595,229.1958852487837,-8.82137660405182
0.0581825,5.81825,0.0012023032944714223,1.2023032944714223,6.310854838709678,0.9401146785686925,0.4845665511186464,0.8388737089331819,0.16112629106681808,0.4064901399618592,229.10873208038578,-8.820972360229405
0.058275,5.8275,0.0012179467569844026,1.2179467569844027,6.311451612903226,0.9399369034103316,0.48451931697260875,0.8388737089331819,0.16112629106681808,0.4064505164785843,229.02155424652693,-8.820568212551931
0.058367499999999996,5.836749999999999,0.00123359463570754,1.23359463570754,6.312048387096774,0.9397591786729776,0.48447208756907795,0.8388737089331819,0.16112629106681808,0.4064108969736737,228.9343517181757,-8.820164160989242
0.05846,5.846,0.0012492469358522252,1.2492469358522251,6.312645161290322,0.9395815043375645,0.4844248629079729,0.8388737089331819,0.16112629106681808,0.4063712814470594,228.84712446624837,-8.819760205511193
0.0585525,5.85525,0.0012649036626392284,1.2649036626392283,6.313241935483871,0.9394038803850361,0.4843776429892124,0.8388737089331819,0.16112629106681808,0.40633166989867325,228.75987246160892,-8.81935634608767
0.058644999999999996,5.8645,0.0012805648212986995,1.2805648212986995,6.31383870967742,0.9392263067963453,0.48433042781271507,0.8388737089331819,0.16112629106681808,0.406292062328447,228.67259567506883,-8.818952582688556
0.0587375,5.873749999999999,0.001296230417070228,1.296230417070228,6.314435483870968,0.9390487835524528,0.4842832173783991,0.8388737089331819,0.16112629106681808,0.406252458736312,228.58529407738698,-8.81854891528375
0.05883,5.883,0.0013119004552028537,1.3119004552028537,6.315032258064516,0.9388713106343294,0.48423601168618263,0.8388737089331819,0.16112629106681808,0.4062128591221996,228.49796763926946,-8.818145343843158
0.058922499999999996,5.89225,0.0013275749409550773,1.3275749409550772,6.315629032258065,0.9386938880229542,0.4841888107359835,0.8388737089331819,0.16112629106681808,0.40617326348604094,228.4106163313695,-8.817741868336695
0.059015,5.9014999999999995,0.0013432538795949036,1.3432538795949036,6.316225806451613,0.9385165156993158,0.48414161452771937,0.8388737089331819,0.16112629106681808,0.40613367182776683,228.3232401242873,-8.817338488734293
0.0591075,5.91075,0.001358937276399847,1.358937276399847,6.3168225806451614,0.9383391936444119,0.4840944230613077,0.8388737089331819,0.16112629106681808,0.406094084147308,228.23583898856995,-8.81693520500591
0.0592,5.92,0.001374625136656964,1.374625136656964,6.31741935483871,0.9381619218392484,0.4840472363366654,0.8388737089331819,0.16112629106681808,0.40605450044459496,228.1484128947112,-8.816532017121498
0.0592925,5.92925,0.0013903174656628929,1.390317465662893,6.318016129032258,0.9379847002648412,0.4840000543537098,0.8388737089331819,0.16112629106681808,0.4060149207195582,228.06096181315147,-8.81612892505101
0.059385,5.9385,0.0014060142687238497,1.4060142687238497,6.318612903225806,0.9378075289022142,0.48395287711235735,0.8388737089331819,0.16112629106681808,0.4059753449721276,227.9734857142775,-8.815725928764445
0.0594775,5.94775,0.0014217155511556604,1.4217155511556605,6.319209677419354,0.9376304077324008,0.48390570461252463,0.8388737089331819,0.16112629106681808,0.4059357732022333,227.8859845684225,-8.815323028231784
0.05957,5.957,0.0014374213182838061,1.437421318283806,6.319806451612904,0.9374533367364426,0.48385853685412766,0.8388737089331819,0.16112629106681808,0.40589620540980476,227.7984583458657,-8.814920223423025
0.0596625,5.96625,0.0014531315754434172,1.453131575443417,6.320403225806452,0.9372763158953921,0.48381137383708284,0.8388737089331819,0.16112629106681808,0.4058566415947719,227.7109070168325,-8.814517514308198
0.059755,5.9755,0.0014688463279793253,1.4688463279793254,6.321000000000001,0.9370993451903086,0.48376421556130567,0.8388737089331819,0.16112629106681808,0.4058170817570638,227.62333055149412,-8.814114900857327
0.0598475,5.98475,0.0014845655812460675,1.4845655812460676,6.321596774193548,0.9369224246022613,0.4837170620267119,0.8388737089331819,0.16112629106681808,0.4057775258966098,227.5357289199676,-8.813712383040441
0.05994,5.994,0.0015002893406079172,1.5002893406079172,6.322193548387096,0.9367455541123282,0.4836699132332168,0.8388737089331819,0.16112629106681808,0.40573797401333883,227.44810209231557,-8.813309960827596
0.0600325,6.00325,0.0015160176114389127,1.5160176114389126,6.322790322580645,0.936568733701596,0.4836227691807354,0.8388737089331819,0.16112629106681808,0.40569842610717965,227.36045003854616,-8.812907634188848
0.060125,6.0125,0.0015317503991228725,1.5317503991228725,6.323387096774193,0.9363919633511609,0.4835756298691826,0.8388737089331819,0.16112629106681808,0.4056588821780608,227.27277272861295,-8.812505403094285
0.0602175,6.02175,0.0015474877090534407,1.5474877090534407,6.323983870967742,0.9362152430421274,0.48352849529847314,0.8388737089331819,0.16112629106681808,0.4056193422259108,227.18507013241455,-8.812103267513978
0.06031,6.031000000000001,0.0015632295466340908,1.5632295466340909,6.324580645161291,0.9360385727556092,0.4834813654685214,0.8388737089331819,0.16112629106681808,0.40557980625065776,227.0973422197948,-8.811701227418027
0.0604025,6.0402499999999995,0.0015789759172781474,1.5789759172781475,6.325177419354839,0.9358619524727293,0.4834342403792416,0.8388737089331819,0.16112629106681808,0.4055402742522298,227.00958896054243,-8.811299282776544
0.060495,6.0495,0.0015947268264088397,1.5947268264088397,6.325774193548387,0.9356853821746187,0.48338712003054757,0.8388737089331819,0.16112629106681808,0.40550074623055465,226.92181032439095,-8.810897433559653
0.0605875,6.05875,0.0016104822794593035,1.6104822794593034,6.326370967741936,0.9355088618424177,0.48334000442235303,0.8388737089331819,0.16112629106681808,0.40546122218555986,226.8340062810185,-8.81049567973748
0.06068,6.068,0.0016262422818725916,1.6262422818725917,6.326967741935484,0.9353323914572761,0.4832928935545717,0.8388737089331819,0.16112629106681808,0.40542170211717304,226.74617680004786,-8.810094021280175
0.0607725,6.07725,0.0016420068391017491,1.642006839101749,6.327564516129033,0.9351559710003521,0.4832457874271169,0.8388737089331819,0.16112629106681808,0.40538218602532156,226.65832185104608,-8.80969245815788
0.060865,6.0865,0.0016577759566098061,1.657775956609806,6.328161290322581,0.9349796004528125,0.4831986860399014,0.8388737089331819,0.16112629106681808,0.4053426739099322,226.57044140352437,-8.809290990340783
0.0609575,6.09575,0.0016735496398697764,1.6735496398697765,6.328758064516129,0.9348032797958331,0.48315158939283825,0.8388737089331819,0.16112629106681808,0.405303165770932,226.48253542693823,-8.808889617799045
0.06105,6.105,0.0016893278943647461,1.689327894364746,6.329354838709677,0.9346270090105987,0.48310449748583983,0.8388737089331819,0.16112629106681808,0.4052636616082475,226.3946038906869,-8.808488340502866
0.0611425,6.11425,0.0017051107255878486,1.7051107255878486,6.329951612903226,0.9344507880783033,0.48305741031881877,0.8388737089331819,0.16112629106681808,0.4052241614218054,226.3066467641136,-8.808087158422449
0.061235,6.1235,0.001720898139042313,1.720898139042313,6.330548387096774,0.9342746169801494,0.483010327891687,0.8388737089331819,0.16112629106681808,0.4051846652115318,226.21866401650504,-8.807686071528005
0.0613275,6.13275,0.0017366901402414796,1.7366901402414796,6.331145161290323,0.934098495697348,0.4829632502043566,0.8388737089331819,0.16112629106681808,0.405145172977353,226.13065561709163,-8.807285079789748
0.06142,6.142,0.001752486734708848,1.752486734708848,6.331741935483871,0.93392242421112,0.48291617725673924,0.8388737089331819,0.16112629106681808,0.4051056847191948,226.04262153504698,-8.806884183177939
0.0615125,6.15125,0.0017682879279780582,1.7682879279780581,6.332338709677419,0.9337464025026943,0.48286910904874625,0.8388737089331819,0.16112629106681808,0.4050662004369828,225.954561739488,-8.806483381662817
0.061605,6.1605,0.0017840937255929705,1.7840937255929705,6.332935483870967,0.9335704305533084,0.48282204558028896,0.8388737089331819,0.16112629106681808,0.40502672013064284,225.86647619947473,-8.806082675214634
0.0616975,6.1697500000000005,0.0017999041331076522,1.7999041331076522,6.333532258064517,0.9333945083442092,0.4827749868512783,0.8388737089331819,0.16112629106681808,0.4049872438000999,225.77836488401002,-8.805682063803676
0.06179,6.178999999999999,0.0018157191560864098,1.8157191560864099,6.3341290322580655,0.933218635856653,0.4827279328616252,0.8388737089331819,0.16112629106681808,0.40494777144527955,225.69022776203963,-8.805281547400211
0.0618825,6.18825,0.0018315388001038438,1.8315388001038437,6.334725806451614,0.9330428130719036,0.4826808836112401,0.8388737089331819,0.16112629106681808,0.4049083030661065,225.60206480245188,-8.804881125974552
0.061975,6.1975,0.0018473630707448456,1.8473630707448456,6.335322580645161,0.9328670399712349,0.48263383910003343,0.8388737089331819,0.16112629106681808,0.4048688386625056,225.5138759740776,-8.804480799496998
0.0620675,6.2067499999999995,0.0018631919736046304,1.8631919736046305,6.335919354838709,0.9326913165359282,0.48258679932791515,0.8388737089331819,0.16112629106681808,0.40482937823440135,225.42566124568995,-8.804080567937866
0.06216,6.216,0.0018790255142887584,1.8790255142887584,6.336516129032257,0.9325156427472748,0.4825397642947953,0.8388737089331819,0.16112629106681808,0.4047899217817183,225.33742058600436,-8.803680431267486
0.0622525,6.22525,0.0018948636984131876,1.8948636984131877,6.3371129032258064,0.9323400185865743,0.48249273400058335,0.8388737089331819,0.16112629106681808,0.4047504693043805,225.24915396367817,-8.8032803894562
0.062345,6.2345,0.001910706531604265,1.910706531604265,6.3377096774193555,0.9321644440351355,0.4824457084451889,0.8388737089331819,0.16112629106681808,0.40471102080231214,225.16086134731077,-8.802880442474365
0.0624375,6.24375,0.0019265540194988013,1.9265540194988013,6.338306451612904,0.9319889190742756,0.4823986876285211,0.8388737089331819,0.16112629106681808,0.404671576275437,225.0725427054431,-8.802480590292346
0.06253,6.253,0.0019424061677440125,1.9424061677440125,6.338903225806452,0.9318134436853206,0.4823516715504889,0.8388737089331819,0.16112629106681808,0.4046321357236786,224.98419800655796,-8.802080832880515
0.0626225,6.26225,0.001958262981997653,1.958262981997653,6.339499999999999,0.9316380178496056,0.48230466021100105,0.8388737089331819,0.16112629106681808,0.4045926991469605,224.89582721907937,-8.801681170209266
0.06271499999999999,6.2715,0.0019741244679279644,1.9741244679279644,6.340096774193548,0.9314626415484737,0.482257653609966,0.8388737089331819,0.16112629106681808,0.40455326654520585,224.8074303113727,-8.801281602249004
0.0628075,6.28075,0.001989990631213745,1.989990631213745,6.340693548387097,0.9312873147632782,0.48221065174729216,0.8388737089331819,0.16112629106681808,0.4045138379183379,224.71900725174456,-8.80088212897012
0.0629,6.29,0.002005861477544353,2.005861477544353,6.341290322580646,0.9311120374753801,0.4821636546228877,0.8388737089331819,0.16112629106681808,0.40447441326627953,224.63055800844236,-8.800482750343058
0.06299249999999999,6.299249999999999,0.002021737012619747,2.021737012619747,6.341887096774194,0.9309368096661491,0.4821166622366602,0.8388737089331819,0.16112629106681808,0.40443499258895327,224.5420825496545,-8.800083466338243
0.063085,6.3085,0.0020376172421505082,2.037617242150508,6.342483870967742,0.9307616313169643,0.4820696745885175,0.8388737089331819,0.16112629106681808,0.4043955758862818,224.45358084351003,-8.799684276926122
0.0631775,6.31775,0.002053502171857875,2.053502171857875,6.34308064516129,0.930586502409213,0.48202269167836703,0.8388737089331819,0.16112629106681808,0.40435616315818734,224.36505285807846,-8.799285182077153
0.06326999999999999,6.326999999999999,0.002069391807473747,2.069391807473747,6.343677419354838,0.9304114229242919,0.48197571350611584,0.8388737089331819,0.16112629106681808,0.4043167544045921,224.27649856136978,-8.798886181761805
0.0633625,6.336250000000001,0.0020852861547407523,2.085286154740752,6.3442741935483875,0.930236392843605,0.48192874007167075,0.8388737089331819,0.16112629106681808,0.40427734962541784,224.18791792133405,-8.798487275950555
0.063455,6.3454999999999995,0.002101185219412244,2.101185219412244,6.344870967741936,0.9300614121485674,0.4818817713749387,0.8388737089331819,0.16112629106681808,0.40423794882058645,224.09931090586156,-8.798088464613912
0.06354749999999999,6.354749999999999,0.0021170890072523415,2.1170890072523414,6.345467741935484,0.929886480820601,0.4818348074158263,0.8388737089331819,0.16112629106681808,0.40419855199001964,224.01067748278237,-8.797689747722359
0.06364,6.364,0.0021329975240359455,2.1329975240359453,6.346064516129032,0.9297115988411371,0.4817878481942396,0.8388737089331819,0.16112629106681808,0.4041591591336386,223.92201761986635,-8.797291125246423
0.0637325,6.37325,0.002148910775548793,2.148910775548793,6.346661290322581,0.9295367661916154,0.4817408937100846,0.8388737089331819,0.16112629106681808,0.4041197702513644,223.83333128482295,-8.79689259715663
0.06382499999999999,6.382499999999999,0.0021648287675874547,2.164828767587455,6.347258064516129,0.9293619828534856,0.48169394396326753,0.8388737089331819,0.16112629106681808,0.4040803853431185,223.74461844530106,-8.79649416342351
0.0639175,6.39175,0.0021807515059593923,2.1807515059593925,6.3478548387096785,0.9291872488082035,0.4816469989536934,0.8388737089331819,0.16112629106681808,0.4040410044088212,223.65587906888877,-8.79609582401762
0.06401,6.401,0.002196678996482951,2.1966789964829507,6.348451612903226,0.9290125640372369,0.4816000586812682,0.8388737089331819,0.16112629106681808,0.4040016274483935,223.56711312311342,-8.795697578909524
0.06410249999999999,6.41025,0.0022126112449874107,2.2126112449874107,6.349048387096774,0.9288379285220595,0.48155312314589666,0.8388737089331819,0.16112629106681808,0.4039622544617556,223.47832057544124,-8.79529942806979
0.064195,6.4195,0.0022285482573130362,2.228548257313036,6.349645161290322,0.9286633422441556,0.48150619234748393,0.8388737089331819,0.16112629106681808,0.40392288544882793,223.38950139327721,-8.794901371468999
0.0642875,6.42875,0.002244490039311072,2.2444900393110716,6.35024193548387,0.9284888051850172,0.4814592662859347,0.8388737089331819,0.16112629106681808,0.4038835204095305,223.30065554396498,-8.794503409077755
0.06437999999999999,6.437999999999999,0.0022604365968437613,2.2604365968437614,6.350838709677419,0.9283143173261452,0.48141234496115337,0.8388737089331819,0.16112629106681808,0.40384415934378315,223.21178299478672,-8.794105540866665
0.0644725,6.44725,0.0022763879357844225,2.2763879357844226,6.351435483870969,0.9281398786490487,0.48136542837304414,0.8388737089331819,0.16112629106681808,0.40380480225150545,223.12288371296285,-8.793707766806342
0.064565,6.4565,0.002292344062017443,2.2923440620174427,6.352032258064517,0.927965489135247,0.4813185165215113,0.8388737089331819,0.16112629106681808,0.4037654491326172,223.03395766565194,-8.793310086867415
0.06465749999999999,6.465749999999999,0.0023083049814383028,2.3083049814383028,6.352629032258065,0.9277911487662666,0.4812716094064585,0.8388737089331819,0.16112629106681808,0.4037260999870375,222.94500481995064,-8.792912501020528
0.06475,6.4750000000000005,0.0023242706999536404,2.32427069995364,6.353225806451613,0.9276168575236434,0.4812247070277894,0.8388737089331819,0.16112629106681808,0.4036867548146856,222.8560251428933,-8.792515009236341
0.0648425,6.484249999999999,0.002340241223481232,2.340241223481232,6.3538225806451605,0.9274426153889221,0.48117780938540755,0.8388737089331819,0.16112629106681808,0.40364741361548045,222.767018601452,-8.792117611485518
0.06493499999999999,6.493499999999999,0.0023562165579500824,2.3562165579500824,6.35441935483871,0.9272684223436546,0.4811309164792157,0.8388737089331819,0.16112629106681808,0.40360807638934065,222.67798516253632,-8.791720307738718
0.0650275,6.50275,0.002372196709300396,2.372196709300396,6.355016129032259,0.9270942783694035,0.481084028309117,0.8388737089331819,0.16112629106681808,0.40356874313618485,222.5889247929931,-8.791323097966648
0.06512,6.512,0.0023881816834836343,2.3881816834836345,6.355612903225807,0.9269201834477391,0.4810371448750142,0.8388737089331819,0.16112629106681808,0.4035294138559315,222.49983745960645,-8.790925982140003
0.06521249999999999,6.521249999999999,0.0024041714864625314,2.4041714864625314,6.356209677419355,0.92674613756024,0.4809902661768098,0.8388737089331819,0.16112629106681808,0.4034900885484988,222.41072312909748,-8.790528960229482
0.065305,6.5305,0.002420166124211162,2.420166124211162,6.356806451612903,0.9265721406884941,0.48094339221440596,0.8388737089331819,0.16112629106681808,0.40345076721380474,222.321581768124,-8.790132032205818
0.0653975,6.53975,0.002436165602714924,2.436165602714924,6.357403225806451,0.926398192814098,0.4808965229877049,0.8388737089331819,0.16112629106681808,0.4034114498517672,222.23241334328057,-8.78973519803974
0.06548999999999999,6.5489999999999995,0.0024521699279705933,2.4521699279705933,6.3580000000000005,0.9262242939186554,0.48084965849660805,0.8388737089331819,0.16112629106681808,0.4033721364623035,222.14321782109832,-8.789338457701994
0.0655825,6.55825,0.0024681791059863504,2.4681791059863505,6.358596774193549,0.9260504439837813,0.48080279874101745,0.8388737089331819,0.16112629106681808,0.4033328270453315,222.05399516804457,-8.788941811163339
0.065675,6.5675,0.0024841931427817977,2.484193142781798,6.359193548387097,0.9258766429910973,0.4807559437208343,0.8388737089331819,0.16112629106681808,0.4032935216007683,221.96474535052295,-8.788545258394533
0.06576749999999999,6.57675,0.002500212044388022,2.500212044388022,6.359790322580645,0.925702890922234,0.48070909343595974,0.8388737089331819,0.16112629106681808,0.40325422012853107,221.87546833487295,-8.788148799366363
0.06586,6.586,0.002516235816847588,2.5162358168475882,6.360387096774193,0.9255291877588314,0.48066224788629486,0.8388737089331819,0.16112629106681808,0.40321492262853664,221.78616408736994,-8.787752434049617
0.0659525,6.59525,0.0025322644662145928,2.532264466214593,6.360983870967742,0.9253555334825366,0.4806154070717401,0.8388737089331819,0.16112629106681808,0.40317562910070165,221.69683257422494,-8.787356162415099
0.06604499999999999,6.604499999999999,0.002548297998554682,2.548297998554682,6.361580645161291,0.925181928075007,0.48056857099219613,0.8388737089331819,0.16112629106681808,0.4031363395449427,221.6074737615845,-8.786959984433619
0.0661375,6.6137500000000005,0.0025643364199450925,2.5643364199450924,6.362177419354839,0.9250083715179075,0.4805217396475631,0.8388737089331819,0.16112629106681808,0.40309705396117607,221.51808761553036,-8.786563900075997
0.06623,6.622999999999999,0.0025803797364746875,2.5803797364746877,6.362774193548387,0.9248348637929121,0.48047491303774137,0.8388737089331819,0.16112629106681808,0.40305777234931817,221.42867410207947,-8.786167909313074
0.06632249999999999,6.632249999999999,0.002596427954243946,2.5964279542439463,6.363370967741935,0.9246614048817033,0.48042809116263047,0.8388737089331819,0.16112629106681808,0.40301849470928464,221.33923318718382,-8.785772012115705
0.066415,6.641500000000001,0.0026124810793650734,2.6124810793650735,6.363967741935483,0.924487994765972,0.4803812740221301,0.8388737089331819,0.16112629106681808,0.4029792210409915,221.24976483673,-8.78537620845473
0.0665075,6.6507499999999995,0.002628539117961939,2.628539117961939,6.3645645161290325,0.9243146334274176,0.4803344616161396,0.8388737089331819,0.16112629106681808,0.4029399513443541,221.16026901653942,-8.784980498301033
0.06659999999999999,6.659999999999999,0.00264460207617019,2.64460207617019,6.365161290322582,0.9241413208477484,0.4802876539445581,0.8388737089331819,0.16112629106681808,0.402900685619288,221.07074569236778,-8.784584881625493
0.0666925,6.66925,0.0026606699601372185,2.6606699601372186,6.36575806451613,0.9239680570086812,0.48024085100728475,0.8388737089331819,0.16112629106681808,0.40286142386570856,220.98119482990512,-8.784189358399
0.066785,6.6785,0.0026767427760222453,2.6767427760222455,6.366354838709677,0.9237948418919417,0.48019405280421823,0.8388737089331819,0.16112629106681808,0.4028221660835308,220.89161639477555,-8.78379392859245
0.06687749999999999,6.687749999999999,0.0026928205299963062,2.692820529996306,6.366951612903225,0.9236216754792634,0.480147259335257,0.8388737089331819,0.16112629106681808,0.4027829122726694,220.8020103525371,-8.783398592176775
0.06697,6.697,0.002708903228242327,2.7089032282423267,6.367548387096774,0.9234485577523885,0.4801004706002992,0.8388737089331819,0.16112629106681808,0.40274366243303905,220.71237666868151,-8.78300334912289
0.0670625,6.70625,0.002724990876955102,2.724990876955102,6.368145161290322,0.923275488693069,0.48005368659924325,0.8388737089331819,0.16112629106681808,0.4027044165645545,220.62271530863416,-8.78260819940174
0.06715499999999999,6.7155,0.0027410834823413917,2.741083482341392,6.368741935483872,0.9231024682830626,0.48000690733198653,0.8388737089331819,0.16112629106681808,0.4026651746671297,220.53302623775366,-8.782213142984263
0.0672475,6.72475,0.002757181050619896,2.757181050619896,6.36933870967742,0.9229294965041391,0.4799601327984271,0.8388737089331819,0.16112629106681808,0.40262593674067904,220.44330942133197,-8.781818179841427
0.06734,6.734,0.0027732835880213288,2.7732835880213287,6.369935483870968,0.9227565733380745,0.4799133629984621,0.8388737089331819,0.16112629106681808,0.4025867027851164,220.353564824594,-8.781423309944202
0.06743249999999999,6.743249999999999,0.0027893911007884076,2.7893911007884076,6.370532258064516,0.9225836987666542,0.47986659793198894,0.8388737089331819,0.16112629106681808,0.4025474728003555,220.26379241269754,-8.781028533263576
0.067525,6.7525,0.002805503595175932,2.805503595175932,6.3711290322580645,0.9224108727716714,0.47981983759890434,0.8388737089331819,0.16112629106681808,0.4025082467863099,220.17399215073297,-8.780633849770535
0.0676175,6.761749999999999,0.0028216210774507913,2.8216210774507915,6.371725806451613,0.922238095334929,0.47977308199910534,0.8388737089331819,0.16112629106681808,0.40246902474289314,220.08416400372323,-8.780239259436085
0.06770999999999999,6.770999999999999,0.002837743553891985,2.837743553891985,6.372322580645162,0.9220653664382372,0.4797263311324883,0.8388737089331819,0.16112629106681808,0.40242980667001826,219.99430793662353,-8.779844762231248
0.0678025,6.7802500000000006,0.0028538710307906886,2.8538710307906885,6.37291935483871,0.9218926860634157,0.4796795849989496,0.8388737089331819,0.16112629106681808,0.40239059256759835,219.90442391432117,-8.779450358127058
0.067895,6.789499999999999,0.0028700035144502683,2.8700035144502682,6.373516129032258,0.9217200541922919,0.4796328435983852,0.8388737089331819,0.16112629106681808,0.40235138243554613,219.81451190163537,-8.779056047094544
0.06798749999999999,6.798749999999999,0.002886141011186297,2.886141011186297,6.374112903225806,0.9215474708067022,0.47958610693069115,0.8388737089331819,0.16112629106681808,0.40231217627377447,219.72457186331718,-8.778661829104758
0.06808,6.808,0.0029022835273266327,2.9022835273266328,6.374709677419355,0.9213749358884915,0.47953937499576305,0.8388737089331819,0.16112629106681808,0.4022729740821957,219.6346037640491,-8.778267704128764
0.0681725,6.81725,0.002918431069211393,2.918431069211393,6.375306451612903,0.9212024494195126,0.4794926477934962,0.8388737089331819,0.16112629106681808,0.40223377586072206,219.54460756844512,-8.77787367213763
0.06826499999999999,6.826499999999999,0.0029345836431930285,2.9345836431930286,6.375903225806452,0.9210300113816279,0.4794459253237861,0.8388737089331819,0.16112629106681808,0.4021945816092658,219.45458324105036,-8.777479733102453
0.0683575,6.83575,0.0029507412556363695,2.9507412556363697,6.3765,0.9208576217567075,0.4793992075865276,0.8388737089331819,0.16112629106681808,0.4021553913277388,219.3645307463409,-8.777085886994314
0.06845,6.845,0.0029669039129186026,2.966903912918603,6.377096774193548,0.92068528052663,0.47935249458161544,0.8388737089331819,0.16112629106681808,0.4021162050160527,219.27445004872376,-8.77669213378433
0.06854249999999999,6.8542499999999995,0.0029830716214293736,2.9830716214293735,6.3776935483870965,0.9205129876732827,0.4793057863089443,0.8388737089331819,0.16112629106681808,0.40207702267411927,219.18434111253646,-8.776298473443616
0.068635,6.8635,0.00299924438757075,2.99924438757075,6.3782903225806455,0.9203407431785612,0.4792590827684085,0.8388737089331819,0.16112629106681808,0.40203784430184963,219.09420390204707,-8.775904905943303
0.0687275,6.87275,0.0030154222177573133,3.015422217757313,6.378887096774194,0.9201685470243698,0.47921238395990223,0.8388737089331819,0.16112629106681808,0.4019986698991552,219.00403838145382,-8.775511431254525
0.06881999999999999,6.882,0.0030316051184161685,3.0316051184161683,6.379483870967743,0.9199963991926207,0.47916568988331915,0.8388737089331819,0.16112629106681808,0.4019594994659468,218.91384451488508,-8.775118049348446
0.0689125,6.89125,0.00304779309598699,3.04779309598699,6.38008064516129,0.9198242996652357,0.4791190005385533,0.8388737089331819,0.16112629106681808,0.40192033300213537,218.823622266399,-8.774724760196216
0.069005,6.9005,0.0030639861569220143,3.0639861569220144,6.380677419354838,0.919652248424144,0.4790723159254979,0.8388737089331819,0.16112629106681808,0.4018811705076315,218.73337159998357,-8.774331563769016
0.06909749999999999,6.909749999999999,0.0030801843076861367,3.0801843076861366,6.3812741935483865,0.9194802454512833,0.47902563604404635,0.8388737089331819,0.16112629106681808,0.4018420119823457,218.6430924795561,-8.773938460038032
0.06919,6.9190000000000005,0.003096387554756909,3.0963875547569093,6.381870967741936,0.9193082907286005,0.4789789608940918,0.8388737089331819,0.16112629106681808,0.4018028574261883,218.55278486896322,-8.77354544897446
0.0692825,6.928249999999999,0.0031125959046245755,3.1125959046245755,6.382467741935485,0.9191363842380498,0.47893229047552677,0.8388737089331819,0.16112629106681808,0.4017637068390692,218.46244873198077,-8.773152530549504
0.06937499999999999,6.937499999999999,0.0031288093637921142,3.128809363792114,6.383064516129033,0.9189645259615955,0.4788856247882442,0.8388737089331819,0.16112629106681808,0.40172456022089853,218.37208403231344,-8.772759704734392
0.0694675,6.94675,0.00314502793877527,3.14502793877527,6.383661290322581,0.9187927158812087,0.4788389638321363,0.8388737089331819,0.16112629106681808,0.40168541757158593,218.2816907335946,-8.772366971500345
0.06956,6.9559999999999995,0.003161251636102602,3.1612516361026017,6.384258064516128,0.9186209539788694,0.4787923076070953,0.8388737089331819,0.16112629106681808,0.40164627889104093,218.19126879938614,-8.77197433081861
0.06965249999999999,6.965249999999999,0.0031774804623154775,3.1774804623154775,6.3848548387096775,0.9184492402365665,0.47874565611301306,0.8388737089331819,0.16112629106681808,0.4016071441791729,218.10081819317838,-8.771581782660434
0.069745,6.9745,0.0031937144239681677,3.1937144239681676,6.385451612903226,0.9182775746362972,0.4786990093497816,0.8388737089331819,0.16112629106681808,0.4015680134358912,218.01033887838966,-8.771189326997085
0.0698375,6.98375,0.0032099535276278314,3.2099535276278313,6.386048387096774,0.9181059571600664,0.47865236731729216,0.8388737089331819,0.16112629106681808,0.40152888666110464,217.91983081836628,-8.770796963799835
0.06992999999999999,6.992999999999999,0.003226197779874579,3.226197779874579,6.386645161290323,0.917934387789888,0.47860573001543616,0.8388737089331819,0.16112629106681808,0.401489763854722,217.82929397638227,-8.770404693039978
0.0700225,7.00225,0.0032424471873015036,3.2424471873015035,6.387241935483871,0.9177628665077848,0.47855909744410485,0.8388737089331819,0.16112629106681808,0.40145064501665223,217.73872831563918,-8.770012514688803
0.070115,7.0115,0.003258701756514705,3.2587017565147054,6.387838709677419,0.9175913932957869,0.4785124696031889,0.8388737089331819,0.16112629106681808,0.40141153014680353,217.64813379926593,-8.76962042871762
0.07020749999999999,7.02075,0.003274961494133326,3.274961494133326,6.388435483870968,0.9174199681359334,0.4784658464925791,0.8388737089331819,0.16112629106681808,0.4013724192450843,217.55751039031858,-8.769228435097743
0.0703,7.03,0.0032912264067896267,3.291226406789627,6.389032258064515,0.9172485910102716,0.47841922811216575,0.8388737089331819,0.16112629106681808,0.4013333123114025,217.46685805178004,-8.768836533800513
0.0703925,7.03925,0.0033074965011289496,3.3074965011289494,6.389629032258065,0.917077261900857,0.47837261446183926,0.8388737089331819,0.16112629106681808,0.4012942093456662,217.37617674656005,-8.768444724797275
0.07048499999999999,7.048499999999999,0.0033237717838098288,3.323771783809829,6.390225806451613,0.9169059807897544,0.47832600554148946,0.8388737089331819,0.16112629106681808,0.401255110347783,217.28546643749482,-8.76805300805937
0.0705775,7.05775,0.0033400522615039743,3.3400522615039745,6.390822580645161,0.9167347476590366,0.47827940135100655,0.8388737089331819,0.16112629106681808,0.40121601531766077,217.19472708734688,-8.767661383558163
0.07067,7.066999999999999,0.0033563379408963305,3.3563379408963305,6.3914193548387095,0.9165635624907834,0.47823280189027967,0.8388737089331819,0.16112629106681808,0.4011769242552065,217.10395865880497,-8.767269851265034
0.07076249999999999,7.076249999999999,0.0033726288286851196,3.3726288286851194,6.392016129032259,0.9163924252670848,0.47818620715919835,0.8388737089331819,0.16112629106681808,0.4011378371603276,217.0131611144836,-8.766878411151367
0.070855,7.0855,0.0033889249315818544,3.3889249315818546,6.392612903225807,0.9162213359700382,0.47813961715765185,0.8388737089331819,0.16112629106681808,0.40109875403293105,216.92233441692318,-8.766487063188562
0.0709475,7.0947499999999994,0.003405226256311394,3.4052262563113938,6.393209677419355,0.9160502945817496,0.478093031885529,0.8388737089331819,0.16112629106681808,0.4010596748729237,216.83147852858946,-8.766095807348027
0.07103999999999999,7.103999999999999,0.003421532809611987,3.421532809611987,6.393806451612903,0.9158793010843335,0.4780464513427186,0.8388737089331819,0.16112629106681808,0.40102059968021225,216.74059341187356,-8.765704643601175
0.0711325,7.11325,0.003437844598235294,3.437844598235294,6.394403225806451,0.9157083554599127,0.4779998755291092,0.8388737089331819,0.16112629106681808,0.40098152845470314,216.6496790290917,-8.765313571919448
0.071225,7.1225,0.0034541616289464117,3.454161628946412,6.395,0.9155374576906177,0.47795330444458894,0.8388737089331819,0.16112629106681808,0.4009424611963026,216.55873534248497,-8.764922592274273
0.0713175,7.13175,0.003470483908523947,3.470483908523947,6.395596774193548,0.915366607758588,0.477906738089046,0.8388737089331819,0.16112629106681808,0.40090339790491675,216.46776231421913,-8.764531704637122
0.07141,7.141,0.003486811443760027,3.486811443760027,6.396193548387098,0.9151958056459712,0.4778601764623682,0.8388737089331819,0.16112629106681808,0.4008643385804516,216.37675990638445,-8.764140908979444
0.0715025,7.15025,0.003503144241460341,3.503144241460341,6.396790322580646,0.9150250513349241,0.4778136195644434,0.8388737089331819,0.16112629106681808,0.400825283222813,216.28572808099543,-8.763750205272714
0.071595,7.1595,0.0035194823084441934,3.5194823084441933,6.397387096774194,0.9148543448076101,0.4777670673951588,0.8388737089331819,0.16112629106681808,0.4007862318319063,216.19466679999056,-8.763359593488426
0.0716875,7.16875,0.003535825651544515,3.5358256515445152,6.3979838709677415,0.9146836860462025,0.4777205199544018,0.8388737089331819,0.16112629106681808,0.4007471844076372,216.1035760252323,-8.762969073598075
0.07178,7.178,0.0035521742776079275,3.5521742776079277,6.3985806451612905,0.9145130750328817,0.47767397724205934,0.8388737089331819,0.16112629106681808,0.40070814094991064,216.01245571850657,-8.762578645573157
0.0718725,7.187250000000001,0.0035685281934947676,3.5685281934947675,6.399177419354839,0.9143425117498375,0.47762743925801815,0.8388737089331819,0.16112629106681808,0.4006691014586317,215.9213058415228,-8.762188309385216
0.071965,7.1965,0.00358488740607913,3.58488740607913,6.399774193548387,0.9141719961792671,0.477580906002165,0.8388737089331819,0.16112629106681808,0.4006300659337055,215.83012635591362,-8.761798065005753
0.0720575,7.20575,0.0036012519222488955,3.6012519222488955,6.400370967741936,0.9140015283033764,0.4775343774743861,0.8388737089331819,0.16112629106681808,0.4005910343750364,215.73891722323458,-8.76140791240633
0.07215,7.215000000000001,0.0036176217489057886,3.6176217489057887,6.400967741935484,0.9138311081043798,0.4774878536745677,0.8388737089331819,0.16112629106681808,0.40055200678252906,215.647678404964,-8.76101785155849
0.0722425,7.2242500000000005,0.0036339968929653896,3.6339968929653894,6.401564516129032,0.9136607355644999,0.47744133460259575,0.8388737089331819,0.16112629106681808,0.4005129831560878,215.55640986250285,-8.760627882433806
0.072335,7.233499999999999,0.003650377361357212,3.6503773613572124,6.40216129032258,0.913490410665967,0.47739482025835595,0.8388737089331819,0.16112629106681808,0.40047396349561676,215.46511155717428,-8.76023800500384
0.0724275,7.242750000000001,0.003666763161024706,3.666763161024706,6.40275806451613,0.9133201333910197,0.4773483106417336,0.8388737089331819,0.16112629106681808,0.40043494780101974,215.37378345022364,-8.759848219240181
0.07252,7.252,0.003683154298925305,3.683154298925305,6.403354838709677,0.9131499037219069,0.47730180575261455,0.8388737089331819,0.16112629106681808,0.4003959360722009,215.28242550281817,-8.759458525114427
0.0726125,7.2612499999999995,0.0036995507820304866,3.6995507820304865,6.403951612903226,0.9129797216408826,0.47725530559088347,0.8388737089331819,0.16112629106681808,0.40035692830906355,215.1910376760468,-8.759068922598185
0.072705,7.2705,0.0037159526173257853,3.7159526173257853,6.404548387096774,0.9128095871302114,0.47720881015642536,0.8388737089331819,0.16112629106681808,0.4003179245115112,215.0996199309198,-8.75867941166308
0.0727975,7.27975,0.0037323598118108475,3.7323598118108476,6.4051451612903225,0.9126395001721653,0.47716231944912485,0.8388737089331819,0.16112629106681808,0.40027892467944715,215.0081722283688,-8.758289992280726
0.07289,7.289,0.0037487723724994554,3.7487723724994555,6.405741935483872,0.9124694607490247,0.47711583346886655,0.8388737089331819,0.16112629106681808,0.4002399288127744,214.91669452924646,-8.757900664422781
0.0729825,7.29825,0.0037651903064196057,3.7651903064196057,6.40633870967742,0.9122994688430779,0.47706935221553454,0.8388737089331819,0.16112629106681808,0.40020093691139597,214.82518679432607,-8.757511428060878
0.073075,7.3075,0.0037816136206134817,3.7816136206134816,6.406935483870967,0.9121295244366222,0.47702287568901286,0.8388737089331819,0.16112629106681808,0.4001619489752144,214.73364898430165,-8.757122283166694
0.0731675,7.31675,0.003798042322137571,3.798042322137571,6.407532258064516,0.9119596275119624,0.47697640388918544,0.8388737089331819,0.16112629106681808,0.40012296500413236,214.64208105978747,-8.756733229711896
0.07326,7.3260000000000005,0.0038144764180626594,3.8144764180626596,6.408129032258064,0.9117897780514119,0.4769299368159359,0.8388737089331819,0.16112629106681808,0.40008398499805226,214.55048298131788,-8.756344267668165
0.0733525,7.33525,0.00383091591547385,3.83091591547385,6.408725806451613,0.9116199760372925,0.4768834744691475,0.8388737089331819,0.16112629106681808,0.4000450089568761,214.4588547093473,-8.755955397007206
0.073445,7.3445,0.0038473608214706833,3.847360821470683,6.409322580645162,0.9114502214519334,0.4768370168487034,0.8388737089331819,0.16112629106681808,0.40000603688050596,214.36719620424958,-8.755566617700719
0.0735375,7.353750000000001,0.0038638111431670997,3.8638111431670996,6.40991935483871,0.9112805142776735,0.4767905639544868,0.8388737089331819,0.16112629106681808,0.39996706876884386,214.27550742631814,-8.755177929720421
0.07363,7.363,0.003880266887691516,3.880266887691516,6.410516129032259,0.9111108544968584,0.4767441157863802,0.8388737089331819,0.16112629106681808,0.39992810462179107,214.1837883357656,-8.754789333038042
0.0737225,7.372249999999999,0.003896728062186852,3.896728062186852,6.411112903225806,0.9109412420918428,0.4766976723442664,0.8388737089331819,0.16112629106681808,0.39988914443924944,214.09203889272354,-8.754400827625314
0.073815,7.381500000000001,0.003913194673810604,3.9131946738106036,6.4117096774193545,0.9107716770449894,0.47665123362802764,0.8388737089331819,0.16112629106681808,0.3998501882211202,214.00025905724223,-8.754012413453996
0.0739075,7.39075,0.0039296667297348395,3.9296667297348393,6.412306451612903,0.9106021593386692,0.476604799637546,0.8388737089331819,0.16112629106681808,0.3998112359673042,213.90844878929056,-8.753624090495844
0.074,7.3999999999999995,0.003946144237146266,3.9461442371462656,6.412903225806452,0.910432688955261,0.47655837037270343,0.8388737089331819,0.16112629106681808,0.39977228767770273,213.81660804875563,-8.753235858722629
0.0740925,7.40925,0.003962627203246271,3.9626272032462713,6.4135,0.9102632658771524,0.4765119458333817,0.8388737089331819,0.16112629106681808,0.3997333433522164,213.72473679544262,-8.752847718106137
0.074185,7.4185,0.003979115635250966,3.979115635250966,6.414096774193549,0.9100938900867386,0.4764655260194621,0.8388737089331819,0.16112629106681808,0.3996944029907457,213.63283498907452,-8.752459668618162
0.0742775,7.42775,0.003995609540391206,3.9956095403912064,6.414693548387097,0.9099245615664234,0.47641911093082623,0.8388737089331819,0.16112629106681808,0.39965546659319123,213.54090258929193,-8.7520717102305
0.07437,7.437,0.004012108925912679,4.012108925912679,6.4152903225806455,0.9097552802986185,0.47637270056735476,0.8388737089331819,0.16112629106681808,0.399616534159453,213.44893955565274,-8.751683842914982
0.0744625,7.44625,0.004028613799075901,4.0286137990759014,6.415887096774193,0.9095860462657444,0.476326294928929,0.8388737089331819,0.16112629106681808,0.39957760568943135,213.35694584763198,-8.751296066643418
0.074555,7.4555,0.004045124167156258,4.045124167156258,6.416483870967742,0.9094168594502288,0.47627989401542925,0.8388737089331819,0.16112629106681808,0.39953868118302593,213.2649214246216,-8.750908381387658
0.0746475,7.46475,0.004061640037444093,4.061640037444093,6.417080645161291,0.9092477198345081,0.47623349782673613,0.8388737089331819,0.16112629106681808,0.3994997606401366,213.17286624593015,-8.750520787119537
0.07474,7.474,0.00407816141724471,4.0781614172447105,6.417677419354838,0.9090786274010277,0.47618710636273,0.8388737089331819,0.16112629106681808,0.3994608440606629,213.08078027078255,-8.750133283810936
0.0748325,7.48325,0.004094688313878443,4.094688313878443,6.418274193548387,0.9089095821322393,0.4761407196232906,0.8388737089331819,0.16112629106681808,0.39942193144450405,212.98866345831993,-8.749745871433696
0.074925,7.492500000000001,0.0041112207346806606,4.111220734680661,6.4188709677419356,0.9087405840106041,0.4760943376082978,0.8388737089331819,0.16112629106681808,0.39938302279155924,212.8965157675993,-8.749358549959721
0.0750175,7.50175,0.004127758687001856,4.127758687001856,6.419467741935484,0.908571633018591,0.4760479603176313,0.8388737089331819,0.16112629106681808,0.3993441181017276,212.8043371575934,-8.748971319360889
0.07511,7.510999999999999,0.00414430217820766,4.14430217820766,6.420064516129032,0.908402729138677,0.47600158775117035,0.8388737089331819,0.16112629106681808,0.3993052173749077,212.71212758719034,-8.748584179609113
0.0752025,7.520250000000001,0.004160851215678891,4.160851215678891,6.420661290322581,0.9082338723533481,0.4759552199087944,0.8388737089331819,0.16112629106681808,0.3992663206109986,212.61988701519346,-8.748197130676298
0.075295,7.5295000000000005,0.004177405806811597,4.177405806811597,6.421258064516129,0.9080650626450972,0.4759088567903822,0.8388737089331819,0.16112629106681808,0.39922742780989845,212.52761540032105,-8.747810172534368
0.0753875,7.538749999999999,0.0041939659590171105,4.193965959017111,6.421854838709677,0.9078962999964262,0.4758624983958126,0.8388737089331819,0.16112629106681808,0.3991885389715057,212.4353127012061,-8.747423305155262
0.07548,7.548000000000001,0.004210531679722082,4.210531679722082,6.422451612903226,0.9077275843898444,0.4758161447249641,0.8388737089331819,0.16112629106681808,0.3991496540957183,212.34297887639605,-8.74703652851093
0.0755725,7.55725,0.004227102976368525,4.227102976368525,6.423048387096774,0.9075589158078701,0.47576979577771517,0.8388737089331819,0.16112629106681808,0.39911077318243443,212.25061388435256,-8.746649842573317
0.075665,7.5665,0.00424367985641386,4.24367985641386,6.423645161290323,0.9073902942330285,0.4757234515539437,0.8388737089331819,0.16112629106681808,0.39907189623155165,212.15821768345126,-8.746263247314404
0.0757575,7.57575,0.0042602623273309765,4.2602623273309765,6.424241935483871,0.9072217196478547,0.47567711205352786,0.8388737089331819,0.16112629106681808,0.3990330232429677,212.06579023198145,-8.745876742706157
0.07585,7.585,0.004276850396608246,4.276850396608245,6.424838709677419,0.90705319203489,0.47563077727634523,0.8388737089331819,0.16112629106681808,0.3989941542165799,211.97333148814596,-8.745490328720575
0.0759425,7.59425,0.004293444071749582,4.293444071749582,6.4254354838709675,0.9068847113766852,0.4755844472222734,0.8388737089331819,0.16112629106681808,0.39895528915228556,211.8808414100608,-8.745104005329651
0.076035,7.6035,0.004310043360274508,4.310043360274507,6.426032258064516,0.9067162776557988,0.47553812189118977,0.8388737089331819,0.16112629106681808,0.3989164280499819,211.78831995575493,-8.744717772505401
0.0761275,7.61275,0.0043266482697181495,4.32664826971815,6.426629032258064,0.9065478908547968,0.47549180128297114,0.8388737089331819,0.16112629106681808,0.3988775709095655,211.6957670831701,-8.744331630219845
0.07622,7.622,0.004343258807631337,4.3432588076313365,6.427225806451614,0.9063795509562533,0.4754454853974944,0.8388737089331819,0.16112629106681808,0.39883871773093316,211.60318275016039,-8.743945578445008
0.0763125,7.6312500000000005,0.004359874981580622,4.359874981580622,6.427822580645162,0.9062112579427526,0.4753991742346367,0.8388737089331819,0.16112629106681808,0.39879986851398164,211.51056691449216,-8.743559617152947
0.076405,7.6405,0.00437649679914832,4.37649679914832,6.42841935483871,0.9060430117968843,0.47535286779427405,0.8388737089331819,0.16112629106681808,0.39876102325860713,211.41791953384373,-8.74317374631571
0.0764975,7.649749999999999,0.004393124267932544,4.393124267932544,6.429016129032258,0.9058748125012475,0.4753065660762829,0.8388737089331819,0.16112629106681808,0.39872218196470594,211.32524056580513,-8.742787965905357
0.07659,7.659000000000001,0.004409757395547312,4.409757395547312,6.429612903225806,0.9057066600384489,0.4752602690805392,0.8388737089331819,0.16112629106681808,0.398683344632174,211.23252996787772,-8.742402275893971
0.0766825,7.6682500000000005,0.0044263961896225164,4.426396189622516,6.430209677419355,0.9055385543911036,0.47521397680691885,0.8388737089331819,0.16112629106681808,0.3986445112609071,211.13978769747416,-8.742016676253636
0.076775,7.677499999999999,0.004443040657804016,4.443040657804016,6.430806451612903,0.905370495541835,0.47516768925529757,0.8388737089331819,0.16112629106681808,0.39860568185080114,211.04701371191797,-8.741631166956447
0.0768675,7.686750000000001,0.004459690807753666,4.459690807753666,6.431403225806452,0.9052024834732736,0.4751214064255506,0.8388737089331819,0.16112629106681808,0.3985668564017514,210.95420796844334,-8.741245747974514
0.07696,7.696,0.0044763466471493705,4.476346647149371,6.432,0.9050345181680589,0.47507512831755333,0.8388737089331819,0.16112629106681808,0.3985280349136533,210.86137042419486,-8.740860419279956
0.0770525,7.7052499999999995,0.004493008183685131,4.493008183685131,6.432596774193549,0.9048665996088382,0.47502885493118063,0.8388737089331819,0.16112629106681808,0.3984892173864019,210.76850103622726,-8.7404751808449
0.077145,7.7145,0.004509675425071109,4.509675425071109,6.433193548387097,0.9046987277782667,0.47498258626630746,0.8388737089331819,0.16112629106681808,0.3984504038198924,210.67559976150508,-8.74009003264149
0.0772375,7.72375,0.004526348379033613,4.526348379033613,6.433790322580644,0.9045309026590076,0.47493632232280836,0.8388737089331819,0.16112629106681808,0.3984115942140194,210.5826665569026,-8.739704974641874
0.07733,7.733,0.004543027053315216,4.543027053315216,6.434387096774194,0.904363124233732,0.4748900631005576,0.8388737089331819,0.16112629106681808,0.3983727885686775,210.48970137920335,-8.739320006818216
0.0774225,7.74225,0.004559711455674789,4.559711455674789,6.434983870967742,0.9041953924851198,0.47484380859942954,0.8388737089331819,0.16112629106681808,0.3983339868837614,210.39670418509994,-8.738935129142682
0.077515,7.7515,0.0045764015938874894,4.576401593887489,6.4355806451612905,0.9040277073958582,0.4747975588192981,0.8388737089331819,0.16112629106681808,0.3982951891591652,210.30367493119385,-8.738550341587464
0.0776075,7.76075,0.0045930974757449035,4.593097475744903,6.436177419354839,0.9038600689486428,0.47475131376003704,0.8388737089331819,0.16112629106681808,0.398256395394783,210.21061357399506,-8.738165644124757
0.0777,7.7700000000000005,0.0046097991090550145,4.6097991090550146,6.436774193548387,0.9036924771261767,0.47470507342151985,0.8388737089331819,0.16112629106681808,0.3982176055905088,210.1175200699218,-8.737781036726762
0.0777925,7.77925,0.004626506501642299,4.626506501642298,6.437370967741936,0.9035249319111717,0.47465883780362,0.8388737089331819,0.16112629106681808,0.3981788197462363,210.02439437530037,-8.737396519365687
0.077885,7.7885,0.004643219661347744,4.643219661347744,6.437967741935483,0.903357433286347,0.4746126069062106,0.8388737089331819,0.16112629106681808,0.3981400378618592,209.93123644636478,-8.737012092013765
0.0779775,7.797750000000001,0.0046599385960289195,4.65993859602892,6.438564516129032,0.9031899812344304,0.4745663807291646,0.8388737089331819,0.16112629106681808,0.39810125993727086,209.8380462392565,-8.736627754643235
0.07807,7.807,0.004676663313560012,4.676663313560012,6.4391612903225806,0.9030225757381573,0.4745201592723548,0.8388737089331819,0.16112629106681808,0.3980624859723645,209.7448237100242,-8.736243507226343
0.0781625,7.816249999999999,0.004693393821831897,4.693393821831897,6.439758064516129,0.9028552167802709,0.4744739425356536,0.8388737089331819,0.16112629106681808,0.3980237159670332,209.65156881462343,-8.735859349735348
0.078255,7.825500000000001,0.004710130128752148,4.710130128752148,6.440354838709677,0.9026879043435234,0.4744277305189335,0.8388737089331819,0.16112629106681808,0.3979849499211699,209.55828150891642,-8.735475282142513
0.0783475,7.83475,0.004726872242245117,4.7268722422451175,6.440951612903227,0.9025206384106732,0.47438152322206634,0.8388737089331819,0.16112629106681808,0.3979461878346672,209.46496174867175,-8.735091304420118
0.07844,7.843999999999999,0.004743620170251975,4.743620170251975,6.441548387096775,0.9023534189644888,0.4743353206449243,0.8388737089331819,0.16112629106681808,0.3979074297074177,209.37160948956412,-8.734707416540468
0.0785325,7.853250000000001,0.004760373920730775,4.760373920730775,6.442145161290323,0.9021862459877454,0.47428912278737906,0.8388737089331819,0.16112629106681808,0.397868675539314,209.27822468717397,-8.734323618475848
0.078625,7.8625,0.004777133501656469,4.777133501656469,6.442741935483871,0.9020191194632264,0.4742429296493021,0.8388737089331819,0.16112629106681808,0.39782992533024814,209.18480729698737,-8.73393991019857
0.0787175,7.87175,0.004793898921021002,4.793898921021002,6.443338709677419,0.901852039373723,0.47419674123056466,0.8388737089331819,0.16112629106681808,0.3977911790801121,209.09135727439553,-8.733556291680971
0.07881,7.881,0.004810670186833313,4.810670186833313,6.443935483870967,0.9016850057020346,0.47415055753103785,0.8388737089331819,0.16112629106681808,0.3977524367887978,208.99787457469472,-8.73317276289537
0.0789025,7.89025,0.004827447307119431,4.827447307119431,6.444532258064516,0.9015180184309686,0.47410437855059256,0.8388737089331819,0.16112629106681808,0.39771369845619686,208.90435915308586,-8.732789323814112
0.078995,7.8995,0.004844230289922494,4.844230289922494,6.445129032258065,0.9013510775433403,0.47405820428909956,0.8388737089331819,0.16112629106681808,0.397674964082201,208.8108109646743,-8.732405974409556
0.0790875,7.90875,0.00486101914330284,4.8610191433028405,6.445725806451613,0.9011841830219729,0.4740120347464291,0.8388737089331819,0.16112629106681808,0.3976362336667013,208.7172299644694,-8.732022714654063
0.07918,7.918,0.004877813875337998,4.877813875337998,6.446322580645162,0.901017334849698,0.4739658699224518,0.8388737089331819,0.16112629106681808,0.3975975072095892,208.6236161073845,-8.731639544520016
0.0792725,7.92725,0.0048946144941227785,4.894614494122779,6.446919354838709,0.900850533009354,0.4739197098170374,0.8388737089331819,0.16112629106681808,0.39755878471075545,208.52996934823642,-8.731256463979795
0.079365,7.9365000000000006,0.004911421007769338,4.911421007769338,6.447516129032258,0.9006837774837886,0.473873554430056,0.8388737089331819,0.16112629106681808,0.39752006617009117,208.43628964174525,-8.730873473005792
0.0794575,7.94575,0.00492823342440719,4.92823342440719,6.448112903225807,0.9005170682558562,0.47382740376137705,0.8388737089331819,0.16112629106681808,0.39748135158748665,208.34257694253404,-8.730490571570424
0.07955,7.954999999999999,0.004945051752183293,4.945051752183293,6.448709677419355,0.9003504053084206,0.47378125781087027,0.8388737089331819,0.16112629106681808,0.3974426409628328,208.2488312051285,-8.730107759646105
0.0796425,7.964250000000001,0.004961875999262084,4.961875999262084,6.4493064516129035,0.9001837886243523,0.4737351165784048,0.8388737089331819,0.16112629106681808,0.3974039342960197,208.1550523839568,-8.729725037205265
0.079735,7.9735,0.004978706173825521,4.978706173825521,6.449903225806452,0.90001721818653,0.4736889800638495,0.8388737089331819,0.16112629106681808,0.39736523158693754,208.0612404333491,-8.729342404220342
0.0798275,7.982749999999999,0.004995542284073171,4.995542284073171,6.4505,0.8998506939778405,0.4736428482670735,0.8388737089331819,0.16112629106681808,0.39732653283547625,207.9673953075375,-8.728959860663785
0.07992,7.992000000000001,0.00501238433822223,5.01238433822223,6.451096774193548,0.8996842159811784,0.4735967211879452,0.8388737089331819,0.16112629106681808,0.3972878380415257,207.87351696065545,-8.728577406508059
0.0800125,8.00125,0.005029232344507586,5.029232344507586,6.451693548387096,0.8995177841794463,0.4735505988263332,0.8388737089331819,0.16112629106681808,0.39724914720497545,207.77960534673775,-8.728195041725634
0.080105,8.0105,0.005046086311181877,5.0460863111818774,6.452290322580645,0.8993513985555542,0.47350448118210553,0.8388737089331819,0.16112629106681808,0.3972104603257149,207.68566041972005,-8.727812766288991
0.0801975,8.01975,0.005062946246515548,5.062946246515548,6.452887096774194,0.8991850590924216,0.47345836825513055,0.8388737089331819,0.16112629106681808,0.39717177740363363,207.5916821334386,-8.727430580170612
0.08029,8.029,0.005079812158796879,5.079812158796879,6.453483870967742,0.8990187657729739,0.47341226004527587,0.8388737089331819,0.16112629106681808,0.3971330984386206,207.49767044163005,-8.727048483343014
0.0803825,8.03825,0.005096684056332074,5.096684056332074,6.45408064516129,0.8988525185801453,0.47336615655240905,0.8388737089331819,0.16112629106681808,0.3970944234305646,207.40362529793097,-8.726666475778709
0.080475,8.047500000000001,0.005113561947445281,5.113561947445281,6.454677419354839,0.8986863174968779,0.47332005777639763,0.8388737089331819,0.16112629106681808,0.39705575237935464,207.30954665587774,-8.726284557450215
0.0805675,8.05675,0.005130445840478684,5.130445840478684,6.455274193548388,0.8985201625061215,0.4732739637171088,0.8388737089331819,0.16112629106681808,0.3970170852848792,207.21543446890607,-8.725902728330068
0.08066,8.065999999999999,0.005147335743792529,5.147335743792529,6.4558709677419355,0.8983540535908344,0.4732278743744095,0.8388737089331819,0.16112629106681808,0.3969784221470268,207.1212886903508,-8.725520988390821
0.0807525,8.07525,0.005164231665765166,5.164231665765166,6.456467741935484,0.8981879907339819,0.4731817897481666,0.8388737089331819,0.16112629106681808,0.3969397629656856,207.0271092734457,-8.725139337605022
0.080845,8.0845,0.005181133614793164,5.181133614793165,6.457064516129032,0.898021973918538,0.4731357098382469,0.8388737089331819,0.16112629106681808,0.39690110774074394,206.9328961713228,-8.724757775945239
0.0809375,8.09375,0.005198041599291288,5.1980415992912885,6.45766129032258,0.8978560031274835,0.4730896346445165,0.8388737089331819,0.16112629106681808,0.3968624564720895,206.83864933701255,-8.724376303384044
0.08103,8.103,0.005214955627692616,5.214955627692616,6.458258064516128,0.8976900783438081,0.4730435641668417,0.8388737089331819,0.16112629106681808,0.39682380915961013,206.74436872344316,-8.723994919894036
0.0811225,8.11225,0.0052318757084485554,5.231875708448555,6.458854838709678,0.8975241995505083,0.4729974984050885,0.8388737089331819,0.16112629106681808,0.3967851658031934,206.65005428344048,-8.723613625447802
0.081215,8.1215,0.005248801850028927,5.248801850028927,6.4594516129032264,0.89735836673059,0.4729514373591227,0.8388737089331819,0.16112629106681808,0.39674652640272673,206.55570596972757,-8.723232420017954
0.0813075,8.13075,0.005265734060922004,5.265734060922004,6.460048387096775,0.8971925798670655,0.4729053810288099,0.8388737089331819,0.16112629106681808,0.3967078909580974,206.46132373492443,-8.72285130357712
0.0814,8.14,0.005282672349634559,5.2826723496345585,6.460645161290322,0.8970268389429557,0.47285932941401554,0.8388737089331819,0.16112629106681808,0.39666925946919246,206.3669075315478,-8.722470276097914
0.0814925,8.14925,0.005299616724691964,5.299616724691964,6.461241935483871,0.8968611439412888,0.4728132825146047,0.8388737089331819,0.16112629106681808,0.3966306319358988,206.27245731201063,-8.722089337552985
0.081585,8.1585,0.005316567194638187,5.316567194638187,6.461838709677419,0.8966954948451017,0.4727672403304425,0.8388737089331819,0.16112629106681808,0.39659200835810327,206.17797302862195,-8.721708487914986
0.0816775,8.16775,0.005333523768035892,5.333523768035892,6.462435483870968,0.896529891637438,0.4727212028613935,0.8388737089331819,0.16112629106681808,0.3965533887356923,206.0834546335864,-8.721327727156568
0.08177,8.177,0.005350486453466475,5.350486453466475,6.4630322580645165,0.8963643343013504,0.47267517010732263,0.8388737089331819,0.16112629106681808,0.39651477306855243,205.9889020790041,-8.720947055250415
0.0818625,8.186250000000001,0.005367455259530143,5.367455259530143,6.463629032258065,0.8961988228198983,0.472629142068094,0.8388737089331819,0.16112629106681808,0.39647616135656977,205.89431531687015,-8.720566472169201
0.081955,8.1955,0.0053844301948459405,5.38443019484594,6.464225806451613,0.8960333571761497,0.47258311874357195,0.8388737089331819,0.16112629106681808,0.3964375535996305,205.7996942990744,-8.720185977885624
0.0820475,8.204749999999999,0.005401411268051824,5.401411268051824,6.464822580645161,0.8958679373531795,0.47253710013362027,0.8388737089331819,0.16112629106681808,0.3963989497976204,205.7050389774011,-8.71980557237238
0.08214,8.214,0.005418398487804742,5.418398487804742,6.46541935483871,0.8957025633340713,0.4724910862381028,0.8388737089331819,0.16112629106681808,0.39636034995042524,205.6103493035286,-8.719425255602191
0.0822325,8.22325,0.005435391862780635,5.435391862780635,6.466016129032258,0.8955372351019163,0.47244507705688327,0.8388737089331819,0.16112629106681808,0.3963217540579306,205.51562522902907,-8.719045027547775
0.082325,8.2325,0.005452391401674568,5.452391401674568,6.466612903225807,0.8953719526398134,0.4723990725898249,0.8388737089331819,0.16112629106681808,0.39628316212002185,205.42086670536796,-8.718664888181866
0.0824175,8.24175,0.00546939711320072,5.46939711320072,6.467209677419355,0.8952067159308695,0.472353072836791,0.8388737089331819,0.16112629106681808,0.3962445741365843,205.32607368390399,-8.718284837477215
0.08251,8.251,0.005486409006092486,5.486409006092486,6.467806451612904,0.8950415249581986,0.47230707779764436,0.8388737089331819,0.16112629106681808,0.39620599010750285,205.23124611588855,-8.717904875406571
0.0826025,8.26025,0.005503427089102532,5.503427089102532,6.468403225806451,0.8948763797049235,0.472261087472248,0.8388737089331819,0.16112629106681808,0.39616741003266254,205.13638395246556,-8.717525001942708
0.082695,8.2695,0.005520451371002828,5.520451371002828,6.469,0.8947112801541737,0.4722151018604642,0.8388737089331819,0.16112629106681808,0.3961288339119479,205.041487144671,-8.717145217058397
0.0827875,8.27875,0.005537481860584724,5.537481860584724,6.4695967741935485,0.8945462262890875,0.4721691209621556,0.8388737089331819,0.16112629106681808,0.39609026174524364,204.94655564343276,-8.716765520726419
0.08288,8.288,0.005554518566659042,5.554518566659042,6.470193548387097,0.8943812180928105,0.47212314477718414,0.8388737089331819,0.16112629106681808,0.3960516935324341,204.85158939956997,-8.716385912919582
0.0829725,8.29725,0.005571561498056079,5.571561498056079,6.470790322580645,0.8942162555484957,0.47207717330541193,0.8388737089331819,0.16112629106681808,0.39601312927340343,204.756588363793,-8.716006393610689
0.083065,8.3065,0.005588610663625685,5.588610663625685,6.471387096774193,0.8940513386393046,0.4720312065467007,0.8388737089331819,0.16112629106681808,0.3959745689680357,204.66155248670313,-8.715626962772562
0.0831575,8.31575,0.005605666072237357,5.605666072237357,6.471983870967741,0.8938864673484063,0.4719852445009121,0.8388737089331819,0.16112629106681808,0.39593601261621486,204.56648171879183,-8.715247620378019
0.08325,8.325000000000001,0.005622727732780273,5.622727732780273,6.472580645161291,0.8937216416589767,0.4719392871679073,0.8388737089331819,0.16112629106681808,0.3958974602178244,204.4713760104408,-8.714868366399914
0.0833425,8.33425,0.0056397956541633255,5.639795654163326,6.4731774193548395,0.8935568615542011,0.4718933345475477,0.8388737089331819,0.16112629106681808,0.3958589117727482,204.3762353119216,-8.714489200811084
0.083435,8.343499999999999,0.005656869845315236,5.656869845315236,6.473774193548387,0.8933921270172717,0.4718473866396942,0.8388737089331819,0.16112629106681808,0.3958203672808694,204.28105957339503,-8.7141101235844
0.0835275,8.35275,0.005673950315184591,5.673950315184591,6.474370967741935,0.893227438031388,0.47180144344420766,0.8388737089331819,0.16112629106681808,0.39578182674207135,204.1858487449111,-8.713731134692718
0.08362,8.362,0.005691037072739904,5.691037072739904,6.474967741935483,0.8930627945797578,0.4717555049609484,0.8388737089331819,0.16112629106681808,0.3957432901562369,204.09060277640853,-8.713352234108934
0.0837125,8.37125,0.005708130126969668,5.708130126969668,6.475564516129032,0.8928981966455961,0.4717095711897769,0.8388737089331819,0.16112629106681808,0.39570475752324896,203.9953216177144,-8.712973421805929
0.083805,8.3805,0.005725229486882434,5.725229486882434,6.476161290322581,0.8927336442121265,0.47166364213055334,0.8388737089331819,0.16112629106681808,0.3956662288429903,203.90000521854387,-8.712594697756604
0.0838975,8.38975,0.005742335161506871,5.742335161506871,6.47675806451613,0.8925691372625804,0.4716177177831379,0.8388737089331819,0.16112629106681808,0.39562770411534354,203.8046535284998,-8.712216061933878
0.08399,8.399,0.005759447159891827,5.7594471598918275,6.477354838709678,0.8924046757801954,0.4715717981473901,0.8388737089331819,0.16112629106681808,0.39558918334019094,203.70926649707232,-8.711837514310673
0.0840825,8.40825,0.005776565491106375,5.776565491106375,6.477951612903226,0.8922402597482185,0.4715258832231695,0.8388737089331819,0.16112629106681808,0.3955506665174146,203.61384407363866,-8.711459054859919
0.084175,8.4175,0.005793690164239912,5.793690164239912,6.478548387096773,0.8920758891499033,0.47147997301033573,0.8388737089331819,0.16112629106681808,0.39551215364689685,203.51838620746258,-8.711080683554554
0.0842675,8.42675,0.00581082118840219,5.8108211884021905,6.479145161290322,0.8919115639685118,0.47143406750874767,0.8388737089331819,0.16112629106681808,0.3954736447285192,203.42289284769424,-8.710702400367547
0.08436,8.436,0.005827958572723391,5.827958572723391,6.4797419354838715,0.8917472841873132,0.47138816671826445,0.8388737089331819,0.16112629106681808,0.3954351397621636,203.32736394336962,-8.710324205271837
0.0844525,8.44525,0.005845102326354182,5.845102326354182,6.48033870967742,0.8915830497895855,0.47134227063874495,0.8388737089331819,0.16112629106681808,0.3953966387477116,203.23179944341044,-8.709946098240424
0.084545,8.4545,0.005862252458465822,5.8622524584658215,6.480935483870968,0.8914188607586123,0.47129637927004764,0.8388737089331819,0.16112629106681808,0.39535814168504446,203.1361992966234,-8.70956807924627
0.0846375,8.463750000000001,0.0058794089782501545,5.879408978250154,6.481532258064516,0.8912547170776872,0.4712504926120309,0.8388737089331819,0.16112629106681808,0.3953196485740434,203.04056345170025,-8.70919014826239
0.08473,8.473,0.005896571894919725,5.896571894919725,6.482129032258065,0.8910906187301096,0.4712046106645529,0.8388737089331819,0.16112629106681808,0.39528115941458947,202.9448918572172,-8.708812305261779
0.0848225,8.482249999999999,0.005913741217707841,5.913741217707841,6.4827258064516124,0.8909265656991885,0.4711587334274717,0.8388737089331819,0.16112629106681808,0.39524267420656356,202.84918446163445,-8.708434550217452
0.084915,8.4915,0.005930916955868614,5.930916955868614,6.4833225806451615,0.8907625579682379,0.47111286090064486,0.8388737089331819,0.16112629106681808,0.39520419294984616,202.75344121329618,-8.70805688310244
0.0850075,8.50075,0.005948099118677051,5.948099118677051,6.48391935483871,0.8905985955205827,0.4710669930839303,0.8388737089331819,0.16112629106681808,0.3951657156443182,202.65766206042983,-8.707679303889767
0.0851,8.51,0.005965287715429094,5.965287715429094,6.484516129032258,0.8904346783395531,0.4710211299771853,0.8388737089331819,0.16112629106681808,0.3951272422898598,202.56184695114595,-8.7073018125525
0.0851925,8.51925,0.005982482755441713,5.982482755441714,6.485112903225806,0.8902708064084881,0.4709752715802671,0.8388737089331819,0.16112629106681808,0.3950887728863513,202.46599583343766,-8.70692440906368
0.085285,8.5285,0.005999684248052958,5.999684248052958,6.485709677419355,0.8901069797107335,0.4709294178930325,0.8388737089331819,0.16112629106681808,0.39505030743367253,202.37010865518047,-8.70654709339638
0.0853775,8.537749999999999,0.006016892202622018,6.016892202622018,6.486306451612903,0.8899431982296434,0.4708835689153384,0.8388737089331819,0.16112629106681808,0.39501184593170346,202.27418536413177,-8.706169865523679
0.08547,8.547,0.0060341066285293085,6.034106628529308,6.4869032258064525,0.8897794619485797,0.47083772464704154,0.8388737089331819,0.16112629106681808,0.394973388380324,202.1782259079305,-8.70579272541866
0.0855625,8.55625,0.006051327535176515,6.051327535176514,6.4875,0.8896157708509115,0.4707918850879982,0.8388737089331819,0.16112629106681808,0.39493493477941344,202.0822302340968,-8.705415673054425
0.085655,8.5655,0.006068554931986684,6.068554931986684,6.488096774193548,0.8894521249200156,0.4707460502380646,0.8388737089331819,0.16112629106681808,0.3948964851288512,201.9861982900316,-8.705038708404082
0.0857475,8.57475,0.006085788828404264,6.085788828404264,6.488693548387097,0.8892885241392768,0.4707002200970968,0.8388737089331819,0.16112629106681808,0.3948580394285166,201.89013002301627,-8.70466183144075
0.08584,8.584,0.006103029233895211,6.103029233895211,6.489290322580644,0.8891249684920873,0.4706543946649507,0.8388737089331819,0.16112629106681808,0.3948195976782888,201.79402538021216,-8.70428504213755
0.0859325,8.59325,0.006120276157947005,6.120276157947005,6.4898870967741935,0.8889614579618468,0.47060857394148164,0.8388737089331819,0.16112629106681808,0.3947811598780463,201.69788430866038,-8.703908340467642
0.086025,8.602500000000001,0.006137529610068784,6.137529610068784,6.490483870967743,0.8887979925319625,0.4705627579265452,0.8388737089331819,0.16112629106681808,0.394742726027668,201.60170675528116,-8.703531726404153
0.0861175,8.61175,0.0061547895997913485,6.154789599791348,6.491080645161291,0.8886345721858498,0.4705169466199967,0.8388737089331819,0.16112629106681808,0.3947042961270326,201.5054926668738,-8.703155199920252
0.08621,8.620999999999999,0.006172056136667258,6.1720561366672575,6.491677419354839,0.8884711969069315,0.47047114002169105,0.8388737089331819,0.16112629106681808,0.39466587017601834,201.40924199011607,-8.702778760989117
0.0863025,8.63025,0.006189329230270923,6.189329230270923,6.492274193548387,0.8883078666786378,0.47042533813148313,0.8388737089331819,0.16112629106681808,0.39462744817450346,201.31295467156374,-8.702402409583918
0.086395,8.6395,0.006206608890198634,6.206608890198634,6.492870967741935,0.8881445814844068,0.4703795409492276,0.8388737089331819,0.16112629106681808,0.3945890301223661,201.21663065765048,-8.702026145677845
0.0864875,8.64875,0.006223895126068654,6.223895126068654,6.493467741935484,0.8879813413076839,0.47033374847477893,0.8388737089331819,0.16112629106681808,0.3945506160194841,201.1202698946872,-8.70164996924411
0.08658,8.658000000000001,0.006241187947521294,6.2411879475212935,6.494064516129033,0.887818146131922,0.47028796070799117,0.8388737089331819,0.16112629106681808,0.3945122058657351,201.02387232886176,-8.701273880255917
0.0866725,8.66725,0.006258487364218959,6.258487364218959,6.494661290322581,0.8876549959405824,0.4702421776487185,0.8388737089331819,0.16112629106681808,0.3944737996609967,200.92743790623865,-8.700897878686487
0.086765,8.676499999999999,0.006275793385846237,6.275793385846237,6.495258064516129,0.8874918907171332,0.47019639929681484,0.8388737089331819,0.16112629106681808,0.39443539740514644,200.83096657275848,-8.700521964509054
0.0868575,8.68575,0.006293106022109976,6.293106022109976,6.495854838709677,0.8873288304450503,0.4701506256521338,0.8388737089331819,0.16112629106681808,0.3943969990980614,200.73445827423762,-8.700146137696859
0.08695,8.695,0.00631042528273934,6.31042528273934,6.4964516129032255,0.8871658151078173,0.4701048567145288,0.8388737089331819,0.16112629106681808,0.3943586047396188,200.6379129563678,-8.699770398223151
0.0870425,8.70425,0.006327751177485895,6.327751177485895,6.497048387096775,0.8870028446889254,0.4700590924838531,0.8388737089331819,0.16112629106681808,0.3943202143296954,200.54133056471576,-8.699394746061202
0.087135,8.7135,0.006345083716123659,6.345083716123659,6.497645161290323,0.8868399191718734,0.47001333295995984,0.8388737089331819,0.16112629106681808,0.39428182786816807,200.44471104472277,-8.699019181184271
0.0872275,8.72275,0.0063624229084491895,6.362422908449189,6.498241935483871,0.8866770385401674,0.46996757814270185,0.8388737089331819,0.16112629106681808,0.3942434453549133,200.34805434170428,-8.69864370356565
0.08732,8.732,0.006379768764281677,6.379768764281677,6.498838709677419,0.8865142027773215,0.46992182803193183,0.8388737089331819,0.16112629106681808,0.39420506678980755,200.25136040084948,-8.69826831317864
0.0874125,8.74125,0.006397121293462974,6.397121293462974,6.499435483870968,0.8863514118668566,0.46987608262750225,0.8388737089331819,0.16112629106681808,0.39416669217272704,200.1546291672209,-8.697893009996525
0.087505,8.7505,0.006414480505857676,6.414480505857676,6.5000322580645165,0.8861886657923024,0.4698303419292654,0.8388737089331819,0.16112629106681808,0.39412832150354793,200.05786058575413,-8.697517793992636
0.0875975,8.75975,0.006431846411353253,6.431846411353253,6.500629032258065,0.8860259645371948,0.4697846059370734,0.8388737089331819,0.16112629106681808,0.3940899547821461,199.96105460125708,-8.697142665140282
0.08769,8.769,0.0064492190198600415,6.449219019860042,6.501225806451613,0.8858633080850784,0.4697388746507781,0.8388737089331819,0.16112629106681808,0.3940515920083973,199.86421115840997,-8.696767623412807
0.0877825,8.77825,0.00646659834131136,6.46659834131136,6.501822580645161,0.885700696419505,0.4696931480702314,0.8388737089331819,0.16112629106681808,0.3940132331821772,199.76733020176468,-8.696392668783558
0.087875,8.7875,0.006483984385663605,6.4839843856636055,6.502419354838709,0.8855381295240331,0.46964742619528443,0.8388737089331819,0.16112629106681808,0.3939748783033611,199.6704116757443,-8.696017801225885
0.0879675,8.796750000000001,0.00650137716289627,6.50137716289627,6.503016129032258,0.8853756073822296,0.4696017090257888,0.8388737089331819,0.16112629106681808,0.39393652737182433,199.57345552464287,-8.695643020713145
0.08806,8.806,0.006518776683012069,6.518776683012069,6.5036129032258065,0.8852131299776697,0.46955599656159563,0.8388737089331819,0.16112629106681808,0.3938981803874421,199.4764616926249,-8.695268327218727
0.0881525,8.815249999999999,0.006536182956036982,6.536182956036982,6.504209677419356,0.8850506972939342,0.46951028880255574,0.8388737089331819,0.16112629106681808,0.39385983735008934,199.3794301237249,-8.694893720716001
0.088245,8.8245,0.006553595992020345,6.553595992020345,6.504806451612904,0.8848883093146129,0.46946458574851996,0.8388737089331819,0.16112629106681808,0.39382149825964075,199.28236076184697,-8.694519201178371
0.0883375,8.83375,0.0065710158010349315,6.571015801034932,6.505403225806451,0.8847259660233027,0.46941888739933874,0.8388737089331819,0.16112629106681808,0.393783163115971,199.1852535507645,-8.694144768579246
0.08843,8.843,0.006588442393177,6.588442393177,6.505999999999999,0.8845636674036078,0.46937319375486247,0.8388737089331819,0.16112629106681808,0.3937448319189545,199.08810843411953,-8.693770422892033
0.0885225,8.85225,0.00660587577856642,6.60587577856642,6.506596774193548,0.8844014134391402,0.4693275048149413,0.8388737089331819,0.16112629106681808,0.3937065046684656,198.99092535542252,-8.693396164090164
0.088615,8.8615,0.006623315967346688,6.623315967346688,6.507193548387097,0.8842392041135198,0.4692818205794252,0.8388737089331819,0.16112629106681808,0.3936681813643784,198.8937042580518,-8.693021992147068
0.0887075,8.87075,0.00664076296968506,6.64076296968506,6.507790322580646,0.8840770394103725,0.46923614104816386,0.8388737089331819,0.16112629106681808,0.3936298620065669,198.79644508525317,-8.692647907036196
0.0888,8.88,0.006658216795772598,6.6582167957725975,6.508387096774194,0.883914919313334,0.469190466221007,0.8388737089331819,0.16112629106681808,0.393591546594905,198.6991477801395,-8.692273908731003
0.0888925,8.88925,0.006675677455824244,6.675677455824244,6.508983870967742,0.8837528438060456,0.46914479609780396,0.8388737089331819,0.16112629106681808,0.39355323512926615,198.60181228569024,-8.691899997204956
0.088985,8.8985,0.006693144960078929,6.6931449600789295,6.50958064516129,0.8835908128721566,0.46909913067840375,0.8388737089331819,0.16112629106681808,0.39351492760952395,198.50443854475105,-8.69152617243153
0.0890775,8.90775,0.006710619318799613,6.710619318799613,6.5101774193548385,0.8834288264953241,0.46905346996265557,0.8388737089331819,0.16112629106681808,0.3934766240355517,198.4070265000333,-8.691152434384206
0.08917,8.917,0.006728100542273397,6.728100542273397,6.510774193548388,0.8832668846592127,0.4690078139504081,0.8388737089331819,0.16112629106681808,0.39343832440722254,198.30957609411368,-8.690778783036496
0.0892625,8.92625,0.006745588640811573,6.745588640811573,6.511370967741936,0.8831049873474944,0.4689621626415101,0.8388737089331819,0.16112629106681808,0.39340002872440966,198.21208726943368,-8.690405218361889
0.089355,8.935500000000001,0.006763083624749738,6.763083624749737,6.511967741935484,0.8829431345438484,0.46891651603580975,0.8388737089331819,0.16112629106681808,0.3933617369869856,198.11455996829926,-8.690031740333911
0.0894475,8.944749999999999,0.006780585504447836,6.780585504447837,6.512564516129032,0.882781326231962,0.46887087413315565,0.8388737089331819,0.16112629106681808,0.39332344919482337,198.0169941328803,-8.689658348926091
0.08954,8.953999999999999,0.006798094290290264,6.798094290290265,6.513161290322581,0.8826195623955285,0.4688252369333953,0.8388737089331819,0.16112629106681808,0.39328516534779506,197.91938970521022,-8.68928504411196
0.0896325,8.96325,0.00681560999268595,6.815609992685951,6.5137580645161295,0.882457843018251,0.4687796044363769,0.8388737089331819,0.16112629106681808,0.3932468854457734,197.8217466271855,-8.688911825865068
0.089725,8.9725,0.006833132622068418,6.833132622068418,6.514354838709677,0.8822961680838382,0.46873397664194805,0.8388737089331819,0.16112629106681808,0.3932086094886304,197.72406484056518,-8.688538694158977
0.0898175,8.98175,0.006850662188895875,6.850662188895875,6.514951612903226,0.8821345375760066,0.46868835354995614,0.8388737089331819,0.16112629106681808,0.39317033747623814,197.6263442869706,-8.688165648967242
0.08991,8.991,0.006868198703651326,6.868198703651326,6.515548387096774,0.8819729514784808,0.46864273516024846,0.8388737089331819,0.16112629106681808,0.3931320694084685,197.52858490788466,-8.687792690263448
0.0900025,9.00025,0.0068857421768425955,6.885742176842595,6.516145161290322,0.8818114097749925,0.46859712147267213,0.8388737089331819,0.16112629106681808,0.3930938052851933,197.4307866446516,-8.687419818021185
0.090095,9.0095,0.006903292619002458,6.903292619002458,6.5167419354838705,0.8816499124492804,0.46855151248707383,0.8388737089331819,0.16112629106681808,0.3930555451062837,197.3329494384764,-8.68704703221405
0.0901875,9.01875,0.006920850040688698,6.920850040688698,6.5173387096774205,0.8814884594850912,0.46850590820330035,0.8388737089331819,0.16112629106681808,0.3930172888716114,197.23507323042438,-8.686674332815647
0.09028,9.028,0.0069384144524842085,6.938414452484208,6.517935483870968,0.8813270508661795,0.4684603086211984,0.8388737089331819,0.16112629106681808,0.39297903658104777,197.13715796142074,-8.686301719799589
0.0903725,9.03725,0.00695598586499705,6.95598586499705,6.518532258064517,0.8811656865763057,0.4684147137406139,0.8388737089331819,0.16112629106681808,0.39294078823446343,197.03920357225007,-8.685929193139517
0.090465,9.0465,0.006973564288860564,6.973564288860564,6.519129032258064,0.8810043665992395,0.46836912356139326,0.8388737089331819,0.16112629106681808,0.39290254383172973,196.94121000355585,-8.685556752809052
0.0905575,9.05575,0.00699114973473342,6.99114973473342,6.519725806451612,0.8808430909187573,0.4683235380833824,0.8388737089331819,0.16112629106681808,0.39286430337271727,196.84317719584018,-8.68518439878186
0.09065,9.065,0.007008742213299759,7.008742213299759,6.5203225806451615,0.8806818595186419,0.46827795730642674,0.8388737089331819,0.16112629106681808,0.39282606685729643,196.74510508946295,-8.684812131031588
0.0907425,9.074250000000001,0.007026341735269199,7.026341735269199,6.52091935483871,0.8805206723826853,0.46823238123037214,0.8388737089331819,0.16112629106681808,0.39278783428533787,196.64699362464168,-8.684439949531907
0.090835,9.0835,0.0070439483113769906,7.04394831137699,6.521516129032259,0.8803595294946854,0.4681868098550638,0.8388737089331819,0.16112629106681808,0.39274960565671174,196.54884274145095,-8.68406785425649
0.0909275,9.092749999999999,0.007061561952384064,7.061561952384064,6.522112903225807,0.8801984308384486,0.46814124318034683,0.8388737089331819,0.16112629106681808,0.3927113809712882,196.45065237982186,-8.683695845179033
0.09102,9.102,0.007079182669077136,7.079182669077136,6.522709677419355,0.8800373763977883,0.4680956812060663,0.8388737089331819,0.16112629106681808,0.39267316022893717,196.35242247954156,-8.683323922273233
0.0911125,9.11125,0.00709681047226876,7.09681047226876,6.5233064516129025,0.8798763661565253,0.4680501239320669,0.8388737089331819,0.16112629106681808,0.3926349434295284,196.25415298025294,-8.68295208551279
0.091205,9.1205,0.007114445372797455,7.114445372797455,6.5239032258064515,0.8797154000984871,0.4680045713581932,0.8388737089331819,0.16112629106681808,0.3925967305729315,196.15584382145394,-8.682580334871433
0.0912975,9.12975,0.0071320873815277795,7.132087381527779,6.5245,0.8795544782075101,0.4679590234842897,0.8388737089331819,0.16112629106681808,0.39255852165901606,196.05749494249707,-8.68220867032288
0.09139,9.139,0.00714973650935041,7.149736509350411,6.525096774193549,0.8793936004674368,0.46791348031020047,0.8388737089331819,0.16112629106681808,0.39252031668765125,195.9591062825891,-8.681837091840872
0.0914825,9.148249999999999,0.007167392767182215,7.167392767182215,6.525693548387097,0.8792327668621179,0.46786794183576974,0.8388737089331819,0.16112629106681808,0.3924821156587064,195.86067778079044,-8.681465599399159
0.091575,9.1575,0.007185056165966401,7.185056165966401,6.526290322580645,0.8790719773754108,0.46782240806084097,0.8388737089331819,0.16112629106681808,0.3924439185720502,195.7622093760146,-8.681094192971502
0.0916675,9.16675,0.007202726716672515,7.202726716672515,6.526887096774193,0.8789112319911808,0.4677768789852581,0.8388737089331819,0.16112629106681808,0.39240572542755164,195.66370100702787,-8.680722872531666
0.09176,9.176,0.007220404430296614,7.220404430296614,6.5274838709677425,0.8787505306933003,0.46773135460886445,0.8388737089331819,0.16112629106681808,0.39236753622507947,195.56515261244866,-8.68035163805343
0.0918525,9.18525,0.007238089317861303,7.238089317861303,6.528080645161291,0.878589873465649,0.4676858349315032,0.8388737089331819,0.16112629106681808,0.39232935096450194,195.46656413074703,-8.67998048951058
0.091945,9.1945,0.0072557813904158466,7.255781390415846,6.528677419354839,0.8784292602921145,0.4676403199530175,0.8388737089331819,0.16112629106681808,0.39229116964568767,195.36793550024433,-8.679609426876914
0.0920375,9.20375,0.007273480659036247,7.273480659036247,6.529274193548387,0.8782686911565912,0.4675948096732503,0.8388737089331819,0.16112629106681808,0.39225299226850474,195.2692666591125,-8.67923845012624
0.09213,9.213000000000001,0.007291187134825358,7.291187134825358,6.529870967741935,0.8781081660429813,0.4675493040920442,0.8388737089331819,0.16112629106681808,0.3922148188328213,195.17055754537367,-8.678867559232382
0.0922225,9.22225,0.007308900828912937,7.308900828912937,6.5304677419354835,0.8779476849351937,0.4675038032092416,0.8388737089331819,0.16112629106681808,0.39217664933850493,195.07180809689967,-8.67849675416916
0.092315,9.231499999999999,0.0073266217524557715,7.326621752455772,6.531064516129033,0.8777872478171451,0.46745830702468494,0.8388737089331819,0.16112629106681808,0.39213848378542354,194.97301825141147,-8.67812603491042
0.0924075,9.24075,0.007344349916637755,7.344349916637755,6.531661290322582,0.8776268546727597,0.4674128155382162,0.8388737089331819,0.16112629106681808,0.3921003221734446,194.87418794647866,-8.677755401430007
0.0925,9.25,0.00736208533266998,7.36208533266998,6.532258064516129,0.8774665054859689,0.46736732874967746,0.8388737089331819,0.16112629106681808,0.3920621645024357,194.77531711951903,-8.677384853701767
0.0925925,9.25925,0.007379828011790821,7.379828011790821,6.532854838709677,0.8773062002407112,0.4673218466589103,0.8388737089331819,0.16112629106681808,0.3920240107722638,194.67640570779798,-8.67701439169959
0.092685,9.2685,0.007397577965266064,7.397577965266064,6.533451612903225,0.8771459389209326,0.46727636926575633,0.8388737089331819,0.16112629106681808,0.3919858609827961,194.5774536484279,-8.676644015397338
0.0927775,9.27775,0.007415335204388941,7.415335204388941,6.534048387096774,0.8769857215105865,0.4672308965700569,0.8388737089331819,0.16112629106681808,0.39194771513389953,194.47846087836797,-8.676273724768903
0.09287,9.286999999999999,0.0074330997404802755,7.433099740480276,6.534645161290323,0.8768255479936335,0.4671854285716532,0.8388737089331819,0.16112629106681808,0.39190957322544084,194.37942733442324,-8.675903519788177
0.0929625,9.29625,0.007450871584888559,7.450871584888559,6.535241935483872,0.876665418354042,0.4671399652703862,0.8388737089331819,0.16112629106681808,0.3918714352572867,194.28035295324437,-8.67553340042908
0.093055,9.3055,0.007468650748990033,7.468650748990033,6.53583870967742,0.876505332575787,0.46709450666609675,0.8388737089331819,0.16112629106681808,0.39183330122930343,194.18123767132707,-8.67516336666552
0.0931475,9.31475,0.007486437244188796,7.486437244188796,6.536435483870968,0.8763452906428509,0.4670490527586253,0.8388737089331819,0.16112629106681808,0.39179517114135737,194.0820814250114,-8.67479341847143
0.09324,9.324,0.007504231081916901,7.504231081916902,6.5370322580645155,0.8761852925392242,0.46700360354781234,0.8388737089331819,0.16112629106681808,0.3917570449933146,193.98288415048154,-8.674423555820741
0.0933325,9.33325,0.007522032273634433,7.522032273634434,6.537629032258065,0.8760253382489037,0.46695815903349813,0.8388737089331819,0.16112629106681808,0.39171892278504117,193.883645783765,-8.674053778687409
0.093425,9.3425,0.007539840830829646,7.539840830829647,6.538225806451613,0.8758654277558943,0.4669127192155227,0.8388737089331819,0.16112629106681808,0.39168080451640286,193.78436626073207,-8.673684087045382
0.0935175,9.351750000000001,0.0075576567650190146,7.557656765019015,6.538822580645161,0.8757055610442074,0.4668672840937258,0.8388737089331819,0.16112629106681808,0.3916426901872653,193.68504551709552,-8.673314480868637
0.09361,9.361,0.0075754800877473475,7.575480087747348,6.53941935483871,0.8755457380978625,0.4668218536679472,0.8388737089331819,0.16112629106681808,0.39160457979749397,193.58568348840987,-8.672944960131142
0.0937025,9.370249999999999,0.007593310810587882,7.593310810587882,6.540016129032258,0.8753859589008861,0.46677642793802643,0.8388737089331819,0.16112629106681808,0.3915664733469543,193.4862801100709,-8.672575524806886
0.093795,9.3795,0.007611148945142399,7.611148945142399,6.5406129032258065,0.8752262234373117,0.46673100690380265,0.8388737089331819,0.16112629106681808,0.39152837083551145,193.3868353173151,-8.672206174869867
0.0938875,9.38875,0.0076289945030413,7.6289945030413,6.541209677419354,0.8750665316911805,0.466685590565115,0.8388737089331819,0.16112629106681808,0.3914902722630304,193.2873490452191,-8.671836910294088
0.09398,9.398,0.0076468474959437175,7.646847495943717,6.541806451612904,0.87490688364654,0.46664017892180215,0.8388737089331819,0.16112629106681808,0.3914521776293758,193.1878212286991,-8.671467731053578
0.0940725,9.407250000000001,0.007664707935537614,7.664707935537614,6.542403225806452,0.8747472792874472,0.4665947719737034,0.8388737089331819,0.16112629106681808,0.3914140869344129,193.08825180251046,-8.67109863712235
0.094165,9.4165,0.007682575833539856,7.682575833539856,6.543,0.8745877185979642,0.46654936972065686,0.8388737089331819,0.16112629106681808,0.3913760001780058,192.988640701247,-8.670729628474446
0.0942575,9.425749999999999,0.007700451201696369,7.700451201696369,6.543596774193548,0.8744282015621608,0.4665039721625009,0.8388737089331819,0.16112629106681808,0.391337917360019,192.8889878593404,-8.670360705083912
0.09435,9.435,0.0077183340517821735,7.718334051782174,6.5441935483870965,0.8742687281641149,0.46645857929907375,0.8388737089331819,0.16112629106681808,0.39129983848031674,192.78929321105986,-8.669991866924807
0.0944425,9.44425,0.007736224395601535,7.736224395601535,6.544790322580646,0.8741092983879106,0.46641319113021334,0.8388737089331819,0.16112629106681808,0.39126176353876313,192.6895566905113,-8.66962311397119
0.094535,9.4535,0.007754122244988043,7.754122244988043,6.545387096774194,0.8739499122176402,0.4663678076557576,0.8388737089331819,0.16112629106681808,0.39122369253522216,192.58977823163696,-8.669254446197137
0.0946275,9.46275,0.007772027611804719,7.7720276118047185,6.545983870967742,0.8737905696374025,0.46632242887554387,0.8388737089331819,0.16112629106681808,0.39118562546955743,192.48995776821468,-8.668885863576744
0.09472,9.472,0.0077899405079441125,7.789940507944112,6.54658064516129,0.8736312706313043,0.46627705478940984,0.8388737089331819,0.16112629106681808,0.3911475623416327,192.39009523385747,-8.668517366084098
0.0948125,9.48125,0.007807860945328407,7.807860945328407,6.547177419354838,0.8734720151834591,0.46623168539719273,0.8388737089331819,0.16112629106681808,0.3911095031513115,192.2901905620129,-8.668148953693308
0.094905,9.4905,0.00782578893590954,7.825788935909539,6.547774193548387,0.8733128032779873,0.4661863206987293,0.8388737089331819,0.16112629106681808,0.3910714478984568,192.19024368596246,-8.667780626378482
0.0949975,9.49975,0.007843724491669249,7.843724491669248,6.548370967741937,0.8731536348990172,0.4661409606938565,0.8388737089331819,0.16112629106681808,0.391033396582932,192.0902545388211,-8.66741238411375
0.09509,9.508999999999999,0.007861667624619265,7.861667624619265,6.548967741935485,0.8729945100306846,0.46609560538241124,0.8388737089331819,0.16112629106681808,0.39099534920460005,191.9902230535365,-8.667044226873255
0.0951825,9.51825,0.00787961834680135,7.879618346801349,6.549564516129033,0.8728354286571316,0.46605025476422973,0.8388737089331819,0.16112629106681808,0.3909573057633237,191.8901491628886,-8.666676154631126
0.095275,9.5275,0.007897576670287416,7.897576670287416,6.55016129032258,0.8726763907625081,0.46600490883914847,0.8388737089331819,0.16112629106681808,0.3909192662589658,191.79003279948896,-8.666308167361526
0.0953675,9.53675,0.007915542607179625,7.915542607179625,6.5507580645161285,0.8725173963309711,0.4659595676070034,0.8388737089331819,0.16112629106681808,0.3908812306913887,191.68987389578024,-8.66594026503862
0.09546,9.546000000000001,0.007933516169610537,7.933516169610537,6.551354838709677,0.8723584453466852,0.4659142310676307,0.8388737089331819,0.16112629106681808,0.3908431990604549,191.58967238403545,-8.665572447636583
0.0955525,9.55525,0.007951497369743162,7.951497369743161,6.551951612903226,0.8721995377938208,0.46586889922086566,0.8388737089331819,0.16112629106681808,0.3908051713660263,191.48942819635764,-8.665204715129596
0.095645,9.564499999999999,0.00796948621977109,7.96948621977109,6.552548387096774,0.8720406736565575,0.4658235720665443,0.8388737089331819,0.16112629106681808,0.3907671476079654,191.38914126467893,-8.664837067491849
0.0957375,9.57375,0.007987482731918606,7.987482731918607,6.553145161290323,0.8718818529190806,0.46577824960450165,0.8388737089331819,0.16112629106681808,0.39072912778613367,191.28881152076022,-8.664469504697554
0.09583,9.583,0.008005486918440777,8.005486918440777,6.553741935483871,0.8717230755655833,0.46573293183457304,0.8388737089331819,0.16112629106681808,0.3906911119003931,191.18843889619052,-8.664102026720919
0.0959225,9.59225,0.00802349879162359,8.02349879162359,6.5543387096774195,0.8715643415802662,0.46568761875659365,0.8388737089331819,0.16112629106681808,0.3906530999506053,191.0880233223862,-8.663734633536166
0.096015,9.6015,0.008041518363784035,8.041518363784036,6.554935483870967,0.8714056509473361,0.46564231037039794,0.8388737089331819,0.16112629106681808,0.3906150919366316,190.98756473059046,-8.66336732511753
0.0961075,9.61075,0.00805954564727022,8.05954564727022,6.555532258064517,0.8712470036510074,0.4655970066758206,0.8388737089331819,0.16112629106681808,0.3905770878583331,190.88706305187293,-8.663000101439255
0.0962,9.62,0.008077580654461488,8.077580654461487,6.556129032258065,0.871088399675503,0.4655517076726963,0.8388737089331819,0.16112629106681808,0.3905390877155713,190.78651821712867,-8.662632962475598
0.0962925,9.62925,0.008095623397768528,8.095623397768527,6.556725806451613,0.8709298390050513,0.46550641336085924,0.8388737089331819,0.16112629106681808,0.3905010915082069,190.68593015707785,-8.662265908200812
0.096385,9.6385,0.008113673889633462,8.113673889633462,6.557322580645161,0.8707713216238884,0.4654611237401434,0.8388737089331819,0.16112629106681808,0.39046309923610084,190.58529880226504,-8.661898938589172
0.0964775,9.647749999999998,0.008131732142529996,8.131732142529996,6.55791935483871,0.8706128475162574,0.4654158388103827,0.8388737089331819,0.16112629106681808,0.3904251108991137,190.48462408305855,-8.661532053614954
0.09657,9.657,0.008149798168963506,8.149798168963507,6.558516129032258,0.8704544166664089,0.4653705585714107,0.8388737089331819,0.16112629106681808,0.39038712649710583,190.38390592964987,-8.661165253252465
0.0966625,9.66625,0.008167871981471148,8.167871981471148,6.559112903225806,0.8702960290586008,0.46532528302306114,0.8388737089331819,0.16112629106681808,0.39034914602993787,190.28314427205302,-8.660798537475992
0.096755,9.6755,0.008185953592621982,8.185953592621981,6.559709677419355,0.8701376846770978,0.4652800121651673,0.8388737089331819,0.16112629106681808,0.3903111694974699,190.18233904010387,-8.660431906259848
0.0968475,9.684750000000001,0.008204043015017091,8.204043015017092,6.560306451612903,0.8699793835061719,0.4652347459975622,0.8388737089331819,0.16112629106681808,0.3902731968995618,190.08149016345956,-8.66006535957837
0.09694,9.693999999999999,0.008222140261289661,8.222140261289661,6.5609032258064515,0.8698211255301024,0.4651894845200791,0.8388737089331819,0.16112629106681808,0.39023522823607376,189.98059757159797,-8.659698897405862
0.0970325,9.703249999999999,0.008240245344105146,8.240245344105146,6.5615,0.869662910733175,0.46514422773255043,0.8388737089331819,0.16112629106681808,0.3901972635068652,189.8796611938168,-8.659332519716683
0.097125,9.7125,0.008258358276161337,8.258358276161337,6.562096774193549,0.8695047390996835,0.4650989756348089,0.8388737089331819,0.16112629106681808,0.3901593027117958,189.77868095923316,-8.658966226485175
0.0972175,9.72175,0.008276479070188515,8.276479070188515,6.562693548387098,0.8693466106139285,0.46505372822668706,0.8388737089331819,0.16112629106681808,0.39012134585072494,189.6776567967829,-8.658600017685703
0.09731,9.731,0.00829460773894954,8.294607738949539,6.563290322580646,0.8691885252602177,0.46500848550801704,0.8388737089331819,0.16112629106681808,0.390083392923512,189.5765886352199,-8.65823389329263
0.0974025,9.74025,0.008312744295239967,8.312744295239966,6.563887096774193,0.869030483022866,0.46496324747863094,0.8388737089331819,0.16112629106681808,0.39004544393001606,189.47547640311544,-8.657867853280345
0.097495,9.7495,0.008330888751888182,8.330888751888182,6.5644838709677416,0.8688724838861951,0.46491801413836054,0.8388737089331819,0.16112629106681808,0.390007498870096,189.37432002885754,-8.657501897623222
0.0975875,9.75875,0.008349041121755524,8.349041121755524,6.56508064516129,0.8687145278345343,0.46487278548703764,0.8388737089331819,0.16112629106681808,0.38996955774361075,189.2731194406503,-8.657136026295673
0.09768,9.768,0.00836720141773636,8.36720141773636,6.565677419354838,0.8685566148522196,0.46482756152449356,0.8388737089331819,0.16112629106681808,0.38993162055041874,189.17187456651334,-8.656770239272097
0.0977725,9.77725,0.008385369652758242,8.385369652758241,6.566274193548388,0.8683987449235941,0.4647823422505597,0.8388737089331819,0.16112629106681808,0.38989368729037854,189.070585334281,-8.656404536526924
0.097865,9.7865,0.008403545839782036,8.403545839782035,6.566870967741936,0.868240918033009,0.4647371276650673,0.8388737089331819,0.16112629106681808,0.3898557579633487,188.96925167160163,-8.656038918034568
0.0979575,9.79575,0.008421729991802004,8.421729991802005,6.567467741935484,0.8680831341648213,0.46469191776784713,0.8388737089331819,0.16112629106681808,0.3898178325691871,188.86787350593718,-8.655673383769475
0.09805,9.805,0.008439922121845944,8.439922121845944,6.568064516129032,0.867925393303396,0.46464671255873014,0.8388737089331819,0.16112629106681808,0.389779911107752,188.7664507645623,-8.65530793370609
0.0981425,9.81425,0.008458122242975312,8.458122242975312,6.56866129032258,0.8677676954331045,0.46460151203754674,0.8388737089331819,0.16112629106681808,0.3897419935789012,188.66498337456372,-8.654942567818866
0.098235,9.823500000000001,0.008476330368285354,8.476330368285355,6.569258064516129,0.8676100405383256,0.4645563162041274,0.8388737089331819,0.16112629106681808,0.3897040799824924,188.56347126283958,-8.654577286082272
0.0983275,9.832749999999999,0.008494546510905185,8.494546510905185,6.569854838709678,0.8674524286034456,0.46451112505830233,0.8388737089331819,0.16112629106681808,0.3896661703183832,188.4619143560988,-8.654212088470786
0.09842,9.841999999999999,0.008512770683997981,8.512770683997982,6.570451612903226,0.8672948596128575,0.46446593859990165,0.8388737089331819,0.16112629106681808,0.389628264586431,188.36031258086027,-8.653846974958892
0.0985125,9.85125,0.008531002900761022,8.531002900761022,6.571048387096774,0.867137333550961,0.46442075682875505,0.8388737089331819,0.16112629106681808,0.3895903627864931,188.25866586345234,-8.653481945521081
0.098605,9.8605,0.008549243174425888,8.549243174425888,6.571645161290323,0.8669798504021641,0.46437557974469246,0.8388737089331819,0.16112629106681808,0.38955246491842677,188.15697413001195,-8.653117000131866
0.0986975,9.86975,0.008567491518258539,8.567491518258539,6.572241935483871,0.8668224101508802,0.464330407347543,0.8388737089331819,0.16112629106681808,0.3895145709820886,188.0552373064841,-8.652752138765761
0.09879,9.879,0.008585747945559457,8.585747945559456,6.572838709677418,0.8666650127815313,0.4642852396371363,0.8388737089331819,0.16112629106681808,0.3894766809773357,187.9534553186209,-8.652387361397288
0.0988825,9.88825,0.008604012469663743,8.604012469663743,6.573435483870968,0.8665076582785453,0.4642400766133012,0.8388737089331819,0.16112629106681808,0.3894387949040245,187.85162809198135,-8.652022668000974
0.098975,9.897499999999999,0.008622285103941314,8.622285103941314,6.574032258064516,0.8663503466263581,0.4641949182758669,0.8388737089331819,0.16112629106681808,0.3894009127620117,187.74975555193,-8.651658058551373
0.0990675,9.90675,0.008640565861796946,8.640565861796945,6.5746290322580645,0.8661930778094123,0.46414976462466206,0.8388737089331819,0.16112629106681808,0.3893630345511537,187.64783762363675,-8.651293533023031
0.09916,9.916,0.008658854756670446,8.658854756670445,6.575225806451613,0.8660358518121575,0.4641046156595153,0.8388737089331819,0.16112629106681808,0.3893251602713065,187.54587423207593,-8.650929091390518
0.0992525,9.92525,0.008677151802036766,8.677151802036766,6.575822580645162,0.8658786686190498,0.4640594713802548,0.8388737089331819,0.16112629106681808,0.3892872899223261,187.4438653020256,-8.650564733628402
0.099345,9.9345,0.008695457011406157,8.695457011406157,6.57641935483871,0.8657215282145538,0.46401433178670903,0.8388737089331819,0.16112629106681808,0.38924942350406866,187.3418107580669,-8.650200459711265
0.0994375,9.94375,0.008713770398324251,8.713770398324252,6.577016129032258,0.8655644305831398,0.46396919687870597,0.8388737089331819,0.16112629106681808,0.38921156101638976,187.23971052458322,-8.649836269613703
0.09953,9.953,0.008732091976372253,8.732091976372253,6.577612903225806,0.8654073757092858,0.4639240666560735,0.8388737089331819,0.16112629106681808,0.38917370245914507,187.1375645257595,-8.649472163310305
0.0996225,9.962250000000001,0.008750421759167,8.750421759166999,6.578209677419355,0.8652503635774766,0.4638789411186392,0.8388737089331819,0.16112629106681808,0.38913584783218996,187.03537268558165,-8.6491081407757
0.099715,9.971499999999999,0.008768759760361127,8.768759760361128,6.578806451612903,0.8650933941722043,0.46383382026623066,0.8388737089331819,0.16112629106681808,0.3890979971353798,186.9331349278357,-8.648744201984497
0.0998075,9.980749999999999,0.008787105993643239,8.78710599364324,6.579403225806451,0.8649364674779674,0.46378870409867506,0.8388737089331819,0.16112629106681808,0.38906015036856956,186.830851176107,-8.648380346911326
0.0999,9.99,0.00880546047273796,8.805460472737959,6.580000000000001,0.8647795834792714,0.4637435926157994,0.8388737089331819,0.16112629106681808,0.3890223075316142,186.72852135377957,-8.64801657553083
0.0999925,9.99925,0.008823823211406128,8.823823211406129,6.580596774193549,0.8646227421606308,0.4636984858174311,0.8388737089331819,0.16112629106681808,0.3889844686243689,186.6261453840354,-8.64765288781766
0.100085,10.0085,0.008842194223444916,8.842194223444917,6.581193548387097,0.8644659435065645,0.4636533837033966,0.8388737089331819,0.16112629106681808,0.388946633646688,186.52372318985363,-8.647289283746474
0.1001775,10.01775,0.008860573522687938,8.860573522687938,6.581790322580645,0.8643091875016,0.4636082862735226,0.8388737089331819,0.16112629106681808,0.38890880259842625,186.42125469400978,-8.64692576329194
0.10027,10.027,0.008878961123005418,8.878961123005418,6.582387096774194,0.8641524741302709,0.46356319352763525,0.8388737089331819,0.16112629106681808,0.3888709754794378,186.31873981907518,-8.646562326428736
0.1003625,10.036249999999999,0.008897357038304311,8.89735703830431,6.582983870967741,0.863995803377119,0.4635181054655612,0.8388737089331819,0.16112629106681808,0.3888331522895771,186.2161784874159,-8.646198973131545
0.100455,10.0455,0.008915761282528432,8.915761282528432,6.58358064516129,0.8638391752266913,0.46347302208712615,0.8388737089331819,0.16112629106681808,0.38879533302869806,186.1135706211923,-8.645835703375067
0.1005475,10.05475,0.008934173869658616,8.934173869658617,6.584177419354839,0.8636825896635435,0.46342794339215604,0.8388737089331819,0.16112629106681808,0.3887575176966546,186.0109161423581,-8.645472517134023
0.10064,10.064,0.008952594813712814,8.952594813712814,6.5847741935483874,0.8635260466722376,0.46338286938047674,0.8388737089331819,0.16112629106681808,0.3887197062933007,185.9082149726597,-8.645109414383102
0.1007325,10.07325,0.008971024128746284,8.971024128746285,6.585370967741936,0.863369546237343,0.4633378000519136,0.8388737089331819,0.16112629106681808,0.3886818988184898,185.8054670336352,-8.644746395097053
0.100825,10.0825,0.008989461828851672,8.989461828851672,6.585967741935484,0.8632130883434354,0.463292735406292,0.8388737089331819,0.16112629106681808,0.3886440952720755,185.70267224661404,-8.644383459250603
0.1009175,10.09175,0.009007907928159207,9.007907928159206,6.586564516129032,0.8630566729750975,0.463247675443437,0.8388737089331819,0.16112629106681808,0.38860629565391086,185.59983053271577,-8.644020606818499
0.10101,10.101,0.009026362440836794,9.026362440836794,6.587161290322581,0.8629003001169195,0.4632026201631736,0.8388737089331819,0.16112629106681808,0.3885684999638493,185.49694181284963,-8.643657837775491
0.1011025,10.11025,0.009044825381090185,9.044825381090185,6.587758064516129,0.8627439697534988,0.4631575695653266,0.8388737089331819,0.16112629106681808,0.38853070820174374,185.39400600771347,-8.643295152096346
0.101195,10.119499999999999,0.00906329676316311,9.063296763163109,6.5883548387096775,0.8625876818694393,0.4631125236497208,0.8388737089331819,0.16112629106681808,0.3884929203674472,185.2910230377932,-8.642932549755837
0.1012875,10.12875,0.009081776601337414,9.081776601337413,6.588951612903226,0.8624314364493515,0.4630674824161803,0.8388737089331819,0.16112629106681808,0.38845513646081214,185.18799282336187,-8.642570030728756
0.10138,10.138,0.009100264909933209,9.100264909933209,6.589548387096774,0.8622752334778537,0.46302244586452956,0.8388737089331819,0.16112629106681808,0.38841735648169134,185.08491528447885,-8.64220759498988
0.1014725,10.14725,0.009118761703308994,9.118761703308994,6.590145161290323,0.8621190729395704,0.4629774139945926,0.8388737089331819,0.16112629106681808,0.38837958042993714,184.98179034098925,-8.64184524251402
0.101565,10.1565,0.009137266995861853,9.137266995861852,6.590741935483871,0.8619629548191335,0.46293238680619314,0.8388737089331819,0.16112629106681808,0.38834180830540166,184.87861791252277,-8.64148297327599
0.1016575,10.16575,0.009155780802027518,9.155780802027518,6.591338709677419,0.8618068791011825,0.4628873642991553,0.8388737089331819,0.16112629106681808,0.38830404010793734,184.7753979184932,-8.641120787250607
0.10175,10.174999999999999,0.009174303136280598,9.174303136280598,6.591935483870968,0.8616508457703624,0.46284234647330236,0.8388737089331819,0.16112629106681808,0.388266275837396,184.67213027809746,-8.640758684412704
0.1018425,10.18425,0.009192834013134678,9.192834013134679,6.592532258064516,0.861494854811326,0.46279733332845757,0.8388737089331819,0.16112629106681808,0.3882285154936293,184.5688149103147,-8.640396664737114
0.101935,10.1935,0.009211373447142455,9.211373447142455,6.593129032258065,0.861338906208733,0.4627523248644443,0.8388737089331819,0.16112629106681808,0.3881907590764891,184.46545173390575,-8.640034728198703
0.1020275,10.20275,0.009229921452895916,9.229921452895915,6.593725806451613,0.86118299994725,0.4627073210810854,0.8388737089331819,0.16112629106681808,0.3881530065858268,184.36204066741212,-8.639672874772318
0.10212,10.212,0.009248478045026489,9.248478045026488,6.594322580645162,0.8610271360115508,0.4626623219782039,0.8388737089331819,0.16112629106681808,0.3881152580214939,184.25858162915506,-8.639311104432828
0.1022125,10.22125,0.009267043238205158,9.267043238205158,6.5949193548387095,0.8608713143863155,0.46261732755562224,0.8388737089331819,0.16112629106681808,0.3880775133833415,184.155074537235,-8.638949417155121
0.102305,10.2305,0.009285617047142624,9.285617047142624,6.595516129032258,0.8607155350562316,0.46257233781316304,0.8388737089331819,0.16112629106681808,0.3880397726712208,184.0515193095306,-8.638587812914071
0.1023975,10.23975,0.009304199486589497,9.304199486589496,6.596112903225806,0.8605597980059932,0.4625273527506485,0.8388737089331819,0.16112629106681808,0.38800203588498267,183.9479158636977,-8.638226291684578
0.10249,10.249,0.009322790571336385,9.322790571336386,6.596709677419355,0.8604041032203018,0.46248237236790063,0.8388737089331819,0.16112629106681808,0.3879643030244777,183.84426411716885,-8.63786485344156
0.1025825,10.258249999999999,0.009341390316214077,9.341390316214078,6.597306451612902,0.8602484506838659,0.4624373966647416,0.8388737089331819,0.16112629106681808,0.38792657408955683,183.74056398715226,-8.637503498159925
0.102675,10.2675,0.009359998736093713,9.359998736093713,6.597903225806452,0.8600928403813995,0.4623924256409929,0.8388737089331819,0.16112629106681808,0.38788884908007026,183.63681539063083,-8.637142225814596
0.1027675,10.27675,0.009378615845886881,9.37861584588688,6.5985000000000005,0.8599372722976253,0.4623474592964762,0.8388737089331819,0.16112629106681808,0.38785112799586835,183.53301824436164,-8.636781036380514
0.10286,10.286,0.009397241660545837,9.397241660545838,6.599096774193549,0.8597817464172725,0.4623024976310131,0.8388737089331819,0.16112629106681808,0.3878134108368015,183.4291724648747,-8.636419929832622
0.1029525,10.29525,0.009415876195063615,9.415876195063614,6.599693548387096,0.8596262627250766,0.46225754064442465,0.8388737089331819,0.16112629106681808,0.38777569760271957,183.3252779684724,-8.636058906145871
0.103045,10.304499999999999,0.009434519464474198,9.434519464474198,6.600290322580645,0.8594708212057796,0.4622125883365317,0.8388737089331819,0.16112629106681808,0.38773798829347234,183.22133467122842,-8.635697965295227
0.1031375,10.313749999999999,0.009453171483852659,9.453171483852659,6.600887096774193,0.8593154218441323,0.46216764070715555,0.8388737089331819,0.16112629106681808,0.3877002829089098,183.11734248898705,-8.63533710725567
0.10323,10.323,0.009471832268315364,9.471832268315364,6.601483870967742,0.85916006462489,0.4621226977561165,0.8388737089331819,0.16112629106681808,0.38766258144888127,183.01330133736212,-8.634976332002168
0.1033225,10.33225,0.009490501833020071,9.49050183302007,6.602080645161291,0.8590047495328172,0.4620777594832353,0.8388737089331819,0.16112629106681808,0.3876248839132364,182.9092111317363,-8.63461563950972
0.10341499999999999,10.3415,0.009509180193166121,9.50918019316612,6.602677419354839,0.8588494765526834,0.4620328258883322,0.8388737089331819,0.16112629106681808,0.3875871903018243,182.80507178726003,-8.63425502975333
0.1035075,10.35075,0.00952786736399459,9.52786736399459,6.603274193548388,0.8586942456692658,0.46198789697122733,0.8388737089331819,0.16112629106681808,0.38754950061449417,182.7008832188508,-8.633894502708005
0.1036,10.36,0.00954656336078846,9.546563360788461,6.603870967741935,0.8585390568673489,0.46194297273174073,0.8388737089331819,0.16112629106681808,0.38751181485109504,182.5966453411922,-8.633534058348767
0.10369249999999999,10.36925,0.009565268198872743,9.565268198872744,6.604467741935484,0.8583839101317224,0.461898053169692,0.8388737089331819,0.16112629106681808,0.3874741330114756,182.49235806873298,-8.63317369665064
0.103785,10.3785,0.009583981893614714,9.583981893614714,6.6050645161290324,0.8582288054471857,0.4618531382849011,0.8388737089331819,0.16112629106681808,0.38743645509548474,182.38802131568613,-8.632813417588673
0.1038775,10.38775,0.009602704460423977,9.602704460423977,6.605661290322581,0.8580737427985425,0.46180822807718735,0.8388737089331819,0.16112629106681808,0.38739878110297093,182.28363499602813,-8.63245322113791
0.10396999999999999,10.396999999999998,0.009621435914752717,9.621435914752718,6.606258064516129,0.8579187221706044,0.46176332254637,0.8388737089331819,0.16112629106681808,0.38736111103378257,182.17919902349786,-8.632093107273407
0.1040625,10.40625,0.009640176272095817,9.640176272095816,6.606854838709678,0.8577637435481895,0.46171842169226807,0.8388737089331819,0.16112629106681808,0.3873234448877678,182.0747133115957,-8.631733075970228
0.104155,10.4155,0.009658925547991025,9.658925547991025,6.607451612903226,0.8576088069161237,0.4616735255147007,0.8388737089331819,0.16112629106681808,0.387285782664775,181.9701777735828,-8.631373127203451
0.10424749999999999,10.42475,0.009677683758019143,9.677683758019143,6.608048387096774,0.8574539122592384,0.46162863401348636,0.8388737089331819,0.16112629106681808,0.3872481243646517,181.8655923224799,-8.631013260948173
0.10434,10.434000000000001,0.009696450917804161,9.696450917804162,6.6086451612903225,0.8572990595623727,0.46158374718844386,0.8388737089331819,0.16112629106681808,0.38721046998724606,181.76095687106655,-8.630653477179477
0.1044325,10.443249999999999,0.009715227043013459,9.715227043013458,6.609241935483871,0.8571442488103725,0.4615388650393914,0.8388737089331819,0.16112629106681808,0.38717281953240557,181.65627133188016,-8.63029377587247
0.10452499999999999,10.452499999999999,0.009734012149357932,9.734012149357932,6.609838709677419,0.8569894799880903,0.46149398756614746,0.8388737089331819,0.16112629106681808,0.38713517299997785,181.55153561721508,-8.629934157002268
0.1046175,10.46175,0.009752806252592226,9.752806252592226,6.610435483870967,0.8568347530803856,0.4614491147685298,0.8388737089331819,0.16112629106681808,0.3870975303898101,181.44674963912146,-8.629574620543998
0.10471,10.471,0.009771609368514815,9.771609368514815,6.611032258064517,0.8566800680721239,0.4614042466463564,0.8388737089331819,0.16112629106681808,0.38705989170174965,181.3419133094047,-8.629215166472777
0.10480249999999999,10.48025,0.009790421512968269,9.790421512968269,6.611629032258065,0.8565254249481795,0.4613593831994449,0.8388737089331819,0.16112629106681808,0.3870222569356435,181.23702653962405,-8.628855794763776
0.104895,10.4895,0.009809242701839348,9.809242701839349,6.6122258064516135,0.8563708236934319,0.4613145244276131,0.8388737089331819,0.16112629106681808,0.38698462609133877,181.13208924109202,-8.628496505392121
0.1049875,10.49875,0.009828072951059237,9.828072951059237,6.612822580645162,0.8562162642927676,0.46126967033067806,0.8388737089331819,0.16112629106681808,0.386946999168682,181.02710132487312,-8.62813729833298
0.10507999999999999,10.508,0.009846912276603649,9.84691227660365,6.613419354838709,0.8560617467310804,0.46122482090845696,0.8388737089331819,0.16112629106681808,0.38690937616751986,180.92206270178312,-8.627778173561527
0.1051725,10.51725,0.009865760694493072,9.865760694493073,6.614016129032258,0.8559072709932702,0.46117997616076684,0.8388737089331819,0.16112629106681808,0.3868717570876989,180.816973282388,-8.627419131052942
0.105265,10.5265,0.009884618220792889,9.88461822079289,6.614612903225806,0.8557528370642448,0.46113513608742457,0.8388737089331819,0.16112629106681808,0.38683414192906546,180.71183297700293,-8.627060170782409
0.10535749999999999,10.53575,0.009903484871613596,9.903484871613596,6.615209677419355,0.8555984449289176,0.4610903006882467,0.8388737089331819,0.16112629106681808,0.3867965306914656,180.60664169569128,-8.62670129272513
0.10545,10.545,0.009922360663110944,9.922360663110945,6.615806451612904,0.85544409457221,0.46104546996304985,0.8388737089331819,0.16112629106681808,0.38675892337474554,180.50139934826373,-8.626342496856312
0.1055425,10.55425,0.00994124561148613,9.94124561148613,6.616403225806452,0.8552897859790495,0.46100064391165024,0.8388737089331819,0.16112629106681808,0.38672131997875114,180.39610584427723,-8.625983783151167
0.10563499999999999,10.5635,0.00996013973298598,9.960139732985981,6.617,0.85513551913437,0.46095582253386386,0.8388737089331819,0.16112629106681808,0.38668372050332794,180.29076109303395,-8.625625151584932
0.1057275,10.572750000000001,0.009979043043903131,9.97904304390313,6.617596774193548,0.854981294023113,0.4609110058295067,0.8388737089331819,0.16112629106681808,0.38664612494832173,180.18536500358036,-8.625266602132836
0.10582,10.581999999999999,0.009997955560576189,9.99795556057619,6.618193548387096,0.8548271106302266,0.4608661937983948,0.8388737089331819,0.16112629106681808,0.38660853331357803,180.07991748470616,-8.624908134770124
0.10591249999999999,10.591249999999999,0.010016877299389952,10.016877299389952,6.6187903225806455,0.854672968940665,0.4608213864403433,0.8388737089331819,0.16112629106681808,0.3865709455989419,179.9744184449433,-8.624549749472052
0.106005,10.6005,0.010035808276775542,10.035808276775542,6.619387096774194,0.8545188689393906,0.460776583755168,0.8388737089331819,0.16112629106681808,0.38653336180425873,179.86886779256497,-8.62419144621388
0.1060975,10.60975,0.010054748509210622,10.054748509210622,6.619983870967742,0.8543648106113714,0.46073178574268414,0.8388737089331819,0.16112629106681808,0.38649578192937356,179.76326543558457,-8.623833224970884
0.10618999999999999,10.619,0.010073698013219572,10.073698013219571,6.620580645161291,0.854210793941582,0.4606869924027065,0.8388737089331819,0.16112629106681808,0.386458205974131,179.65761128175464,-8.623475085718347
0.1062825,10.62825,0.010092656805373678,10.092656805373677,6.621177419354839,0.8540568189150047,0.46064220373505027,0.8388737089331819,0.16112629106681808,0.38642063393837606,179.55190523856587,-8.623117028431558
0.106375,10.6375,0.010111624902291307,10.111624902291307,6.621774193548387,0.8539028855166282,0.46059741973953,0.8388737089331819,0.16112629106681808,0.3863830658219531,179.4461472132461,-8.62275905308582
0.10646749999999999,10.646749999999999,0.010130602320638095,10.130602320638095,6.622370967741936,0.8537489937314474,0.4605526404159603,0.8388737089331819,0.16112629106681808,0.38634550162470666,179.3403371127592,-8.622401159656441
0.10656,10.656,0.010149589077127156,10.149589077127155,6.622967741935484,0.8535951435444651,0.46050786576415553,0.8388737089331819,0.16112629106681808,0.386307941346481,179.23447484380398,-8.622043348118744
0.1066525,10.66525,0.01016858518851923,10.16858518851923,6.623564516129032,0.8534413349406902,0.46046309578393,0.8388737089331819,0.16112629106681808,0.38627038498712035,179.12856031281336,-8.621685618448057
0.10674499999999999,10.6745,0.010187590671622919,10.18759067162292,6.62416129032258,0.8532875679051377,0.46041833047509767,0.8388737089331819,0.16112629106681808,0.3862328325464686,179.0225934259531,-8.621327970619713
0.1068375,10.68375,0.010206605543294854,10.206605543294854,6.624758064516129,0.8531338424228304,0.4603735698374724,0.8388737089331819,0.16112629106681808,0.3861952840243697,178.91657408912067,-8.620970404609059
0.10693,10.693,0.010225629820439867,10.225629820439867,6.625354838709678,0.8529801584787974,0.46032881387086777,0.8388737089331819,0.16112629106681808,0.3861577394206672,178.81050220794452,-8.620612920391459
0.10702249999999999,10.70225,0.010244663520011231,10.244663520011231,6.6259516129032265,0.8528265160580748,0.4602840625750975,0.8388737089331819,0.16112629106681808,0.38612019873520487,178.70437768778265,-8.620255517942272
0.107115,10.711500000000001,0.010263706659010812,10.263706659010811,6.626548387096774,0.8526729151457051,0.46023931594997486,0.8388737089331819,0.16112629106681808,0.386082661967826,178.59820043372167,-8.619898197236884
0.1072075,10.720749999999999,0.010282759254489291,10.282759254489292,6.627145161290322,0.8525193557267376,0.46019457399531294,0.8388737089331819,0.16112629106681808,0.3860451291183738,178.49197035057577,-8.619540958250667
0.10729999999999999,10.729999999999999,0.010301821323546349,10.30182132354635,6.627741935483871,0.8523658377862285,0.4601498367109248,0.8388737089331819,0.16112629106681808,0.3860076001866915,178.38568734288546,-8.619183800959016
0.1073925,10.73925,0.01032089288333084,10.32089288333084,6.628338709677419,0.8522123613092405,0.46010510409662325,0.8388737089331819,0.16112629106681808,0.3859700751726221,178.27935131491674,-8.618826725337339
0.107485,10.7485,0.010339973951041043,10.339973951041044,6.6289354838709675,0.8520589262808435,0.460060376152221,0.8388737089331819,0.16112629106681808,0.3859325540760084,178.17296217065973,-8.618469731361047
0.10757749999999999,10.75775,0.010359064543924804,10.359064543924804,6.629532258064517,0.8519055326861131,0.46001565287753043,0.8388737089331819,0.16112629106681808,0.38589503689669313,178.06651981382768,-8.618112819005555
0.10767,10.767,0.01037816467927979,10.37816467927979,6.630129032258065,0.851752180510133,0.45997093427236396,0.8388737089331819,0.16112629106681808,0.3858575236345188,177.96002414785582,-8.617755988246302
0.1077625,10.77625,0.010397274374453628,10.397274374453628,6.630725806451613,0.8515988697379925,0.45992622033653363,0.8388737089331819,0.16112629106681808,0.38582001428932783,177.8534750759003,-8.617399239058717
0.10785499999999999,10.785499999999999,0.010416393646844156,10.416393646844156,6.631322580645161,0.851445600354788,0.4598815110698513,0.8388737089331819,0.16112629106681808,0.3857825088609623,177.74687250083704,-8.617042571418267
0.1079475,10.79475,0.010435522513899627,10.435522513899627,6.63191935483871,0.8512923723456227,0.459836806472129,0.8388737089331819,0.16112629106681808,0.38574500734926465,177.6402163252605,-8.616685985300393
0.10804,10.804,0.010454660993118849,10.454660993118848,6.632516129032258,0.8511391856956068,0.4597921065431783,0.8388737089331819,0.16112629106681808,0.38570750975407675,177.53350645148274,-8.61632948068057
0.10813249999999999,10.81325,0.010473809102051482,10.473809102051483,6.633112903225807,0.8509860403898559,0.4597474112828105,0.8388737089331819,0.16112629106681808,0.38567001607524026,177.42674278153206,-8.615973057534273
0.108225,10.8225,0.01049296685829819,10.49296685829819,6.633709677419355,0.8508329364134941,0.45970272069083695,0.8388737089331819,0.16112629106681808,0.385632526312597,177.31992521715193,-8.61561671583699
0.1083175,10.83175,0.010512134279510837,10.512134279510837,6.634306451612903,0.8506798737516511,0.4596580347670689,0.8388737089331819,0.16112629106681808,0.3855950404659886,177.21305365979995,-8.615260455564211
0.10840999999999999,10.841,0.010531311383392732,10.531311383392731,6.634903225806452,0.8505268523894629,0.459613353511317,0.8388737089331819,0.16112629106681808,0.3855575585352562,177.10612801064653,-8.614904276691446
0.1085025,10.85025,0.010550498187698818,10.55049818769882,6.6354999999999995,0.8503738723120734,0.45956867692339215,0.8388737089331819,0.16112629106681808,0.38552008052024117,176.99914817057373,-8.61454817919421
0.108595,10.8595,0.010569694710235887,10.569694710235886,6.636096774193549,0.8502209335046322,0.45952400500310503,0.8388737089331819,0.16112629106681808,0.38548260642078475,176.89211404017428,-8.614192163048013
0.10868749999999999,10.868749999999999,0.010588900968862777,10.588900968862777,6.636693548387097,0.8500680359522963,0.45947933775026595,0.8388737089331819,0.16112629106681808,0.38544513623672777,176.7850255197501,-8.6138362282284
0.10878,10.878,0.010608116981490627,10.608116981490628,6.637290322580645,0.8499151796402288,0.4594346751646852,0.8388737089331819,0.16112629106681808,0.38540766996791115,176.6778825093113,-8.613480374710905
0.1088725,10.88725,0.01062734276608303,10.62734276608303,6.637887096774193,0.8497623645535995,0.45939001724617284,0.8388737089331819,0.16112629106681808,0.3853702076141754,176.57068490857506,-8.613124602471087
0.10896499999999999,10.8965,0.0106465783406563,10.6465783406563,6.638483870967742,0.8496095906775851,0.45934536399453874,0.8388737089331819,0.16112629106681808,0.3853327491753612,176.46343261696418,-8.61276891148449
0.1090575,10.90575,0.010665823723279648,10.665823723279647,6.6390806451612905,0.8494568579973693,0.4593007154095928,0.8388737089331819,0.16112629106681808,0.38529529465130896,176.35612553360616,-8.612413301726695
0.10915,10.915,0.010685078932075454,10.685078932075454,6.63967741935484,0.8493041664981413,0.4592560714911443,0.8388737089331819,0.16112629106681808,0.38525784404185875,176.2487635573317,-8.612057773173275
0.10924249999999999,10.924249999999999,0.010704343985219402,10.704343985219403,6.640274193548387,0.8491515161650984,0.45921143223900285,0.8388737089331819,0.16112629106681808,0.3852203973468509,176.14134658667373,-8.611702325799826
0.109335,10.9335,0.010723618900940788,10.723618900940789,6.640870967741935,0.8489989069834435,0.4591667976529776,0.8388737089331819,0.16112629106681808,0.38518295456612517,176.03387451986606,-8.61134695958193
0.1094275,10.94275,0.010742903697522678,10.742903697522678,6.641467741935483,0.8488463389383868,0.4591221677328777,0.8388737089331819,0.16112629106681808,0.38514551569952155,175.92634725484217,-8.6109916744952
0.10951999999999999,10.952,0.01076219839330216,10.76219839330216,6.642064516129032,0.8486938120151442,0.45907754247851174,0.8388737089331819,0.16112629106681808,0.3851080807468795,175.81876468923394,-8.61063647051525
0.1096125,10.96125,0.01078150300667056,10.78150300667056,6.6426612903225815,0.8485413261989395,0.4590329218896888,0.8388737089331819,0.16112629106681808,0.38507064970803884,175.71112672037046,-8.610281347617699
0.109705,10.9705,0.01080081755607365,10.80081755607365,6.64325806451613,0.8483888814750025,0.4589883059662172,0.8388737089331819,0.16112629106681808,0.38503322258283873,175.6034332452768,-8.609926305778185
0.10979749999999999,10.97975,0.010820142060011905,10.820142060011905,6.643854838709678,0.8482364778285695,0.4589436947079054,0.8388737089331819,0.16112629106681808,0.38499579937111855,175.49568416067262,-8.609571344972343
0.10989,10.989,0.01083947653704072,10.83947653704072,6.644451612903225,0.8480841152448836,0.4588990881145617,0.8388737089331819,0.16112629106681808,0.38495838007271743,175.38787936297106,-8.609216465175836
0.1099825,10.99825,0.010858821005770585,10.858821005770585,6.645048387096773,0.8479317937091946,0.4588544861859939,0.8388737089331819,0.16112629106681808,0.38492096468747417,175.28001874827746,-8.608861666364316
0.11007499999999999,11.007499999999999,0.01087817548486741,10.87817548486741,6.6456451612903225,0.8477795132067585,0.45880988892200997,0.8388737089331819,0.16112629106681808,0.3848835532152277,175.17210221238787,-8.608506948513451
0.1101675,11.01675,0.010897539993052692,10.89753999305269,6.6462419354838715,0.8476272737228385,0.4587652963224176,0.8388737089331819,0.16112629106681808,0.38484614565581665,175.064129650788,-8.608152311598923
0.11026,11.026,0.010916914549103733,10.916914549103733,6.64683870967742,0.8474750752427044,0.45872070838702433,0.8388737089331819,0.16112629106681808,0.38480874200907966,174.95610095865192,-8.607797755596414
0.11035249999999999,11.03525,0.010936299171853922,10.936299171853921,6.647435483870968,0.8473229177516323,0.45867612511563755,0.8388737089331819,0.16112629106681808,0.38477134227485504,174.8480160308406,-8.607443280481627
0.110445,11.0445,0.010955693880192952,10.955693880192952,6.648032258064516,0.8471708012349047,0.4586315465080643,0.8388737089331819,0.16112629106681808,0.38473394645298103,174.73987476190067,-8.607088886230265
0.1105375,11.053749999999999,0.010975098693067014,10.975098693067014,6.648629032258064,0.8470187256778112,0.45858697256411185,0.8388737089331819,0.16112629106681808,0.3846965545432958,174.63167704606326,-8.606734572818045
0.11062999999999999,11.062999999999999,0.010994513629479098,10.994513629479098,6.649225806451613,0.8468666910656475,0.4585424032835867,0.8388737089331819,0.16112629106681808,0.38465916654563725,174.52342277724242,-8.60638034022068
0.1107225,11.07225,0.011013938708489192,11.013938708489192,6.649822580645162,0.8467146973837167,0.45849783866629584,0.8388737089331819,0.16112629106681808,0.38462178245984324,174.41511184903402,-8.60602618841392
0.110815,11.0815,0.011033373949214513,11.033373949214514,6.65041935483871,0.846562744617328,0.4584532787120457,0.8388737089331819,0.16112629106681808,0.3845844022857516,174.3067441547143,-8.6056721173735
0.11090749999999999,11.09075,0.011052819370829803,11.052819370829802,6.651016129032258,0.8464108327517966,0.4584087234206426,0.8388737089331819,0.16112629106681808,0.3845470260231996,174.19831958723844,-8.605318127075163
0.111,11.1,0.01107227499256748,11.072274992567479,6.651612903225806,0.8462589617724454,0.4583641727918926,0.8388737089331819,0.16112629106681808,0.38450965367202483,174.08983803923954,-8.604964217494679
0.1110925,11.10925,0.011091740833717967,11.091740833717967,6.652209677419355,0.846107131664603,0.4583196268256018,0.8388737089331819,0.16112629106681808,0.38447228523206445,173.98129940302684,-8.604610388607815
0.11118499999999999,11.1185,0.011111216913629887,11.111216913629887,6.6528064516129035,0.8459553424136053,0.4582750855215761,0.8388737089331819,0.16112629106681808,0.38443492070315566,173.8727035705847,-8.604256640390352
0.1112775,11.12775,0.011130703251710328,11.130703251710328,6.653403225806451,0.845803594004794,0.4582305488796211,0.8388737089331819,0.16112629106681808,0.3843975600851355,173.76405043357101,-8.603902972818068
0.11137,11.137,0.01115019986742507,11.150199867425071,6.654,0.8456518864235179,0.4581860168995422,0.8388737089331819,0.16112629106681808,0.38436020337784055,173.65533988331597,-8.603549385866767
0.11146249999999999,11.146249999999998,0.011169706780298874,11.169706780298874,6.654596774193548,0.8455002196551324,0.45814148958114487,0.8388737089331819,0.16112629106681808,0.3843228505811077,173.54657181082055,-8.60319587951226
0.111555,11.1555,0.011189224009915672,11.189224009915671,6.655193548387096,0.8453485936849995,0.45809696692423435,0.8388737089331819,0.16112629106681808,0.38428550169477366,173.43774610675524,-8.60284245373035
0.1116475,11.16475,0.011208751575918864,11.208751575918864,6.6557903225806445,0.8451970084984871,0.4580524489286154,0.8388737089331819,0.16112629106681808,0.3842481567186745,173.32886266145863,-8.602489108496865
0.11173999999999999,11.174,0.011228289498011567,11.228289498011566,6.6563870967741945,0.8450454640809703,0.45800793559409286,0.8388737089331819,0.16112629106681808,0.3842108156526466,173.2199213649358,-8.602135843787645
0.1118325,11.183250000000001,0.011247837795956851,11.247837795956851,6.656983870967743,0.8448939604178307,0.45796342692047165,0.8388737089331819,0.16112629106681808,0.3841734784965263,173.11092210685717,-8.601782659578516
0.111925,11.192499999999999,0.011267396489577983,11.267396489577983,6.657580645161291,0.8447424974944563,0.457918922907556,0.8388737089331819,0.16112629106681808,0.3841361452501493,173.00186477655708,-8.601429555845348
0.11201749999999999,11.201749999999999,0.011286965598758724,11.286965598758725,6.658177419354838,0.8445910752962419,0.45787442355515046,0.8388737089331819,0.16112629106681808,0.3840988159133517,172.89274926303204,-8.60107653256399
0.11211,11.211,0.011306545143443553,11.306545143443554,6.658774193548386,0.8444396938085881,0.45782992886305895,0.8388737089331819,0.16112629106681808,0.3840614904859691,172.78357545493967,-8.600723589710306
0.1122025,11.22025,0.011326135143637932,11.326135143637933,6.6593709677419355,0.8442883530169031,0.45778543883108563,0.8388737089331819,0.16112629106681808,0.3840241689678371,172.67434324059698,-8.600370727260183
0.11229499999999999,11.2295,0.011345735619408591,11.345735619408591,6.659967741935484,0.8441370529066007,0.4577409534590341,0.8388737089331819,0.16112629106681808,0.38398685135879096,172.56505250797903,-8.600017945189505
0.1123875,11.23875,0.011365346590883759,11.365346590883759,6.660564516129033,0.843985793463102,0.4576964727467083,0.8388737089331819,0.16112629106681808,0.38394953765866624,172.45570314471752,-8.59966524347417
0.11248,11.248,0.011384968078253422,11.384968078253422,6.661161290322581,0.843834574671834,0.4576519966939116,0.8388737089331819,0.16112629106681808,0.38391222786729795,172.3462950380992,-8.599312622090082
0.11257249999999999,11.257249999999999,0.011404600101769633,11.404600101769633,6.661758064516129,0.8436833965182309,0.45760752530044724,0.8388737089331819,0.16112629106681808,0.38387492198452106,172.23682807506452,-8.598960081013153
0.112665,11.2665,0.011424242681746735,11.424242681746735,6.6623548387096765,0.8435322589877327,0.45756305856611845,0.8388737089331819,0.16112629106681808,0.3838376200101705,172.12730214220596,-8.59860762021931
0.1127575,11.27575,0.011443895838561638,11.443895838561637,6.6629516129032265,0.843381162065786,0.4575185964907282,0.8388737089331819,0.16112629106681808,0.38380032194408104,172.01771712576675,-8.598255239684475
0.11284999999999999,11.284999999999998,0.011463559592654108,11.463559592654107,6.663548387096775,0.8432301057378445,0.4574741390740793,0.8388737089331819,0.16112629106681808,0.3837630277860872,171.9080729116392,-8.597902939384607
0.1129425,11.29425,0.011483233964527027,11.483233964527027,6.664145161290323,0.8430790899893685,0.45742968631597447,0.8388737089331819,0.16112629106681808,0.38372573753602346,171.79836938536326,-8.597550719295642
0.113035,11.3035,0.011502918974746631,11.502918974746631,6.664741935483871,0.8429281148058237,0.45738523821621613,0.8388737089331819,0.16112629106681808,0.3836884511937242,171.68860643212506,-8.597198579393538
0.11312749999999999,11.31275,0.01152261464394286,11.522614643942859,6.665338709677419,0.8427771801726834,0.4573407947746066,0.8388737089331819,0.16112629106681808,0.38365116875902344,171.57878393675517,-8.596846519654278
0.11322,11.322000000000001,0.011542320992809553,11.542320992809554,6.6659354838709675,0.842626286075427,0.4572963559909481,0.8388737089331819,0.16112629106681808,0.38361389023175535,171.46890178372735,-8.596494540053822
0.1133125,11.331249999999999,0.011562038042104763,11.562038042104762,6.6665322580645165,0.8424754324995396,0.4572519218650424,0.8388737089331819,0.16112629106681808,0.3835766156117536,171.3589598571568,-8.596142640568168
0.11340499999999999,11.340499999999999,0.011581765812651065,11.581765812651065,6.667129032258065,0.8423246194305144,0.45720749239669145,0.8388737089331819,0.16112629106681808,0.3835393448988521,171.2489580407986,-8.595790821173306
0.1134975,11.34975,0.011601504325335762,11.601504325335762,6.667725806451613,0.8421738468538504,0.4571630675856971,0.8388737089331819,0.16112629106681808,0.3835020780928846,171.13889621804637,-8.59543908184524
0.11359,11.359,0.011621253601111233,11.621253601111233,6.668322580645161,0.8420231147550529,0.4571186474318607,0.8388737089331819,0.16112629106681808,0.3834648151936845,171.02877427193036,-8.595087422559983
0.11368249999999999,11.36825,0.01164101366099518,11.641013660995181,6.668919354838709,0.8418724231196332,0.4570742319349835,0.8388737089331819,0.16112629106681808,0.383427556201085,170.9185920851162,-8.594735843293556
0.113775,11.3775,0.011660784526070936,11.660784526070936,6.669516129032258,0.8417217719331099,0.45702982109486656,0.8388737089331819,0.16112629106681808,0.3833903011149193,170.80834953990302,-8.594384344021993
0.1138675,11.38675,0.011680566217487726,11.680566217487726,6.6701129032258075,0.8415711611810077,0.45698541491131106,0.8388737089331819,0.16112629106681808,0.3833530499350205,170.69804651822213,-8.594032924721331
0.11395999999999999,11.395999999999999,0.011700358756460968,11.700358756460968,6.670709677419356,0.8414205908488586,0.4569410133841179,0.8388737089331819,0.16112629106681808,0.3833158026612217,170.58768290163522,-8.593681585367621
0.1140525,11.40525,0.01172016216427257,11.72016216427257,6.671306451612903,0.8412700609221997,0.4568966165130876,0.8388737089331819,0.16112629106681808,0.38327855929335547,170.47725857133275,-8.593330325936922
0.114145,11.4145,0.011739976462271203,11.739976462271203,6.671903225806451,0.8411195713865753,0.45685222429802064,0.8388737089331819,0.16112629106681808,0.3832413198312545,170.3667734081325,-8.592979146405298
0.11423749999999999,11.423749999999998,0.011759801671872626,11.759801671872626,6.672499999999999,0.8409691222275363,0.4568078367387174,0.8388737089331819,0.16112629106681808,0.3832040842747513,170.25622729247766,-8.592628046748825
0.11433,11.433,0.01177963781455993,11.77963781455993,6.673096774193548,0.8408187134306396,0.4567634538349781,0.8388737089331819,0.16112629106681808,0.3831668526236783,170.1456201044354,-8.592277026943583
0.1144225,11.44225,0.011799484911883885,11.799484911883885,6.673693548387097,0.8406683449814489,0.4567190755866025,0.8388737089331819,0.16112629106681808,0.3831296248778675,170.0349517236952,-8.591926086965676
0.11451499999999999,11.4515,0.011819342985463192,11.819342985463193,6.674290322580646,0.8405180168655343,0.4566747019933907,0.8388737089331819,0.16112629106681808,0.38309240103715125,169.92422202956712,-8.5915752267912
0.1146075,11.46075,0.011839212056984834,11.839212056984833,6.674887096774194,0.8403677290684723,0.4566303330551423,0.8388737089331819,0.16112629106681808,0.38305518110136133,169.81343090098005,-8.59122444639627
0.1147,11.469999999999999,0.01185909214820432,11.85909214820432,6.675483870967742,0.8402174815758461,0.45658596877165675,0.8388737089331819,0.16112629106681808,0.38301796507032965,169.7025782164803,-8.590873745757007
0.11479249999999999,11.479249999999999,0.01187898328094604,11.87898328094604,6.67608064516129,0.8400672743732445,0.45654160914273334,0.8388737089331819,0.16112629106681808,0.3829807529438878,169.5916638542296,-8.59052312484953
0.114885,11.4885,0.011898885477103528,11.898885477103528,6.676677419354839,0.839917107446264,0.45649725416817144,0.8388737089331819,0.16112629106681808,0.3829435447218674,169.4806876920036,-8.59017258364998
0.1149775,11.49775,0.0119187987586398,11.9187987586398,6.677274193548388,0.8397669807805064,0.4564529038477699,0.8388737089331819,0.16112629106681808,0.38290634040409977,169.36964960719013,-8.589822122134517
0.11506999999999999,11.507,0.011938723147587638,11.938723147587638,6.677870967741936,0.8396168943615808,0.4564085581813277,0.8388737089331819,0.16112629106681808,0.38286913999041633,169.25854947678735,-8.589471740279288
0.1151625,11.51625,0.011958658666049922,11.958658666049923,6.678467741935484,0.8394668481751023,0.45636421716864334,0.8388737089331819,0.16112629106681808,0.3828319434806479,169.14738717740218,-8.589121438060458
0.115255,11.5255,0.011978605336199917,11.978605336199916,6.679064516129032,0.8393168422066923,0.4563198808095155,0.8388737089331819,0.16112629106681808,0.3827947508746258,169.0361625852485,-8.588771215454205
0.11534749999999999,11.534749999999999,0.011998563180281608,11.998563180281607,6.6796612903225805,0.8391668764419788,0.4562755491037425,0.8388737089331819,0.16112629106681808,0.38275756217218065,168.92487557614538,-8.588421072436699
0.11544,11.544,0.012018532220609992,12.018532220609993,6.680258064516128,0.8390169508665962,0.4562312220511225,0.8388737089331819,0.16112629106681808,0.38272037737314324,168.8135260255154,-8.588071008984144
0.1155325,11.55325,0.012038512479571432,12.038512479571432,6.680854838709678,0.8388670654661852,0.45618689965145337,0.8388737089331819,0.16112629106681808,0.38268319647734395,168.7021138083827,-8.587721025072744
0.11562499999999999,11.5625,0.012058503979623913,12.058503979623913,6.681451612903226,0.8387172202263932,0.4561425819045332,0.8388737089331819,0.16112629106681808,0.38264601948461346,168.59063879937156,-8.58737112067869
0.1157175,11.57175,0.012078506743297465,12.078506743297465,6.682048387096774,0.8385674151328744,0.4560982688101598,0.8388737089331819,0.16112629106681808,0.38260884639478215,168.47910087270404,-8.587021295778218
0.11581,11.581,0.01209852079319435,12.09852079319435,6.682645161290322,0.838417650171288,0.4560539603681304,0.8388737089331819,0.16112629106681808,0.38257167720767987,168.3674999021988,-8.586671550347551
0.11590249999999999,11.59025,0.012118546151989523,12.118546151989522,6.683241935483871,0.8382679253273007,0.4560096565782425,0.8388737089331819,0.16112629106681808,0.38253451192313687,168.25583576126883,-8.586321884362913
0.115995,11.5995,0.01213858284243085,12.13858284243085,6.68383870967742,0.8381182405865854,0.4559653574402932,0.8388737089331819,0.16112629106681808,0.3824973505409828,168.1441083229199,-8.585972297800572
0.1160875,11.608749999999999,0.012158630887339487,12.158630887339486,6.684435483870969,0.8379685959348215,0.45592106295407986,0.8388737089331819,0.16112629106681808,0.38246019306104767,168.03231745974858,-8.585622790636764
0.11617999999999999,11.617999999999999,0.012178690309610227,12.178690309610227,6.685032258064516,0.8378189913576947,0.4558767731193991,0.8388737089331819,0.16112629106681808,0.38242303948316103,167.9204630439405,-8.58527336284775
0.1162725,11.62725,0.012198761132211789,12.19876113221179,6.685629032258064,0.8376694268408967,0.45583248793604764,0.8388737089331819,0.16112629106681808,0.38238588980715216,167.80854494726833,-8.584924014409815
0.116365,11.6365,0.012218843378187159,12.21884337818716,6.6862258064516125,0.8375199023701261,0.45578820740382214,0.8388737089331819,0.16112629106681808,0.38234874403285063,167.6965630410902,-8.584574745299225
0.11645749999999999,11.64575,0.012238937070653962,12.238937070653963,6.686822580645161,0.8373704179310878,0.45574393152251896,0.8388737089331819,0.16112629106681808,0.3823116021600856,167.58451719634755,-8.584225555492282
0.11655,11.655,0.012259042232804758,12.259042232804758,6.687419354838711,0.8372209735094924,0.45569966029193426,0.8388737089331819,0.16112629106681808,0.38227446418868594,167.47240728356334,-8.58387644496527
0.1166425,11.66425,0.012279158887907407,12.279158887907407,6.688016129032259,0.8370715690910584,0.45565539371186425,0.8388737089331819,0.16112629106681808,0.3822373301184808,167.36023317284022,-8.58352741369451
0.11673499999999999,11.673499999999999,0.012299287059305386,12.299287059305385,6.688612903225807,0.8369222046615091,0.4556111317821047,0.8388737089331819,0.16112629106681808,0.3822001999492989,167.24799473385863,-8.583178461656312
0.1168275,11.68275,0.012319426770418172,12.319426770418172,6.689209677419354,0.8367728802065751,0.4555668745024515,0.8388737089331819,0.16112629106681808,0.3821630736809689,167.1356918358747,-8.582829588826993
0.11692,11.692,0.012339578044741544,12.339578044741543,6.6898064516129025,0.8366235957119927,0.45552262187270004,0.8388737089331819,0.16112629106681808,0.3821259513133193,167.02332434771847,-8.582480795182898
0.11701249999999999,11.70125,0.012359740905847969,12.35974090584797,6.690403225806452,0.836474351163505,0.4554783738926458,0.8388737089331819,0.16112629106681808,0.38208883284617834,166.91089213779196,-8.582132080700369
0.117105,11.7105,0.012379915377386906,12.379915377386906,6.691,0.8363251465468615,0.4554341305620841,0.8388737089331819,0.16112629106681808,0.3820517182793745,166.7983950740672,-8.58178344535574
0.1171975,11.71975,0.012400101483085206,12.400101483085205,6.691596774193549,0.8361759818478178,0.45538989188080997,0.8388737089331819,0.16112629106681808,0.38201460761273576,166.68583302408422,-8.581434889125395
0.11728999999999999,11.729,0.012420299246747436,12.420299246747437,6.692193548387097,0.8360268570521365,0.45534565784861847,0.8388737089331819,0.16112629106681808,0.3819775008460902,166.57320585494912,-8.581086411985684
0.1173825,11.73825,0.012440508692256257,12.440508692256257,6.692790322580645,0.8358777721455855,0.45530142846530425,0.8388737089331819,0.16112629106681808,0.3819403979792656,166.46051343333198,-8.580738013912995
0.117475,11.747499999999999,0.01246072984357274,12.46072984357274,6.6933870967741935,0.8357287271139395,0.455257203730662,0.8388737089331819,0.16112629106681808,0.38190329901208964,166.3477556254651,-8.580389694883705
0.11756749999999999,11.756749999999998,0.012480962724736788,12.480962724736788,6.693983870967742,0.8355797219429798,0.45521298364448604,0.8388737089331819,0.16112629106681808,0.38186620394438986,166.23493229714072,-8.58004145487422
0.11766,11.766,0.012501207359867436,12.501207359867436,6.694580645161291,0.8354307566184935,0.4551687682065706,0.8388737089331819,0.16112629106681808,0.38182911277599363,166.12204331370916,-8.579693293860934
0.1177525,11.77525,0.012521463773163257,12.521463773163257,6.695177419354839,0.8352818311262753,0.4551245574167101,0.8388737089331819,0.16112629106681808,0.3817920255067285,166.0090885400767,-8.579345211820263
0.11784499999999999,11.7845,0.01254173198890272,12.54173198890272,6.695774193548387,0.8351329454521247,0.4550803512746983,0.8388737089331819,0.16112629106681808,0.38175494213642147,165.8960678407037,-8.578997208728628
0.1179375,11.79375,0.012562012031444527,12.562012031444526,6.696370967741935,0.8349840995818479,0.45503614978032897,0.8388737089331819,0.16112629106681808,0.38171786266489943,165.78298107960228,-8.578649284562472
0.11803,11.802999999999999,0.01258230392522805,12.58230392522805,6.6969677419354845,0.8348352935012577,0.4549919529333958,0.8388737089331819,0.16112629106681808,0.38168078709198944,165.66982812033444,-8.578301439298212
0.11812249999999999,11.812249999999999,0.012602607694773624,12.602607694773624,6.697564516129032,0.834686527196174,0.4549477607336924,0.8388737089331819,0.16112629106681808,0.3816437154175184,165.55660882601,-8.577953672912301
0.118215,11.8215,0.012622923364683002,12.622923364683002,6.698161290322581,0.8345378006524208,0.4549035731810117,0.8388737089331819,0.16112629106681808,0.3816066476413124,165.44332305928427,-8.577605985381204
0.1183075,11.83075,0.012643250959639661,12.64325095963966,6.698758064516129,0.8343891138558315,0.45485939027514743,0.8388737089331819,0.16112629106681808,0.3815695837631986,165.32997068235628,-8.577258376681389
0.1184,11.84,0.012663590504409232,12.663590504409232,6.699354838709677,0.834240466792243,0.45481521201589215,0.8388737089331819,0.16112629106681808,0.38153252378300295,165.21655155696632,-8.576910846789314
0.1184925,11.84925,0.012683942023839843,12.683942023839844,6.6999516129032255,0.8340918594474998,0.4547710384030388,0.8388737089331819,0.16112629106681808,0.38149546770055165,165.10306554439416,-8.57656339568148
0.118585,11.8585,0.01270430554286255,12.704305542862551,6.700548387096774,0.8339432918074525,0.4547268694363801,0.8388737089331819,0.16112629106681808,0.3814584155156709,164.98951250545653,-8.576216023334363
0.1186775,11.867750000000001,0.012724681086491689,12.724681086491689,6.701145161290323,0.8337947638579581,0.4546827051157084,0.8388737089331819,0.16112629106681808,0.38142136722818654,164.87589230050526,-8.575868729724474
0.11877,11.877,0.012745068679825269,12.74506867982527,6.701741935483872,0.8336462755848799,0.4546385454408163,0.8388737089331819,0.16112629106681808,0.3813843228379245,164.76220478942494,-8.575521514828319
0.1188625,11.88625,0.012765468348045353,12.765468348045353,6.70233870967742,0.8334978269740876,0.4545943904114958,0.8388737089331819,0.16112629106681808,0.3813472823447104,164.64844983163093,-8.575174378622412
0.118955,11.8955,0.012785880116418498,12.785880116418497,6.702935483870967,0.8333494180114569,0.45455024002753913,0.8388737089331819,0.16112629106681808,0.38131024574836986,164.53462728606678,-8.57482732108328
0.1190475,11.90475,0.012806304010296091,12.806304010296092,6.7035322580645165,0.8332010486828696,0.45450609428873795,0.8388737089331819,0.16112629106681808,0.3812732130487281,164.4207370112025,-8.574480342187467
0.11914,11.914,0.012826740055114784,12.826740055114785,6.704129032258064,0.8330527189742146,0.4544619531948841,0.8388737089331819,0.16112629106681808,0.3812361842456105,164.30677886503202,-8.574133441911508
0.1192325,11.923250000000001,0.012847188276396904,12.847188276396905,6.704725806451613,0.832904428871386,0.4544178167457691,0.8388737089331819,0.16112629106681808,0.3811991593388423,164.19275270507092,-8.573786620231955
0.119325,11.9325,0.012867648699750812,12.867648699750811,6.705322580645162,0.832756178360285,0.45437368494118424,0.8388737089331819,0.16112629106681808,0.3811621383282483,164.07865838835448,-8.573439877125374
0.1194175,11.941749999999999,0.012888121350871345,12.888121350871344,6.70591935483871,0.832607967426819,0.45432955778092093,0.8388737089331819,0.16112629106681808,0.38112512121365355,163.96449577143517,-8.573093212568333
0.11951,11.951,0.012908606255540212,12.908606255540212,6.706516129032258,0.8324597960569012,0.45428543526477005,0.8388737089331819,0.16112629106681808,0.3810881079948826,163.85026471038034,-8.572746626537421
0.1196025,11.96025,0.012929103439626404,12.929103439626404,6.707112903225806,0.8323116642364515,0.45424131739252277,0.8388737089331819,0.16112629106681808,0.38105109867176024,163.73596506077016,-8.57240011900921
0.119695,11.9695,0.012949612929086621,12.949612929086621,6.707709677419355,0.832163571951396,0.4541972041639696,0.8388737089331819,0.16112629106681808,0.38101409324411084,163.62159667769507,-8.572053689960299
0.1197875,11.97875,0.012970134749965667,12.970134749965666,6.708306451612903,0.8320155191876669,0.45415309557890127,0.8388737089331819,0.16112629106681808,0.38097709171175875,163.5071594157536,-8.571707339367304
0.11988,11.988,0.012990668928396882,12.990668928396882,6.708903225806452,0.8318675059312025,0.45410899163710805,0.8388737089331819,0.16112629106681808,0.3809400940745281,163.39265312904996,-8.571361067206828
0.1199725,11.99725,0.013011215490602532,13.011215490602533,6.7095,0.8317195321679478,0.45406489233838043,0.8388737089331819,0.16112629106681808,0.3809031003322431,163.27807767119188,-8.571014873455493
0.120065,12.0065,0.0130317744628943,13.031774462894301,6.710096774193548,0.8315715978838539,0.45402079768250847,0.8388737089331819,0.16112629106681808,0.3808661104847277,163.16343289528788,-8.570668758089937
0.1201575,12.01575,0.013052345871673634,13.052345871673634,6.710693548387097,0.8314237030648781,0.453976707669282,0.8388737089331819,0.16112629106681808,0.3808291245318055,163.04871865394531,-8.570322721086796
0.12025,12.025,0.01307292974343223,13.07292974343223,6.711290322580646,0.8312758476969835,0.45393262229849085,0.8388737089331819,0.16112629106681808,0.38079214247330023,162.9339347992676,-8.569976762422721
0.1203425,12.03425,0.013093526104752444,13.093526104752444,6.711887096774193,0.8311280317661405,0.4538885415699248,0.8388737089331819,0.16112629106681808,0.38075516430903555,162.81908118285213,-8.569630882074364
0.120435,12.0435,0.013114134982307693,13.114134982307693,6.712483870967742,0.8309802552583243,0.45384446548337315,0.8388737089331819,0.16112629106681808,0.38071819003883467,162.7041576557877,-8.5692850800184
0.1205275,12.05275,0.013134756402862973,13.134756402862973,6.71308064516129,0.830832518159518,0.4538003940386254,0.8388737089331819,0.16112629106681808,0.3806812196625211,162.589164068652,-8.56893935623149
0.12062,12.062000000000001,0.013155390393275224,13.155390393275225,6.7136774193548385,0.8306848204557098,0.4537563272354706,0.8388737089331819,0.16112629106681808,0.3806442531799178,162.47410027150923,-8.568593710690331
0.1207125,12.07125,0.01317603698049378,13.17603698049378,6.714274193548388,0.8305371621328939,0.45371226507369766,0.8388737089331819,0.16112629106681808,0.38060729059084775,162.35896611390783,-8.568248143371603
0.120805,12.080499999999999,0.013196696191560867,13.196696191560868,6.714870967741936,0.8303895431770718,0.45366820755309567,0.8388737089331819,0.16112629106681808,0.38057033189513395,162.24376144487758,-8.56790265425202
0.1208975,12.08975,0.013217368053611978,13.217368053611978,6.715467741935484,0.8302419635742505,0.4536241546734532,0.8388737089331819,0.16112629106681808,0.38053337709259905,162.12848611292756,-8.567557243308274
0.12099,12.099,0.013238052593876375,13.238052593876375,6.716064516129032,0.8300944233104429,0.4535801064345586,0.8388737089331819,0.16112629106681808,0.38049642618306556,162.0131399660433,-8.5672119105171
0.1210825,12.10825,0.013258749839677524,13.258749839677524,6.71666129032258,0.8299469223716691,0.4535360628362005,0.8388737089331819,0.16112629106681808,0.3804594791663562,161.89772285168436,-8.56686665585521
0.121175,12.1175,0.01327945981843355,13.279459818433551,6.717258064516129,0.8297994607439549,0.4534920238781671,0.8388737089331819,0.16112629106681808,0.38042253604229315,161.78223461678186,-8.56652147929935
0.1212675,12.12675,0.01330018255765768,13.30018255765768,6.717854838709678,0.8296520384133317,0.45344798956024623,0.8388737089331819,0.16112629106681808,0.3803855968106985,161.6666751077359,-8.566176380826258
0.12136,12.136,0.01332091808495875,13.32091808495875,6.718451612903225,0.8295046553658385,0.4534039598822261,0.8388737089331819,0.16112629106681808,0.3803486614713946,161.5510441704128,-8.565831360412691
0.1214525,12.14525,0.01334166642804162,13.34166642804162,6.719048387096775,0.8293573115875188,0.4533599348438941,0.8388737089331819,0.16112629106681808,0.3803117300242031,161.4353416501428,-8.565486418035407
0.121545,12.1545,0.013362427614707661,13.362427614707661,6.719645161290323,0.8292100070644239,0.4533159144450381,0.8388737089331819,0.16112629106681808,0.38027480246894607,161.31956739171721,-8.565141553671168
0.1216375,12.16375,0.013383201672855245,13.383201672855245,6.720241935483871,0.8290627417826103,0.4532718986854454,0.8388737089331819,0.16112629106681808,0.380237878805445,161.20372123938594,-8.564796767296764
0.12173,12.173,0.013403988630480163,13.403988630480164,6.720838709677419,0.8289155157281409,0.4532278875649033,0.8388737089331819,0.16112629106681808,0.3802009590335216,161.08780303685478,-8.564452058888975
0.1218225,12.18225,0.01342478851567616,13.424788515676159,6.721435483870968,0.8287683288870847,0.45318388108319874,0.8388737089331819,0.16112629106681808,0.38016404315299696,160.9718126272828,-8.564107428424608
0.121915,12.1915,0.013445601356635388,13.445601356635388,6.722032258064516,0.8286211812455176,0.453139879240119,0.8388737089331819,0.16112629106681808,0.3801271311636928,160.85574985327958,-8.56376287588045
0.1220075,12.200750000000001,0.013466427181648885,13.466427181648884,6.722629032258064,0.8284740727895205,0.45309588203545054,0.8388737089331819,0.16112629106681808,0.3800902230654299,160.7396145569026,-8.563418401233323
0.1221,12.21,0.013487266019107061,13.48726601910706,6.723225806451613,0.8283270035051814,0.45305188946898034,0.8388737089331819,0.16112629106681808,0.3800533188580295,160.62340657965458,-8.563074004460049
0.1221925,12.219249999999999,0.013508117897500189,13.508117897500188,6.7238225806451615,0.8281799733785941,0.45300790154049453,0.8388737089331819,0.16112629106681808,0.38001641854131235,160.50712576248063,-8.562729685537454
0.122285,12.2285,0.013528982845418897,13.528982845418897,6.72441935483871,0.8280329823958589,0.4529639182497798,0.8388737089331819,0.16112629106681808,0.3799795221150994,160.3907719457656,-8.562385444442382
0.1223775,12.23775,0.01354986089155465,13.54986089155465,6.725016129032257,0.8278860305430814,0.4529199395966219,0.8388737089331819,0.16112629106681808,0.37994262957921093,160.27434496933134,-8.562041281151682
0.12247,12.247,0.013570752064700292,13.570752064700292,6.725612903225807,0.8277391178063741,0.452875965580807,0.8388737089331819,0.16112629106681808,0.37990574093346763,160.15784467243373,-8.561697195642198
0.1225625,12.25625,0.013591656393750482,13.591656393750483,6.726209677419355,0.8275922441718562,0.4528319962021212,0.8388737089331819,0.16112629106681808,0.37986885617768995,160.04127089376013,-8.561353187890804
0.122655,12.2655,0.01361257390770223,13.612573907702231,6.726806451612903,0.8274454096256518,0.45278803146035,0.8388737089331819,0.16112629106681808,0.3798319753116981,159.92462347142651,-8.561009257874362
0.1227475,12.27475,0.013633504635655415,13.633504635655415,6.727403225806452,0.8272986141538919,0.4527440713552789,0.8388737089331819,0.16112629106681808,0.37979509833531194,159.80790224297454,-8.560665405569774
0.12284,12.284,0.013654448606813264,13.654448606813265,6.728,0.8271518577427135,0.4527001158866934,0.8388737089331819,0.16112629106681808,0.3797582252483518,159.69110704536874,-8.560321630953904
0.1229325,12.29325,0.013675405850482901,13.675405850482901,6.728596774193549,0.8270051403782593,0.4526561650543785,0.8388737089331819,0.16112629106681808,0.37972135605063706,159.57423771499373,-8.559977934003676
0.123025,12.3025,0.013696376396075838,13.696376396075838,6.729193548387097,0.8268584620466792,0.45261221885811953,0.8388737089331819,0.16112629106681808,0.3796844907419878,159.45729408765123,-8.559634314695984
0.1231175,12.31175,0.01371736027310851,13.71736027310851,6.729790322580645,0.8267118227341284,0.45256827729770127,0.8388737089331819,0.16112629106681808,0.3796476293222234,159.34027599855722,-8.55929077300774
0.12321,12.321,0.013738357511202772,13.738357511202773,6.7303870967741934,0.8265652224267683,0.45252434037290856,0.8388737089331819,0.16112629106681808,0.3796107717911634,159.22318328233902,-8.558947308915878
0.1233025,12.33025,0.013759368140086452,13.759368140086453,6.730983870967742,0.8264186611107671,0.452480408083526,0.8388737089331819,0.16112629106681808,0.3795739181486272,159.1060157730323,-8.558603922397324
0.123395,12.339500000000001,0.013780392189593893,13.780392189593893,6.73158064516129,0.8262721387722982,0.45243648042933804,0.8388737089331819,0.16112629106681808,0.3795370683944338,158.98877330407817,-8.558260613429022
0.1234875,12.34875,0.013801429689666436,13.801429689666435,6.73217741935484,0.826125655397541,0.45239255741012874,0.8388737089331819,0.16112629106681808,0.3795002225284021,158.87145570832018,-8.557917381987927
0.12358,12.357999999999999,0.013822480670352997,13.822480670352997,6.732774193548387,0.8259792109726829,0.4523486390256826,0.8388737089331819,0.16112629106681808,0.37946338055035145,158.7540628180014,-8.55757422805099
0.1236725,12.36725,0.013843545161810616,13.843545161810615,6.733370967741936,0.825832805483915,0.45230472527578336,0.8388737089331819,0.16112629106681808,0.3794265424601003,158.63659446476115,-8.557231151595177
0.123765,12.3765,0.013864623194304948,13.864623194304949,6.7339677419354835,0.8256864389174361,0.45226081616021496,0.8388737089331819,0.16112629106681808,0.3793897082574675,158.51905047963234,-8.556888152597473
0.1238575,12.38575,0.01388571479821088,13.88571479821088,6.734564516129032,0.8255401112594506,0.45221691167876105,0.8388737089331819,0.16112629106681808,0.3793528779422714,158.40143069303818,-8.556545231034853
0.12395,12.395,0.013906820004013023,13.906820004013023,6.735161290322581,0.8253938224961689,0.45217301183120506,0.8388737089331819,0.16112629106681808,0.37931605151433057,158.28373493478904,-8.556202386884314
0.1240425,12.40425,0.013927938842306288,13.927938842306288,6.735758064516129,0.8252475726138077,0.4521291166173305,0.8388737089331819,0.16112629106681808,0.37927922897346317,158.16596303407962,-8.555859620122858
0.124135,12.413499999999999,0.013949071343796457,13.949071343796456,6.736354838709677,0.8251013615985898,0.4520852260369205,0.8388737089331819,0.16112629106681808,0.37924241031948736,158.0481148194856,-8.555516930727496
0.1242275,12.42275,0.013970217539300727,13.970217539300727,6.736951612903226,0.824955189436744,0.45204134008975805,0.8388737089331819,0.16112629106681808,0.37920559555222116,157.93019011896052,-8.555174318675238
0.12432,12.432,0.013991377459748272,13.991377459748271,6.7375483870967745,0.8248090561145052,0.4519974587756261,0.8388737089331819,0.16112629106681808,0.37916878467148246,157.81218875983288,-8.554831783943115
0.1244125,12.44125,0.014012551136180837,14.012551136180837,6.738145161290323,0.8246629616181149,0.45195358209430747,0.8388737089331819,0.16112629106681808,0.379131977677089,157.69411056880259,-8.554489326508172
0.124505,12.4505,0.014033738599753296,14.033738599753296,6.73874193548387,0.8245169059338197,0.45190971004558467,0.8388737089331819,0.16112629106681808,0.37909517456885844,157.57595537193794,-8.554146946347435
0.1245975,12.45975,0.014054939881734195,14.054939881734194,6.739338709677419,0.8243708890478727,0.45186584262924,0.8388737089331819,0.16112629106681808,0.3790583753466081,157.45772299467262,-8.55380464343797
0.12469,12.469,0.014076155013506403,14.076155013506403,6.739935483870968,0.8242249109465336,0.4518219798450559,0.8388737089331819,0.16112629106681808,0.3790215800101554,157.339413261802,-8.553462417756837
0.1247825,12.478250000000001,0.014097384026567638,14.097384026567639,6.740532258064516,0.8240789716160681,0.4517781216928146,0.8388737089331819,0.16112629106681808,0.37898478855931783,157.22102599748027,-8.55312026928109
0.124875,12.4875,0.014118626952531067,14.118626952531066,6.741129032258065,0.8239330710427473,0.4517342681722979,0.8388737089331819,0.16112629106681808,0.3789480009939122,157.10256102521706,-8.552778197987832
0.1249675,12.496749999999999,0.014139883823125917,14.139883823125917,6.741725806451613,0.8237872092128485,0.45169041928328757,0.8388737089331819,0.16112629106681808,0.3789112173137555,156.9840181678739,-8.552436203854132
0.12506,12.506,0.01416115467019807,14.16115467019807,6.742322580645162,0.8236413861126556,0.45164657502556543,0.8388737089331819,0.16112629106681808,0.3788744375186647,156.86539724766126,-8.552094286857084
0.1251525,12.51525,0.014182439525710602,14.1824395257106,6.742919354838709,0.8234956017284584,0.4516027353989128,0.8388737089331819,0.16112629106681808,0.3788376616084564,156.74669808613504,-8.551752446973799
0.125245,12.5245,0.014203738421744482,14.203738421744482,6.743516129032258,0.8233498560465524,0.45155890040311125,0.8388737089331819,0.16112629106681808,0.3788008895829472,156.6279205041931,-8.55141068418139
0.1253375,12.53375,0.01422505139049911,14.22505139049911,6.7441129032258065,0.8232041490532397,0.4515150700379419,0.8388737089331819,0.16112629106681808,0.3787641214419537,156.50906432207196,-8.551068998456968
0.12542999999999999,12.543,0.01424637846429297,14.246378464292969,6.744709677419355,0.8230584807348282,0.4514712443031857,0.8388737089331819,0.16112629106681808,0.37872735718529205,156.39012935934346,-8.55072738977767
0.1255225,12.55225,0.014267719675564203,14.267719675564203,6.745306451612903,0.8229128510776319,0.4514274231986237,0.8388737089331819,0.16112629106681808,0.3786905968127786,156.2711154349112,-8.550385858120624
0.125615,12.5615,0.014289075056871253,14.289075056871253,6.745903225806452,0.82276726006797,0.4513836067240364,0.8388737089331819,0.16112629106681808,0.37865384032422916,156.15202236700716,-8.550044403462989
0.1257075,12.57075,0.014310444640893488,14.310444640893488,6.746500000000001,0.8226217076921694,0.4513397948792046,0.8388737089331819,0.16112629106681808,0.3786170877194599,156.03284997318823,-8.549703025781907
0.1258,12.58,0.014331828460431855,14.331828460431856,6.747096774193548,0.8224761939365621,0.45129598766390877,0.8388737089331819,0.16112629106681808,0.37858033899828664,155.91359807033254,-8.549361725054547
0.1258925,12.58925,0.014353226548409443,14.353226548409443,6.747693548387097,0.822330718787486,0.45125218507792897,0.8388737089331819,0.16112629106681808,0.3785435941605249,155.79426647463615,-8.549020501258076
0.12598499999999999,12.598499999999998,0.014374638937872185,14.374638937872184,6.748290322580645,0.8221852822312853,0.4512083871210455,0.8388737089331819,0.16112629106681808,0.37850685320599037,155.67485500160933,-8.548679354369677
0.1260775,12.607750000000001,0.014396065661989466,14.396065661989466,6.748887096774193,0.8220398842543104,0.45116459379303825,0.8388737089331819,0.16112629106681808,0.37847011613449844,155.55536346607317,-8.548338284366533
0.12617,12.617,0.014417506754054784,14.417506754054784,6.749483870967742,0.8218945248429173,0.45112080509368707,0.8388737089331819,0.16112629106681808,0.3784333829458643,155.4357916821558,-8.547997291225844
0.1262625,12.62625,0.014438962247486377,14.438962247486376,6.750080645161291,0.8217492039834683,0.45107702102277153,0.8388737089331819,0.16112629106681808,0.3783966536399032,155.3161394632888,-8.547656374924813
0.126355,12.6355,0.014460432175827908,14.460432175827908,6.750677419354839,0.8216039216623322,0.4510332415800714,0.8388737089331819,0.16112629106681808,0.37835992821643033,155.19640662220363,-8.54731553544066
0.1264475,12.644749999999998,0.014481916572749087,14.481916572749087,6.7512741935483875,0.8214586778658828,0.45098946676536583,0.8388737089331819,0.16112629106681808,0.3783232066752604,155.0765929709279,-8.5469747727506
0.12653999999999999,12.653999999999998,0.014503415472046371,14.50341547204637,6.751870967741935,0.8213134725805006,0.45094569657843414,0.8388737089331819,0.16112629106681808,0.3782864890162083,154.9566983207816,-8.546634086831858
0.1266325,12.663250000000001,0.014524928907643609,14.52492890764361,6.752467741935483,0.8211683057925719,0.45090193101905524,0.8388737089331819,0.16112629106681808,0.3782497752390886,154.8367224823736,-8.546293477661685
0.126725,12.672500000000001,0.014546456913592694,14.546456913592694,6.753064516129033,0.821023177488489,0.450858170087008,0.8388737089331819,0.16112629106681808,0.3782130653437158,154.71666526559767,-8.54595294521732
0.1268175,12.68175,0.014567999524074286,14.567999524074285,6.75366129032258,0.8208780876546509,0.45081441378207154,0.8388737089331819,0.16112629106681808,0.3781763593299045,154.59652647962884,-8.545612489476015
0.12691,12.690999999999999,0.014589556773398463,14.589556773398463,6.754258064516129,0.8207330362774612,0.45077066210402406,0.8388737089331819,0.16112629106681808,0.3781396571974688,154.47630593291947,-8.545272110415043
0.1270025,12.700249999999999,0.0146111286960054,14.6111286960054,6.754854838709678,0.8205880233433309,0.4507269150526442,0.8388737089331819,0.16112629106681808,0.3781029589462228,154.35600343319564,-8.544931808011672
0.12709499999999999,12.709499999999998,0.014632715326466096,14.632715326466096,6.755451612903226,0.820443048838676,0.4506831726277102,0.8388737089331819,0.16112629106681808,0.37806626457598075,154.235618787453,-8.544591582243179
0.1271875,12.71875,0.014654316699483026,14.654316699483026,6.756048387096774,0.8202981127499195,0.45063943482900026,0.8388737089331819,0.16112629106681808,0.37802957408655635,154.11515180195312,-8.54425143308686
0.12728,12.728,0.014675932849890818,14.675932849890819,6.756645161290322,0.820153215063489,0.4505957016562922,0.8388737089331819,0.16112629106681808,0.37799288747776333,153.99460228221974,-8.543911360520005
0.1273725,12.73725,0.014697563812657084,14.697563812657084,6.757241935483871,0.8200083557658193,0.45055197310936407,0.8388737089331819,0.16112629106681808,0.3779562047494155,153.87397003303428,-8.543571364519922
0.127465,12.7465,0.014719209622882956,14.719209622882955,6.7578387096774195,0.8198635348433511,0.4505082491879935,0.8388737089331819,0.16112629106681808,0.3779195259013262,153.75325485843248,-8.54323144506393
0.1275575,12.755749999999999,0.014740870315803928,14.740870315803928,6.758435483870968,0.8197187522825305,0.45046452989195807,0.8388737089331819,0.16112629106681808,0.37788285093330903,153.63245656170008,-8.542891602129341
0.12764999999999999,12.764999999999999,0.014762545926790537,14.762545926790537,6.759032258064516,0.8195740080698097,0.45042081522103494,0.8388737089331819,0.16112629106681808,0.377846179845177,153.51157494536878,-8.542551835693493
0.1277425,12.77425,0.014784236491349068,14.784236491349068,6.759629032258065,0.8194293021916472,0.45037710517500157,0.8388737089331819,0.16112629106681808,0.37780951263674334,153.3906098112124,-8.542212145733725
0.127835,12.7835,0.014805942045122266,14.805942045122267,6.760225806451613,0.8192846346345075,0.450333399753635,0.8388737089331819,0.16112629106681808,0.37777284930782107,153.2695609602429,-8.541872532227389
0.1279275,12.79275,0.01482766262389015,14.82766262389015,6.760822580645161,0.8191400053848604,0.45028969895671206,0.8388737089331819,0.16112629106681808,0.377736189858223,153.14842819270584,-8.54153299515183
0.12802,12.802,0.014849398263570674,14.849398263570674,6.76141935483871,0.8189954144291828,0.4502460027840098,0.8388737089331819,0.16112629106681808,0.37769953428776204,153.0272113080766,-8.541193534484417
0.1281125,12.81125,0.014871149000220503,14.871149000220502,6.762016129032258,0.8188508617539565,0.45020231123530446,0.8388737089331819,0.16112629106681808,0.3776628825962506,152.9059101050562,-8.540854150202533
0.12820499999999999,12.8205,0.01489291487003575,14.89291487003575,6.762612903225806,0.8187063473456698,0.45015862431037285,0.8388737089331819,0.16112629106681808,0.3776262347835013,152.78452438156702,-8.540514842283537
0.1282975,12.82975,0.01491469590935275,14.91469590935275,6.763209677419354,0.8185618711908171,0.45011494200899116,0.8388737089331819,0.16112629106681808,0.37758959084932653,152.66305393474866,-8.54017561070484
0.12839,12.839,0.014936492154648795,14.936492154648795,6.763806451612904,0.8184174332758976,0.4500712643309354,0.8388737089331819,0.16112629106681808,0.3775529507935383,152.5414985609537,-8.539836455443826
0.1284825,12.84825,0.014958303642542917,14.958303642542917,6.764403225806452,0.8182730335874184,0.4500275912759819,0.8388737089331819,0.16112629106681808,0.377516314615949,152.4198580557433,-8.539497376477911
0.128575,12.8575,0.014980130409796637,14.980130409796637,6.765000000000001,0.8181286721118913,0.4499839228439064,0.8388737089331819,0.16112629106681808,0.3774796823163705,152.2981322138832,-8.539158373784508
0.1286675,12.86675,0.015001972493314775,15.001972493314774,6.765596774193548,0.8179843488358342,0.4499402590344847,0.8388737089331819,0.16112629106681808,0.3774430538946148,152.176320829339,-8.53881944734102
0.12875999999999999,12.875999999999998,0.015023829930146188,15.023829930146189,6.766193548387096,0.8178400637457708,0.4498965998474922,0.8388737089331819,0.16112629106681808,0.3774064293504934,152.05442369527213,-8.53848059712491
0.1288525,12.885250000000001,0.015045702757484616,15.045702757484616,6.766790322580645,0.817695816828231,0.4498529452827045,0.8388737089331819,0.16112629106681808,0.37736980868381803,151.9324406040352,-8.538141823113593
0.128945,12.8945,0.015067591012669378,15.067591012669377,6.767387096774194,0.8175516080697506,0.4498092953398967,0.8388737089331819,0.16112629106681808,0.3773331918944002,151.81037134716794,-8.537803125284526
0.1290375,12.90375,0.015089494733186277,15.089494733186278,6.7679838709677425,0.8174074374568717,0.4497656500188441,0.8388737089331819,0.16112629106681808,0.3772965789820512,151.68821571539226,-8.537464503615169
0.12913,12.913,0.015111413956668346,15.111413956668345,6.768580645161291,0.8172633049761415,0.4497220093193216,0.8388737089331819,0.16112629106681808,0.37725996994658234,151.56597349860814,-8.53712595808298
0.1292225,12.922249999999998,0.015133348720896639,15.133348720896638,6.769177419354839,0.817119210614114,0.44967837324110405,0.8388737089331819,0.16112629106681808,0.37722336478780466,151.44364448588902,-8.536787488665432
0.12931499999999999,12.931499999999998,0.015155299063801104,15.155299063801104,6.769774193548387,0.8169751543573484,0.4496347417839661,0.8388737089331819,0.16112629106681808,0.3771867635055292,151.32122846547716,-8.536449095340005
0.1294075,12.940750000000001,0.015177265023461353,15.177265023461354,6.770370967741936,0.81683113619241,0.4495911149476823,0.8388737089331819,0.16112629106681808,0.37715016609956675,151.19872522477914,-8.536110778084195
0.1295,12.950000000000001,0.015199246638107499,15.199246638107498,6.770967741935484,0.8166871561058706,0.449547492732027,0.8388737089331819,0.16112629106681808,0.3771135725697281,151.07613455036133,-8.5357725368755
0.1295925,12.95925,0.015221243946121002,15.221243946121001,6.7715645161290325,0.8165432140843073,0.44950387513677437,0.8388737089331819,0.16112629106681808,0.3770769829158238,150.95345622794514,-8.535434371691416
0.129685,12.968499999999999,0.015243256986035503,15.243256986035503,6.772161290322581,0.8163993101143033,0.44946026216169865,0.8388737089331819,0.16112629106681808,0.3770403971376644,150.8306900424022,-8.53509628250946
0.1297775,12.977749999999999,0.015265285796537659,15.26528579653766,6.772758064516129,0.8162554441824476,0.44941665380657353,0.8388737089331819,0.16112629106681808,0.37700381523506016,150.70783577774998,-8.534758269307163
0.12986999999999999,12.986999999999998,0.015287330416467992,15.287330416467992,6.773354838709677,0.8161116162753355,0.4493730500711731,0.8388737089331819,0.16112629106681808,0.37696723720782144,150.5848932171468,-8.534420332062048
0.1299625,12.996250000000002,0.015309390884821764,15.309390884821763,6.773951612903226,0.8159678263795674,0.4493294509552707,0.8388737089331819,0.16112629106681808,0.37693066305575823,150.46186214288713,-8.534082470751652
0.130055,13.0055,0.015331467240749812,15.331467240749813,6.7745483870967735,0.8158240744817505,0.44928585645863994,0.8388737089331819,0.16112629106681808,0.37689409277868047,150.3387423363968,-8.533744685353529
0.1301475,13.01475,0.015353559523559433,15.353559523559433,6.775145161290323,0.8156803605684972,0.4492422665810541,0.8388737089331819,0.16112629106681808,0.3768575263763981,150.21553357822808,-8.533406975845233
0.13024,13.024,0.01537566777271526,15.37566777271526,6.775741935483871,0.8155366846264267,0.44919868132228646,0.8388737089331819,0.16112629106681808,0.3768209638487209,150.09223564805487,-8.533069342204325
0.1303325,13.033249999999999,0.015397792027840128,15.397792027840127,6.776338709677419,0.8153930466421632,0.44915510068210995,0.8388737089331819,0.16112629106681808,0.3767844051954583,149.96884832466782,-8.532731784408382
0.13042499999999999,13.042499999999999,0.015419932328715967,15.419932328715968,6.776935483870967,0.815249446602337,0.4491115246602976,0.8388737089331819,0.16112629106681808,0.37674785041642,149.8453713859692,-8.532394302434982
0.1305175,13.05175,0.01544208871528473,15.442088715284731,6.777532258064517,0.815105884493584,0.4490679532566218,0.8388737089331819,0.16112629106681808,0.3767112995114151,149.72180460896806,-8.532056896261714
0.13061,13.061,0.015464261227649217,15.464261227649217,6.778129032258065,0.8149623603025472,0.4490243864708556,0.8388737089331819,0.16112629106681808,0.37667475248025306,149.5981477697752,-8.531719565866172
0.1307025,13.07025,0.015486449906074043,15.486449906074043,6.778725806451613,0.8148188740158743,0.4489808243027712,0.8388737089331819,0.16112629106681808,0.376638209322743,149.4744006435982,-8.53138231122596
0.130795,13.0795,0.015508654790986558,15.508654790986558,6.779322580645161,0.814675425620219,0.4489372667521409,0.8388737089331819,0.16112629106681808,0.3766016700386937,149.3505630047359,-8.531045132318697
0.1308875,13.08875,0.015530875922977702,15.530875922977703,6.779919354838709,0.8145320151022412,0.4488937138187368,0.8388737089331819,0.16112629106681808,0.3765651346279141,149.22663462657388,-8.530708029122009
0.13097999999999999,13.097999999999999,0.015553113342802995,15.553113342802995,6.780516129032257,0.8143886424486069,0.44885016550233103,0.8388737089331819,0.16112629106681808,0.37652860309021297,149.10261528157884,-8.53037100161352
0.1310725,13.10725,0.015575367091383458,15.575367091383457,6.781112903225806,0.8142453076459868,0.4488066218026952,0.8388737089331819,0.16112629106681808,0.3764920754253988,148.97850474129345,-8.53003404977086
0.131165,13.1165,0.015597637209806496,15.597637209806496,6.7817096774193555,0.814102010681059,0.44876308271960125,0.8388737089331819,0.16112629106681808,0.3764555516332802,148.85430277633145,-8.529697173571694
0.1312575,13.12575,0.015619923739326944,15.619923739326945,6.782306451612904,0.8139587515405067,0.4487195482528206,0.8388737089331819,0.16112629106681808,0.37641903171366553,148.73000915637186,-8.529360372993661
0.13135,13.135,0.015642226721367926,15.642226721367926,6.782903225806452,0.8138155302110189,0.4486760184021248,0.8388737089331819,0.16112629106681808,0.376382515666363,148.60562365015397,-8.529023648014428
0.1314425,13.14425,0.015664546197521875,15.664546197521876,6.783499999999999,0.8136723466792904,0.44863249316728493,0.8388737089331819,0.16112629106681808,0.3763460034911807,148.48114602547193,-8.52868699861167
0.13153499999999999,13.1535,0.01568688220955147,15.686882209551468,6.784096774193548,0.8135292009320222,0.44858897254807223,0.8388737089331819,0.16112629106681808,0.37630949518792667,148.3565760491693,-8.528350424763065
0.1316275,13.16275,0.015709234799390657,15.709234799390657,6.784693548387097,0.8133860929559208,0.4485454565442575,0.8388737089331819,0.16112629106681808,0.37627299075640863,148.23191348713357,-8.528013926446297
0.13172,13.172,0.015731604009145535,15.731604009145535,6.785290322580646,0.813243022737699,0.44850194515561165,0.8388737089331819,0.16112629106681808,0.37623649019643446,148.1071581042909,-8.527677503639067
0.1318125,13.18125,0.015753989881095457,15.753989881095457,6.785887096774194,0.8130999902640751,0.44845843838190547,0.8388737089331819,0.16112629106681808,0.37619999350781186,147.98230966460028,-8.527341156319073
0.131905,13.1905,0.01577639245769395,15.776392457693948,6.786483870967742,0.8129569955217729,0.44841493622290923,0.8388737089331819,0.16112629106681808,0.3761635006903481,147.85736793104823,-8.527004884464032
0.1319975,13.199749999999998,0.015798811781569756,15.798811781569757,6.78708064516129,0.8128140384975231,0.4483714386783935,0.8388737089331819,0.16112629106681808,0.3761270117438507,147.73233266564296,-8.526668688051666
0.13208999999999999,13.208999999999998,0.015821247895527836,15.821247895527836,6.787677419354838,0.8126711191780611,0.44832794574812845,0.8388737089331819,0.16112629106681808,0.37609052666812687,147.60720362940899,-8.526332567059706
0.1321825,13.218250000000001,0.015843700842550372,15.843700842550373,6.7882741935483875,0.8125282375501283,0.448284457431884,0.8388737089331819,0.16112629106681808,0.37605404546298365,147.4819805823812,-8.525996521465872
0.132275,13.227500000000001,0.015866170665797808,15.866170665797808,6.788870967741936,0.8123853936004727,0.44824097372943034,0.8388737089331819,0.16112629106681808,0.3760175681282282,147.35666328359935,-8.525660551247926
0.1323675,13.23675,0.015888657408609886,15.888657408609886,6.789467741935484,0.8122425873158478,0.44819749464053704,0.8388737089331819,0.16112629106681808,0.37598109466366725,147.23125149110209,-8.525324656383619
0.13246,13.245999999999999,0.01591116111450668,15.911161114506678,6.790064516129032,0.8120998186830125,0.448154020164974,0.8388737089331819,0.16112629106681808,0.37594462506910775,147.10574496192126,-8.524988836850708
0.1325525,13.255249999999998,0.01593368182718966,15.933681827189659,6.790661290322581,0.8119570876887314,0.44811055030251035,0.8388737089331819,0.16112629106681808,0.37590815934435606,146.98014345207602,-8.524653092626961
0.13264499999999999,13.264499999999998,0.01595621959054272,15.95621959054272,6.791258064516129,0.811814394319776,0.4480670850529157,0.8388737089331819,0.16112629106681808,0.3758716974892189,146.8544467165669,-8.52431742369016
0.1327375,13.273750000000001,0.015978774448633278,15.978774448633278,6.791854838709678,0.8116717385629224,0.4480236244159591,0.8388737089331819,0.16112629106681808,0.3758352395035025,146.7286545093699,-8.523981830018093
0.13283,13.283000000000001,0.016001346445713317,16.001346445713317,6.792451612903226,0.8115291204049534,0.44798016839140975,0.8388737089331819,0.16112629106681808,0.3757987853870133,146.6027665834305,-8.523646311588552
0.1329225,13.29225,0.016023935626220502,16.023935626220503,6.793048387096774,0.8113865398326571,0.4479367169790365,0.8388737089331819,0.16112629106681808,0.3757623351395573,146.47678269065761,-8.523310868379337
0.133015,13.301499999999999,0.016046542034779246,16.046542034779247,6.793645161290322,0.8112439968328274,0.44789327017860797,0.8388737089331819,0.16112629106681808,0.3757258887609406,146.3507025819174,-8.52297550036826
0.1331075,13.310749999999999,0.016069165716201792,16.06916571620179,6.79424193548387,0.8111014913922643,0.44784982798989303,0.8388737089331819,0.16112629106681808,0.3756894462509691,146.22452600702738,-8.522640207533138
0.13319999999999999,13.319999999999999,0.016091806715489352,16.09180671548935,6.7948387096774185,0.810959023497773,0.44780639041265985,0.8388737089331819,0.16112629106681808,0.3756530076094484,146.09825271475003,-8.522304989851806
0.1332925,13.32925,0.01611446507783322,16.11446507783322,6.7954354838709685,0.8108165931361652,0.44776295744667693,0.8388737089331819,0.16112629106681808,0.3756165728361844,145.97188245278656,-8.521969847302081
0.133385,13.3385,0.016137140848615866,16.137140848615868,6.796032258064517,0.8106742002942584,0.4477195290917125,0.8388737089331819,0.16112629106681808,0.3755801419309825,145.8454149677709,-8.521634779861825
0.1334775,13.34775,0.01615983407341208,16.15983407341208,6.796629032258065,0.8105318449588752,0.4476761053475344,0.8388737089331819,0.16112629106681808,0.375543714893648,145.71885000526314,-8.521299787508882
0.13357,13.357,0.016182544797990132,16.182544797990133,6.797225806451613,0.8103895271168444,0.4476326862139106,0.8388737089331819,0.16112629106681808,0.3755072917239864,145.5921873097432,-8.520964870221112
0.1336625,13.366249999999999,0.016205273068312907,16.205273068312906,6.79782258064516,0.8102472467550013,0.447589271690609,0.8388737089331819,0.16112629106681808,0.3754708724218028,145.46542662460442,-8.520630027976381
0.13375499999999999,13.375499999999999,0.016228018930539042,16.228018930539044,6.7984193548387095,0.8101050038601847,0.4475458617773969,0.8388737089331819,0.16112629106681808,0.37543445698690214,145.33856769214725,-8.520295260752558
0.1338475,13.38475,0.016250782431024145,16.250782431024145,6.799016129032259,0.809962798419242,0.44750245647404197,0.8388737089331819,0.16112629106681808,0.3753980454190894,145.21161025357245,-8.519960568527543
0.13394,13.394,0.01627356361632187,16.27356361632187,6.799612903225807,0.8098206304190249,0.4474590557803115,0.8388737089331819,0.16112629106681808,0.37536163771816944,145.08455404897495,-8.519625951279219
0.1340325,13.40325,0.016296362533185248,16.29636253318525,6.800209677419355,0.8096784998463907,0.44741565969597247,0.8388737089331819,0.16112629106681808,0.3753252338839468,144.95739881733672,-8.519291408985483
0.134125,13.4125,0.01631917922856775,16.31917922856775,6.800806451612903,0.809536406688203,0.447372268220792,0.8388737089331819,0.16112629106681808,0.3752888339162261,144.83014429652047,-8.518956941624253
0.1342175,13.42175,0.01634201374962455,16.34201374962455,6.8014032258064505,0.8093943509313308,0.447328881354537,0.8388737089331819,0.16112629106681808,0.37525243781481177,144.70279022326292,-8.51862254917343
0.13430999999999998,13.431,0.01636486614371373,16.36486614371373,6.8020000000000005,0.8092523325626492,0.4472854990969741,0.8388737089331819,0.16112629106681808,0.37521604557950805,144.57533633316785,-8.518288231610954
0.1344025,13.44025,0.01638773645839751,16.387736458397512,6.802596774193549,0.809110351569039,0.44724212144787,0.8388737089331819,0.16112629106681808,0.3751796572101193,144.4477823606993,-8.51795398891475
0.134495,13.4495,0.016410624741443433,16.41062474144343,6.803193548387097,0.8089684079373866,0.4471987484069911,0.8388737089331819,0.16112629106681808,0.3751432727064495,144.32012803917505,-8.517619821062755
0.1345875,13.45875,0.016433531040825674,16.433531040825674,6.803790322580645,0.8088265016545841,0.4471553799741036,0.8388737089331819,0.16112629106681808,0.37510689206830256,144.19237310075914,-8.517285728032926
0.13468,13.468,0.016456455404726227,16.456455404726228,6.804387096774193,0.8086846327075297,0.4471120161489738,0.8388737089331819,0.16112629106681808,0.37507051529548235,144.06451727645538,-8.51695170980322
0.1347725,13.47725,0.01647939788153622,16.47939788153622,6.804983870967742,0.8085428010831265,0.4470686569313674,0.8388737089331819,0.16112629106681808,0.3750341423877924,143.93656029609997,-8.516617766351592
0.13486499999999998,13.486499999999998,0.016502358519857128,16.50235851985713,6.805580645161291,0.8084010067682846,0.4470253023210506,0.8388737089331819,0.16112629106681808,0.37499777334503664,143.80850188835467,-8.516283897656022
0.1349575,13.495750000000001,0.016525337368502115,16.525337368502115,6.806177419354839,0.8082592497499186,0.44698195231778876,0.8388737089331819,0.16112629106681808,0.3749614081670181,143.68034178069942,-8.51595010369449
0.13505,13.505,0.01654833447649725,16.54833447649725,6.806774193548387,0.80811753001495,0.44693860692134785,0.8388737089331819,0.16112629106681808,0.37492504685354056,143.55207969942543,-8.51561638444499
0.1351425,13.51425,0.016571349893082874,16.571349893082875,6.807370967741935,0.8079758475503054,0.446895266131493,0.8388737089331819,0.16112629106681808,0.37488868940440695,143.42371536962762,-8.515282739885514
0.135235,13.523499999999999,0.01659438366771488,16.59438366771488,6.807967741935483,0.8078342023429168,0.44685192994798967,0.8388737089331819,0.16112629106681808,0.37485233581942046,143.29524851519747,-8.514949169994063
0.1353275,13.532749999999998,0.016617435850066017,16.617435850066016,6.8085645161290325,0.8076925943797222,0.4468085983706027,0.8388737089331819,0.16112629106681808,0.37481598609838396,143.16667885881571,-8.514615674748663
0.13541999999999998,13.541999999999998,0.01664050649002727,16.64050649002727,6.8091612903225816,0.8075510236476655,0.44676527139909733,0.8388737089331819,0.16112629106681808,0.3747796402411004,143.0380061219447,-8.51428225412732
0.1355125,13.551250000000001,0.01666359563770914,16.66359563770914,6.80975806451613,0.807409490133697,0.44672194903323853,0.8388737089331819,0.16112629106681808,0.3747432982473727,142.9092300248211,-8.513948908108075
0.135605,13.560500000000001,0.016686703343443025,16.686703343443025,6.810354838709677,0.8072679938247711,0.44667863127279067,0.8388737089331819,0.16112629106681808,0.3747069601170031,142.78035028644837,-8.513615636668963
0.1356975,13.569749999999999,0.016709829657782598,16.7098296577826,6.810951612903225,0.8071265347078491,0.44663531811751855,0.8388737089331819,0.16112629106681808,0.3746706258497944,142.65136662458892,-8.513282439788028
0.13579,13.578999999999999,0.016732974631505162,16.73297463150516,6.811548387096774,0.8069851127698975,0.4465920095671864,0.8388737089331819,0.16112629106681808,0.3746342954455487,142.52227875575664,-8.512949317443333
0.1358825,13.588249999999999,0.01675613831561303,16.75613831561303,6.812145161290322,0.8068437279978892,0.44654870562155874,0.8388737089331819,0.16112629106681808,0.3745979689040686,142.3930863952092,-8.512616269612924
0.13597499999999998,13.597499999999998,0.016779320761334926,16.779320761334926,6.812741935483872,0.8067023803788014,0.44650540628039936,0.8388737089331819,0.16112629106681808,0.37456164622515586,142.26378925694007,-8.51228329627488
0.1360675,13.606750000000002,0.016802522020127397,16.802522020127398,6.81333870967742,0.806561069899619,0.44646211154347265,0.8388737089331819,0.16112629106681808,0.3745253274086129,142.13438705367096,-8.511950397407274
0.13616,13.616,0.01682574214367621,16.825742143676212,6.813935483870968,0.8064197965473309,0.44641882141054223,0.8388737089331819,0.16112629106681808,0.3744890124542413,142.00487949684359,-8.511617572988202
0.1362525,13.62525,0.016848981183897806,16.848981183897806,6.814532258064516,0.8062785603089322,0.4463755358813717,0.8388737089331819,0.16112629106681808,0.3744527013618429,141.87526629661195,-8.51128482299575
0.136345,13.6345,0.016872239192940734,16.872239192940732,6.815129032258064,0.8061373611714238,0.4463322549557247,0.8388737089331819,0.16112629106681808,0.37441639413121935,141.74554716183414,-8.51095214740802
0.1364375,13.643749999999999,0.016895516223187093,16.895516223187094,6.815725806451613,0.8059961991218129,0.44628897863336486,0.8388737089331819,0.16112629106681808,0.3743800907621724,141.61572180006422,-8.510619546203126
0.13652999999999998,13.652999999999999,0.01691881232725399,16.91881232725399,6.816322580645162,0.8058550741471109,0.4462457069140551,0.8388737089331819,0.16112629106681808,0.37434379125450307,141.48578991754428,-8.510287019359184
0.1366225,13.66225,0.016942127557995044,16.942127557995043,6.81691935483871,0.8057139862343363,0.44620243979755875,0.8388737089331819,0.16112629106681808,0.3743074956080129,141.35575121919587,-8.509954566854319
0.136715,13.6715,0.01696546196850184,16.965461968501838,6.817516129032258,0.8055729353705128,0.44615917728363885,0.8388737089331819,0.16112629106681808,0.3742712038225032,141.22560540861198,-8.509622188666663
0.1368075,13.68075,0.016988815612105437,16.988815612105437,6.818112903225807,0.8054319215426693,0.4461159193720581,0.8388737089331819,0.16112629106681808,0.3742349158977747,141.09535218804857,-8.509289884774367
0.1369,13.69,0.017012188542377907,17.012188542377906,6.8187096774193545,0.8052909447378415,0.4460726660625793,0.8388737089331819,0.16112629106681808,0.3741986318336286,140.964991258416,-8.508957655155571
0.1369925,13.69925,0.017035580813133836,17.035580813133837,6.819306451612903,0.8051500049430691,0.4460294173549649,0.8388737089331819,0.16112629106681808,0.3741623516298655,140.83452231927075,-8.508625499788446
0.13708499999999998,13.708499999999999,0.01705899247843182,17.058992478431822,6.819903225806452,0.805009102145399,0.4459861732489774,0.8388737089331819,0.16112629106681808,0.3741260752862863,140.70394506880675,-8.508293418651144
0.1371775,13.71775,0.01708242359257611,17.08242359257611,6.8205,0.8048682363318834,0.4459429337443791,0.8388737089331819,0.16112629106681808,0.3740898028026915,140.5732592038466,-8.507961411721842
0.13727,13.727,0.017105874210118062,17.105874210118063,6.821096774193548,0.8047274074895796,0.44589969884093206,0.8388737089331819,0.16112629106681808,0.3740535341788815,140.44246441983313,-8.50762947897873
0.1373625,13.73625,0.01712934438585782,17.12934438585782,6.821693548387096,0.8045866156055512,0.4458564685383984,0.8388737089331819,0.16112629106681808,0.3740172694146568,140.31156041082036,-8.507297620399989
0.137455,13.7455,0.017152834174845807,17.152834174845808,6.8222903225806455,0.8044458606668667,0.4458132428365397,0.8388737089331819,0.16112629106681808,0.37398100850981736,140.18054686946476,-8.506965835963825
0.1375475,13.75475,0.01717634363238439,17.17634363238439,6.822887096774194,0.8043051426606015,0.44577002173511804,0.8388737089331819,0.16112629106681808,0.37394475146416356,140.0494234870163,-8.506634125648445
0.13763999999999998,13.764,0.017199872814029453,17.199872814029455,6.823483870967743,0.8041644615738351,0.4457268052338946,0.8388737089331819,0.16112629106681808,0.3739084982774951,139.91818995330948,-8.506302489432061
0.1377325,13.77325,0.017223421775592055,17.223421775592055,6.82408064516129,0.8040238173936542,0.44568359333263113,0.8388737089331819,0.16112629106681808,0.37387224894961224,139.78684595675418,-8.505970927292886
0.137825,13.7825,0.01724699057314004,17.24699057314004,6.824677419354838,0.8038832101071498,0.44564038603108874,0.8388737089331819,0.16112629106681808,0.37383600348031437,139.65539118432656,-8.505639439209158
0.1379175,13.79175,0.017270579262999713,17.270579262999714,6.8252741935483865,0.8037426397014196,0.4455971833290287,0.8388737089331819,0.16112629106681808,0.37379976186940134,139.52382532155977,-8.505308025159117
0.13801,13.801,0.0172941879017575,17.2941879017575,6.825870967741936,0.8036021061635658,0.44555398522621176,0.8388737089331819,0.16112629106681808,0.3737635241166724,139.39214805253474,-8.50497668512101
0.1381025,13.810249999999998,0.017317816546261633,17.317816546261632,6.826467741935485,0.8034616094806972,0.44551079172239894,0.8388737089331819,0.16112629106681808,0.37372729022192713,139.26035905987067,-8.504645419073082
0.13819499999999998,13.819499999999998,0.017341465253623817,17.341465253623817,6.827064516129033,0.8033211496399285,0.44546760281735104,0.8388737089331819,0.16112629106681808,0.37369106018496484,139.12845802471568,-8.504314226993607
0.1382875,13.828750000000001,0.017365134081220975,17.365134081220976,6.827661290322581,0.8031807266283791,0.4454244185108286,0.8388737089331819,0.16112629106681808,0.37365483400558464,138.99644462673726,-8.503983108860846
0.13838,13.838000000000001,0.01738882308669696,17.38882308669696,6.828258064516128,0.8030403404331743,0.44538123880259195,0.8388737089331819,0.16112629106681808,0.3736186116835855,138.8643185441126,-8.503652064653078
0.1384725,13.847249999999999,0.017412532327964268,17.412532327964268,6.8288548387096775,0.8028999910414449,0.4453380636924014,0.8388737089331819,0.16112629106681808,0.37358239321876635,138.73207945351888,-8.503321094348594
0.138565,13.856499999999999,0.01743626186320586,17.43626186320586,6.829451612903226,0.802759678440328,0.44529489318001725,0.8388737089331819,0.16112629106681808,0.37354617861092615,138.59972703012346,-8.50299019792568
0.1386575,13.865749999999998,0.017460011750876827,17.460011750876827,6.830048387096774,0.8026194026169658,0.4452517272651993,0.8388737089331819,0.16112629106681808,0.3735099678598633,138.46726094757418,-8.502659375362656
0.13874999999999998,13.874999999999998,0.017483782049706253,17.483782049706253,6.830645161290323,0.8024791635585058,0.4452085659477076,0.8388737089331819,0.16112629106681808,0.3734737609653766,138.33468087798923,-8.5023286266378
0.1388425,13.884250000000002,0.017507572818698986,17.507572818698986,6.831241935483871,0.802338961252102,0.44516540922730174,0.8388737089331819,0.16112629106681808,0.37343755792726435,138.2019864919472,-8.501997951729464
0.138935,13.8935,0.017531384117137432,17.53138411713743,6.831838709677419,0.8021987956849134,0.44512225710374154,0.8388737089331819,0.16112629106681808,0.37340135874532504,138.06917745847701,-8.50166735061595
0.1390275,13.90275,0.0175552160045834,17.5552160045834,6.832435483870968,0.8020586668441044,0.4450791095767862,0.8388737089331819,0.16112629106681808,0.3733651634193567,137.9362534450476,-8.501336823275595
0.13912,13.911999999999999,0.01757906854087995,17.579068540879952,6.833032258064516,0.8019185747168456,0.44503596664619516,0.8388737089331819,0.16112629106681808,0.3733289719491576,137.80321411755773,-8.501006369686749
0.1392125,13.921249999999999,0.01760294178615325,17.602941786153252,6.833629032258065,0.801778519290313,0.44499282831172754,0.8388737089331819,0.16112629106681808,0.3732927843345255,137.6700591403255,-8.50067598982776
0.13930499999999998,13.930499999999999,0.017626835800814426,17.626835800814426,6.834225806451613,0.8016385005516877,0.44494969457314243,0.8388737089331819,0.16112629106681808,0.3732566005752585,137.53678817607806,-8.500345683676976
0.1393975,13.93975,0.017650750645561483,17.650750645561484,6.834822580645161,0.8014985184881573,0.4449065654301987,0.8388737089331819,0.16112629106681808,0.37322042067115413,137.40340088594087,-8.500015451212771
0.13949,13.949,0.017674686381381175,17.674686381381175,6.835419354838709,0.8013585730869144,0.44486344088265506,0.8388737089331819,0.16112629106681808,0.37318424462201016,137.26989692942726,-8.499685292413517
0.1395825,13.95825,0.017698643069550987,17.698643069550986,6.8360161290322585,0.801218664335157,0.4448203209302701,0.8388737089331819,0.16112629106681808,0.37314807242762393,137.13627596442745,-8.499355207257599
0.139675,13.9675,0.017722620771641,17.722620771640997,6.836612903225807,0.8010787922200895,0.4447772055728024,0.8388737089331819,0.16112629106681808,0.3731119040877931,137.00253764719795,-8.499025195723396
0.1397675,13.97675,0.017746619549515917,17.746619549515916,6.837209677419355,0.8009389567289209,0.44473409481001025,0.8388737089331819,0.16112629106681808,0.37307573960231466,136.8686816323505,-8.49869525778931
0.13985999999999998,13.985999999999999,0.01777063946533698,17.770639465336977,6.837806451612903,0.8007991578488665,0.44469098864165185,0.8388737089331819,0.16112629106681808,0.37303957897098594,136.7347075728411,-8.498365393433744
0.1399525,13.99525,0.017794680581563995,17.794680581563995,6.838403225806451,0.8006593955671468,0.4446478870674852,0.8388737089331819,0.16112629106681808,0.37300342219360394,136.60061511995892,-8.498035602635113
0.140045,14.0045,0.0178187429609573,17.818742960957298,6.8389999999999995,0.8005196698709882,0.4446047900872682,0.8388737089331819,0.16112629106681808,0.3729672692699655,136.46640392331514,-8.49770588537184
0.1401375,14.01375,0.01784282666657984,17.84282666657984,6.839596774193548,0.8003799807476224,0.44456169770075876,0.8388737089331819,0.16112629106681808,0.3729311201998675,136.33207363083156,-8.497376241622348
0.14023,14.023,0.017866931761799175,17.866931761799176,6.840193548387098,0.8002403281842863,0.44451860990771425,0.8388737089331819,0.16112629106681808,0.37289497498310653,136.1976238887292,-8.497046671365075
0.1403225,14.03225,0.017891058310289535,17.891058310289534,6.840790322580646,0.8001007121682235,0.4444755267078925,0.8388737089331819,0.16112629106681808,0.3728588336194793,136.06305434151693,-8.496717174578471
0.14041499999999998,14.0415,0.01791520637603393,17.91520637603393,6.841387096774194,0.7999611326866825,0.4444324481010507,0.8388737089331819,0.16112629106681808,0.37282269610878227,135.92836463197966,-8.496387751240981
0.1405075,14.05075,0.017939376023326216,17.939376023326215,6.841983870967741,0.7998215897269169,0.4443893740869461,0.8388737089331819,0.16112629106681808,0.3727865624508117,135.79355440116686,-8.496058401331066
0.1406,14.06,0.0179635673167732,17.9635673167732,6.8425806451612905,0.7996820832761864,0.4443463046653357,0.8388737089331819,0.16112629106681808,0.3727504326453638,135.65862328838068,-8.495729124827196
0.1406925,14.06925,0.01798778032129681,17.98778032129681,6.843177419354839,0.7995426133217561,0.44430323983597647,0.8388737089331819,0.16112629106681808,0.37271430669223465,135.523570931164,-8.495399921707842
0.140785,14.0785,0.018012015102136198,18.0120151021362,6.843774193548387,0.7994031798508971,0.44426017959862535,0.8388737089331819,0.16112629106681808,0.3726781845912204,135.38839696528848,-8.495070791951498
0.1408775,14.08775,0.01803627172484997,18.03627172484997,6.844370967741936,0.7992637828508852,0.4442171239530388,0.8388737089331819,0.16112629106681808,0.37264206634211666,135.25310102474236,-8.494741735536644
0.14096999999999998,14.096999999999998,0.01806055025531831,18.06055025531831,6.844967741935484,0.7991244223090024,0.4441740728989735,0.8388737089331819,0.16112629106681808,0.3726059519447194,135.11768274171843,-8.494412752441788
0.1410625,14.106250000000001,0.018084850759745252,18.08485075974525,6.845564516129032,0.798985098212536,0.4441310264361858,0.8388737089331819,0.16112629106681808,0.37256984139882426,134.98214174660137,-8.494083842645425
0.141155,14.1155,0.018109173304660827,18.10917330466083,6.84616129032258,0.7988458105487792,0.4440879845644319,0.8388737089331819,0.16112629106681808,0.3725337347042266,134.84647766795578,-8.493755006126094
0.1412475,14.12475,0.018133517956923386,18.133517956923384,6.84675806451613,0.7987065593050294,0.4440449472834677,0.8388737089331819,0.16112629106681808,0.3724976318607218,134.71069013251324,-8.493426242862292
0.14134,14.133999999999999,0.018157884783721844,18.157884783721844,6.847354838709677,0.7985673444685922,0.44400191459304983,0.8388737089331819,0.16112629106681808,0.37246153286810557,134.57477876515975,-8.493097552832563
0.1414325,14.143249999999998,0.018182273852577945,18.182273852577943,6.847951612903226,0.7984281660267757,0.44395888649293336,0.8388737089331819,0.16112629106681808,0.37242543772617254,134.43874318892307,-8.492768936015445
0.14152499999999998,14.152499999999998,0.01820668523134859,18.20668523134859,6.848548387096774,0.7982890239668956,0.44391586298287455,0.8388737089331819,0.16112629106681808,0.37238934643471816,134.30258302495974,-8.492440392389481
0.1416175,14.161750000000001,0.01823111898822818,18.231118988228182,6.8491451612903225,0.7981499182762722,0.4438728440626286,0.8388737089331819,0.16112629106681808,0.37235325899353716,134.16629789254205,-8.49211192193323
0.14171,14.171,0.018255575191750906,18.255575191750907,6.849741935483872,0.7980108489422317,0.4438298297319512,0.8388737089331819,0.16112629106681808,0.3723171754024245,134.02988740904513,-8.491783524625246
0.1418025,14.18025,0.018280053910793195,18.280053910793196,6.85033870967742,0.7978718159521055,0.4437868199905974,0.8388737089331819,0.16112629106681808,0.3722810956611748,133.8933511899334,-8.491455200444104
0.141895,14.189499999999999,0.018304555214576055,18.304555214576055,6.850935483870968,0.7977328192932308,0.4437438148383224,0.8388737089331819,0.16112629106681808,0.37224501976958263,133.7566888487475,-8.491126949368388
0.1419875,14.198749999999999,0.018329079172667496,18.329079172667498,6.851532258064516,0.7975938589529503,0.4437008142748814,0.8388737089331819,0.16112629106681808,0.3722089477274427,133.6198999970906,-8.490798771376665
0.14207999999999998,14.207999999999998,0.018353625854984967,18.353625854984966,6.852129032258064,0.7974549349186122,0.44365781830002904,0.8388737089331819,0.16112629106681808,0.3721728795345491,133.48298424461504,-8.490470666447555
0.1421725,14.21725,0.018378195331797825,18.378195331797826,6.8527258064516126,0.79731604717757,0.44361482691352017,0.8388737089331819,0.16112629106681808,0.3721368151906962,133.34594119900834,-8.490142634559636
0.142265,14.2265,0.018402787673729784,18.402787673729783,6.8533225806451625,0.7971771957171826,0.4435718401151093,0.8388737089331819,0.16112629106681808,0.3721007546956781,133.20877046597963,-8.48981467569153
0.1423575,14.23575,0.018427402951761436,18.427402951761437,6.85391935483871,0.7970383805248156,0.4435288579045511,0.8388737089331819,0.16112629106681808,0.372064698049289,133.07147164924552,-8.489486789821848
0.14245,14.245,0.0184520412372328,18.452041237232798,6.854516129032259,0.7968996015878377,0.4434858802815996,0.8388737089331819,0.16112629106681808,0.3720286452513225,132.934044350516,-8.489158976929216
0.1425425,14.254249999999999,0.018476702601845807,18.47670260184581,6.855112903225806,0.7967608588936256,0.4434429072460091,0.8388737089331819,0.16112629106681808,0.3719925963015726,132.79648816948028,-8.488831236992265
0.142635,14.2635,0.018501387117666936,18.501387117666937,6.855709677419354,0.7966221524295604,0.44339993879753375,0.8388737089331819,0.16112629106681808,0.371956551199833,132.65880270379247,-8.488503569989645
0.1427275,14.27275,0.018526094857129742,18.526094857129742,6.856306451612903,0.7964834821830282,0.4433569749359273,0.8388737089331819,0.16112629106681808,0.3719205099458971,132.5209875490571,-8.48817597589999
0.14282,14.282,0.018550825893037543,18.550825893037544,6.856903225806452,0.7963448481414216,0.44331401566094364,0.8388737089331819,0.16112629106681808,0.3718844725395585,132.3830422988144,-8.487848454701963
0.1429125,14.29125,0.018575580298566017,18.575580298566017,6.8575,0.7962062502921379,0.4432710609723363,0.8388737089331819,0.16112629106681808,0.3718484389806104,132.24496654452548,-8.48752100637423
0.143005,14.3005,0.018600358147265874,18.600358147265872,6.858096774193549,0.7960676886225803,0.44322811086985897,0.8388737089331819,0.16112629106681808,0.3718124092688462,132.10675987555783,-8.487193630895451
0.1430975,14.30975,0.018625159513065554,18.625159513065555,6.858693548387097,0.7959291631201576,0.44318516535326485,0.8388737089331819,0.16112629106681808,0.3717763834040588,131.96842187916985,-8.486866328244322
0.14319,14.319,0.01864998447027395,18.64998447027395,6.859290322580645,0.7957906737722836,0.4431422244223073,0.8388737089331819,0.16112629106681808,0.3717403613860414,131.82995214049598,-8.486539098399513
0.1432825,14.32825,0.018674833093583098,18.674833093583096,6.859887096774194,0.7956522205663775,0.44309928807673904,0.8388737089331819,0.16112629106681808,0.3717043432145865,131.6913502425314,-8.486211941339738
0.143375,14.3375,0.018699705458071047,18.699705458071048,6.860483870967742,0.7955138034898651,0.4430563563163136,0.8388737089331819,0.16112629106681808,0.3716683288894874,131.55261576611622,-8.48588485704368
0.1434675,14.34675,0.01872460163920453,18.72460163920453,6.861080645161291,0.7953754225301761,0.44301342914078334,0.8388737089331819,0.16112629106681808,0.3716323184105363,131.41374828992045,-8.485557845490062
0.14356,14.356,0.018749521712841857,18.749521712841858,6.861677419354838,0.7952370776747473,0.4429705065499013,0.8388737089331819,0.16112629106681808,0.37159631177752606,131.27474739042788,-8.485230906657595
0.1436525,14.36525,0.01877446575523574,18.774465755235738,6.862274193548387,0.795098768911019,0.4429275885434196,0.8388737089331819,0.16112629106681808,0.3715603089902488,131.13561264192032,-8.484904040525008
0.143745,14.374500000000001,0.018799433843036183,18.799433843036184,6.8628709677419355,0.7949604962264388,0.44288467512109114,0.8388737089331819,0.16112629106681808,0.37152431004849706,130.99634361646144,-8.484577247071034
0.1438375,14.383750000000001,0.018824426053293316,18.824426053293315,6.863467741935484,0.7948222596084588,0.4428417662826678,0.8388737089331819,0.16112629106681808,0.37148831495206286,130.85693988388104,-8.484250526274417
0.14393,14.393,0.018849442463460406,18.849442463460406,6.864064516129032,0.7946840590445367,0.44279886202790186,0.8388737089331819,0.16112629106681808,0.37145232370073833,130.71740101175806,-8.483923878113902
0.1440225,14.40225,0.018874483151396722,18.874483151396724,6.864661290322581,0.7945458945221354,0.4427559623565453,0.8388737089331819,0.16112629106681808,0.3714163362943154,130.5777265654047,-8.483597302568247
0.144115,14.4115,0.018899548195370593,18.899548195370592,6.865258064516129,0.7944077660287246,0.44271306726835014,0.8388737089331819,0.16112629106681808,0.3713803527325861,130.4379161078494,-8.483270799616227
0.1442075,14.420749999999998,0.018924637674062383,18.92463767406238,6.865854838709677,0.7942696735517776,0.4426701767630679,0.8388737089331819,0.16112629106681808,0.371344373015342,130.2979691998201,-8.482944369236595
0.1443,14.430000000000001,0.018949751666567503,18.949751666567504,6.866451612903226,0.7941316170787739,0.44262729084045027,0.8388737089331819,0.16112629106681808,0.37130839714237474,130.15788539972752,-8.482618011408139
0.1443925,14.439250000000001,0.018974890252399505,18.974890252399504,6.867048387096774,0.7939935965971989,0.44258440950024885,0.8388737089331819,0.16112629106681808,0.37127242511347597,130.01766426364784,-8.482291726109647
0.144485,14.448500000000001,0.019000053511493177,19.000053511493178,6.867645161290324,0.7938556120945425,0.4425415327422147,0.8388737089331819,0.16112629106681808,0.3712364569284368,129.87730534530544,-8.48196551331992
0.1445775,14.457749999999999,0.01902524152420765,19.02524152420765,6.868241935483871,0.7937176635583013,0.4424986605660992,0.8388737089331819,0.16112629106681808,0.3712004925870488,129.7368081960555,-8.481639373017758
0.14467,14.466999999999999,0.01905045437132959,19.05045437132959,6.868838709677419,0.793579750975976,0.4424557929716534,0.8388737089331819,0.16112629106681808,0.37116453208910294,129.59617236486636,-8.48131330518197
0.1447625,14.476249999999999,0.01907569213407632,19.07569213407632,6.8694354838709675,0.7934418743350735,0.4424129299586281,0.8388737089331819,0.16112629106681808,0.3711285754343904,129.45539739830178,-8.48098730979137
0.144855,14.485500000000002,0.019100954894099083,19.100954894099083,6.870032258064516,0.7933040336231062,0.44237007152677427,0.8388737089331819,0.16112629106681808,0.3710926226227021,129.31448284050302,-8.480661386824796
0.1449475,14.49475,0.019126242733486277,19.126242733486276,6.870629032258064,0.7931662288275912,0.4423272176758423,0.8388737089331819,0.16112629106681808,0.3710566736538288,129.1734282331706,-8.480335536261075
0.14504,14.504,0.019151555734766717,19.151555734766717,6.871225806451614,0.7930284599360515,0.4422843684055829,0.8388737089331819,0.16112629106681808,0.3710207285275611,129.03223311554618,-8.480009758079055
0.1451325,14.51325,0.01917689398091295,19.176893980912947,6.871822580645162,0.7928907269360159,0.44224152371574643,0.8388737089331819,0.16112629106681808,0.37098478724368994,128.89089702439395,-8.479684052257568
0.145225,14.522499999999999,0.019202257555344618,19.20225755534462,6.87241935483871,0.7927530298150185,0.4421986836060833,0.8388737089331819,0.16112629106681808,0.3709488498020057,128.749419493982,-8.479358418775494
0.1453175,14.531749999999999,0.019227646541931796,19.227646541931797,6.873016129032258,0.7926153685605978,0.4421558480763433,0.8388737089331819,0.16112629106681808,0.3709129162022986,128.60780005606358,-8.479032857611687
0.14541,14.541,0.019253061024998422,19.253061024998424,6.873612903225806,0.7924777431602987,0.4421130171262766,0.8388737089331819,0.16112629106681808,0.370876986444359,128.46603823985794,-8.478707368745011
0.1455025,14.55025,0.019278501089325713,19.278501089325715,6.874209677419355,0.7923401536016712,0.4420701907556329,0.8388737089331819,0.16112629106681808,0.370841060527977,128.32413357203131,-8.478381952154365
0.145595,14.5595,0.01930396682015565,19.30396682015565,6.874806451612903,0.7922025998722712,0.4420273689641622,0.8388737089331819,0.16112629106681808,0.37080513845294283,128.18208557667745,-8.478056607818623
0.1456875,14.56875,0.019329458303194498,19.3294583031945,6.875403225806452,0.792065081959659,0.4419845517516138,0.8388737089331819,0.16112629106681808,0.3707692202190461,128.03989377529794,-8.477731335716689
0.14578,14.578,0.01935497562461633,19.35497562461633,6.876,0.7919275998514012,0.4419417391177373,0.8388737089331819,0.16112629106681808,0.370733305826077,127.89755768678256,-8.477406135827456
0.1458725,14.58725,0.01938051887106659,19.380518871066588,6.8765967741935485,0.7917901535350692,0.44189893106228195,0.8388737089331819,0.16112629106681808,0.37069739527382495,127.75507682738936,-8.477081008129845
0.145965,14.5965,0.019406088129665714,19.406088129665715,6.877193548387097,0.7916527429982403,0.441856127584997,0.8388737089331819,0.16112629106681808,0.37066148856207964,127.61245071072442,-8.476755952602772
0.1460575,14.60575,0.0194316834880128,19.431683488012798,6.877790322580644,0.7915153682284969,0.4418133286856314,0.8388737089331819,0.16112629106681808,0.3706255856906306,127.46967884772148,-8.476430969225165
0.14615,14.615,0.01945730503418925,19.45730503418925,6.878387096774194,0.7913780292134261,0.44177053436393393,0.8388737089331819,0.16112629106681808,0.37058968665926695,127.32676074662147,-8.47610605797595
0.1462425,14.62425,0.019482952856762513,19.482952856762513,6.878983870967742,0.7912407259406221,0.44172774461965364,0.8388737089331819,0.16112629106681808,0.3705537914677782,127.18369591295169,-8.47578121883408
0.146335,14.6335,0.019508627044789836,19.508627044789836,6.87958064516129,0.7911034583976834,0.4416849594525391,0.8388737089331819,0.16112629106681808,0.37051790011595354,127.04048384950482,-8.475456451778497
0.1464275,14.64275,0.019534327687822053,19.534327687822053,6.880177419354839,0.7909662265722135,0.4416421788623388,0.8388737089331819,0.16112629106681808,0.3704820126035819,126.89712405631782,-8.475131756788151
0.14652,14.652000000000001,0.019560054875907427,19.560054875907426,6.880774193548388,0.7908290304518217,0.441599402848801,0.8388737089331819,0.16112629106681808,0.37044612893045203,126.75361603065043,-8.474807133842026
0.1466125,14.66125,0.019585808699595475,19.585808699595475,6.881370967741936,0.7906918700241231,0.44155663141167406,0.8388737089331819,0.16112629106681808,0.37041024909635295,126.60995926696383,-8.474482582919082
0.146705,14.6705,0.01961158924994094,19.61158924994094,6.881967741935484,0.7905547452767373,0.441513864550706,0.8388737089331819,0.16112629106681808,0.37037437310107324,126.46615325689847,-8.474158103998302
0.1467975,14.67975,0.01963739661850771,19.63739661850771,6.882564516129032,0.7904176561972904,0.441471102265645,0.8388737089331819,0.16112629106681808,0.3703385009444017,126.32219748925223,-8.473833697058671
0.14689,14.689,0.019663230897372767,19.663230897372767,6.8831612903225805,0.7902806027734128,0.44142834455623875,0.8388737089331819,0.16112629106681808,0.37030263262612656,126.17809144995829,-8.47350936207918
0.1469825,14.698249999999998,0.01968909217913028,19.689092179130277,6.883758064516129,0.7901435849927408,0.44138559142223494,0.8388737089331819,0.16112629106681808,0.37026676814603626,126.03383462206232,-8.473185099038846
0.147075,14.707500000000001,0.019714980556895627,19.714980556895625,6.884354838709677,0.7900066028429157,0.4413428428633812,0.8388737089331819,0.16112629106681808,0.37023090750391907,125.8894264857,-8.472860907916667
0.1471675,14.716750000000001,0.019740896124309504,19.740896124309504,6.884951612903227,0.7898696563115842,0.44130009887942484,0.8388737089331819,0.16112629106681808,0.37019505069956304,125.74486651807416,-8.47253678869167
0.14726,14.726,0.01976683897554209,19.76683897554209,6.885548387096775,0.7897327453863994,0.4412573594701134,0.8388737089331819,0.16112629106681808,0.37015919773275635,125.60015419343145,-8.472212741342872
0.1473525,14.73525,0.019792809205297256,19.792809205297257,6.886145161290323,0.7895958700550182,0.441214624635194,0.8388737089331819,0.16112629106681808,0.37012334860328683,125.45528898303886,-8.471888765849314
0.147445,14.744499999999999,0.01981880690881676,19.81880690881676,6.886741935483871,0.7894590303051038,0.4411718943744136,0.8388737089331819,0.16112629106681808,0.3700875033109423,125.31027035516026,-8.471564862190029
0.1475375,14.753749999999998,0.019844832181884545,19.844832181884545,6.887338709677419,0.7893222261243242,0.4411291686875191,0.8388737089331819,0.16112629106681808,0.3700516618555104,125.16509777503246,-8.471241030344073
0.14763,14.763000000000002,0.019870885120831083,19.870885120831083,6.887935483870967,0.7891854575003533,0.44108644757425736,0.8388737089331819,0.16112629106681808,0.37001582423677876,125.01977070484104,-8.470917270290503
0.1477225,14.772250000000001,0.019896965822537672,19.896965822537673,6.888532258064516,0.7890487244208698,0.44104373103437505,0.8388737089331819,0.16112629106681808,0.3699799904545349,124.87428860369609,-8.470593582008375
0.147815,14.7815,0.01992307438444094,19.92307438444094,6.889129032258065,0.7889120268735581,0.4410010190676185,0.8388737089331819,0.16112629106681808,0.36994416050856604,124.72865092760736,-8.470269965476769
0.1479075,14.79075,0.01994921090453723,19.949210904537228,6.889725806451613,0.7887753648461081,0.4409583116737344,0.8388737089331819,0.16112629106681808,0.36990833439865956,124.58285712945958,-8.469946420674756
0.148,14.799999999999999,0.019975375481387142,19.975375481387143,6.890322580645162,0.7886387383262148,0.4409156088524689,0.8388737089331819,0.16112629106681808,0.36987251212460265,124.4369066589872,-8.469622947581433
0.1480925,14.809249999999999,0.02000156821412007,20.00156821412007,6.89091935483871,0.788502147301578,0.44087291060356804,0.8388737089331819,0.16112629106681808,0.36983669368618227,124.29079896274907,-8.469299546175884
0.148185,14.8185,0.020027789202438796,20.027789202438797,6.891516129032258,0.7883655917599034,0.44083021692677765,0.8388737089331819,0.16112629106681808,0.3698008790831851,124.14453348410268,-8.468976216437218
0.1482775,14.82775,0.02005403854662412,20.05403854662412,6.892112903225807,0.7882290716889022,0.440787527821844,0.8388737089331819,0.16112629106681808,0.3697650683153984,123.99810966317843,-8.468652958344538
0.14837,14.837,0.02008031634753958,20.080316347539583,6.892709677419355,0.7880925870762906,0.44074484328851254,0.8388737089331819,0.16112629106681808,0.36972926138260853,123.8515269368532,-8.468329771876968
0.1484625,14.84625,0.020106622706636195,20.106622706636195,6.8933064516129035,0.7879561379097901,0.4407021633265289,0.8388737089331819,0.16112629106681808,0.3696934582846022,123.70478473872394,-8.468006657013625
0.148555,14.8555,0.020132957725957235,20.132957725957237,6.893903225806452,0.787819724177128,0.4406594879356387,0.8388737089331819,0.16112629106681808,0.369657659021166,123.55788249908099,-8.46768361373365
0.1486475,14.864749999999999,0.020159321508143084,20.159321508143083,6.8945,0.7876833458660357,0.440616817115587,0.8388737089331819,0.16112629106681808,0.369621863592086,123.4108196448809,-8.467360642016184
0.14874,14.874,0.02018571415643611,20.18571415643611,6.895096774193549,0.7875470029642511,0.4405741508661191,0.8388737089331819,0.16112629106681808,0.3695860719971486,123.26359559971931,-8.467037741840365
0.1488325,14.88325,0.020212135774685627,20.212135774685628,6.895693548387096,0.7874106954595173,0.4405314891869803,0.8388737089331819,0.16112629106681808,0.3695502842361401,123.11620978380326,-8.466714913185344
0.148925,14.8925,0.02023858646735288,20.23858646735288,6.896290322580645,0.7872744233395821,0.4404888320779153,0.8388737089331819,0.16112629106681808,0.36951450030884636,122.9686616139232,-8.466392156030306
0.1490175,14.90175,0.020265066339516115,20.265066339516114,6.8968870967741935,0.787138186592199,0.440446179538669,0.8388737089331819,0.16112629106681808,0.3694787202150534,122.82095050342491,-8.466069470354395
0.14911,14.911,0.02029157549687567,20.29157549687567,6.897483870967742,0.7870019852051268,0.440403531568986,0.8388737089331819,0.16112629106681808,0.36944294395454697,122.6730758621809,-8.465746856136807
0.1492025,14.92025,0.02031811404575912,20.31811404575912,6.89808064516129,0.7868658191661292,0.4403608881686109,0.8388737089331819,0.16112629106681808,0.3694071715271128,122.52503709656173,-8.46542431335672
0.149295,14.9295,0.020344682093126527,20.344682093126526,6.898677419354839,0.7867296884629759,0.44031824933728825,0.8388737089331819,0.16112629106681808,0.36937140293253656,122.37683360940682,-8.465101841993327
0.1493875,14.93875,0.02037127974657565,20.371279746575652,6.899274193548388,0.7865935930834409,0.44027561507476193,0.8388737089331819,0.16112629106681808,0.3693356381706035,122.22846479999515,-8.46477944202583
0.14948,14.948,0.020397907114347337,20.397907114347337,6.899870967741935,0.786457533015305,0.4402329853807766,0.8388737089331819,0.16112629106681808,0.3692998772410993,122.07993006401533,-8.464457113433435
0.1495725,14.95725,0.020424564305330857,20.424564305330858,6.900467741935484,0.7863215082463528,0.440190360255076,0.8388737089331819,0.16112629106681808,0.3692641201438091,121.93122879353574,-8.46413485619536
0.149665,14.9665,0.020451251429069377,20.451251429069377,6.901064516129032,0.7861855187643748,0.4401477396974042,0.8388737089331819,0.16112629106681808,0.3692283668785181,121.78236037697395,-8.463812670290826
0.1497575,14.975749999999998,0.020477968595765433,20.477968595765432,6.90166129032258,0.7860495645571667,0.4401051237075047,0.8388737089331819,0.16112629106681808,0.3691926174450113,121.63332419906631,-8.46349055569906
0.14985,14.985000000000001,0.020504715916286505,20.504715916286504,6.902258064516128,0.7859136456125295,0.4400625122851213,0.8388737089331819,0.16112629106681808,0.3691568718430736,121.48411964083655,-8.463168512399307
0.1499425,14.994250000000001,0.020531493502170626,20.531493502170626,6.902854838709678,0.7857777619182692,0.44001990542999736,0.8388737089331819,0.16112629106681808,0.3691211300724898,121.33474607956481,-8.462846540370808
0.150035,15.0035,0.020558301465632065,20.558301465632066,6.903451612903226,0.785641913462198,0.4399773031418766,0.8388737089331819,0.16112629106681808,0.3690853921330449,121.18520288875555,-8.462524639592818
0.1501275,15.01275,0.020585139919567095,20.585139919567094,6.904048387096775,0.7855061002321324,0.43993470542050195,0.8388737089331819,0.16112629106681808,0.3690496580245233,121.03548943810571,-8.462202810044602
0.15022,15.021999999999998,0.02061200897755976,20.61200897755976,6.904645161290322,0.7853703222158944,0.4398921122656167,0.8388737089331819,0.16112629106681808,0.36901392774670955,120.88560509347221,-8.461881051705413
0.1503125,15.031249999999998,0.02063890875388777,20.63890875388777,6.905241935483871,0.7852345794013113,0.4398495236769636,0.8388737089331819,0.16112629106681808,0.3689782012993879,120.7355492168392,-8.46155936455454
0.150405,15.040500000000002,0.020665839363528414,20.665839363528413,6.905838709677419,0.7850988717762157,0.4398069396542858,0.8388737089331819,0.16112629106681808,0.36894247868234287,120.58532116628498,-8.46123774857127
0.1504975,15.049750000000001,0.020692800922164568,20.69280092216457,6.906435483870968,0.7849631993284455,0.43976436019732573,0.8388737089331819,0.16112629106681808,0.36890675989535837,120.43492029594854,-8.460916203734891
0.15059,15.059000000000001,0.02071979354619078,20.71979354619078,6.9070322580645165,0.784827562045844,0.43972178530582634,0.8388737089331819,0.16112629106681808,0.3688710449382189,120.28434595599546,-8.460594730024688
0.1506825,15.068249999999999,0.020746817352719372,20.746817352719372,6.907629032258065,0.7846919599162595,0.4396792149795299,0.8388737089331819,0.16112629106681808,0.3688353338107081,120.13359749258397,-8.460273327419975
0.150775,15.077499999999999,0.020773872459586663,20.773872459586663,6.908225806451613,0.7845563929275453,0.4396366492181786,0.8388737089331819,0.16112629106681808,0.3687996265126097,119.98267424783013,-8.459951995900072
0.1508675,15.086749999999999,0.020800958985359212,20.800958985359213,6.908822580645161,0.7844208610675606,0.43959408802151484,0.8388737089331819,0.16112629106681808,0.3687639230437078,119.83157555977293,-8.459630735444291
0.15096,15.096000000000002,0.020828077049340192,20.82807704934019,6.90941935483871,0.7842853643241686,0.4395515313892805,0.8388737089331819,0.16112629106681808,0.36872822340378564,119.68030076233887,-8.459309546031967
0.1510525,15.10525,0.02085522677157577,20.85522677157577,6.910016129032258,0.7841499026852402,0.43950897932121796,0.8388737089331819,0.16112629106681808,0.3686925275926273,119.52884918530619,-8.458988427642426
0.151145,15.1145,0.020882408272861596,20.882408272861596,6.910612903225807,0.7840144761386489,0.4394664318170686,0.8388737089331819,0.16112629106681808,0.36865683561001567,119.37722015426864,-8.45866738025502
0.1512375,15.12375,0.02090962167474938,20.90962167474938,6.911209677419355,0.7838790846722749,0.43942388887657435,0.8388737089331819,0.16112629106681808,0.3686211474557343,119.22541299059887,-8.458346403849102
0.15133,15.133,0.020936867099553502,20.936867099553503,6.911806451612904,0.7837437282740027,0.4393813504994766,0.8388737089331819,0.16112629106681808,0.3685854631295663,119.07342701141145,-8.458025498404023
0.1514225,15.142249999999999,0.0209641446703577,20.9641446703577,6.912403225806451,0.7836084069317235,0.439338816685517,0.8388737089331819,0.16112629106681808,0.36854978263129495,118.92126152952555,-8.457704663899143
0.151515,15.1515,0.02099145451102189,20.991454511021892,6.913,0.783473120633332,0.43929628743443666,0.8388737089331819,0.16112629106681808,0.36851410596070305,118.76891585342682,-8.457383900313848
0.1516075,15.16075,0.021018796746188968,21.01879674618897,6.9135967741935485,0.783337869366729,0.43925376274597683,0.8388737089331819,0.16112629106681808,0.3684784331175735,118.61638928722948,-8.457063207627515
0.1517,15.17,0.0210461715012918,21.0461715012918,6.914193548387097,0.7832026531198207,0.4392112426198786,0.8388737089331819,0.16112629106681808,0.3684427641016892,118.46368113063724,-8.456742585819532
0.1517925,15.17925,0.021073578902560196,21.073578902560197,6.914790322580645,0.7830674718805183,0.43916872705588283,0.8388737089331819,0.16112629106681808,0.3684070989128327,118.31079067890441,-8.456422034869286
0.151885,15.1885,0.021101019077028046,21.101019077028045,6.915387096774193,0.7829323256367383,0.4391262160537304,0.8388737089331819,0.16112629106681808,0.3683714375507866,118.15771722279604,-8.456101554756193
0.1519775,15.19775,0.021128492152540423,21.128492152540424,6.915983870967742,0.7827972143764015,0.43908370961316173,0.8388737089331819,0.16112629106681808,0.3683357800153332,118.00446004854822,-8.455781145459662
0.15207,15.207,0.021155998257760943,21.155998257760942,6.916580645161291,0.7826621380874355,0.4390412077339176,0.8388737089331819,0.16112629106681808,0.368300126306255,117.85101843782711,-8.4554608069591
0.1521625,15.21625,0.021183537522178976,21.183537522178977,6.917177419354839,0.7825270967577722,0.43899871041573846,0.8388737089331819,0.16112629106681808,0.3682644764233344,117.69739166768848,-8.45514053923394
0.152255,15.2255,0.021211110076117208,21.211110076117208,6.917774193548388,0.7823920903753486,0.43895621765836434,0.8388737089331819,0.16112629106681808,0.3682288303663532,117.5435790105357,-8.454820342263616
0.1523475,15.23475,0.021238716050739057,21.238716050739058,6.918370967741935,0.7822571189281071,0.4389137294615356,0.8388737089331819,0.16112629106681808,0.3681931881350936,117.38957973407824,-8.45450021602756
0.15244,15.244,0.02126635557805631,21.26635557805631,6.918967741935483,0.7821221824039956,0.4388712458249922,0.8388737089331819,0.16112629106681808,0.36815754972933745,117.23539310128898,-8.454180160505228
0.1525325,15.25325,0.021294028790936798,21.2940287909368,6.919564516129032,0.7819872807909665,0.438828766748474,0.8388737089331819,0.16112629106681808,0.36812191514886655,117.08101837036143,-8.453860175676077
0.152625,15.262500000000001,0.021321735823112226,21.321735823112224,6.920161290322581,0.7818524140769779,0.4387862922317208,0.8388737089331819,0.16112629106681808,0.36808628439346264,116.92645479466609,-8.45354026151956
0.1527175,15.27175,0.021349476809185912,21.349476809185912,6.9207580645161295,0.7817175822499933,0.4387438222744722,0.8388737089331819,0.16112629106681808,0.36805065746290727,116.77170162270703,-8.45322041801516
0.15281,15.281,0.021377251884640906,21.377251884640906,6.921354838709678,0.781582785297981,0.4387013568764677,0.8388737089331819,0.16112629106681808,0.36801503435698196,116.61675809807674,-8.45290064514234
0.1529025,15.29025,0.021405061185847937,21.405061185847938,6.921951612903226,0.7814480232089145,0.4386588960374469,0.8388737089331819,0.16112629106681808,0.36797941507546816,116.46162345941173,-8.452580942880598
0.152995,15.299499999999998,0.0214329048500736,21.4329048500736,6.922548387096773,0.7813132959707725,0.4386164397571488,0.8388737089331819,0.16112629106681808,0.367943799618147,116.30629694034673,-8.452261311209414
0.1530875,15.308749999999998,0.021460783015488594,21.460783015488595,6.923145161290322,0.7811786035715386,0.43857398803531245,0.8388737089331819,0.16112629106681808,0.3679081879847995,116.15077776946883,-8.4519417501083
0.15318,15.318000000000001,0.02148869582117609,21.48869582117609,6.923741935483871,0.7810439459992025,0.4385315408716772,0.8388737089331819,0.16112629106681808,0.3678725801752071,115.99506517027064,-8.451622259556755
0.1532725,15.327250000000001,0.021516643407140115,21.516643407140116,6.92433870967742,0.7809093232417584,0.4384890982659817,0.8388737089331819,0.16112629106681808,0.3678369761891505,115.83915836110354,-8.451302839534295
0.153365,15.336500000000001,0.021544625914314164,21.544625914314164,6.924935483870968,0.7807747352872055,0.4384466602179648,0.8388737089331819,0.16112629106681808,0.3678013760264107,115.68305655512965,-8.450983490020437
0.1534575,15.345749999999999,0.021572643484569803,21.572643484569802,6.925532258064516,0.7806401821235488,0.438404226727365,0.8388737089331819,0.16112629106681808,0.36776577968676827,115.52675896027365,-8.450664210994727
0.15355,15.354999999999999,0.021600696260725433,21.600696260725435,6.926129032258065,0.7805056637387976,0.43836179779392087,0.8388737089331819,0.16112629106681808,0.36773018717000394,115.37026477917402,-8.450345002436682
0.1536425,15.364249999999998,0.021628784386555147,21.628784386555147,6.926725806451612,0.7803711801209676,0.43831937341737087,0.8388737089331819,0.16112629106681808,0.36769459847589825,115.21357320913349,-8.45002586432586
0.153735,15.373500000000002,0.02165690800679768,21.65690800679768,6.9273225806451615,0.7802367312580777,0.4382769535974529,0.8388737089331819,0.16112629106681808,0.36765901360423137,115.05668344206906,-8.44970679664181
0.1538275,15.382750000000001,0.02168506726716546,21.685067267165458,6.92791935483871,0.7801023171381545,0.43823453833390547,0.8388737089331819,0.16112629106681808,0.36762343255478397,114.89959466446153,-8.44938779936408
0.15392,15.392,0.021713262314353853,21.71326231435385,6.928516129032258,0.7799679377492278,0.4381921276264664,0.8388737089331819,0.16112629106681808,0.3675878553273361,114.74230605730384,-8.449068872472248
0.1540125,15.40125,0.021741493296050372,21.741493296050372,6.929112903225806,0.7798335930793334,0.4381497214748736,0.8388737089331819,0.16112629106681808,0.36755228192166783,114.58481679604964,-8.448750015945889
0.154105,15.410499999999999,0.021769760360944145,21.769760360944144,6.929709677419355,0.7796992831165118,0.43810731987886464,0.8388737089331819,0.16112629106681808,0.3675167123375591,114.42712605056056,-8.448431229764584
0.1541975,15.419749999999999,0.0217980636587354,21.798063658735398,6.930306451612903,0.7795650078488092,0.43806492283817744,0.8388737089331819,0.16112629106681808,0.36748114657479003,114.26923298505305,-8.44811251390791
0.15429,15.429,0.021826403340145115,21.826403340145113,6.9309032258064525,0.7794307672642764,0.4380225303525492,0.8388737089331819,0.16112629106681808,0.3674455846331402,114.11113675804467,-8.447793868355468
0.1543825,15.43825,0.02185477955692473,21.85477955692473,6.9315,0.7792965613509697,0.4379801424217174,0.8388737089331819,0.16112629106681808,0.3674100265123893,113.95283652229969,-8.447475293086871
0.154475,15.4475,0.021883192461866104,21.883192461866102,6.932096774193548,0.7791623900969507,0.43793775904541926,0.8388737089331819,0.16112629106681808,0.367374472212317,113.79433142477379,-8.44715678808172
0.1545675,15.45675,0.021911642208811425,21.911642208811426,6.932693548387097,0.779028253490285,0.4378953802233918,0.8388737089331819,0.16112629106681808,0.3673389217327026,113.6356206065584,-8.446838353319631
0.15466,15.466,0.02194012895266339,21.94012895266339,6.933290322580644,0.7788941515190455,0.43785300595537224,0.8388737089331819,0.16112629106681808,0.3673033750733257,113.47670320282413,-8.44651998878024
0.1547525,15.475249999999999,0.02196865284939539,21.96865284939539,6.933887096774194,0.7787600841713076,0.4378106362410971,0.8388737089331819,0.16112629106681808,0.3672678322339653,113.31757834276367,-8.446201694443163
0.154845,15.4845,0.021997214056061965,21.997214056061964,6.9344838709677425,0.7786260514351542,0.43776827108030336,0.8388737089331819,0.16112629106681808,0.3672322932144007,113.15824514953367,-8.44588347028806
0.1549375,15.49375,0.022025812730809197,22.025812730809196,6.935080645161291,0.778492053298672,0.4377259104727276,0.8388737089331819,0.16112629106681808,0.36719675801441093,112.99870274019648,-8.445565316294573
0.15503,15.503,0.02205444903288545,22.05444903288545,6.935677419354839,0.7783580897499529,0.4376835544181062,0.8388737089331819,0.16112629106681808,0.3671612266337749,112.83895022566037,-8.44524723244235
0.1551225,15.51225,0.02208312312265207,22.08312312265207,6.936274193548387,0.778224160777094,0.4376412029161754,0.8388737089331819,0.16112629106681808,0.3671256990722713,112.67898671061967,-8.444929218711048
0.155215,15.5215,0.022111835161594318,22.111835161594318,6.936870967741935,0.7780902663681982,0.43759885596667175,0.8388737089331819,0.16112629106681808,0.3670901753296792,112.5188112934938,-8.444611275080351
0.1553075,15.53075,0.022140585312332366,22.140585312332366,6.9374677419354835,0.7779564065113727,0.4375565135693311,0.8388737089331819,0.16112629106681808,0.3670546554057769,112.35842306636583,-8.444293401529931
0.1554,15.540000000000001,0.022169373738632567,22.16937373863257,6.938064516129033,0.7778225811947298,0.4375141757238895,0.8388737089331819,0.16112629106681808,0.3670191393003431,112.1978211149196,-8.443975598039465
0.1554925,15.54925,0.02219820060541865,22.198200605418652,6.938661290322581,0.7776887904063879,0.4374718424300829,0.8388737089331819,0.16112629106681808,0.3669836270131562,112.03700451837722,-8.443657864588655
0.155585,15.5585,0.022227066078783296,22.227066078783295,6.939258064516129,0.7775550341344694,0.43742951368764676,0.8388737089331819,0.16112629106681808,0.3669481185439943,111.87597234943439,-8.443340201157195
0.1556775,15.56775,0.022255970325999682,22.255970325999684,6.939854838709677,0.7774213123671021,0.437387189496317,0.8388737089331819,0.16112629106681808,0.3669126138926359,111.71472367419594,-8.443022607724785
0.15577,15.577,0.022284913515533283,22.284913515533283,6.940451612903225,0.7772876250924191,0.4373448698558288,0.8388737089331819,0.16112629106681808,0.3668771130588589,111.55325755211003,-8.44270508427115
0.1558625,15.586249999999998,0.022313895817053755,22.313895817053755,6.9410483870967745,0.7771539722985586,0.4373025547659177,0.8388737089331819,0.16112629106681808,0.36684161604244125,111.39157303590174,-8.442387630776008
0.155955,15.595500000000001,0.022342917401447025,22.342917401447025,6.941645161290323,0.777020353973664,0.43726024422631893,0.8388737089331819,0.16112629106681808,0.3668061228431611,111.22966917150559,-8.442070247219082
0.1560475,15.604750000000001,0.022371978440827455,22.371978440827455,6.942241935483871,0.7768867701058834,0.4372179382367675,0.8388737089331819,0.16112629106681808,0.366770633460796,111.06754499799762,-8.441752933580108
0.15614,15.614,0.022401079108550305,22.401079108550306,6.942838709677419,0.7767532206833703,0.43717563679699845,0.8388737089331819,0.16112629106681808,0.36673514789512374,110.90519954752574,-8.441435689838837
0.1562325,15.623249999999999,0.022430219579224205,22.430219579224204,6.943435483870968,0.776619705694283,0.4371333399067465,0.8388737089331819,0.16112629106681808,0.36669966614592175,110.74263184524027,-8.441118515975012
0.156325,15.632499999999999,0.022459400028723896,22.459400028723895,6.944032258064516,0.7764862251267856,0.4370910475657467,0.8388737089331819,0.16112629106681808,0.36666418821296776,110.57984090922264,-8.440801411968389
0.1564175,15.641749999999998,0.02248862063420306,22.48862063420306,6.944629032258065,0.7763527789690461,0.43704875977373325,0.8388737089331819,0.16112629106681808,0.36662871409603887,110.41682575041382,-8.440484377798738
0.15651,15.651000000000002,0.022517881574107414,22.517881574107413,6.945225806451613,0.7762193672092387,0.43700647653044083,0.8388737089331819,0.16112629106681808,0.3665932437949124,110.25358537254121,-8.440167413445826
0.1566025,15.660250000000001,0.022547183028187857,22.547183028187856,6.945822580645161,0.7760859898355421,0.43696419783560386,0.8388737089331819,0.16112629106681808,0.3665577773093657,110.09011877204529,-8.439850518889441
0.156695,15.6695,0.022576525177513865,22.576525177513865,6.946419354838709,0.7759526468361403,0.43692192368895644,0.8388737089331819,0.16112629106681808,0.36652231463917556,109.9264249380047,-8.43953369410936
0.1567875,15.678749999999999,0.02260590820448711,22.605908204487108,6.947016129032258,0.7758193381992221,0.43687965409023266,0.8388737089331819,0.16112629106681808,0.36648685578411905,109.76250285206042,-8.43921693908538
0.15688,15.687999999999999,0.02263533229285511,22.63533229285511,6.9476129032258065,0.775686063912982,0.43683738903916675,0.8388737089331819,0.16112629106681808,0.36645140074397314,109.59835148833926,-8.438900253797298
0.1569725,15.697249999999999,0.022664797627725233,22.664797627725232,6.948209677419356,0.7755528239656184,0.4367951285354922,0.8388737089331819,0.16112629106681808,0.36641594951851425,109.43396981337601,-8.438583638224932
0.157065,15.706500000000002,0.022694304395578745,22.694304395578744,6.948806451612904,0.7754196183453366,0.4367528725789431,0.8388737089331819,0.16112629106681808,0.3663805021075194,109.26935678603476,-8.438267092348095
0.1571575,15.71575,0.022723852784285105,22.723852784285103,6.949403225806451,0.775286447040345,0.43671062116925286,0.8388737089331819,0.16112629106681808,0.3663450585107649,109.10451135742919,-8.437950616146608
0.15725,15.725,0.022753442983116486,22.753442983116486,6.949999999999999,0.775153310038858,0.43666837430615496,0.8388737089331819,0.16112629106681808,0.36630961872802714,108.93943247084145,-8.437634209600297
0.1573425,15.73425,0.022783075182762454,22.783075182762456,6.950596774193548,0.7750202073290952,0.43662613198938277,0.8388737089331819,0.16112629106681808,0.3662741827590826,108.77411906164029,-8.437317872689007
0.157435,15.7435,0.02281274957534482,22.81274957534482,6.951193548387097,0.7748871388992811,0.4365838942186697,0.8388737089331819,0.16112629106681808,0.3662387506037074,108.60857005719805,-8.437001605392577
0.1575275,15.752749999999999,0.022842466354432756,22.842466354432755,6.951790322580646,0.7747541047376449,0.4365416609937487,0.8388737089331819,0.16112629106681808,0.36620332226167773,108.44278437680634,-8.436685407690865
0.15762,15.762,0.022872225715058054,22.872225715058054,6.952387096774194,0.7746211048324217,0.4364994323143529,0.8388737089331819,0.16112629106681808,0.3661678977327696,108.27676093159077,-8.436369279563731
0.1577125,15.77125,0.022902027853730612,22.902027853730612,6.952983870967742,0.7744881391718506,0.43645720818021494,0.8388737089331819,0.16112629106681808,0.36613247701675883,108.11049862442457,-8.43605322099103
0.157805,15.7805,0.022931872968454184,22.931872968454183,6.95358064516129,0.7743552077441762,0.4364149885910677,0.8388737089331819,0.16112629106681808,0.36609706011342125,107.94399634984056,-8.43573723195265
0.1578975,15.78975,0.022961761258742247,22.961761258742246,6.9541774193548385,0.7742223105376487,0.4363727735466439,0.8388737089331819,0.16112629106681808,0.36606164702253263,107.77725299394267,-8.43542131242847
0.15799,15.799,0.022991692925634195,22.991692925634194,6.9547741935483876,0.7740894475405222,0.4363305630466759,0.8388737089331819,0.16112629106681808,0.36602623774386855,107.61026743431545,-8.435105462398367
0.1580825,15.80825,0.02302166817171166,23.02166817171166,6.955370967741936,0.7739566187410571,0.4362883570908962,0.8388737089331819,0.16112629106681808,0.3659908322772046,107.443038539933,-8.434789681842247
0.158175,15.8175,0.0230516872011151,23.0516872011151,6.955967741935484,0.7738238241275177,0.4362461556790369,0.8388737089331819,0.16112629106681808,0.36595543062231595,107.27556517106632,-8.434473970740015
0.1582675,15.82675,0.023081750219560625,23.081750219560625,6.956564516129032,0.7736910636881742,0.43620395881083035,0.8388737089331819,0.16112629106681808,0.36592003277897817,107.10784617918937,-8.434158329071565
0.15836,15.836,0.023111857434357095,23.111857434357095,6.957161290322581,0.7735583374113013,0.4361617664860084,0.8388737089331819,0.16112629106681808,0.36588463874696625,106.93988040688362,-8.433842756816839
0.1584525,15.84525,0.02314200905442333,23.14200905442333,6.957758064516129,0.7734256452851789,0.43611957870430296,0.8388737089331819,0.16112629106681808,0.3658492485260554,106.771666687742,-8.433527253955738
0.158545,15.8545,0.023172205290305704,23.172205290305705,6.958354838709677,0.7732929872980918,0.4360773954654458,0.8388737089331819,0.16112629106681808,0.36581386211602046,106.60320384627059,-8.433211820468209
0.1586375,15.86375,0.023202446354195844,23.202446354195846,6.958951612903226,0.7731603634383303,0.4360352167691687,0.8388737089331819,0.16112629106681808,0.3657784795166365,106.43449069778988,-8.432896456334186
0.15873,15.873000000000001,0.023232732459948797,23.232732459948796,6.959548387096774,0.773027773694189,0.43599304261520294,0.8388737089331819,0.16112629106681808,0.3657431007276781,106.26552604833331,-8.432581161533617
0.1588225,15.88225,0.023263063823101157,23.263063823101156,6.960145161290322,0.7728952180539681,0.4359508730032801,0.8388737089331819,0.16112629106681808,0.36570772574892013,106.0963086945461,-8.432265936046461
0.158915,15.8915,0.023293440660889703,23.293440660889704,6.96074193548387,0.7727626965059726,0.43590870793313147,0.8388737089331819,0.16112629106681808,0.36567235458013714,105.92683742358108,-8.431950779852663
0.1590075,15.90075,0.023323863192270162,23.323863192270164,6.96133870967742,0.7726302090385121,0.435866547404488,0.8388737089331819,0.16112629106681808,0.3656369872211034,105.75711101299406,-8.4316356929322
0.1591,15.909999999999998,0.02335433163793633,23.35433163793633,6.961935483870968,0.7724977556399025,0.435824391417081,0.8388737089331819,0.16112629106681808,0.36560162367159355,105.58712823063705,-8.431320675265056
0.1591925,15.919249999999998,0.023384846220339376,23.384846220339377,6.962532258064517,0.7723653362984629,0.43578223997064114,0.8388737089331819,0.16112629106681808,0.36556626393138164,105.41688783455045,-8.431005726831199
0.159285,15.928500000000001,0.023415407163707457,23.415407163707457,6.963129032258064,0.7722329510025191,0.43574009306489947,0.8388737089331819,0.16112629106681808,0.36553090800024207,105.24638857285356,-8.430690847610622
0.1593775,15.937750000000001,0.023446014694065657,23.446014694065656,6.963725806451612,0.7721005997404006,0.43569795069958644,0.8388737089331819,0.16112629106681808,0.36549555587794874,105.07562918363323,-8.430376037583326
0.15947,15.947,0.023476669039256125,23.476669039256123,6.964322580645161,0.7719682825004426,0.4356558128744326,0.8388737089331819,0.16112629106681808,0.36546020756427555,104.90460839483141,-8.43006129672932
0.1595625,15.956249999999999,0.02350737042895869,23.50737042895869,6.96491935483871,0.7718359992709852,0.4356136795891685,0.8388737089331819,0.16112629106681808,0.3654248630589965,104.73332492413022,-8.429746625028605
0.159655,15.965499999999999,0.023538119094711502,23.5381190947115,6.965516129032259,0.7717037500403734,0.43557155084352445,0.8388737089331819,0.16112629106681808,0.3653895223618854,104.56177747883645,-8.429432022461201
0.1597475,15.974749999999998,0.023568915269932152,23.568915269932152,6.966112903225807,0.7715715347969572,0.4355294266372305,0.8388737089331819,0.16112629106681808,0.3653541854727157,104.38996475576384,-8.429117489007137
0.15984,15.984000000000002,0.02359975918993914,23.59975918993914,6.966709677419355,0.7714393535290917,0.43548730697001675,0.8388737089331819,0.16112629106681808,0.36531885239126105,104.21788544111313,-8.42880302464645
0.1599325,15.99325,0.02363065109197349,23.63065109197349,6.967306451612902,0.7713072062251368,0.43544519184161334,0.8388737089331819,0.16112629106681808,0.3652835231172951,104.04553821035142,-8.428488629359165
0.160025,16.0025,0.023661591215220865,23.661591215220863,6.967903225806452,0.7711750928734571,0.43540308125174965,0.8388737089331819,0.16112629106681808,0.3652481976505908,103.87292172808873,-8.428174303125344
0.1601175,16.01175,0.023692579800833863,23.69257980083386,6.9685,0.7710430134624237,0.43536097520015593,0.8388737089331819,0.16112629106681808,0.36521287599092184,103.70003464795339,-8.427860045925033
0.16021,16.021,0.023723617091954686,23.723617091954686,6.969096774193549,0.7709109679804104,0.43531887368656136,0.8388737089331819,0.16112629106681808,0.3651775581380611,103.52687561246564,-8.4275458577383
0.1603025,16.03025,0.023754703333738244,23.754703333738245,6.969693548387097,0.7707789564157976,0.43527677671069553,0.8388737089331819,0.16112629106681808,0.36514224409178164,103.35344325290856,-8.427231738545206
0.160395,16.0395,0.023785838773375464,23.785838773375463,6.970290322580645,0.7706469787569701,0.43523468427228773,0.8388737089331819,0.16112629106681808,0.36510693385185644,103.1797361891979,-8.426917688325835
0.1604875,16.048750000000002,0.023817023660116954,23.817023660116952,6.970887096774193,0.770515034992318,0.43519259637106733,0.8388737089331819,0.16112629106681808,0.36507162741805843,103.00575302974997,-8.426603707060265
0.16058,16.058,0.02384825824529725,23.84825824529725,6.9714838709677425,0.7703831251102355,0.43515051300676316,0.8388737089331819,0.16112629106681808,0.36503632479016024,102.83149237134641,-8.426289794728591
0.1606725,16.06725,0.023879542782359032,23.87954278235903,6.972080645161291,0.7702512490991231,0.4351084341791044,0.8388737089331819,0.16112629106681808,0.36500102596793454,102.65695279899874,-8.4259759513109
0.160765,16.0765,0.0239108775268781,23.9108775268781,6.972677419354839,0.7701194069473853,0.43506635988781983,0.8388737089331819,0.16112629106681808,0.3649657309511539,102.48213288580914,-8.42566217678731
0.1608575,16.085749999999997,0.023942262736588463,23.942262736588464,6.973274193548387,0.7699875986434321,0.43502429013263827,0.8388737089331819,0.16112629106681808,0.3649304397395909,102.30703119283024,-8.425348471137921
0.16095,16.095000000000002,0.023973698671407945,23.973698671407945,6.973870967741935,0.7698558241756778,0.43498222491328825,0.8388737089331819,0.16112629106681808,0.3648951523330176,102.13164626892227,-8.42503483434286
0.1610425,16.10425,0.0240051855934641,24.0051855934641,6.974467741935484,0.7697240835325418,0.43494016422949816,0.8388737089331819,0.16112629106681808,0.3648598687312064,101.9559766506082,-8.424721266382248
0.161135,16.1135,0.024036723767120623,24.036723767120623,6.9750645161290326,0.7695923767024495,0.4348981080809966,0.8388737089331819,0.16112629106681808,0.36482458893392944,101.78002086192647,-8.424407767236225
0.1612275,16.12275,0.02406831345900405,24.068313459004052,6.975661290322582,0.7694607036738297,0.4348560564675116,0.8388737089331819,0.16112629106681808,0.3647893129409586,101.60377741428188,-8.42409433688492
0.16132,16.131999999999998,0.02409995493803093,24.09995493803093,6.976258064516129,0.7693290644351175,0.43481400938877146,0.8388737089331819,0.16112629106681808,0.3647540407520661,101.4272448062937,-8.423780975308492
0.1614125,16.14125,0.02413164847543553,24.13164847543553,6.976854838709677,0.7691974589747519,0.4347719668445042,0.8388737089331819,0.16112629106681808,0.36471877236702366,101.25042152364139,-8.42346768248708
0.161505,16.1505,0.02416339434479765,24.16339434479765,6.977451612903225,0.7690658872811774,0.4347299288344376,0.8388737089331819,0.16112629106681808,0.36468350778560293,101.07330603890875,-8.423154458400862
0.1615975,16.15975,0.024195192822071238,24.19519282207124,6.9780483870967736,0.7689343493428437,0.4346878953582995,0.8388737089331819,0.16112629106681808,0.3646482470075756,100.8958968114247,-8.42284130303001
0.16169,16.169,0.024227044185613274,24.227044185613273,6.978645161290323,0.7688028451482041,0.43464586641581743,0.8388737089331819,0.16112629106681808,0.3646129900327131,100.71819228710173,-8.422528216354683
0.1617825,16.17825,0.024258948716213057,24.258948716213055,6.979241935483872,0.7686713746857187,0.43460384200671903,0.8388737089331819,0.16112629106681808,0.364577736860787,100.5401908982724,-8.422215198355067
0.161875,16.1875,0.024290906697122087,24.290906697122086,6.97983870967742,0.7685399379438514,0.4345618221307318,0.8388737089331819,0.16112629106681808,0.3645424874915687,100.36189106352255,-8.421902249011357
0.1619675,16.196749999999998,0.02432291841408432,24.32291841408432,6.980435483870968,0.7684085349110714,0.43451980678758295,0.8388737089331819,0.16112629106681808,0.3645072419248293,100.1832911875224,-8.42158936830376
0.16206,16.206,0.024354984155366972,24.35498415536697,6.981032258064516,0.7682771655758521,0.4344777959769996,0.8388737089331819,0.16112629106681808,0.3644720001603399,100.00438966085457,-8.42127655621246
0.1621525,16.21525,0.02438710421179171,24.38710421179171,6.9816290322580645,0.7681458299266732,0.43443578969870883,0.8388737089331819,0.16112629106681808,0.3644367621978717,99.82518485983991,-8.420963812717684
0.162245,16.2245,0.024419278876766502,24.4192788767665,6.982225806451614,0.7680145279520181,0.43439378795243766,0.8388737089331819,0.16112629106681808,0.36440152803719555,99.64567514635962,-8.420651137799647
0.1623375,16.23375,0.024451508446317816,24.451508446317817,6.982822580645161,0.7678832596403758,0.4343517907379129,0.8388737089331819,0.16112629106681808,0.3643662976780823,99.46585886767562,-8.420338531438569
0.16243,16.243,0.024483793219123445,24.483793219123445,6.98341935483871,0.7677520249802398,0.4343097980548611,0.8388737089331819,0.16112629106681808,0.36433107112030255,99.28573435624718,-8.420025993614695
0.1625225,16.25225,0.02451613349654579,24.51613349654579,6.984016129032258,0.7676208239601087,0.43426780990300906,0.8388737089331819,0.16112629106681808,0.3642958483636272,99.10529992954515,-8.419713524308245
0.162615,16.2615,0.024548529582665762,24.54852958266576,6.984612903225806,0.7674896565684861,0.43422582628208306,0.8388737089331819,0.16112629106681808,0.36426062940782655,98.9245538898626,-8.419401123499489
0.1627075,16.27075,0.02458098178431715,24.58098178431715,6.985209677419354,0.7673585227938803,0.43418384719180947,0.8388737089331819,0.16112629106681808,0.36422541425267113,98.74349452412307,-8.419088791168663
0.1628,16.28,0.0246134904111216,24.6134904111216,6.985806451612904,0.7672274226248045,0.4341418726319145,0.8388737089331819,0.16112629106681808,0.3641902028979312,98.56212010368515,-8.418776527296039
0.1628925,16.28925,0.024646055775524173,24.64605577552417,6.986403225806452,0.7670963560497774,0.43409990260212444,0.8388737089331819,0.16112629106681808,0.36415499534337714,98.380428884144,-8.418464331861882
0.162985,16.2985,0.02467867819282949,24.67867819282949,6.987,0.7669653230573219,0.4340579371021651,0.8388737089331819,0.16112629106681808,0.36411979158877905,98.19841910512964,-8.418152204846466
0.1630775,16.30775,0.02471135798123837,24.711357981238372,6.987596774193548,0.766834323635966,0.4340159761317624,0.8388737089331819,0.16112629106681808,0.3640845916339069,98.01608899010233,-8.417840146230077
0.16317,16.317,0.02474409546188528,24.74409546188528,6.9881935483870965,0.7667033577742427,0.4339740196906421,0.8388737089331819,0.16112629106681808,0.36404939547853066,97.83343674614335,-8.417528155992994
0.1632625,16.32625,0.024776890958876127,24.776890958876127,6.988790322580646,0.7665724254606896,0.4339320677785297,0.8388737089331819,0.16112629106681808,0.3640142031224201,97.65046056374416,-8.417216234115529
0.163355,16.3355,0.02480974479932707,24.80974479932707,6.989387096774194,0.7664415266838498,0.4338901203951509,0.8388737089331819,0.16112629106681808,0.3639790145653451,97.4671586165898,-8.416904380577979
0.1634475,16.34475,0.02484265731340351,24.84265731340351,6.989983870967742,0.7663106614322707,0.4338481775402311,0.8388737089331819,0.16112629106681808,0.36394382980707524,97.2835290613409,-8.416592595360651
0.16354,16.354,0.02487562883436018,24.875628834360178,6.99058064516129,0.7661798296945047,0.43380623921349526,0.8388737089331819,0.16112629106681808,0.3639086488473799,97.09957003741015,-8.416280878443875
0.1636325,16.363249999999997,0.024908659698581533,24.908659698581534,6.991177419354838,0.7660490314591096,0.433764305414669,0.8388737089331819,0.16112629106681808,0.36387347168602885,96.91527966673661,-8.415969229807953
0.163725,16.372500000000002,0.02494175024562318,24.94175024562318,6.991774193548387,0.7659182667146475,0.43372237614347714,0.8388737089331819,0.16112629106681808,0.3638382983227913,96.73065605355455,-8.415657649433236
0.1638175,16.38175,0.02497490081825366,24.974900818253662,6.992370967741937,0.7657875354496849,0.43368045139964434,0.8388737089331819,0.16112629106681808,0.3638031287574362,96.54569728415996,-8.415346137300059
0.16391,16.391,0.02500811176249725,25.00811176249725,6.992967741935485,0.7656568376527949,0.4336385311828959,0.8388737089331819,0.16112629106681808,0.3637679629897332,96.36040142667193,-8.41503469338876
0.1640025,16.40025,0.025041383427677283,25.04138342767728,6.993564516129033,0.7655261733125539,0.43359661549295625,0.8388737089331819,0.16112629106681808,0.363732801019451,96.17476653079044,-8.41472331767971
0.164095,16.409499999999998,0.025074716166460304,25.074716166460306,6.99416129032258,0.7653955424175437,0.43355470432955,0.8388737089331819,0.16112629106681808,0.3636976428463587,95.9887906275499,-8.414412010153251
0.1641875,16.41875,0.025108110334901033,25.108110334901035,6.9947580645161285,0.7652649449563509,0.43351279769240153,0.8388737089331819,0.16112629106681808,0.36366248847022503,95.80247172906843,-8.414100770789764
0.16428,16.428,0.02514156629248797,25.14156629248797,6.995354838709678,0.7651343809175668,0.4334708955812352,0.8388737089331819,0.16112629106681808,0.3636273378908188,95.61580782829274,-8.413789599569606
0.1643725,16.43725,0.025175084402189938,25.17508440218994,6.995951612903226,0.7650038502897885,0.43342899799577533,0.8388737089331819,0.16112629106681808,0.36359219110790875,95.42879689873877,-8.413478496473171
0.164465,16.4465,0.025208665030503345,25.208665030503344,6.996548387096775,0.7648733530616165,0.4333871049357459,0.8388737089331819,0.16112629106681808,0.36355704812126327,95.24143689422735,-8.413167461480851
0.1645575,16.45575,0.025242308547500307,25.242308547500308,6.997145161290323,0.7647428892216575,0.433345216400871,0.8388737089331819,0.16112629106681808,0.36352190893065095,95.05372574861599,-8.412856494573036
0.16465,16.465,0.02527601532687766,25.27601532687766,6.997741935483871,0.7646124587585221,0.43330333239087443,0.8388737089331819,0.16112629106681808,0.3634867735358402,94.8656613755249,-8.412545595730117
0.1647425,16.474249999999998,0.02530978574600668,25.309785746006682,6.9983387096774194,0.7644820616608263,0.43326145290547996,0.8388737089331819,0.16112629106681808,0.3634516419365991,94.67724166805945,-8.412234764932524
0.164835,16.4835,0.02534362018598398,25.34362018598398,6.998935483870968,0.7643516979171905,0.4332195779444112,0.8388737089331819,0.16112629106681808,0.3634165141326959,94.4884644985263,-8.411924002160664
0.1649275,16.49275,0.025377519031682925,25.377519031682926,6.999532258064517,0.7642213675162403,0.4331777075073916,0.8388737089331819,0.16112629106681808,0.36338139012389864,94.29932771814589,-8.41161330739495
0.16502,16.502,0.025411482671806332,25.411482671806333,7.000129032258065,0.7640910704466064,0.43313584159414464,0.8388737089331819,0.16112629106681808,0.36334626990997526,94.10982915675851,-8.411302680615833
0.1651125,16.51125,0.025445511498939886,25.445511498939887,7.000725806451613,0.763960806696924,0.43309398020439377,0.8388737089331819,0.16112629106681808,0.36331115349069387,93.91996662252596,-8.410992121803732
0.165205,16.5205,0.025479605909606635,25.479605909606637,7.001322580645161,0.7638305762558328,0.43305212333786186,0.8388737089331819,0.16112629106681808,0.36327604086582194,93.72973790162747,-8.4106816309391
0.16529749999999999,16.52975,0.02551376630432237,25.51376630432237,7.0019193548387095,0.7637003791119782,0.43301027099427214,0.8388737089331819,0.16112629106681808,0.36324093203512725,93.53914075795024,-8.410371208002388
0.16539,16.539,0.025547993087652137,25.547993087652138,7.002516129032258,0.7635702152540095,0.4329684231733475,0.8388737089331819,0.16112629106681808,0.36320582699837745,93.3481729327741,-8.410060852974055
0.1654825,16.54825,0.025582286668267576,25.582286668267574,7.003112903225807,0.763440084670581,0.4329265798748106,0.8388737089331819,0.16112629106681808,0.3631707257553398,93.15683214445139,-8.409750565834567
0.165575,16.5575,0.025616647459005618,25.616647459005616,7.003709677419355,0.7633099873503529,0.4328847410983843,0.8388737089331819,0.16112629106681808,0.36313562830578183,92.96511608807907,-8.409440346564397
0.1656675,16.56675,0.025651075876927994,25.651075876927994,7.004306451612903,0.7631799232819891,0.4328429068437913,0.8388737089331819,0.16112629106681808,0.36310053464947095,92.77302243516681,-8.409130195144018
0.16576,16.576,0.025685572343381955,25.685572343381956,7.004903225806451,0.7630498924541588,0.43280107711075394,0.8388737089331819,0.16112629106681808,0.3630654447861742,92.58054883329766,-8.408820111553924
0.16585249999999999,16.58525,0.02572013728406206,25.72013728406206,7.0055,0.7629198948555356,0.4327592518989945,0.8388737089331819,0.16112629106681808,0.36303035871565864,92.38769290578311,-8.408510095774599
0.165945,16.5945,0.025754771129073255,25.754771129073255,7.006096774193549,0.7627899304747984,0.4327174312082353,0.8388737089331819,0.16112629106681808,0.36299527643769136,92.19445225131128,-8.408200147786552
0.1660375,16.60375,0.025789474312994852,25.78947431299485,7.006693548387098,0.7626599993006306,0.43267561503819835,0.8388737089331819,0.16112629106681808,0.36296019795203904,92.00082444358912,-8.407890267570295
0.16613,16.613,0.02582424727494612,25.82424727494612,7.007290322580646,0.7625301013217208,0.43263380338860585,0.8388737089331819,0.16112629106681808,0.3629251232584688,91.80680703097676,-8.407580455106325
0.1662225,16.62225,0.0258590904586527,25.8590904586527,7.007887096774193,0.7624002365267621,0.4325919962591795,0.8388737089331819,0.16112629106681808,0.36289005235674704,91.61239753611643,-8.407270710375183
0.166315,16.6315,0.025894004312514506,25.894004312514504,7.0084838709677415,0.7622704049044526,0.4325501936496412,0.8388737089331819,0.16112629106681808,0.36285498524664056,91.41759345555337,-8.406961033357389
0.16640749999999999,16.640749999999997,0.025928989289674916,25.928989289674917,7.00908064516129,0.762140606443495,0.4325083955597126,0.8388737089331819,0.16112629106681808,0.36281992192791584,91.22239225934965,-8.40665142403347
0.1665,16.650000000000002,0.025964045848091165,25.964045848091164,7.009677419354839,0.7620108411325967,0.4324666019891152,0.8388737089331819,0.16112629106681808,0.36278486240033925,91.0267913906909,-8.40634188238398
0.1665925,16.65925,0.0259991744506062,25.9991744506062,7.010274193548388,0.7618811089604702,0.4324248129375703,0.8388737089331819,0.16112629106681808,0.36274980666367695,90.83078826548562,-8.40603240838946
0.166685,16.6685,0.02603437556502187,26.034375565021872,7.010870967741936,0.761751409915833,0.43238302840479936,0.8388737089331819,0.16112629106681808,0.3627147547176954,90.63438027195596,-8.405723002030479
0.1667775,16.67775,0.026069649664173522,26.06964966417352,7.011467741935484,0.7616217439874071,0.4323412483905237,0.8388737089331819,0.16112629106681808,0.36267970656216064,90.43756477022171,-8.405413663287586
0.16687,16.686999999999998,0.026104997226006094,26.104997226006095,7.012064516129032,0.7614921111639191,0.4322994728944642,0.8388737089331819,0.16112629106681808,0.3626446621968387,90.24033909187521,-8.405104392141354
0.16696249999999999,16.69625,0.026140418733651635,26.140418733651636,7.01266129032258,0.7613625114341008,0.43225770191634183,0.8388737089331819,0.16112629106681808,0.36260962162149546,90.04270053954872,-8.404795188572365
0.167055,16.7055,0.026175914675508394,26.175914675508395,7.013258064516129,0.7612329447866882,0.4322159354558775,0.8388737089331819,0.16112629106681808,0.3625745848358967,89.84464638647262,-8.404486052561198
0.1671475,16.714750000000002,0.02621148554532136,26.21148554532136,7.013854838709678,0.761103411210423,0.4321741735127919,0.8388737089331819,0.16112629106681808,0.36253955183980824,89.64617387602595,-8.40417698408845
0.16724,16.724,0.026247131842264584,26.247131842264583,7.014451612903226,0.760973910694051,0.43213241608680564,0.8388737089331819,0.16112629106681808,0.36250452263299565,89.44728022127683,-8.403867983134717
0.1673325,16.733249999999998,0.02628285407102497,26.282854071024968,7.015048387096774,0.7608444432263232,0.43209066317763933,0.8388737089331819,0.16112629106681808,0.3624694972152246,89.24796260451446,-8.4035590496806
0.167425,16.7425,0.026318652741887782,26.31865274188778,7.015645161290323,0.760715008795995,0.43204891478501345,0.8388737089331819,0.16112629106681808,0.36243447558626046,89.0482181767718,-8.403250183706714
0.16751749999999999,16.751749999999998,0.026354528370823867,26.354528370823868,7.016241935483871,0.7605856073918265,0.43200717090864793,0.8388737089331819,0.16112629106681808,0.3623994577458685,88.84804405733873,-8.402941385193671
0.16761,16.761,0.026390481479578717,26.390481479578717,7.01683870967742,0.7604562390025827,0.43196543154826306,0.8388737089331819,0.16112629106681808,0.36236444369381393,88.64743733326458,-8.40263265412211
0.1677025,16.77025,0.026426512595763108,26.426512595763107,7.017435483870968,0.7603269036170344,0.43192369670357905,0.8388737089331819,0.16112629106681808,0.3623294334298621,88.4463950588523,-8.402323990472656
0.167795,16.7795,0.026462622252945815,26.462622252945817,7.018032258064516,0.7601976012239555,0.4318819663743157,0.8388737089331819,0.16112629106681808,0.36229442695377795,88.24491425514061,-8.402015394225947
0.1678875,16.78875,0.026498810990748155,26.498810990748154,7.0186290322580644,0.7600683318121259,0.43184024056019293,0.8388737089331819,0.16112629106681808,0.36225942426532654,88.04299190937635,-8.401706865362634
0.16798,16.798,0.026535079354940348,26.535079354940347,7.019225806451613,0.7599390953703293,0.43179851926093027,0.8388737089331819,0.16112629106681808,0.3622244253642726,87.84062497447636,-8.401398403863357
0.16807249999999999,16.80725,0.026571427897540016,26.571427897540016,7.019822580645162,0.7598098918873551,0.4317568024762474,0.8388737089331819,0.16112629106681808,0.3621894302503809,87.63781036847766,-8.401090009708795
0.168165,16.8165,0.026607857176912584,26.607857176912585,7.02041935483871,0.7596807213519972,0.4317150902058639,0.8388737089331819,0.16112629106681808,0.36215443892341626,87.4345449739767,-8.400781682879613
0.1682575,16.82575,0.026644367757873863,26.644367757873862,7.021016129032258,0.7595515837530535,0.431673382449499,0.8388737089331819,0.16112629106681808,0.3621194513831431,87.23082563755693,-8.400473423356468
0.16835,16.835,0.026680960211794776,26.680960211794776,7.021612903225806,0.7594224790793278,0.43163167920687195,0.8388737089331819,0.16112629106681808,0.36208446762932606,87.02664916920381,-8.400165231120058
0.1684425,16.84425,0.02671763511670819,26.71763511670819,7.0222096774193545,0.759293407319628,0.431589980477702,0.8388737089331819,0.16112629106681808,0.36204948766172945,86.82201234170856,-8.39985710615106
0.168535,16.8535,0.026754393057418092,26.754393057418092,7.022806451612903,0.7591643684627669,0.431548286261708,0.8388737089331819,0.16112629106681808,0.3620145114801175,86.61691189005853,-8.399549048430181
0.16862749999999999,16.86275,0.026791234625610956,26.791234625610954,7.023403225806451,0.7590353624975619,0.43150659655860896,0.8388737089331819,0.16112629106681808,0.3619795390842545,86.41134451081534,-8.399241057938108
0.16872,16.872,0.026828160419969674,26.828160419969674,7.024000000000001,0.758906389412835,0.4314649113681235,0.8388737089331819,0.16112629106681808,0.3619445704739043,86.2053068614791,-8.398933134655564
0.1688125,16.88125,0.02686517104628965,26.86517104628965,7.024596774193549,0.758777449197414,0.43142323068997057,0.8388737089331819,0.16112629106681808,0.36190960564883135,85.9987955598398,-8.398625278563253
0.168905,16.8905,0.026902267117597696,26.902267117597695,7.025193548387097,0.7586485418401303,0.43138155452386867,0.8388737089331819,0.16112629106681808,0.36187464460879937,85.7918071833139,-8.398317489641897
0.1689975,16.89975,0.026939449254273204,26.939449254273203,7.025790322580645,0.7585196673298207,0.43133988286953623,0.8388737089331819,0.16112629106681808,0.36183968735357214,85.5843382682676,-8.398009767872235
0.16909,16.909,0.026976718084172145,26.976718084172145,7.026387096774194,0.7583908256553257,0.43129821572669136,0.8388737089331819,0.16112629106681808,0.3618047338829132,85.3763853093246,-8.397702113235004
0.16918249999999999,16.918249999999997,0.027014074242753587,27.014074242753587,7.026983870967741,0.7582620168054923,0.43125655309505273,0.8388737089331819,0.16112629106681808,0.36176978419658656,85.1679447586597,-8.39739452571094
0.169275,16.927500000000002,0.02705151837320924,27.05151837320924,7.027580645161291,0.7581332407691702,0.43121489497433796,0.8388737089331819,0.16112629106681808,0.3617348382943554,84.95901302527562,-8.397087005280786
0.1693675,16.93675,0.027089051126595563,27.089051126595564,7.028177419354839,0.7580044975352158,0.43117324136426544,0.8388737089331819,0.16112629106681808,0.3616998961759834,84.74958647426536,-8.396779551925311
0.16946,16.946,0.02712667316196894,27.126673161968938,7.028774193548387,0.7578757870924888,0.43113159226455283,0.8388737089331819,0.16112629106681808,0.36166495784123376,84.53966142605752,-8.396472165625278
0.1695525,16.95525,0.027164385146523893,27.164385146523895,7.029370967741936,0.7577471094298545,0.4310899476749181,0.8388737089331819,0.16112629106681808,0.3616300232898699,84.3292341556446,-8.396164846361449
0.169645,16.964499999999997,0.027202187755734214,27.202187755734215,7.029967741935483,0.7576184645361821,0.4310483075950787,0.8388737089331819,0.16112629106681808,0.36159509252165467,84.11830089179512,-8.395857594114617
0.16973749999999999,16.97375,0.027240081673497517,27.240081673497517,7.030564516129032,0.757489852400346,0.4310066720247522,0.8388737089331819,0.16112629106681808,0.36156016553635134,83.90685781624657,-8.39555040886555
0.16983,16.983,0.027278067592282757,27.278067592282756,7.031161290322581,0.7573612730112257,0.4309650409636561,0.8388737089331819,0.16112629106681808,0.3615252423337229,83.69490106288173,-8.395243290595038
0.1699225,16.992250000000002,0.027316146213281257,27.316146213281257,7.031758064516129,0.7572327263577049,0.4309234144115078,0.8388737089331819,0.16112629106681808,0.3614903229135321,83.4824267168855,-8.394936239283897
0.170015,17.0015,0.027354318246561177,27.354318246561178,7.0323548387096775,0.7571042124286723,0.43088179236802443,0.8388737089331819,0.16112629106681808,0.3614554072755419,83.26943081388256,-8.394629254912914
0.1701075,17.010749999999998,0.02739258441122544,27.39258441122544,7.032951612903227,0.7569757312130205,0.43084017483292303,0.8388737089331819,0.16112629106681808,0.3614204954195147,83.05590933905543,-8.394322337462908
0.1702,17.02,0.027430945435573385,27.430945435573385,7.033548387096774,0.7568472826996483,0.43079856180592074,0.8388737089331819,0.16112629106681808,0.3613855873452133,82.84185822624227,-8.394015486914702
0.17029249999999999,17.029249999999998,0.02746940205726608,27.46940205726608,7.034145161290323,0.7567188668774575,0.43075695328673413,0.8388737089331819,0.16112629106681808,0.36135068305240003,82.62727335701366,-8.393708703249114
0.170385,17.0385,0.027507955023495408,27.50795502349541,7.034741935483871,0.7565904837353561,0.43071534927508026,0.8388737089331819,0.16112629106681808,0.36131578254083746,82.41215055972864,-8.393401986446978
0.1704775,17.04775,0.027546605091157323,27.546605091157325,7.035338709677419,0.7564621332622563,0.43067374977067574,0.8388737089331819,0.16112629106681808,0.3612808858102879,82.19648560856753,-8.39309533648913
0.17057,17.057,0.027585353027028903,27.585353027028905,7.035935483870968,0.7563338154470743,0.43063215477323696,0.8388737089331819,0.16112629106681808,0.36124599286051334,81.98027422254319,-8.392788753356424
0.1706625,17.06625,0.027624199607949818,27.62419960794982,7.036532258064516,0.7562055302787323,0.43059056428248055,0.8388737089331819,0.16112629106681808,0.3612111036912761,81.7635120644881,-8.39248223702971
0.170755,17.075499999999998,0.027663145621007957,27.663145621007956,7.037129032258065,0.7560772777461556,0.4305489782981225,0.8388737089331819,0.16112629106681808,0.3611762183023381,81.54619474001788,-8.392175787489844
0.17084749999999999,17.08475,0.027702191863729474,27.702191863729475,7.037725806451613,0.755949057838276,0.4305073968198794,0.8388737089331819,0.16112629106681808,0.3611413366934613,81.32831779647013,-8.391869404717697
0.17094,17.094,0.027741339144273545,27.741339144273546,7.038322580645162,0.7558208705440284,0.43046581984746696,0.8388737089331819,0.16112629106681808,0.3611064588644075,81.10987672181739,-8.39156308869414
0.1710325,17.10325,0.02778058828163151,27.780588281631513,7.0389193548387095,0.7556927158523534,0.4304242473806015,0.8388737089331819,0.16112629106681808,0.36107158481493856,80.89086694355494,-8.391256839400052
0.171125,17.1125,0.027819940105831265,27.819940105831265,7.039516129032258,0.755564593752196,0.43038267941899866,0.8388737089331819,0.16112629106681808,0.361036714544816,80.67128382755999,-8.390950656816319
0.1712175,17.12175,0.027859395458146273,27.859395458146274,7.040112903225806,0.7554365042325057,0.4303411159623743,0.8388737089331819,0.16112629106681808,0.3610018480538015,80.45112267692447,-8.390644540923834
0.17131,17.131,0.027898955191309787,27.89895519130979,7.040709677419355,0.7553084472822366,0.430299557010444,0.8388737089331819,0.16112629106681808,0.3609669853416563,80.2303787307592,-8.3903384917035
0.17140249999999999,17.140249999999998,0.027938620169734495,27.938620169734495,7.041306451612902,0.7551804228903481,0.43025800256292324,0.8388737089331819,0.16112629106681808,0.36093212640814193,80.00904716296748,-8.390032509136228
0.171495,17.1495,0.027978391269737436,27.978391269737436,7.041903225806452,0.7550524310458033,0.43021645261952746,0.8388737089331819,0.16112629106681808,0.3608972712530195,79.78712308098947,-8.389726593202928
0.1715875,17.15875,0.028018269379770522,28.018269379770523,7.0425,0.7549244717375715,0.43017490717997214,0.8388737089331819,0.16112629106681808,0.3608624198760505,79.56460152451508,-8.389420743884518
0.17168,17.168,0.028058255400656974,28.058255400656975,7.043096774193549,0.7547965449546251,0.43013336624397236,0.8388737089331819,0.16112629106681808,0.3608275722769958,79.34147746416382,-8.389114961161935
0.1717725,17.17725,0.028098350245833518,28.09835024583352,7.043693548387096,0.7546686506859417,0.43009182981124316,0.8388737089331819,0.16112629106681808,0.3607927284556164,79.11774580013281,-8.388809245016098
0.171865,17.1865,0.02813855484159888,28.138554841598882,7.044290322580645,0.7545407889205038,0.4300502978814995,0.8388737089331819,0.16112629106681808,0.3607578884116732,78.89340136080929,-8.38850359542796
0.17195749999999999,17.195749999999997,0.028178870127368538,28.178870127368537,7.044887096774193,0.7544129596472987,0.43000877045445635,0.8388737089331819,0.16112629106681808,0.36072305214492706,78.66843890134841,-8.388198012378476
0.17205,17.205000000000002,0.02821929705593592,28.219297055935918,7.045483870967742,0.7542851628553177,0.4299672475298284,0.8388737089331819,0.16112629106681808,0.36068821965513864,78.4428531022147,-8.387892495848583
0.1721425,17.21425,0.028259836593740435,28.259836593740435,7.0460806451612905,0.7541573985335575,0.4299257291073303,0.8388737089331819,0.16112629106681808,0.3606533909420686,78.21663856768586,-8.38758704581925
0.172235,17.2235,0.02830048972114249,28.30048972114249,7.046677419354839,0.7540296666710188,0.4298842151866765,0.8388737089331819,0.16112629106681808,0.3606185660054774,77.9897898243173,-8.387281662271453
0.1723275,17.23275,0.028341257432705436,28.341257432705437,7.047274193548388,0.7539019672567074,0.4298427057675816,0.8388737089331819,0.16112629106681808,0.3605837448451256,77.76230131936785,-8.386976345186158
0.17242,17.241999999999997,0.028382140737485205,28.382140737485205,7.047870967741935,0.7537743002796339,0.42980120084975976,0.8388737089331819,0.16112629106681808,0.36054892746077344,77.53416741918281,-8.386671094544354
0.17251249999999999,17.25125,0.02842314065932733,28.423140659327327,7.048467741935484,0.7536466657288127,0.42975970043292516,0.8388737089331819,0.16112629106681808,0.36051411385218113,77.30538240753556,-8.38636591032702
0.172605,17.2605,0.028464258237171993,28.464258237171993,7.049064516129032,0.7535190635932639,0.4297182045167921,0.8388737089331819,0.16112629106681808,0.360479304019109,77.07594048392467,-8.386060792515158
0.1726975,17.269750000000002,0.02850549452536712,28.50549452536712,7.049661290322581,0.7533914938620119,0.42967671310107436,0.8388737089331819,0.16112629106681808,0.36044449796131695,76.84583576182551,-8.385755741089772
0.17279,17.279,0.028546850593989894,28.546850593989895,7.050258064516129,0.7532639565240852,0.42963522618548583,0.8388737089331819,0.16112629106681808,0.360409695678565,76.61506226689556,-8.385450756031865
0.1728825,17.288249999999998,0.02858832752917702,28.58832752917702,7.050854838709678,0.7531364515685174,0.42959374376974035,0.8388737089331819,0.16112629106681808,0.3603748971706131,76.38361393513027,-8.38514583732246
0.172975,17.2975,0.028629926433463772,28.629926433463773,7.051451612903226,0.7530089789843469,0.42955226585355144,0.8388737089331819,0.16112629106681808,0.36034010243722087,76.15148461097012,-8.384840984942581
0.17306749999999999,17.306749999999997,0.028671648426132575,28.671648426132574,7.052048387096774,0.7528815387606168,0.42951079243663276,0.8388737089331819,0.16112629106681808,0.3603053114781482,75.91866804535476,-8.384536198873246
0.17316,17.316000000000003,0.028713494643570835,28.713494643570833,7.0526451612903225,0.752754130886374,0.4294693235186977,0.8388737089331819,0.16112629106681808,0.36027052429315454,75.68515789372475,-8.384231479095503
0.1732525,17.32525,0.02875546623963894,28.75546623963894,7.053241935483871,0.7526267553506708,0.4294278590994596,0.8388737089331819,0.16112629106681808,0.3602357408819995,75.45094771396734,-8.383926825590384
0.173345,17.3345,0.02879756438604834,28.79756438604834,7.053838709677419,0.7524994121425643,0.4293863991786316,0.8388737089331819,0.16112629106681808,0.36020096124444245,75.21603096430539,-8.383622238338948
0.1734375,17.34375,0.028839790272750323,28.839790272750324,7.054435483870967,0.7523721012511155,0.42934494375592686,0.8388737089331819,0.16112629106681808,0.36016618538024275,74.98040100112699,-8.383317717322244
0.17353,17.352999999999998,0.02888214510833562,28.88214510833562,7.055032258064517,0.7522448226653903,0.4293034928310583,0.8388737089331819,0.16112629106681808,0.36013141328915954,74.7440510767542,-8.38301326252134
0.17362249999999999,17.36225,0.02892463012044535,28.92463012044535,7.055629032258065,0.7521175763744598,0.4292620464037388,0.8388737089331819,0.16112629106681808,0.360096644970952,74.50697433714885,-8.38270887391731
0.173715,17.3715,0.02896724655619388,28.96724655619388,7.0562258064516135,0.7519903623673988,0.42922060447368127,0.8388737089331819,0.16112629106681808,0.3600618804253793,74.26916381955175,-8.382404551491224
0.1738075,17.38075,0.029009995682603443,29.009995682603442,7.056822580645161,0.7518631806332874,0.4291791670405982,0.8388737089331819,0.16112629106681808,0.36002711965220024,74.03061245005584,-8.38210029522417
0.1739,17.39,0.029052878787051737,29.052878787051736,7.057419354838709,0.7517360311612101,0.4291377341042023,0.8388737089331819,0.16112629106681808,0.35999236265117385,73.79131304110759,-8.381796105097225
0.1739925,17.39925,0.029095897177732227,29.095897177732226,7.058016129032258,0.7516089139402558,0.4290963056642059,0.8388737089331819,0.16112629106681808,0.35995760942205873,73.55125828893689,-8.381491981091504
0.174085,17.4085,0.029139052184128048,29.139052184128047,7.058612903225806,0.7514818289595184,0.4290548817203214,0.8388737089331819,0.16112629106681808,0.3599228599646137,73.31044077091116,-8.381187923188099
0.17417749999999999,17.417749999999998,0.029182345157499828,29.182345157499828,7.059209677419355,0.751354776208096,0.4290134622722609,0.8388737089331819,0.16112629106681808,0.3598881142785972,73.06885294281187,-8.380883931368125
0.17427,17.427,0.0292257774713881,29.2257774713881,7.0598064516129035,0.7512277556750918,0.4289720473197367,0.8388737089331819,0.16112629106681808,0.35985337236376796,72.82648713602957,-8.380580005612694
0.1743625,17.43625,0.029269350522130366,29.269350522130367,7.060403225806452,0.7511007673496134,0.4289306368624608,0.8388737089331819,0.16112629106681808,0.3598186342198843,72.58333555467689,-8.380276145902934
0.174455,17.4455,0.029313065729394173,29.31306572939417,7.061,0.7509738112207724,0.4288892309001448,0.8388737089331819,0.16112629106681808,0.35978389984670434,72.3393902726126,-8.379972352219978
0.1745475,17.45475,0.029356924536725875,29.356924536725874,7.061596774193548,0.7508468872776859,0.4288478294325007,0.8388737089331819,0.16112629106681808,0.3597491692439865,72.09464323037746,-8.379668624544957
0.17464,17.464,0.02940092841211639,29.40092841211639,7.062193548387096,0.7507199955094752,0.42880643245924027,0.8388737089331819,0.16112629106681808,0.35971444241148887,71.84908623203579,-8.37936496285902
0.17473249999999999,17.47325,0.029445078848584244,29.445078848584245,7.062790322580645,0.7505931359052661,0.4287650399800749,0.8388737089331819,0.16112629106681808,0.3596797193489695,71.6027109419204,-8.379061367143315
0.174825,17.4825,0.029489377364776376,29.489377364776377,7.063387096774194,0.7504663084541896,0.42872365199471624,0.8388737089331819,0.16112629106681808,0.3596450000561864,71.35550888127771,-8.378757837379
0.1749175,17.49175,0.029533825505588057,29.53382550558806,7.063983870967742,0.7503395131453803,0.4286822685028755,0.8388737089331819,0.16112629106681808,0.35961028453289734,71.10747142480736,-8.378454373547234
0.17501,17.501,0.0295784248428018,29.578424842801798,7.064580645161291,0.7502127499679777,0.4286408895042638,0.8388737089331819,0.16112629106681808,0.35957557277886,70.85858979709451,-8.378150975629195
0.1751025,17.51025,0.029623176975746606,29.623176975746606,7.065177419354839,0.750086018911127,0.4285995149985928,0.8388737089331819,0.16112629106681808,0.35954086479383246,70.60885506892961,-8.377847643606053
0.175195,17.5195,0.029668083531978154,29.668083531978155,7.065774193548387,0.7499593199639762,0.4285581449855729,0.8388737089331819,0.16112629106681808,0.35950616057757184,70.35825815351066,-8.377544377459
0.17528749999999998,17.52875,0.029713146167980542,29.713146167980543,7.0663709677419355,0.749832653115679,0.4285167794649153,0.8388737089331819,0.16112629106681808,0.35947146012983583,70.10678980252528,-8.377241177169227
0.17538,17.538,0.02975836656989089,29.75836656989089,7.066967741935484,0.7497060183553936,0.4284754184363308,0.8388737089331819,0.16112629106681808,0.3594367634503819,69.8544406021053,-8.376938042717924
0.1754725,17.547250000000002,0.029803746454247198,29.803746454247197,7.067564516129032,0.7495794156722825,0.42843406189953015,0.8388737089331819,0.16112629106681808,0.3594020705389673,69.60120096865131,-8.376634974086297
0.175565,17.5565,0.029849287568760742,29.849287568760744,7.06816129032258,0.749452845055513,0.428392709854224,0.8388737089331819,0.16112629106681808,0.35936738139534935,69.34706114452032,-8.37633197125556
0.1756575,17.565749999999998,0.029894991693113913,29.894991693113912,7.068758064516129,0.7493263064942566,0.4283513623001226,0.8388737089331819,0.16112629106681808,0.359332696019285,69.09201119357132,-8.376029034206926
0.17575,17.575,0.02994086063978433,29.94086063978433,7.069354838709678,0.7491997999776895,0.4283100192369364,0.8388737089331819,0.16112629106681808,0.35929801441053133,68.83604099656418,-8.375726162921623
0.17584249999999998,17.584249999999997,0.02998689625489672,29.98689625489672,7.0699516129032265,0.7490733254949933,0.4282686806643759,0.8388737089331819,0.16112629106681808,0.3592633365688455,68.57914024640358,-8.375423357380884
0.175935,17.593500000000002,0.03003310041910313,30.033100419103132,7.070548387096774,0.7489468830353531,0.42822734658215117,0.8388737089331819,0.16112629106681808,0.3592286624939843,68.32129844322463,-8.375120617565942
0.1760275,17.60275,0.030079475048493266,30.079475048493265,7.071145161290322,0.7488204725879586,0.42818601698997205,0.8388737089331819,0.16112629106681808,0.3591939921857043,68.06250488931036,-8.374817943458034
0.17612,17.612,0.03012602209553582,30.12602209553582,7.071741935483871,0.7486940941420046,0.42814469188754867,0.8388737089331819,0.16112629106681808,0.35915932564376235,67.80274868383617,-8.374515335038431
0.1762125,17.62125,0.030172743550051968,30.17274355005197,7.072338709677419,0.7485677476866904,0.4281033712745909,0.8388737089331819,0.16112629106681808,0.3591246628679151,67.54201871743477,-8.37421279228837
0.176305,17.630499999999998,0.030219641440223,30.219641440223,7.072935483870968,0.7484414332112195,0.42806205515080836,0.8388737089331819,0.16112629106681808,0.3590900038579189,67.2803036665704,-8.373910315189127
0.17639749999999998,17.63975,0.03026671783363285,30.26671783363285,7.073532258064517,0.7483151507048003,0.4280207435159108,0.8388737089331819,0.16112629106681808,0.3590553486135303,67.01759198771835,-8.37360790372197
0.17649,17.649,0.030313974838347496,30.313974838347495,7.074129032258065,0.7481889001566456,0.4279794363696078,0.8388737089331819,0.16112629106681808,0.35902069713450563,66.75387191133849,-8.37330555786817
0.1765825,17.65825,0.03036141460403251,30.36141460403251,7.074725806451613,0.7480626815559727,0.4279381337116085,0.8388737089331819,0.16112629106681808,0.35898604942060097,66.48913143563597,-8.373003277609024
0.176675,17.6675,0.030409039323110742,30.409039323110743,7.075322580645161,0.7479364948920033,0.42789683554162233,0.8388737089331819,0.16112629106681808,0.3589514054715725,66.22335832009756,-8.372701062925811
0.1767675,17.67675,0.030456851231961773,30.45685123196177,7.07591935483871,0.7478103401539639,0.4278555418593584,0.8388737089331819,0.16112629106681808,0.35891676528717625,65.95654007879527,-8.372398913799836
0.17686,17.686,0.030504852612164738,30.504852612164736,7.076516129032258,0.7476842173310863,0.42781425266452633,0.8388737089331819,0.16112629106681808,0.3588821288671686,65.68866397344726,-8.372096830212397
0.17695249999999998,17.695249999999998,0.03055304579178693,30.55304579178693,7.077112903225807,0.7475581264126048,0.4277729679568344,0.8388737089331819,0.16112629106681808,0.35884749621130485,65.41971700622359,-8.371794812144808
0.177045,17.7045,0.030601433146719873,30.601433146719874,7.077709677419355,0.7474320673877602,0.42773168773599196,0.8388737089331819,0.16112629106681808,0.3588128673193412,65.14968591228683,-8.371492859578385
0.1771375,17.71375,0.030650017102065195,30.650017102065195,7.078306451612903,0.7473060402457972,0.42769041200170754,0.8388737089331819,0.16112629106681808,0.35877824219103305,64.87855715205433,-8.371190972494455
0.17723,17.723,0.030698800133572592,30.698800133572593,7.078903225806452,0.7471800449759641,0.4276491407536898,0.8388737089331819,0.16112629106681808,0.35874362082613614,64.6063169031703,-8.370889150874342
0.1773225,17.73225,0.030747784769132303,30.747784769132302,7.0794999999999995,0.7470540815675156,0.42760787399164746,0.8388737089331819,0.16112629106681808,0.358709003224406,64.33295105217293,-8.37058739469939
0.177415,17.7415,0.030796973590324316,30.796973590324317,7.0800967741935485,0.7469281500097094,0.4275666117152889,0.8388737089331819,0.16112629106681808,0.3586743893855981,64.05844518584489,-8.370285703950938
0.17750749999999998,17.75075,0.030846369234027685,30.846369234027684,7.080693548387097,0.7468022502918081,0.42752535392432245,0.8388737089331819,0.16112629106681808,0.35863977930946767,63.782784582228714,-8.369984078610344
0.1776,17.76,0.030895974394092116,30.895974394092118,7.081290322580645,0.7466763824030792,0.4274841006184563,0.8388737089331819,0.16112629106681808,0.35860517299577,63.5059542012939,-8.369682518658951
0.1776925,17.76925,0.03094579182307497,30.94579182307497,7.081887096774193,0.7465505463327945,0.4274428517973987,0.8388737089331819,0.16112629106681808,0.3585705704442603,63.22793867523913,-8.369381024078141
0.177785,17.7785,0.030995824334047253,30.995824334047253,7.082483870967743,0.7464247420702299,0.4274016074608576,0.8388737089331819,0.16112629106681808,0.35853597165469353,62.948722298409116,-8.369079594849266
0.1778775,17.78775,0.031046074802471554,31.046074802471555,7.08308064516129,0.7462989696046668,0.42736036760854107,0.8388737089331819,0.16112629106681808,0.3585013766268249,62.66828901681016,-8.368778230953708
0.17797,17.797,0.03109654616815525,31.09654616815525,7.083677419354839,0.74617322892539,0.4273191322401566,0.8388737089331819,0.16112629106681808,0.358466785360409,62.38662241720493,-8.368476932372866
0.17806249999999998,17.80625,0.0311472414372835,31.1472414372835,7.084274193548387,0.7460475200216897,0.42727790135541227,0.8388737089331819,0.16112629106681808,0.3584321978552009,62.10370571576213,-8.368175699088107
0.178155,17.8155,0.03119816368453532,31.198163684535317,7.084870967741935,0.74592184288286,0.4272366749540154,0.8388737089331819,0.16112629106681808,0.35839761411095516,61.81952174624243,-8.367874531080842
0.1782475,17.82475,0.031249316055287045,31.249316055287046,7.085467741935483,0.7457961974981999,0.42719545303567363,0.8388737089331819,0.16112629106681808,0.3583630341274265,61.534052947695905,-8.367573428332468
0.17834,17.834,0.03130070176790802,31.300701767908023,7.086064516129032,0.7456705838570127,0.4271542356000944,0.8388737089331819,0.16112629106681808,0.3583284579043694,61.24728135164537,-8.3672723908244
0.1784325,17.843249999999998,0.03135232411615297,31.35232411615297,7.086661290322581,0.745545001948606,0.4271130226469847,0.8388737089331819,0.16112629106681808,0.3582938854415382,60.959188568729445,-8.366971418538053
0.178525,17.8525,0.0314041864716558,31.404186471655798,7.08725806451613,0.7454194517622926,0.42707181417605217,0.8388737089331819,0.16112629106681808,0.35825931673868755,60.66975577477906,-8.366670511454844
0.17861749999999998,17.861749999999997,0.03145629228653096,31.456292286530964,7.087854838709678,0.7452939332873894,0.42703061018700356,0.8388737089331819,0.16112629106681808,0.3582247517955715,60.37896369629422,-8.366369669556208
0.17871,17.871000000000002,0.03150864509608717,31.508645096087168,7.088451612903225,0.7451684465132175,0.42698941067954593,0.8388737089331819,0.16112629106681808,0.3581901906119443,60.086792595292934,-8.366068892823584
0.1788025,17.88025,0.031561248521660035,31.561248521660033,7.089048387096774,0.7450429914291025,0.4269482156533861,0.8388737089331819,0.16112629106681808,0.35815563318756,59.79322225349599,-8.365768181238407
0.178895,17.889499999999998,0.0316141062735701,31.6141062735701,7.089645161290322,0.7449175680243753,0.426907025108231,0.8388737089331819,0.16112629106681808,0.35812107952217276,59.49823195581252,-8.365467534782132
0.1789875,17.89875,0.031667222154212436,31.667222154212435,7.0902419354838715,0.7447921762883702,0.426865839043787,0.8388737089331819,0.16112629106681808,0.3580865296155363,59.201800473089996,-8.36516695343621
0.17908,17.907999999999998,0.031720600061286054,31.720600061286053,7.09083870967742,0.7446668162104272,0.42682465745976084,0.8388737089331819,0.16112629106681808,0.35805198346740447,58.903906044084245,-8.364866437182119
0.17917249999999998,17.91725,0.031774243991170036,31.774243991170035,7.091435483870968,0.7445414877798897,0.42678348035585906,0.8388737089331819,0.16112629106681808,0.35801744107753125,58.60452635661024,-8.364565986001304
0.179265,17.9265,0.03182815804245519,31.828158042455186,7.092032258064516,0.7444161909861059,0.42674230773178784,0.8388737089331819,0.16112629106681808,0.35798290244567016,58.30363852782449,-8.364265599875255
0.1793575,17.93575,0.031882346419639565,31.882346419639564,7.092629032258064,0.7442909258184288,0.42670113958725336,0.8388737089331819,0.16112629106681808,0.3579483675715746,58.00121908359237,-8.363965278785455
0.17945,17.945,0.03193681343699795,31.93681343699795,7.093225806451613,0.7441656922662151,0.42665997592196175,0.8388737089331819,0.16112629106681808,0.35791383645499814,57.69724393688482,-8.363665022713386
0.1795425,17.95425,0.03199156352263466,31.991563522634657,7.093822580645162,0.7440404903188275,0.4266188167356193,0.8388737089331819,0.16112629106681808,0.3578793090956944,57.391688365150586,-8.363364831640553
0.179635,17.9635,0.03204660122273095,32.046601222730956,7.09441935483871,0.7439153199656314,0.4265776620279317,0.8388737089331819,0.16112629106681808,0.3578447854934164,57.08452698660299,-8.363064705548444
0.17972749999999998,17.972749999999998,0.03210193120599819,32.10193120599819,7.095016129032258,0.743790181195998,0.42653651179860486,0.8388737089331819,0.16112629106681808,0.35781026564791757,56.77573373535726,-8.362764644418581
0.17982,17.982,0.03215755826834936,32.15755826834936,7.095612903225807,0.7436650739993022,0.42649536604734434,0.8388737089331819,0.16112629106681808,0.3577757495589508,56.46528183534884,-8.362464648232471
0.1799125,17.99125,0.032213487337802035,32.213487337802036,7.096209677419355,0.7435399983649233,0.42645422477385586,0.8388737089331819,0.16112629106681808,0.35774123722626927,56.15314377295984,-8.362164716971645
0.180005,18.0005,0.03226972347962706,32.26972347962706,7.096806451612904,0.7434149542822459,0.426413087977845,0.8388737089331819,0.16112629106681808,0.35770672864962605,55.83929126827339,-8.361864850617607
0.1800975,18.00975,0.03232627190175799,32.32627190175799,7.097403225806451,0.7432899417406587,0.42637195565901714,0.8388737089331819,0.16112629106681808,0.3576722238287739,55.52369524487211,-8.361565049151926
0.18019,18.019,0.032383137960477676,32.383137960477676,7.098,0.743164960729554,0.42633082781707743,0.8388737089331819,0.16112629106681808,0.3576377227634655,55.20632579808937,-8.361265312556117
0.18028249999999998,18.02825,0.03244032716639982,32.440327166399825,7.098596774193548,0.7430400112383295,0.4262897044517311,0.8388737089331819,0.16112629106681808,0.35760322545345363,54.887152161613486,-8.360965640811735
0.180375,18.0375,0.032497845190763944,32.49784519076395,7.099193548387096,0.7429150932563876,0.4262485855626834,0.8388737089331819,0.16112629106681808,0.357568731898491,54.56614267234269,-8.360666033900337
0.1804675,18.04675,0.03255569787206451,32.55569787206451,7.099790322580646,0.7427902067731336,0.4262074711496389,0.8388737089331819,0.16112629106681808,0.35753424209832974,54.24326473337356,-8.360366491803486
0.18056,18.056,0.03261389122303575,32.61389122303575,7.100387096774194,0.7426653517779797,0.42616636121230306,0.8388737089331819,0.16112629106681808,0.3574997560527228,53.91848477500448,-8.360067014502743
0.1806525,18.06525,0.032672431438016236,32.67243143801623,7.100983870967743,0.7425405282603402,0.42612525575038024,0.8388737089331819,0.16112629106681808,0.3574652737614222,53.59176821361793,-8.359767601979682
0.180745,18.0745,0.032731324900718325,32.73132490071833,7.101580645161291,0.7424157362096352,0.42608415476357525,0.8388737089331819,0.16112629106681808,0.35743079522418025,53.263079408303554,-8.359468254215885
0.18083749999999998,18.08375,0.03279057819243019,32.79057819243019,7.102177419354838,0.7422909756152889,0.4260430582515928,0.8388737089331819,0.16112629106681808,0.3573963204407493,52.93238161506488,-8.359168971192942
0.18093,18.093,0.0328501981006804,32.8501981006804,7.102774193548386,0.7421662464667297,0.426001966214137,0.8388737089331819,0.16112629106681808,0.35736184941088117,52.59963693844419,-8.358869752892444
0.1810225,18.10225,0.0329101916283971,32.910191628397094,7.103370967741935,0.7420415487533906,0.4259608786509124,0.8388737089331819,0.16112629106681808,0.3573273821343279,52.264806280386075,-8.358570599295991
0.181115,18.1115,0.03297056600359668,32.97056600359668,7.103967741935484,0.7419168824647093,0.42591979556162335,0.8388737089331819,0.16112629106681808,0.35729291861084156,51.92784928614435,-8.358271510385189
0.1812075,18.12075,0.03303132868964025,33.031328689640254,7.104564516129033,0.7417922475901273,0.4258787169459738,0.8388737089331819,0.16112629106681808,0.35725845884017376,51.588724287019325,-8.357972486141648
0.1813,18.13,0.033092487396098616,33.09248739609862,7.105161290322581,0.7416676441190917,0.425837642803668,0.8388737089331819,0.16112629106681808,0.35722400282207645,51.247388239697436,-8.35767352654699
0.18139249999999998,18.139249999999997,0.03315405009027081,33.15405009027081,7.105758064516129,0.7415430720410531,0.42579657313440983,0.8388737089331819,0.16112629106681808,0.3571895505563012,50.903796661941975,-8.357374631582843
0.181485,18.148500000000002,0.03321602500940465,33.216025009404646,7.106354838709676,0.7414185313454661,0.42575550793790307,0.8388737089331819,0.16112629106681808,0.35715510204259954,50.55790356436477,-8.357075801230836
0.1815775,18.15775,0.03327842067367263,33.27842067367263,7.106951612903226,0.7412940220217906,0.42571444721385143,0.8388737089331819,0.16112629106681808,0.35712065728072284,50.209661377980225,-8.356777035472613
0.18167,18.167,0.033341245899960646,33.34124589996065,7.107548387096775,0.741169544059491,0.42567339096195866,0.8388737089331819,0.16112629106681808,0.35708621627042264,49.85902087722141,-8.356478334289813
0.1817625,18.17625,0.03340450981653302,33.40450981653302,7.108145161290323,0.7410450974480357,0.42563233918192833,0.8388737089331819,0.16112629106681808,0.3570517790114503,49.50593109806416,-8.356179697664095
0.181855,18.185499999999998,0.033468221878642394,33.468221878642396,7.108741935483871,0.7409206821768975,0.4255912918734637,0.8388737089331819,0.16112629106681808,0.35701734550355685,49.15033925087477,-8.355881125577108
0.18194749999999998,18.19475,0.03353239188516055,33.53239188516055,7.109338709677419,0.7407962982355538,0.42555024903626826,0.8388737089331819,0.16112629106681808,0.3569829157464936,48.79219062755903,-8.355582618010521
0.18204,18.204,0.03359702999631254,33.59702999631254,7.109935483870968,0.740671945613486,0.42550921067004505,0.8388737089331819,0.16112629106681808,0.35694848974001137,48.43142850255043,-8.355284174946012
0.1821325,18.21325,0.03366214675260492,33.66214675260492,7.1105322580645165,0.7405476243001807,0.4254681767744974,0.8388737089331819,0.16112629106681808,0.3569140674838613,48.06799402713199,-8.354985796365254
0.182225,18.2225,0.03372775309504841,33.72775309504841,7.111129032258065,0.7404233342851282,0.42542714734932807,0.8388737089331819,0.16112629106681808,0.3568796489777941,47.70182611653116,-8.354687482249926
0.1823175,18.231749999999998,0.03379386038678395,33.79386038678395,7.111725806451613,0.7402990755578237,0.4253861223942403,0.8388737089331819,0.16112629106681808,0.35684523422156084,47.3328613291793,-8.354389232581726
0.18241,18.241,0.03386048043623368,33.86048043623368,7.112322580645161,0.7401748481077666,0.42534510190893676,0.8388737089331819,0.16112629106681808,0.35681082321491203,46.96103373745713,-8.354091047342346
0.18250249999999998,18.250249999999998,0.033927625521910254,33.92762552191025,7.112919354838709,0.7400506519244606,0.4253040858931202,0.8388737089331819,0.16112629106681808,0.3567764159575983,46.586274789182276,-8.35379292651349
0.182595,18.2595,0.03399530841903204,33.99530841903204,7.113516129032258,0.7399264869974135,0.425263074346493,0.8388737089331819,0.16112629106681808,0.3567420124493701,46.20851315901359,-8.353494870076867
0.1826875,18.26875,0.03406354242810702,34.06354242810702,7.1141129032258075,0.7398023533161385,0.425222067268758,0.8388737089331819,0.16112629106681808,0.35670761268997797,45.827674588864376,-8.353196878014204
0.18278,18.278,0.034132341405667205,34.132341405667205,7.114709677419356,0.7396782508701524,0.4251810646596174,0.8388737089331819,0.16112629106681808,0.3566732166791723,45.44368171630889,-8.352898950307221
0.1828725,18.28725,0.034201719797353924,34.201719797353924,7.115306451612903,0.7395541796489765,0.42514006651877356,0.8388737089331819,0.16112629106681808,0.35663882441670325,45.05645388986407,-8.352601086937636
0.182965,18.296499999999998,0.034271692673577936,34.27169267357794,7.115903225806451,0.7394301396421367,0.4250990728459288,0.8388737089331819,0.16112629106681808,0.35660443590232116,44.66590696989536,-8.352303287887189
0.18305749999999998,18.30575,0.034342275768003507,34.3422757680035,7.116499999999999,0.739306130839163,0.4250580836407849,0.8388737089331819,0.16112629106681808,0.3565700511357759,44.271953113755956,-8.352005553137635
0.18315,18.315,0.03441348551913463,34.41348551913463,7.117096774193548,0.7391821532295901,0.42501709890304423,0.8388737089331819,0.16112629106681808,0.3565356701168177,43.87450054360703,-8.351707882670711
0.1832425,18.32425,0.034485339115314595,34.485339115314595,7.117693548387098,0.7390582068029565,0.4249761186324083,0.8388737089331819,0.16112629106681808,0.35650129284519627,43.473453295180526,-8.351410276468172
0.183335,18.3335,0.034557854543487664,34.557854543487665,7.118290322580646,0.7389342915488064,0.4249351428285793,0.8388737089331819,0.16112629106681808,0.3564669193206617,43.06871094553736,-8.351112734511787
0.1834275,18.34275,0.03463105064211496,34.631050642114964,7.118887096774194,0.7388104074566871,0.4248941714912588,0.8388737089331819,0.16112629106681808,0.3564325495429637,42.66016831763294,-8.350815256783317
0.18352,18.352,0.034704947158684406,34.704947158684405,7.119483870967742,0.7386865545161505,0.4248532046201482,0.8388737089331819,0.16112629106681808,0.35639818351185176,42.24771515923344,-8.350517843264543
0.18361249999999998,18.36125,0.03477956481231329,34.77956481231329,7.12008064516129,0.7385627327167532,0.4248122422149491,0.8388737089331819,0.16112629106681808,0.3563638212270756,41.83123579339886,-8.350220493937242
0.183705,18.3705,0.03485492536200417,34.854925362004174,7.1206774193548386,0.7384389420480563,0.424771284275363,0.8388737089331819,0.16112629106681808,0.3563294626883847,41.410608737403656,-8.349923208783208
0.1837975,18.37975,0.03493105168119207,34.93105168119207,7.121274193548388,0.7383151824996246,0.42473033080109107,0.8388737089331819,0.16112629106681808,0.35629510789552854,40.985706286532,-8.349625987784227
0.18389,18.389,0.03500796783930608,35.007967839306076,7.121870967741936,0.738191454061028,0.42468938179183463,0.8388737089331819,0.16112629106681808,0.3562607568482565,40.556394058711234,-8.34932883092209
0.1839825,18.39825,0.03508569919116877,35.08569919116877,7.122467741935484,0.7380677567218406,0.42464843724729456,0.8388737089331819,0.16112629106681808,0.35622640954631757,40.12253049538535,-8.349031738178631
0.184075,18.4075,0.035164272475175215,35.16427247517522,7.123064516129032,0.7379440904716403,0.424607497167172,0.8388737089331819,0.16112629106681808,0.3561920659894611,39.683966313372174,-8.348734709535641
0.18416749999999998,18.416749999999997,0.03524371592132792,35.24371592132792,7.12366129032258,0.7378204553000102,0.42456656155116773,0.8388737089331819,0.16112629106681808,0.35615772617743613,39.24054390169266,-8.348437744974957
0.18426,18.426000000000002,0.03532405937036505,35.32405937036505,7.124258064516129,0.7376968511965369,0.4245256303989826,0.8388737089331819,0.16112629106681808,0.3561233901099917,38.79209665646622,-8.348140844478383
0.1843525,18.43525,0.035405334405406656,35.405334405406656,7.124854838709678,0.7375732781508121,0.42448470371031727,0.8388737089331819,0.16112629106681808,0.35608905778687666,38.33844824591628,-8.347844008027765
0.184445,18.4445,0.03548757449776524,35.48757449776524,7.125451612903226,0.7374497361524317,0.4244437814848723,0.8388737089331819,0.16112629106681808,0.3560547292078398,37.879411796295145,-8.34754723560495
0.1845375,18.45375,0.035570815168828436,35.57081516882844,7.126048387096774,0.7373262251909959,0.4244028637223482,0.8388737089331819,0.16112629106681808,0.35602040437263,37.4147889880762,-8.34725052719176
0.18463,18.462999999999997,0.03565509417023439,35.655094170234385,7.126645161290322,0.7372027452561088,0.4243619504224454,0.8388737089331819,0.16112629106681808,0.35598608328099585,36.94436905001655,-8.346953882770068
0.18472249999999998,18.47225,0.035740451684930445,35.74045168493045,7.1272419354838705,0.7370792963373798,0.4243210415848641,0.8388737089331819,0.16112629106681808,0.3559517659326859,36.467927636625824,-8.346657302321722
0.184815,18.4815,0.03582693055215306,35.82693055215306,7.12783870967742,0.7369558784244215,0.42428013720930446,0.8388737089331819,0.16112629106681808,0.35591745232744854,35.985225572080395,-8.346360785828598
0.1849075,18.49075,0.0359145765199007,35.914576519900706,7.128435483870969,0.7368324915068515,0.42423923729546653,0.8388737089331819,0.16112629106681808,0.3558831424650323,35.49600744064126,-8.346064333272551
0.185,18.5,0.03600343852912226,36.003438529122256,7.129032258064516,0.7367091355742922,0.42419834184305044,0.8388737089331819,0.16112629106681808,0.3558488363451855,35.00000000000125,-8.345767944635465
