z_m,z_cm,B_T,B_mT,beam_radius_mm,s_average,eta_available,force_scale,force_margin_fraction,eta_design,v_design_m_s,delta_eff_MHz
0.0,0.0,-0.0012061103387012405,-1.2061103387012404,5.935483870967742,0.5313919377744567,0.34699930479372815,0.9778387636723637,0.022161236327636336,0.3393093711946688,245.0,-2.6919958930640497
9.25e-05,0.00925,-0.0011939159157909821,-1.1939159157909822,5.93608064516129,0.5312850979003182,0.3469537440342172,0.9778387636723637,0.022161236327636336,0.33926482011791664,244.93195475146274,-2.6919019858441113
0.000185,0.0185,-0.0011817197087059027,-1.1817197087059026,5.936677419354838,0.5311782902442392,0.34690819065852263,0.9778387636723637,0.022161236327636336,0.3392202762613464,244.8638995317054,-2.691808103667741
0.00027749999999999997,0.027749999999999997,-0.001169521715696313,-1.169521715696313,5.937274193548387,0.5310715147932666,0.34686264466553984,0.9778387636723637,0.022161236327636336,0.33917573962387787,244.79583433096283,-2.6917142465261743
0.00037,0.037,-0.0011573219350104092,-1.1573219350104091,5.937870967741936,0.5309647715344544,0.3468171060541644,0.9778387636723637,0.022161236327636336,0.33913121020443115,244.72775913945796,-2.6916204144106364
0.0004625,0.04625,-0.0011451203648942423,-1.1451203648942423,5.938467741935484,0.5308580604548631,0.34677157482329185,0.9778387636723637,0.022161236327636336,0.33908668800192626,244.65967394740187,-2.6915266073123925
0.0005549999999999999,0.055499999999999994,-0.001132917003591751,-1.132917003591751,5.939064516129033,0.530751381541559,0.34672605097181775,0.9778387636723637,0.022161236327636336,0.3390421730152832,244.59157874499374,-2.691432825222654
0.0006475,0.06475,-0.001120711849344721,-1.120711849344721,5.939661290322581,0.5306447347816159,0.34668053449863756,0.9778387636723637,0.022161236327636336,0.33899766524342195,244.52347352242077,-2.6913390681327094
0.00074,0.074,-0.0011085049003928082,-1.1085049003928082,5.9402580645161285,0.5305381201621134,0.34663502540264673,0.9778387636723637,0.022161236327636336,0.33895316468526243,244.45535826985832,-2.6912453360337913
0.0008325,0.08325,-0.001096296154973518,-1.096296154973518,5.940854838709677,0.5304315376701378,0.34658952368274093,0.9778387636723637,0.022161236327636336,0.3389086713397248,244.38723297746964,-2.6911516289171513
0.000925,0.0925,-0.0010840856113222153,-1.0840856113222153,5.941451612903226,0.5303249872927818,0.3465440293378154,0.9778387636723637,0.022161236327636336,0.33886418520572875,244.31909763540608,-2.691057946774062
0.0010175,0.10175,-0.0010718732676721057,-1.0718732676721057,5.942048387096774,0.530218469017145,0.34649854236676597,0.9778387636723637,0.022161236327636336,0.33881970628219454,244.25095223380694,-2.690964289595785
0.0011099999999999999,0.11099999999999999,-0.0010596591222542479,-1.059659122254248,5.942645161290323,0.5301119828303323,0.3464530627684877,0.9778387636723637,0.022161236327636336,0.3387752345680418,244.18279676279954,-2.690870657373581
0.0012025,0.12025,-0.0010474431732975331,-1.0474431732975331,5.943241935483871,0.5300055287194569,0.34640759054187653,0.9778387636723637,0.022161236327636336,0.33873077006219093,244.11463121249906,-2.6907770500987365
0.001295,0.1295,-0.0010352254190286996,-1.0352254190286996,5.9438387096774195,0.5298991066716372,0.34636212568582775,0.9778387636723637,0.022161236327636336,0.33868631276356165,244.04645557300867,-2.6906834677625246
0.0013875,0.13875,-0.0010230058576723062,-1.0230058576723062,5.944435483870968,0.5297927166739979,0.3463166681992367,0.9778387636723637,0.022161236327636336,0.33864186267107377,243.97826983441942,-2.690589910356227
0.00148,0.148,-0.001010784487450764,-1.010784487450764,5.945032258064516,0.5296863587136706,0.346271218080999,0.9778387636723637,0.022161236327636336,0.33859741978364744,243.9100739868103,-2.690496377871113
0.0015725,0.15725,-0.0009985613065842892,-0.9985613065842892,5.945629032258064,0.5295800327777942,0.3462257753300102,0.9778387636723637,0.022161236327636336,0.33855298410020274,243.84186802024803,-2.690402870298478
0.001665,0.1665,-0.000986336313290925,-0.9863363132909251,5.946225806451613,0.5294737388535123,0.34618033994516556,0.9778387636723637,0.022161236327636336,0.33850855561965926,243.77365192478732,-2.690309387629631
0.0017575,0.17575,-0.0009741095057865484,-0.9741095057865484,5.946822580645161,0.5293674769279764,0.3461349119253608,0.9778387636723637,0.022161236327636336,0.33846413434093725,243.70542569047063,-2.6902159298558375
0.00185,0.185,-0.0009618808822848277,-0.9618808822848277,5.9474193548387095,0.5292612469883435,0.3460894912694912,0.9778387636723637,0.022161236327636336,0.3384197202629565,243.63718930732819,-2.69012249696842
0.0019425,0.19425,-0.0009496504409972546,-0.9496504409972546,5.948016129032259,0.5291550490217779,0.3460440779764523,0.9778387636723637,0.022161236327636336,0.3383753133846371,243.56894276537807,-2.6900290889586658
0.002035,0.2035,-0.0009374181801331372,-0.9374181801331373,5.948612903225807,0.5290488830154496,0.3459986720451396,0.9778387636723637,0.022161236327636336,0.33833091370489893,243.50068605462607,-2.6899357058178848
0.0021275,0.21275,-0.0009251840978995714,-0.9251840978995713,5.949209677419355,0.5289427489565353,0.3459532734744485,0.9778387636723637,0.022161236327636336,0.33828652122266184,243.4324191650657,-2.6898423475373865
0.0022199999999999998,0.22199999999999998,-0.0009129481925014638,-0.9129481925014638,5.949806451612903,0.5288366468322183,0.34590788226327446,0.9778387636723637,0.022161236327636336,0.3382421359368458,243.36414208667827,-2.6897490141085036
0.0023125,0.23124999999999998,-0.0009007104621414952,-0.9007104621414952,5.950403225806451,0.5287305766296883,0.34586249841051303,0.9778387636723637,0.022161236327636336,0.3381977578463709,243.29585480943263,-2.6896557055225245
0.002405,0.2405,-0.0008884709050201813,-0.8884709050201813,5.951,0.528624538336141,0.3458171219150596,0.9778387636723637,0.022161236327636336,0.33815338695015695,243.22755732328548,-2.6895624217707943
0.0024975,0.24975000000000003,-0.0008762295193357797,-0.8762295193357797,5.951596774193549,0.5285185319387788,0.34577175277580957,0.9778387636723637,0.022161236327636336,0.33810902324712383,243.159249618181,-2.689469162844623
0.00259,0.259,-0.0008639863032843545,-0.8639863032843546,5.952193548387097,0.5284125574248111,0.3457263909916586,0.9778387636723637,0.022161236327636336,0.3380646667361916,243.09093168405113,-2.6893759287353545
0.0026825,0.26825,-0.0008517412550597604,-0.8517412550597604,5.952790322580645,0.5283066147814525,0.3456810365615019,0.9778387636723637,0.022161236327636336,0.33802031741628014,243.02260351081537,-2.6892827194343014
0.002775,0.2775,-0.0008394943728536055,-0.8394943728536055,5.953387096774194,0.5282007039959248,0.345635689484235,0.9778387636723637,0.022161236327636336,0.33797597528630935,242.95426508838077,-2.6891895349328214
0.0028675,0.28675,-0.0008272456548552886,-0.8272456548552886,5.9539838709677415,0.5280948250554564,0.34559034975875347,0.9778387636723637,0.022161236327636336,0.33793164034519924,242.885916406642,-2.689096375222242
0.00296,0.296,-0.0008149950992519655,-0.8149950992519654,5.95458064516129,0.5279889779472814,0.3455450173839526,0.9778387636723637,0.022161236327636336,0.3378873125918696,242.81755745548122,-2.6890032402939146
0.0030525,0.30525,-0.0008027427042285617,-0.8027427042285618,5.955177419354839,0.5278831626586407,0.34549969235872796,0.9778387636723637,0.022161236327636336,0.33784299202524054,242.74918822476815,-2.688910130139165
0.003145,0.3145,-0.0007904884679677665,-0.7904884679677665,5.955774193548387,0.5277773791767817,0.345454374681975,0.9778387636723637,0.022161236327636336,0.3377986786442319,242.68080870436,-2.6888170447493667
0.0032375,0.32375,-0.0007782323886500133,-0.7782323886500133,5.956370967741936,0.5276716274889579,0.34540906435258906,0.9778387636723637,0.022161236327636336,0.3377543724477636,242.6124188841014,-2.688723984115884
0.00333,0.333,-0.0007659744644535097,-0.7659744644535097,5.956967741935484,0.5275659075824296,0.3453637613694657,0.9778387636723637,0.022161236327636336,0.3377100734347556,242.54401875382453,-2.688630948230052
0.0034224999999999998,0.34225,-0.0007537146935541958,-0.7537146935541958,5.9575645161290325,0.5274602194444631,0.3453184657315005,0.9778387636723637,0.022161236327636336,0.3376657816041279,242.47560830334893,-2.688537937083257
0.003515,0.3515,-0.0007414530741257623,-0.7414530741257622,5.95816129032258,0.5273545630623309,0.3452731774375887,0.9778387636723637,0.022161236327636336,0.33762149695480037,242.4071875224816,-2.6884449506668315
0.0036075,0.36075,-0.0007291896043396331,-0.7291896043396331,5.958758064516129,0.5272489384233121,0.34522789648662566,0.9778387636723637,0.022161236327636336,0.3375772194856928,242.3387564010168,-2.688351988972174
0.0037,0.37,-0.0007169242823649963,-0.7169242823649963,5.959354838709677,0.5271433455146929,0.3451826228775072,0.9778387636723637,0.022161236327636336,0.33753294919572535,242.27031492873638,-2.6882590519906575
0.0037925,0.37925,-0.000704657106368735,-0.704657106368735,5.959951612903226,0.5270377843237645,0.3451373566091284,0.9778387636723637,0.022161236327636336,0.3374886860838178,242.20186309540935,-2.6881661397136503
0.003885,0.3885,-0.0006923880745154886,-0.6923880745154886,5.960548387096774,0.5269322548378254,0.34509209768038496,0.9778387636723637,0.022161236327636336,0.3374444301488902,242.13340089079207,-2.68807325213253
0.0039775,0.39775,-0.0006801171849676148,-0.6801171849676149,5.961145161290323,0.5268267570441804,0.3450468460901724,0.9778387636723637,0.022161236327636336,0.3374001813898625,242.06492830462827,-2.687980389238697
0.00407,0.407,-0.0006678444358851923,-0.6678444358851923,5.961741935483871,0.52672129093014,0.34500160183738593,0.9778387636723637,0.022161236327636336,0.33735593980565454,241.9964453266489,-2.6878875510235227
0.0041624999999999995,0.41624999999999995,-0.0006555698254260086,-0.6555698254260086,5.96233870967742,0.5266158564830216,0.344956364920921,0.9778387636723637,0.022161236327636336,0.3373117053951861,241.92795194657216,-2.6877947374784137
0.004255,0.4255,-0.0006432933517455722,-0.6432933517455722,5.962935483870968,0.5265104536901493,0.3449111353396734,0.9778387636723637,0.022161236327636336,0.3372674781573775,241.8594481541035,-2.687701948594756
0.0043475,0.43474999999999997,-0.0006310150129971109,-0.6310150129971109,5.963532258064516,0.5264050825388528,0.34486591309253833,0.9778387636723637,0.022161236327636336,0.3372232580911485,241.79093393893558,-2.6876091843639602
0.0044399999999999995,0.44399999999999995,-0.0006187348073315417,-0.6187348073315417,5.9641290322580645,0.5262997430164684,0.3448206981784113,0.9778387636723637,0.022161236327636336,0.33717904519541897,241.72240929074823,-2.6875164447774256
0.0045325,0.45325,-0.0006064527328974878,-0.6064527328974878,5.964725806451613,0.5261944351103389,0.3447754905961879,0.9778387636723637,0.022161236327636336,0.337134839469109,241.6538741992085,-2.68742372982655
0.004625,0.46249999999999997,-0.0005941687878412643,-0.5941687878412643,5.965322580645161,0.5260891588078132,0.3447302903447634,0.9778387636723637,0.022161236327636336,0.3370906409111384,241.58532865397046,-2.6873310395027556
0.0047175,0.47175000000000006,-0.000581882970306892,-0.581882970306892,5.96591935483871,0.5259839140962465,0.3446850974230334,0.9778387636723637,0.022161236327636336,0.33704644952042717,241.51677264467543,-2.687238373797454
0.00481,0.481,-0.0005695952784360711,-0.569595278436071,5.966516129032259,0.5258787009630007,0.34463991182989334,0.9778387636723637,0.022161236327636336,0.33700226529589533,241.44820616095174,-2.6871457327020623
0.0049025,0.49024999999999996,-0.0005573057103681878,-0.5573057103681878,5.967112903225806,0.5257735193954437,0.3445947335642387,0.9778387636723637,0.022161236327636336,0.3369580882364627,241.37962919241482,-2.6870531162080065
0.004995,0.49950000000000006,-0.0005450142642403067,-0.5450142642403067,5.9677096774193545,0.52566836938095,0.3445495626249651,0.9778387636723637,0.022161236327636336,0.3369139183410495,241.31104172866716,-2.68696052430671
0.0050875,0.50875,-0.0005327209381871833,-0.5327209381871834,5.968306451612903,0.5255632509068996,0.3445043990109677,0.9778387636723637,0.022161236327636336,0.3368697556085753,241.24244375929828,-2.686867956989602
0.00518,0.518,-0.0005204257303412258,-0.5204257303412257,5.968903225806452,0.5254581639606798,0.34445924272114226,0.9778387636723637,0.022161236327636336,0.33682560003796036,241.17383527388466,-2.6867754142481193
0.0052725,0.52725,-0.0005081286388325201,-0.5081286388325201,5.9695,0.525353108529684,0.34441409375438425,0.9778387636723637,0.022161236327636336,0.3367814516281247,241.10521626198982,-2.6866828960736795
0.005365,0.5365,-0.0004958296617888195,-0.49582966178881954,5.970096774193549,0.5252480846013112,0.34436895210958895,0.9778387636723637,0.022161236327636336,0.3367373103779879,241.03658671316418,-2.6865904024577585
0.0054575,0.54575,-0.00048352879733552545,-0.48352879733552545,5.970693548387097,0.5251430921629677,0.3443238177856521,0.9778387636723637,0.022161236327636336,0.3366931762864703,240.96794661694514,-2.6864979333917782
0.00555,0.555,-0.00047122604359571584,-0.47122604359571585,5.9712903225806455,0.5250381312020655,0.34427869078146917,0.9778387636723637,0.022161236327636336,0.3366490493524918,240.89929596285702,-2.6864054888671953
0.0056425,0.56425,-0.0004589213986900976,-0.45892139869009757,5.971887096774193,0.5249332017060229,0.34423357109593555,0.9778387636723637,0.022161236327636336,0.33660492957497234,240.83063474041094,-2.686313068875444
0.005735,0.5735,-0.00044661486073704345,-0.44661486073704343,5.972483870967742,0.5248283036622644,0.3441884587279468,0.9778387636723637,0.022161236327636336,0.33656081695283185,240.76196293910502,-2.6862206734080036
0.0058275,0.58275,-0.0004343064278525499,-0.4343064278525499,5.97308064516129,0.5247234370582213,0.3441433536763984,0.9778387636723637,0.022161236327636336,0.3365167114849904,240.69328054842407,-2.6861283024563307
0.00592,0.592,-0.00042199609815027,-0.42199609815027,5.973677419354839,0.5246186018813305,0.34409825594018595,0.9778387636723637,0.022161236327636336,0.336472613170368,240.62458755783985,-2.686035956011865
0.0060125,0.60125,-0.00040968386974149555,-0.40968386974149557,5.974274193548387,0.5245137981190359,0.34405316551820486,0.9778387636723637,0.022161236327636336,0.33642852200788453,240.55588395681085,-2.685943634066095
0.006105,0.6105,-0.0003973697407351192,-0.3973697407351192,5.974870967741936,0.5244090257587869,0.34400808240935077,0.9778387636723637,0.022161236327636336,0.3363844379964602,240.4871697347823,-2.6858513366104657
0.0061975,0.61975,-0.00038505370923770654,-0.38505370923770654,5.975467741935485,0.5243042847880397,0.3439630066125191,0.9778387636723637,0.022161236327636336,0.33634036113501475,240.4184448811863,-2.6857590636364876
0.00629,0.629,-0.00037273577335340114,-0.37273577335340113,5.976064516129032,0.5241995751942568,0.3439179381266055,0.9778387636723637,0.022161236327636336,0.33629629142246836,240.34970938544154,-2.685666815135619
0.0063825,0.63825,-0.0003604159311839845,-0.3604159311839845,5.976661290322581,0.5240948969649064,0.34387287695050534,0.9778387636723637,0.022161236327636336,0.336252228857741,240.28096323695345,-2.685574591099349
0.006475,0.6475,-0.0003480941808288563,-0.3480941808288563,5.977258064516129,0.5239902500874637,0.3438278230831144,0.9778387636723637,0.022161236327636336,0.33620817343975273,240.21220642511418,-2.6854823915191415
0.0065674999999999996,0.65675,-0.00033577052038501654,-0.33577052038501654,5.9778548387096775,0.5238856345494095,0.343782776523328,0.9778387636723637,0.022161236327636336,0.33616412516742356,240.14343893930248,-2.6853902163864993
0.00666,0.666,-0.00032344494794707304,-0.323444947947073,5.978451612903226,0.5237810503382313,0.3437377372700418,0.9778387636723637,0.022161236327636336,0.3361200840396735,240.07466076888377,-2.685298065692908
0.0067525,0.67525,-0.0003111174616072404,-0.3111174616072404,5.979048387096774,0.5236764974414226,0.34369270532215135,0.9778387636723637,0.022161236327636336,0.33607605005542246,240.00587190321005,-2.6852059394299017
0.0068449999999999995,0.6845,-0.00029878805945532437,-0.2987880594553244,5.979645161290323,0.5235719758464831,0.34364768067855217,0.9778387636723637,0.022161236327636336,0.33603202321359066,239.9370723316199,-2.6851138375889185
0.0069375,0.69375,-0.00028645673957871417,-0.28645673957871415,5.980241935483871,0.5234674855409189,0.34360266333813994,0.9778387636723637,0.022161236327636336,0.33598800351309815,239.86826204343845,-2.6850217601614994
0.00703,0.703,-0.00027412350006240986,-0.2741235000624099,5.980838709677419,0.5233630265122424,0.34355765329981014,0.9778387636723637,0.022161236327636336,0.3359439909528649,239.7994410279774,-2.684929707139137
0.0071224999999999995,0.7122499999999999,-0.0002617883389889795,-0.2617883389889795,5.981435483870968,0.5232585987479721,0.34351265056245833,0.9778387636723637,0.022161236327636336,0.33589998553181094,239.7306092745349,-2.6848376785133596
0.007215,0.7215,-0.0002494512544385701,-0.24945125443857008,5.982032258064516,0.5231542022356327,0.3434676551249803,0.9778387636723637,0.022161236327636336,0.3358559872488565,239.66176677239568,-2.6847456742756592
0.0073075,0.73075,-0.00023711224448890914,-0.23711224448890914,5.982629032258065,0.523049836962755,0.3434226669862713,0.9778387636723637,0.022161236327636336,0.33581199610292134,239.59291351083084,-2.684653694417584
0.0074,0.74,-0.00022477130721529595,-0.22477130721529595,5.983225806451614,0.5229455029168762,0.3433776861452272,0.9778387636723637,0.022161236327636336,0.33576801209292584,239.52404947909793,-2.6845617389306224
0.0074925,0.74925,-0.0002124284406905825,-0.21242844069058248,5.983822580645162,0.5228412000855401,0.3433327126007435,0.9778387636723637,0.022161236327636336,0.33572403521779,239.4551746664409,-2.6844698078063107
0.007585,0.7585,-0.00020008364298520725,-0.20008364298520726,5.98441935483871,0.5227369284562958,0.3432877463517159,0.9778387636723637,0.022161236327636336,0.3356800654764338,239.38628906209019,-2.684377901036178
0.0076775,0.76775,-0.00018773691216714846,-0.18773691216714847,5.985016129032258,0.5226326880166996,0.34324278739704,0.9778387636723637,0.022161236327636336,0.33563610286777756,239.3173926552625,-2.684286018611773
0.00777,0.777,-0.00017538824630193534,-0.17538824630193534,5.985612903225806,0.5225284787543131,0.34319783573561147,0.9778387636723637,0.022161236327636336,0.3355921473907413,239.24848543516086,-2.6841941605245943
0.0078625,0.78625,-0.00016303764345265825,-0.16303764345265825,5.986209677419354,0.5224243006567045,0.34315289136632576,0.9778387636723637,0.022161236327636336,0.3355481990442449,239.17956739097465,-2.6841023267662316
0.007955,0.7955,-0.00015068510167995036,-0.15068510167995036,5.986806451612903,0.5223201537114482,0.34310795428807855,0.9778387636723637,0.022161236327636336,0.3355042578272086,239.1106385118796,-2.684010517328188
0.008047499999999999,0.8047499999999999,-0.0001383306190419718,-0.1383306190419718,5.987403225806452,0.5222160379061249,0.3430630244997655,0.9778387636723637,0.022161236327636336,0.3354603237385525,239.0416987870376,-2.6839187322020335
0.00814,0.814,-0.00012597419359443993,-0.12597419359443993,5.988,0.5221119532283217,0.3430181020002825,0.9778387636723637,0.022161236327636336,0.335416396777197,238.97274820559684,-2.6838269713793004
0.0082325,0.82325,-0.00011361582339058514,-0.11361582339058514,5.988596774193549,0.5220078996656312,0.34297318678852506,0.9778387636723637,0.022161236327636336,0.335372476942062,238.90378675669172,-2.683735234851546
0.008324999999999999,0.8324999999999999,-0.00010125550648116759,-0.10125550648116759,5.989193548387097,0.5219038772056526,0.3429282788633887,0.9778387636723637,0.022161236327636336,0.3353285642320676,238.83481442944276,-2.6836435226103617
0.0084175,0.84175,-8.88932409144686e-05,-0.0888932409144686,5.989790322580645,0.5217998858359911,0.34288337822376935,0.9778387636723637,0.022161236327636336,0.3352846586461341,238.76583121295675,-2.6835518346472487
0.00851,0.851,-7.652902473630602e-05,-0.07652902473630602,5.990387096774194,0.5216959255442584,0.34283848486856244,0.9778387636723637,0.022161236327636336,0.33524076018318144,238.6968370963266,-2.6834601709538357
0.008602499999999999,0.86025,-6.41628559899846e-05,-0.0641628559899846,5.990983870967742,0.5215919963180722,0.34279359879666393,0.9778387636723637,0.022161236327636336,0.3351968688421301,238.62783206863125,-2.6833685315216402
0.008695,0.8694999999999999,-5.179473271633161e-05,-0.05179473271633161,5.9915806451612905,0.5214880981450564,0.3427487200069695,0.9778387636723637,0.022161236327636336,0.3351529846219002,238.55881611893582,-2.6832769163422605
0.0087875,0.87875,-3.942465295368426e-05,-0.03942465295368426,5.992177419354839,0.5213842310128407,0.3427038484983746,0.9778387636723637,0.022161236327636336,0.33510910752141165,238.48978923629147,-2.6831853254072793
0.008879999999999999,0.8879999999999999,-2.7052614737862405e-05,-0.027052614737862406,5.992774193548387,0.5212803949090616,0.34265898426977526,0.9778387636723637,0.022161236327636336,0.33506523753958495,238.4207514097354,-2.683093758708258
0.0089725,0.89725,-1.4678616102204184e-05,-0.014678616102204185,5.993370967741936,0.521176589821361,0.3426141273200669,0.9778387636723637,0.022161236327636336,0.33502137467534004,238.35170262829084,-2.683002216236781
0.009065,0.9065,-2.302655077512029e-06,-0.0023026550775120287,5.993967741935483,0.5210728157373878,0.3425692776481456,0.9778387636723637,0.022161236327636336,0.33497751892759736,238.28264288096693,-2.682910697984461
0.0091575,0.9157500000000001,1.0075270307910432e-05,0.010075270307910432,5.994564516129032,0.5209690726447963,0.3425244352529068,0.9778387636723637,0.022161236327636336,0.334933670295277,238.21357215675886,-2.682819203942845
0.00925,0.9249999999999999,2.2455162028274303e-05,0.022455162028274304,5.995161290322581,0.5208653605312474,0.3424796001332465,0.9778387636723637,0.022161236327636336,0.3348898287772992,238.14449044464774,-2.6827277341035733
0.0093425,0.93425,3.483702206031813e-05,0.03483702206031813,5.995758064516129,0.5207616793844081,0.3424347722880604,0.9778387636723637,0.022161236327636336,0.3348459943725844,238.0753977336006,-2.6826362884582005
0.009435,0.9435000000000001,4.722085238331167e-05,0.04722085238331167,5.996354838709677,0.5206580291919513,0.3423899517162442,0.9778387636723637,0.022161236327636336,0.3348021670800525,238.00629401257032,-2.6825448669983714
0.0095275,0.95275,5.960665497905149e-05,0.05960665497905149,5.996951612903226,0.5205544099415559,0.3423451384166936,0.9778387636723637,0.022161236327636336,0.3347583468986239,237.93717927049568,-2.682453469715653
0.00962,0.962,7.199443183187854e-05,0.07199443183187854,5.997548387096775,0.5204508216209077,0.34230033238830476,0.9778387636723637,0.022161236327636336,0.33471453382721905,237.86805349630126,-2.6823620966016706
0.0097125,0.9712500000000001,8.438418492866057e-05,0.08438418492866057,5.998145161290323,0.520347264217698,0.3422555336299731,0.9778387636723637,0.022161236327636336,0.33467072786475793,237.79891667889748,-2.6822707476480483
0.009805,0.9804999999999999,9.677591625882189e-05,0.09677591625882188,5.998741935483871,0.5202437377196241,0.34221074214059466,0.9778387636723637,0.022161236327636336,0.3346269290101611,237.72976880718056,-2.6821794228463722
0.0098975,0.98975,0.00010916962781433703,0.10916962781433703,5.999338709677419,0.52014024211439,0.3421659579190653,0.9778387636723637,0.022161236327636336,0.33458313726234884,237.66060987003246,-2.682088122188281
0.00999,0.9990000000000001,0.000121565321589734,0.121565321589734,5.999935483870967,0.5200367773897051,0.3421211809642805,0.9778387636723637,0.022161236327636336,0.33453935262024104,237.59143985632082,-2.6819968456654175
0.0100825,1.0082499999999999,0.00013396299958210386,0.13396299958210386,6.000532258064516,0.5199333435332855,0.3420764112751365,0.9778387636723637,0.022161236327636336,0.33449557508275846,237.52225875489907,-2.6819055932693727
0.010175,1.0175,0.0001463626637910879,0.14636266379108792,6.001129032258064,0.5198299405328533,0.342031648850529,0.9778387636723637,0.022161236327636336,0.3344518046488213,237.4530665546063,-2.681814364991787
0.0102675,1.02675,0.00015876431621891364,0.15876431621891365,6.0017258064516135,0.5197265683761364,0.3419868936893539,0.9778387636723637,0.022161236327636336,0.3344080413173499,237.38386324426722,-2.6817231608243075
0.01036,1.036,0.00017116795887038027,0.17116795887038028,6.002322580645162,0.519623227050869,0.3419421457905071,0.9778387636723637,0.022161236327636336,0.33436428508726457,237.31464881269218,-2.6816319807585547
0.0104525,1.04525,0.00018357359375285515,0.18357359375285515,6.00291935483871,0.5195199165447917,0.34189740515288436,0.9778387636723637,0.022161236327636336,0.3343205359574857,237.24542324867718,-2.68154082478618
0.010545,1.0545,0.00019598122287629264,0.19598122287629263,6.003516129032258,0.5194166368456504,0.34185267177538164,0.9778387636723637,0.022161236327636336,0.3342767939269335,237.17618654100377,-2.681449692898825
0.0106375,1.06375,0.00020839084825324984,0.20839084825324986,6.004112903225807,0.519313387941198,0.341807945656895,0.9778387636723637,0.022161236327636336,0.33423305899452865,237.10693867843898,-2.6813585850881316
0.01073,1.073,0.00022080247189884634,0.22080247189884633,6.004709677419355,0.5192101698191931,0.34176322679632026,0.9778387636723637,0.022161236327636336,0.3341893311591914,237.03767964973545,-2.6812675013457716
0.0108225,1.0822500000000002,0.00023321609583082937,0.23321609583082936,6.0053064516129036,0.5191069824674001,0.3417185151925533,0.9778387636723637,0.022161236327636336,0.33414561041984214,236.96840944363132,-2.681176441663373
0.010915,1.0915,0.0002456317220695335,0.24563172206953351,6.005903225806452,0.5190038258735897,0.34167381084449017,0.9778387636723637,0.022161236327636336,0.3341018967754013,236.89912804885014,-2.6810854060326235
0.0110075,1.10075,0.0002580493526378942,0.2580493526378942,6.0065,0.518900700025539,0.3416291137510267,0.9778387636723637,0.022161236327636336,0.3340581902247893,236.82983545410096,-2.6809943944451637
0.0111,1.11,0.0002704689895614679,0.2704689895614679,6.007096774193548,0.5187976049110304,0.341584423911059,0.9778387636723637,0.022161236327636336,0.33401449076692646,236.76053164807823,-2.680903406892677
0.0111925,1.1192499999999999,0.00028289063486843294,0.28289063486843297,6.007693548387096,0.5186945405178534,0.3415397413234829,0.9778387636723637,0.022161236327636336,0.3339707984007334,236.69121661946176,-2.6808124433668103
0.011285,1.1285,0.0002953142905895833,0.2953142905895833,6.008290322580645,0.5185915068338025,0.3414950659871945,0.9778387636723637,0.022161236327636336,0.3339271131251305,236.62189035691674,-2.6807215038592527
0.0113775,1.13775,0.000307739958758333,0.307739958758333,6.008887096774194,0.5184885038466791,0.3414503979010898,0.9778387636723637,0.022161236327636336,0.33388343493903827,236.55255284909373,-2.680630588361681
0.01147,1.147,0.0003201676414107257,0.3201676414107257,6.009483870967742,0.5183855315442902,0.3414057370640648,0.9778387636723637,0.022161236327636336,0.3338397638413772,236.4832040846286,-2.6805396968657713
0.0115625,1.15625,0.0003325973405854555,0.33259734058545554,6.01008064516129,0.5182825899144492,0.3413610834750156,0.9778387636723637,0.022161236327636336,0.3337960998310678,236.41384405214242,-2.680448829363215
0.011655,1.1655,0.0003450290583238424,0.3450290583238424,6.010677419354839,0.5181796789449747,0.34131643713283805,0.9778387636723637,0.022161236327636336,0.3337524429070304,236.34447274024163,-2.6803579858456854
0.0117475,1.17475,0.00035746279666986594,0.35746279666986597,6.011274193548388,0.5180767986236926,0.3412717980364284,0.9778387636723637,0.022161236327636336,0.3337087930681857,236.2750901375178,-2.6802671663048887
0.01184,1.184,0.00036989855767013735,0.36989855767013735,6.0118709677419355,0.5179739489384341,0.3412271661846827,0.9778387636723637,0.022161236327636336,0.3336651503134543,236.20569623254778,-2.680176370732509
0.0119325,1.1932500000000001,0.0003823363433739294,0.38233634337392935,6.012467741935484,0.5178711298770365,0.341182541576497,0.9778387636723637,0.022161236327636336,0.33362151464175666,236.13629101389358,-2.6800855991202406
0.012025,1.2025,0.00039477615583319097,0.394776155833191,6.013064516129032,0.517768341427343,0.34113792421076733,0.9778387636723637,0.022161236327636336,0.3335778860520132,236.0668744701023,-2.6799948514598095
0.0121175,1.2117499999999999,0.0004072179971025205,0.4072179971025205,6.01366129032258,0.5176655835772034,0.34109331408638993,0.9778387636723637,0.022161236327636336,0.3335342645431448,235.99744658970621,-2.6799041277428968
0.01221,1.221,0.0004196618692391871,0.4196618692391871,6.014258064516128,0.5175628563144727,0.3410487112022609,0.9778387636723637,0.022161236327636336,0.3334906501140718,235.92800736122268,-2.6798134279612156
0.0123025,1.2302499999999998,0.00043210777430312714,0.43210777430312713,6.014854838709678,0.5174601596270124,0.34100411555727617,0.9778387636723637,0.022161236327636336,0.3334470427637148,235.85855677315413,-2.6797227521064872
0.012395,1.2395,0.0004445557143569767,0.4445557143569767,6.0154516129032265,0.5173574935026904,0.3409595271503321,0.9778387636723637,0.022161236327636336,0.33340344249099446,235.78909481398802,-2.6796321001704393
0.0124875,1.24875,0.0004570056914660425,0.4570056914660425,6.016048387096775,0.5172548579293801,0.34091494598032485,0.9778387636723637,0.022161236327636336,0.3333598492948315,235.7196214721968,-2.679541472144763
0.01258,1.258,0.000469457707698328,0.469457707698328,6.016645161290322,0.5171522528949609,0.3408703720461506,0.9778387636723637,0.022161236327636336,0.33331626317414653,235.6501367362379,-2.6794508680211906
0.0126725,1.26725,0.00048191176512451666,0.48191176512451667,6.01724193548387,0.5170496783873183,0.3408258053467055,0.9778387636723637,0.022161236327636336,0.33327268412786015,235.58064059455378,-2.6793602877914453
0.012765,1.2765,0.0004943678658180063,0.4943678658180063,6.017838709677419,0.5169471343943437,0.34078124588088565,0.9778387636723637,0.022161236327636336,0.333229112154893,235.51113303557176,-2.679269731447272
0.0128575,1.28575,0.0005068260118549078,0.5068260118549078,6.018435483870968,0.5168446209039349,0.3407366936475874,0.9778387636723637,0.022161236327636336,0.3331855472541658,235.441614047704,-2.6791791989803913
0.01295,1.295,0.0005192862053140088,0.5192862053140088,6.019032258064517,0.5167421379039956,0.34069214864570707,0.9778387636723637,0.022161236327636336,0.3331419894245993,235.3720836193477,-2.6790886903825544
0.0130425,1.3042500000000001,0.0005317484482768313,0.5317484482768313,6.019629032258065,0.516639685382435,0.3406476108741408,0.9778387636723637,0.022161236327636336,0.3330984386651143,235.3025417388848,-2.678998205645484
0.013134999999999999,1.3135,0.000544212742827633,0.544212742827633,6.020225806451613,0.5165372633271688,0.3406030803317848,0.9778387636723637,0.022161236327636336,0.33305489497463125,235.232988394682,-2.678907744760939
0.0132275,1.3227499999999999,0.0005566790910533678,0.5566790910533678,6.020822580645161,0.5164348717261183,0.3405585570175355,0.9778387636723637,0.022161236327636336,0.3330113583520711,235.1634235750909,-2.678817307720663
0.01332,1.332,0.0005691474950437375,0.5691474950437375,6.02141935483871,0.5163325105672111,0.340514040930289,0.9778387636723637,0.022161236327636336,0.3329678287963544,235.09384726844775,-2.6787268945164118
0.013412499999999999,1.3412499999999998,0.0005816179568911612,0.5816179568911612,6.0220161290322585,0.516230179838381,0.34046953206894176,0.9778387636723637,0.022161236327636336,0.3329243063064022,235.02425946307366,-2.6786365051399366
0.013505,1.3505,0.000594090478690823,0.594090478690823,6.022612903225807,0.5161278795275672,0.34042503043239014,0.9778387636723637,0.022161236327636336,0.33288079088113515,234.95466014727432,-2.6785461395829855
0.0135975,1.35975,0.0006065650625406227,0.6065650625406227,6.023209677419355,0.5160256096227152,0.34038053601953044,0.9778387636723637,0.022161236327636336,0.3328372825194741,234.8850493093402,-2.6784557978373256
0.013689999999999999,1.369,0.0006190417105412242,0.6190417105412243,6.023806451612903,0.5159233701117762,0.34033604882925894,0.9778387636723637,0.022161236327636336,0.33279378122033976,234.81542693754633,-2.678365479894737
0.0137825,1.37825,0.0006315204247960696,0.6315204247960696,6.024403225806451,0.5158211609827079,0.3402915688604721,0.9778387636723637,0.022161236327636336,0.3327502869826531,234.74579302015235,-2.6782751857469727
0.013875,1.3875,0.0006440012074113153,0.6440012074113153,6.025,0.5157189822234732,0.34024709611206616,0.9778387636723637,0.022161236327636336,0.3327067998053347,234.67614754540259,-2.6781849153858204
0.013967499999999999,1.39675,0.0006564840604959057,0.6564840604959057,6.0255967741935486,0.5156168338220418,0.34020263058293776,0.9778387636723637,0.022161236327636336,0.3326633196873057,234.60649050152585,-2.678094668803045
0.01406,1.406,0.0006689689861615718,0.6689689861615719,6.026193548387097,0.515514715766389,0.3401581722719832,0.9778387636723637,0.022161236327636336,0.33261984662748695,234.5368218767355,-2.67800444599043
0.0141525,1.4152500000000001,0.0006814559865227931,0.6814559865227932,6.026790322580645,0.5154126280444958,0.3401137211780989,0.9778387636723637,0.022161236327636336,0.3325763806247992,234.46714165922938,-2.677914246939756
0.014244999999999999,1.4244999999999999,0.000693945063696842,0.6939450636968421,6.027387096774193,0.5153105706443494,0.3400692773001814,0.9778387636723637,0.022161236327636336,0.33253292167816356,234.39744983718984,-2.6778240716428034
0.0143375,1.4337499999999999,0.0007064362198037868,0.7064362198037868,6.027983870967741,0.5152085435539431,0.3400248406371272,0.9778387636723637,0.022161236327636336,0.3324894697865009,234.32774639878363,-2.677733920091382
0.01443,1.443,0.0007189294569664586,0.7189294569664586,6.028580645161291,0.5151065467612752,0.33998041118783245,0.9778387636723637,0.022161236327636336,0.33244602494873193,234.25803133216198,-2.6776437922772525
0.014522499999999999,1.4522499999999998,0.000731424777310513,0.731424777310513,6.0291774193548395,0.5150045802543517,0.33993598895119403,0.9778387636723637,0.022161236327636336,0.33240258716377785,234.18830462546046,-2.677553688192265
0.014615,1.4615,0.0007439221829643892,0.7439221829643893,6.029774193548388,0.514902644021183,0.3398915739261084,0.9778387636723637,0.022161236327636336,0.33235915643055963,234.118566266799,-2.6774636078281664
0.0147075,1.47075,0.0007564216760593509,0.756421676059351,6.030370967741935,0.5148007380497862,0.3398471661114721,0.9778387636723637,0.022161236327636336,0.33231573274799825,234.04881624428188,-2.677373551176787
0.0148,1.48,0.0007689232587294501,0.7689232587294501,6.030967741935483,0.5146988623281837,0.33980276550618155,0.9778387636723637,0.022161236327636336,0.3322723161150147,233.97905454599766,-2.677283518229931
0.0148925,1.48925,0.0007814269331115804,0.7814269331115804,6.031564516129031,0.5145970168444046,0.3397583721091334,0.9778387636723637,0.022161236327636336,0.3322289065305299,233.90928116001916,-2.6771935089794088
0.014985,1.4985,0.0007939327013454432,0.7939327013454432,6.032161290322581,0.5144952015864831,0.33971398591922414,0.9778387636723637,0.022161236327636336,0.3321855039934649,233.83949607440346,-2.6771035234170366
0.0150775,1.5077500000000001,0.0008064405655735704,0.8064405655735704,6.03275806451613,0.5143934165424601,0.3396696069353506,0.9778387636723637,0.022161236327636336,0.33214210850274095,233.76969927719182,-2.6770135615346304
0.01517,1.517,0.0008189505279413227,0.8189505279413227,6.033354838709678,0.5142916617003821,0.3396252351564093,0.9778387636723637,0.022161236327636336,0.33209872005727903,233.6998907564098,-2.6769236233240306
0.0152625,1.52625,0.0008314625905969114,0.8314625905969114,6.033951612903226,0.5141899370483013,0.33958087058129693,0.9778387636723637,0.022161236327636336,0.33205533865600034,233.6300705000669,-2.676833708777022
0.015355,1.5355,0.0008439767556913881,0.8439767556913881,6.034548387096773,0.5140882425742761,0.33953651320891004,0.9778387636723637,0.022161236327636336,0.33201196429782576,233.5602384961569,-2.6767438178854763
0.0154475,1.5447499999999998,0.0008564930253786409,0.8564930253786409,6.035145161290322,0.5139865782663703,0.3394921630381453,0.9778387636723637,0.022161236327636336,0.3319685969816765,233.49039473265765,-2.6766539506411844
0.01554,1.554,0.00086901140181543,0.86901140181543,6.0357419354838715,0.5138849441126545,0.33944782006789953,0.9778387636723637,0.022161236327636336,0.33192523670647384,233.420539197531,-2.6765641070360315
0.0156325,1.56325,0.0008815318871613644,0.8815318871613644,6.03633870967742,0.5137833401012045,0.33940348429706946,0.9778387636723637,0.022161236327636336,0.3318818834711389,233.35067187872292,-2.6764742870618043
0.015725,1.5725,0.000894054483578908,0.8940544835789079,6.036935483870968,0.5136817662201023,0.3393591557245518,0.9778387636723637,0.022161236327636336,0.33183853727459284,233.28079276416335,-2.6763844907103946
0.015817499999999998,1.5817499999999998,0.0009065791932334323,0.9065791932334323,6.037532258064516,0.5135802224574353,0.3393148343492432,0.9778387636723637,0.022161236327636336,0.33179519811575686,233.2109018417661,-2.6762947179736023
0.01591,1.591,0.0009191060182931327,0.9191060182931327,6.038129032258064,0.5134787088012975,0.33927052017004056,0.9778387636723637,0.022161236327636336,0.33175186599355216,233.1409990994291,-2.6762049688433236
0.0160025,1.60025,0.0009316349609291372,0.9316349609291372,6.0387258064516125,0.5133772252397882,0.3392262131858405,0.9778387636723637,0.022161236327636336,0.33170854090689994,233.07108452503405,-2.676115243311382
0.016094999999999998,1.6094999999999997,0.0009441660233154305,0.9441660233154305,6.039322580645162,0.5132757717610127,0.33918191339554,0.9778387636723637,0.022161236327636336,0.33166522285472155,233.0011581064466,-2.6760255413696186
0.0161875,1.6187500000000001,0.0009566992076288889,0.9566992076288889,6.03991935483871,0.5131743483530828,0.3391376207980359,0.9778387636723637,0.022161236327636336,0.3316219118359383,232.93121983151624,-2.6759358630099306
0.01628,1.628,0.0009692345160493022,0.9692345160493022,6.040516129032258,0.5130729550041154,0.3390933353922249,0.9778387636723637,0.022161236327636336,0.33157860784947135,232.86126968807625,-2.6758462082241814
0.016372499999999998,1.6372499999999999,0.0009817719507593536,0.9817719507593536,6.041112903225806,0.5129715917022335,0.3390490571770041,0.9778387636723637,0.022161236327636336,0.33153531089424226,232.79130766394374,-2.6757565770041962
0.016465,1.6465,0.000994311513944637,0.9943115139446369,6.041709677419355,0.5128702584355658,0.33900478615127017,0.9778387636723637,0.022161236327636336,0.3314920209691721,232.72133374691956,-2.6756669693418864
0.0165575,1.6557499999999998,0.0010068532077936508,1.0068532077936507,6.0423064516129035,0.5127689551922475,0.3389605223139202,0.9778387636723637,0.022161236327636336,0.33144873807318237,232.6513479247883,-2.6755773852291185
0.016649999999999998,1.6649999999999998,0.0010193970344978263,1.0193970344978263,6.042903225806453,0.5126676819604188,0.33891626566385086,0.9778387636723637,0.022161236327636336,0.3314054622051943,232.58135018531823,-2.6754878246577554
0.0167425,1.67425,0.0010319429962515217,1.0319429962515216,6.0435,0.5125664387282264,0.3388720161999594,0.9778387636723637,0.022161236327636336,0.3313621933641295,232.5113405162613,-2.675398287619687
0.016835,1.6835,0.0010444910952520177,1.0444910952520177,6.044096774193548,0.5124652254838226,0.3388277739211426,0.9778387636723637,0.022161236327636336,0.33131893154890923,232.44131890535309,-2.675308774106799
0.016927499999999998,1.6927499999999998,0.001057041333699523,1.057041333699523,6.044693548387096,0.5123640422153656,0.3387835388262975,0.9778387636723637,0.022161236327636336,0.331275676758455,232.3712853403128,-2.6752192841109768
0.01702,1.702,0.001069593713797212,1.069593713797212,6.0452903225806445,0.5122628889110193,0.3387393109143212,0.9778387636723637,0.022161236327636336,0.33123242899168825,232.30123980884318,-2.675129817624112
0.0171125,1.71125,0.0010821482377511914,1.0821482377511913,6.045887096774193,0.5121617655589537,0.33869509018411054,0.9778387636723637,0.022161236327636336,0.33118918824753035,232.23118229863053,-2.6750403746381126
0.017204999999999998,1.7205,0.0010947049077705087,1.0947049077705087,6.046483870967743,0.512060672147344,0.33865087663456256,0.9778387636723637,0.022161236327636336,0.3311459545249028,232.1611127973447,-2.6749509551448507
0.0172975,1.7297500000000001,0.0011072637260671969,1.107263726067197,6.047080645161291,0.5119596086643725,0.33860667026457464,0.9778387636723637,0.022161236327636336,0.33110272782272737,232.09103129263897,-2.6748615591362466
0.01739,1.7389999999999999,0.0011198246948562333,1.1198246948562334,6.047677419354839,0.5118585750982263,0.3385624710730437,0.9778387636723637,0.022161236327636336,0.33105950813992546,232.0209377721501,-2.6747721866041947
0.017482499999999998,1.7482499999999999,0.001132387816355583,1.1323878163555832,6.048274193548387,0.5117575714370982,0.33851827905886667,0.9778387636723637,0.022161236327636336,0.3310162954754184,231.9508322234982,-2.674682837540613
0.017575,1.7575,0.001144953092786154,1.144953092786154,6.0488709677419354,0.5116565976691877,0.33847409422094094,0.9778387636723637,0.022161236327636336,0.330973089828128,231.8807146342869,-2.6745935119374264
0.0176675,1.7667499999999998,0.0011575205263718719,1.1575205263718717,6.049467741935484,0.5115556537826995,0.3384299165581637,0.9778387636723637,0.022161236327636336,0.33092989119697597,231.8105849921031,-2.6745042097865164
0.017759999999999998,1.7759999999999998,0.0011700901193396293,1.1700901193396294,6.050064516129033,0.511454739765844,0.3383857460694318,0.9778387636723637,0.022161236327636336,0.33088669958088357,231.74044328451694,-2.674414931079829
0.0178525,1.78525,0.0011826618739193206,1.1826618739193206,6.050661290322581,0.511353855606838,0.33834158275364273,0.9778387636723637,0.022161236327636336,0.33084351497877273,231.67028949908206,-2.674325675809276
0.017945,1.7945,0.0011952357923438197,1.1952357923438197,6.051258064516129,0.5112530012939036,0.33829742660969364,0.9778387636723637,0.022161236327636336,0.330800337389565,231.6001236233352,-2.6742364439667856
0.0180375,1.8037500000000002,0.0012078118768490272,1.2078118768490271,6.051854838709677,0.511152176815269,0.3382532776364818,0.9778387636723637,0.022161236327636336,0.3307571668121821,231.52994564479636,-2.67414723554429
0.01813,1.813,0.001220390129673842,1.220390129673842,6.052451612903225,0.5110513821591679,0.33820913583290435,0.9778387636723637,0.022161236327636336,0.3307140032455457,231.45975555096877,-2.674058050533714
0.0182225,1.82225,0.0012329705530601822,1.2329705530601822,6.053048387096775,0.5109506173138398,0.3381650011978586,0.9778387636723637,0.022161236327636336,0.33067084668857744,231.38955332933875,-2.6739688889269972
0.018315,1.8315000000000001,0.0012455531492529797,1.2455531492529797,6.053645161290323,0.5108498822675307,0.33812087373024197,0.9778387636723637,0.022161236327636336,0.3306276971401992,231.31933896737587,-2.673879750716094
0.0184075,1.84075,0.001258137920500205,1.258137920500205,6.054241935483871,0.5107491770084919,0.3380767534289518,0.9778387636723637,0.022161236327636336,0.3305845545993328,231.2491124525327,-2.6737906358929306
0.0185,1.8499999999999999,0.0012707248690528527,1.2707248690528528,6.054838709677419,0.5106485015249799,0.3380326402928854,0.9778387636723637,0.022161236327636336,0.33054141906489987,231.17887377224488,-2.673701544449452
0.0185925,1.85925,0.0012833139971649423,1.2833139971649423,6.055435483870968,0.5105478558052576,0.33798853432094,0.9778387636723637,0.022161236327636336,0.33049829053582225,231.1086229139312,-2.673612476377615
0.018685,1.8685,0.0012959053070935723,1.2959053070935724,6.0560322580645165,0.5104472398375943,0.33794443551201325,0.9778387636723637,0.022161236327636336,0.33045516901102184,231.0383598649933,-2.6735234316693854
0.0187775,1.8777499999999998,0.0013084988010988701,1.30849880109887,6.056629032258065,0.5103466536102639,0.33790034386500245,0.9778387636723637,0.022161236327636336,0.33041205448942057,230.9680846128159,-2.673434410316685
0.01887,1.8870000000000002,0.001321094481444009,1.321094481444009,6.057225806451613,0.5102460971115464,0.3378562593788049,0.9778387636723637,0.022161236327636336,0.33036894696994,230.89779714476654,-2.673345412311526
0.0189625,1.89625,0.001333692350395245,1.333692350395245,6.057822580645161,0.5101455703297284,0.3378121820523184,0.9778387636723637,0.022161236327636336,0.3303258464515024,230.82749744819583,-2.673256437645819
0.019055,1.9055,0.001346292410221879,1.346292410221879,6.058419354838709,0.5100450732531011,0.33776811188444017,0.9778387636723637,0.022161236327636336,0.33028275293302956,230.75718551043713,-2.673167486311564
0.0191475,1.9147500000000002,0.0013588946631963173,1.3588946631963172,6.0590161290322575,0.5099446058699622,0.3377240488740678,0.9778387636723637,0.022161236327636336,0.3302396664134434,230.68686131880665,-2.67307855830072
0.01924,1.924,0.0013714991115940075,1.3714991115940074,6.059612903225807,0.5098441681686147,0.33767999302009877,0.9778387636723637,0.022161236327636336,0.33019658689166576,230.61652486060348,-2.672989653605258
0.0193325,1.93325,0.0013841057576935176,1.3841057576935176,6.060209677419356,0.5097437601373678,0.33763594432143074,0.9778387636723637,0.022161236327636336,0.3301535143666188,230.54617612310938,-2.6729007722171683
0.019425,1.9425000000000001,0.001396714603776477,1.396714603776477,6.060806451612904,0.5096433817645366,0.3375919027769614,0.9778387636723637,0.022161236327636336,0.33011044883722473,230.47581509358895,-2.672811914128419
0.0195175,1.95175,0.0014093256521276354,1.4093256521276354,6.061403225806451,0.5095430330384412,0.3375478683855881,0.9778387636723637,0.022161236327636336,0.3300673903024052,230.4054417592894,-2.672723079331005
0.01961,1.9609999999999999,0.0014219389050348285,1.4219389050348286,6.061999999999999,0.5094427139474079,0.3375038411462086,0.9778387636723637,0.022161236327636336,0.33002433876108245,230.33505610744072,-2.672634267816908
0.0197025,1.97025,0.0014345543647890102,1.4345543647890102,6.0625967741935485,0.5093424244797687,0.33745982105772043,0.9778387636723637,0.022161236327636336,0.3299812942121784,230.26465812525547,-2.672545479578119
0.019795,1.9795,0.0014471720336842616,1.4471720336842615,6.063193548387097,0.5092421646238617,0.3374158081190216,0.9778387636723637,0.022161236327636336,0.32993825665461557,230.19424779992877,-2.672456714606637
0.0198875,1.9887499999999998,0.001459791914017745,1.4597919140177449,6.063790322580646,0.50914193436803,0.33737180232900943,0.9778387636723637,0.022161236327636336,0.32989522608731564,230.12382511863848,-2.6723679728944476
0.01998,1.9980000000000002,0.001472414008089792,1.472414008089792,6.064387096774194,0.5090417337006231,0.33732780368658194,0.9778387636723637,0.022161236327636336,0.3298522025092011,230.05339006854484,-2.6722792544335627
0.0200725,2.00725,0.0014850383182038536,1.4850383182038536,6.064983870967742,0.5089415626099958,0.33728381219063674,0.9778387636723637,0.022161236327636336,0.32980918591919395,229.98294263679063,-2.672190559215991
0.020165,2.0164999999999997,0.0014976648466664985,1.4976648466664986,6.06558064516129,0.508841421084509,0.3372398278400718,0.9778387636723637,0.022161236327636336,0.3297661763162166,229.9124828105012,-2.672101887233725
0.0202575,2.02575,0.0015102935957874762,1.5102935957874761,6.066177419354839,0.5087413091125286,0.33719585063378443,0.9778387636723637,0.022161236327636336,0.3297231736991908,229.8420105767842,-2.672013238478796
0.02035,2.035,0.0015229245678796666,1.5229245678796666,6.066774193548387,0.5086412266824275,0.3371518805706731,0.9778387636723637,0.022161236327636336,0.32968017806703936,229.77152592272978,-2.6719246129432093
0.0204425,2.04425,0.001535557765259105,1.5355577652591048,6.067370967741936,0.5085411737825828,0.3371079176496351,0.9778387636723637,0.022161236327636336,0.3296371894186842,229.70102883541043,-2.6718360106189754
0.020535,2.0535,0.0015481931902450012,1.5481931902450012,6.067967741935484,0.5084411504013786,0.33706396186956866,0.9778387636723637,0.022161236327636336,0.32959420775304776,229.63051930188098,-2.6717474314981327
0.0206275,2.06275,0.001560830845159719,1.560830845159719,6.068564516129032,0.508341156527204,0.33702001322937164,0.9778387636723637,0.022161236327636336,0.32955123306905243,229.55999730917858,-2.671658875572688
0.02072,2.072,0.001573470732328823,1.573470732328823,6.069161290322581,0.5082411921484539,0.3369760717279418,0.9778387636723637,0.022161236327636336,0.32950826536562033,229.4894628443226,-2.6715703428346917
0.0208125,2.0812500000000003,0.0015861128540810311,1.5861128540810312,6.0697580645161295,0.5081412572535293,0.3369321373641774,0.9778387636723637,0.022161236327636336,0.32946530464167423,229.4189158943147,-2.6714818332761494
0.020905,2.0905,0.0015987572127482623,1.5987572127482623,6.070354838709677,0.5080413518308364,0.3368882101369762,0.9778387636723637,0.022161236327636336,0.32942235089613625,229.3483564461387,-2.6713933468891162
0.0209975,2.09975,0.001611403810665636,1.6114038106656359,6.070951612903226,0.507941475868787,0.33684429004523603,0.9778387636723637,0.022161236327636336,0.32937940412792865,229.27778448676062,-2.6713048836656372
0.02109,2.109,0.0016240526501714618,1.6240526501714618,6.071548387096774,0.5078416293557996,0.33680037708785543,0.9778387636723637,0.022161236327636336,0.3293364643359744,229.2072000031286,-2.671216443597722
0.0211825,2.11825,0.0016367037336072546,1.6367037336072545,6.072145161290322,0.5077418122802969,0.3367564712637319,0.9778387636723637,0.022161236327636336,0.3292935315191955,229.13660298217286,-2.671128026677446
0.021275,2.1275,0.0016493570633177583,1.6493570633177583,6.0727419354838705,0.5076420246307085,0.3367125725717639,0.9778387636723637,0.022161236327636336,0.32925060567651465,229.06599341080567,-2.67103963289685
0.0213675,2.13675,0.0016620126416509152,1.6620126416509151,6.07333870967742,0.5075422663954692,0.3366686810108494,0.9778387636723637,0.022161236327636336,0.32920768680685436,228.99537127592137,-2.670951262247982
0.02146,2.146,0.001674670470957898,1.674670470957898,6.073935483870968,0.5074425375630196,0.33662479657988664,0.9778387636723637,0.022161236327636336,0.32916477490913726,228.9247365643963,-2.6708629147229033
0.0215525,2.1552499999999997,0.001687330553593134,1.687330553593134,6.074532258064517,0.5073428381218056,0.33658091927777356,0.9778387636723637,0.022161236327636336,0.3291218699822857,228.85408926308867,-2.6707745903136684
0.021645,2.1645000000000003,0.0016999928919142382,1.6999928919142382,6.075129032258064,0.5072431680602796,0.3365370491034087,0.9778387636723637,0.022161236327636336,0.3290789720252227,228.78342935883873,-2.670686289012335
0.0217375,2.17375,0.001712657488282126,1.712657488282126,6.075725806451612,0.5071435273668988,0.33649318605569006,0.9778387636723637,0.022161236327636336,0.3290360810368706,228.71275683846852,-2.67059801081098
0.02183,2.183,0.0017253243450609248,1.7253243450609248,6.0763225806451615,0.5070439160301264,0.3364493301335158,0.9778387636723637,0.022161236327636336,0.32899319701615204,228.64207168878198,-2.670509755701659
0.0219225,2.19225,0.001737993464618039,1.737993464618039,6.07691935483871,0.5069443340384314,0.3364054813357843,0.9778387636723637,0.022161236327636336,0.3289503199619897,228.57137389656484,-2.670421523676471
0.022015,2.2015,0.0017506648493241191,1.7506648493241193,6.077516129032259,0.5068447813802883,0.3363616396613938,0.9778387636723637,0.022161236327636336,0.3289074498733064,228.50066344858465,-2.670333314727468
0.0221075,2.21075,0.0017633385015530998,1.7633385015530998,6.078112903225807,0.5067452580441775,0.3363178051092428,0.9778387636723637,0.022161236327636336,0.3288645867490249,228.42994033159067,-2.670245128846728
0.0222,2.22,0.0017760144236821831,1.776014423682183,6.078709677419355,0.5066457640185847,0.33627397767822964,0.9778387636723637,0.022161236327636336,0.3288217305880681,228.35920453231387,-2.670156966026344
0.0222925,2.22925,0.0017886926180918604,1.7886926180918603,6.0793064516129025,0.5065462992920013,0.3362301573672524,0.9778387636723637,0.022161236327636336,0.3287788813893584,228.28845603746691,-2.6700688262583894
0.022385,2.2384999999999997,0.0018013730871659047,1.8013730871659046,6.079903225806452,0.5064468638529246,0.3361863441752097,0.9778387636723637,0.022161236327636336,0.3287360391518188,228.2176948337441,-2.669980709534973
0.0224775,2.24775,0.001814055833291388,1.8140558332913879,6.0805,0.5063474576898576,0.3361425381010001,0.9778387636723637,0.022161236327636336,0.32869320387437234,228.14692090782134,-2.6698926158481817
0.02257,2.257,0.0018267408588586794,1.8267408588586793,6.081096774193548,0.5062480807913083,0.33609873914352184,0.9778387636723637,0.022161236327636336,0.3286503755559417,228.07613424635605,-2.6698045451900945
0.0226625,2.26625,0.001839428166261462,1.839428166261462,6.081693548387097,0.5061487331457911,0.33605494730167346,0.9778387636723637,0.022161236327636336,0.3286075541954497,228.00533483598724,-2.669716497552848
0.022755,2.2755,0.0018521177578967331,1.8521177578967332,6.082290322580645,0.5060494147418257,0.33601116257435365,0.9778387636723637,0.022161236327636336,0.32856473979181955,227.9345226633354,-2.669628472928499
0.0228475,2.28475,0.0018648096361648019,1.8648096361648019,6.0828870967741935,0.5059501255679374,0.33596738496046075,0.9778387636723637,0.022161236327636336,0.328521932343974,227.86369771500247,-2.669540471309182
0.02294,2.294,0.00187750380346931,1.87750380346931,6.083483870967743,0.505850865612657,0.33592361445889335,0.9778387636723637,0.022161236327636336,0.328479131850836,227.79285997757185,-2.6694524926870034
0.0230325,2.3032500000000002,0.0018902002622172432,1.8902002622172431,6.084080645161291,0.5057516348645215,0.33587985106855023,0.9778387636723637,0.022161236327636336,0.3284363383113288,227.72200943760822,-2.6693645370540575
0.023125,2.3125,0.001902899014818916,1.902899014818916,6.084677419354839,0.5056524333120728,0.3358360947883298,0.9778387636723637,0.022161236327636336,0.3283935517243752,227.6511460816577,-2.6692766044024836
0.0232175,2.3217499999999998,0.001915600063687988,1.915600063687988,6.085274193548387,0.505553260943859,0.33579234561713106,0.9778387636723637,0.022161236327636336,0.32835077208889846,227.58026989624773,-2.669188694724408
0.02331,2.331,0.0019283034112414776,1.9283034112414776,6.085870967741935,0.5054541177484334,0.3357486035538524,0.9778387636723637,0.022161236327636336,0.3283079994038216,227.509380867887,-2.6691008080119127
0.0234025,2.34025,0.0019410090598997662,1.9410090598997662,6.086467741935484,0.505355003714355,0.3357048685973926,0.9778387636723637,0.022161236327636336,0.3282652336680677,227.43847898306538,-2.6690129442571653
0.023495,2.3495,0.001953717012086589,1.953717012086589,6.087064516129033,0.5052559188301886,0.3356611407466505,0.9778387636723637,0.022161236327636336,0.32822247488055994,227.36756422825405,-2.668925103452272
0.0235875,2.35875,0.0019664272702290837,1.9664272702290837,6.087661290322581,0.5051568630845044,0.33561742000052475,0.9778387636723637,0.022161236327636336,0.3281797230402215,227.29663658990526,-2.6688372855893774
0.02368,2.368,0.00197913983675773,1.97913983675773,6.088258064516129,0.5050578364658782,0.33557370635791417,0.9778387636723637,0.022161236327636336,0.3281369781459756,227.22569605445244,-2.6687494906606113
0.0237725,2.3772499999999996,0.0019918547141064215,1.9918547141064216,6.088854838709677,0.5049588389628918,0.33552999981771775,0.9778387636723637,0.022161236327636336,0.32809424019674555,227.1547426083101,-2.6686617186581247
0.023865,2.3865000000000003,0.002004571904712437,2.004571904712437,6.0894516129032255,0.5048598705641322,0.3354863003788343,0.9778387636723637,0.022161236327636336,0.3280515091914546,227.0837762378738,-2.668573969574043
0.0239575,2.39575,0.002017291411016448,2.0172914110164477,6.090048387096774,0.5047609312581917,0.3354426080401626,0.9778387636723637,0.022161236327636336,0.32800878512902587,227.0127969295201,-2.668486243400532
0.02405,2.405,0.002030013235462554,2.030013235462554,6.090645161290323,0.5046620210336688,0.3353989228006017,0.9778387636723637,0.022161236327636336,0.3279660680083829,226.94180466960657,-2.6683985401297132
0.0241425,2.41425,0.002042737380498235,2.042737380498235,6.091241935483872,0.5045631398791673,0.3353552446590504,0.9778387636723637,0.022161236327636336,0.3279233578284489,226.87079944447171,-2.6683108597537752
0.024235,2.4234999999999998,0.002055463848574423,2.0554638485744228,6.09183870967742,0.5044642877832969,0.33531157361440805,0.9778387636723637,0.022161236327636336,0.3278806545881475,226.79978124043492,-2.668223202264837
0.0243275,2.43275,0.002068192642145462,2.0681926421454624,6.092435483870968,0.5043654647346724,0.3352679096655733,0.9778387636723637,0.022161236327636336,0.3278379582864019,226.72875004379645,-2.6681355676550838
0.02442,2.442,0.0020809237636691363,2.0809237636691362,6.0930322580645155,0.5042666707219142,0.33522425281144536,0.9778387636723637,0.022161236327636336,0.3277952689221356,226.65770584083737,-2.6680479559166743
0.0245125,2.45125,0.0020936572156066494,2.0936572156066493,6.093629032258065,0.5041679057336487,0.33518060305092323,0.9778387636723637,0.022161236327636336,0.3277525864942721,226.5866486178196,-2.6679603670417738
0.024605,2.4604999999999997,0.0021063930004226934,2.106393000422693,6.094225806451613,0.5040691697585075,0.33513696038290613,0.9778387636723637,0.022161236327636336,0.32770991100173485,226.51557836098573,-2.667872801022546
0.0246975,2.46975,0.0021191311205853687,2.1191311205853687,6.094822580645161,0.5039704627851279,0.33509332480629317,0.9778387636723637,0.022161236327636336,0.3276672424434475,226.44449505655916,-2.6677852578511696
0.02479,2.479,0.0021318715785662735,2.1318715785662734,6.09541935483871,0.5038717848021527,0.3350496963199834,0.9778387636723637,0.022161236327636336,0.32762458081833346,226.37339869074384,-2.667697737519815
0.0248825,2.48825,0.0021446143768404495,2.1446143768404493,6.096016129032258,0.5037731357982302,0.3350060749228761,0.9778387636723637,0.022161236327636336,0.3275819261253164,226.30228924972448,-2.6676102400206667
0.024975,2.4975,0.0021573595178864284,2.1573595178864284,6.0966129032258065,0.5036745157620149,0.33496246061387064,0.9778387636723637,0.022161236327636336,0.3275392783633201,226.2311667196663,-2.6675227653459075
0.0250675,2.50675,0.002170107004186213,2.170107004186213,6.097209677419354,0.5035759246821657,0.3349188533918661,0.9778387636723637,0.022161236327636336,0.32749663753126795,226.16003108671515,-2.667435313487729
0.02516,2.516,0.0021828568382252994,2.1828568382252995,6.097806451612904,0.5034773625473477,0.3348752532557617,0.9778387636723637,0.022161236327636336,0.3274540036280837,226.08888233699736,-2.6673478844383007
0.0252525,2.52525,0.002195609022492693,2.1956090224926927,6.098403225806452,0.503378829346232,0.3348316602044571,0.9778387636723637,0.022161236327636336,0.32741137665269127,226.01772045661968,-2.667260478189846
0.025345,2.5345,0.002208363559480874,2.208363559480874,6.099,0.5032803250674943,0.3347880742368513,0.9778387636723637,0.022161236327636336,0.3273687566040142,225.94654543166948,-2.6671730947345327
0.0254375,2.5437499999999997,0.0022211204516858485,2.2211204516858487,6.099596774193548,0.5031818496998165,0.33474449535184403,0.9778387636723637,0.022161236327636336,0.32732614348097644,225.87535724821436,-2.667085734064571
0.02553,2.553,0.0022338797016071372,2.2338797016071372,6.100193548387097,0.5030834032318859,0.33470092354833453,0.9778387636723637,0.022161236327636336,0.32728353728250176,225.80415589230236,-2.6669983961721693
0.0256225,2.56225,0.002246641311747792,2.246641311747792,6.100790322580646,0.5029849856523948,0.3346573588252221,0.9778387636723637,0.022161236327636336,0.32724093800751375,225.73294134996183,-2.666911081049517
0.025715,2.5715,0.0022594052846143693,2.2594052846143695,6.101387096774194,0.502886596950042,0.33461380118140654,0.9778387636723637,0.022161236327636336,0.32719834565493666,225.66171360720148,-2.666823788688845
0.0258075,2.58075,0.002272171622716997,2.272171622716997,6.101983870967741,0.502788237113531,0.33457025061578716,0.9778387636723637,0.022161236327636336,0.3271557602236942,225.59047265001013,-2.666736519082349
0.0259,2.59,0.00228494032856933,2.2849403285693297,6.10258064516129,0.5026899061315712,0.33452670712726346,0.9778387636723637,0.022161236327636336,0.3271131817127102,225.51921846435692,-2.666649272222248
0.025992499999999998,2.5992499999999996,0.0022977114046885687,2.2977114046885685,6.1031774193548385,0.5025916039928776,0.33448317071473527,0.9778387636723637,0.022161236327636336,0.3270706101209089,225.4479510361911,-2.6665620481007766
0.026085,2.6085000000000003,0.0023104848535954905,2.3104848535954905,6.103774193548387,0.5024933306861704,0.3344396413771021,0.9778387636723637,0.022161236327636336,0.3270280454472142,225.3766703514421,-2.666474846710126
0.0261775,2.61775,0.0023232606778144176,2.323260677814418,6.104370967741937,0.5023950862001755,0.3343961191132634,0.9778387636723637,0.022161236327636336,0.3269854876905499,225.30537639601943,-2.6663876680425713
0.026269999999999998,2.627,0.002336038879873258,2.336038879873258,6.104967741935485,0.5022968705236244,0.3343526039221191,0.9778387636723637,0.022161236327636336,0.3269429368498404,225.2340691558126,-2.6663005120902907
0.0263625,2.63625,0.00234881946230351,2.34881946230351,6.105564516129033,0.5021986836452541,0.3343090958025689,0.9778387636723637,0.022161236327636336,0.32690039292400974,225.16274861669115,-2.6662133788455296
0.026455,2.6454999999999997,0.002361602427640228,2.361602427640228,6.10616129032258,0.5021005255538068,0.3342655947535124,0.9778387636723637,0.022161236327636336,0.3268578559119819,225.09141476450463,-2.6661262683005424
0.026547499999999998,2.65475,0.00237438777842209,2.3743877784220904,6.106758064516129,0.5020023962380304,0.3342221007738495,0.9778387636723637,0.022161236327636336,0.32681532581268113,225.0200675850825,-2.6660391804475547
0.02664,2.664,0.0023871755171913692,2.3871755171913693,6.107354838709677,0.5019042956866785,0.33417861386248,0.9778387636723637,0.022161236327636336,0.32677280262503167,224.9487070642341,-2.665952115278807
0.0267325,2.67325,0.002399965646493938,2.399965646493938,6.107951612903226,0.5018062238885097,0.33413513401830364,0.9778387636723637,0.022161236327636336,0.3267302863479576,224.8773331877486,-2.6658650727865485
0.026824999999999998,2.6824999999999997,0.0024127581688792895,2.4127581688792894,6.108548387096774,0.5017081808322887,0.33409166124022044,0.9778387636723637,0.022161236327636336,0.3266877769803833,224.80594594139504,-2.6657780529630344
0.0269175,2.69175,0.002425553086900542,2.4255530869005417,6.109145161290323,0.501610166506785,0.33404819552713017,0.9778387636723637,0.022161236327636336,0.326645274521233,224.73454531092216,-2.6656910558005014
0.02701,2.701,0.002438350403114454,2.438350403114454,6.109741935483871,0.5015121809007745,0.33400473687793303,0.9778387636723637,0.022161236327636336,0.3266027789694312,224.6631312820585,-2.6656040812912116
0.027102499999999998,2.71025,0.0024511501200814,2.4511501200814,6.1103387096774195,0.5014142240030375,0.33396128529152863,0.9778387636723637,0.022161236327636336,0.3265602903239019,224.59170384051217,-2.6655171294274402
0.027195,2.7195,0.0024639522403654126,2.463952240365413,6.110935483870967,0.5013162958023608,0.33391784076681735,0.9778387636723637,0.022161236327636336,0.3265178085835699,224.5202629719711,-2.6654302002014294
0.0272875,2.72875,0.0024767567665341865,2.4767567665341863,6.111532258064517,0.5012183962875355,0.3338744033026989,0.9778387636723637,0.022161236327636336,0.3264753337473592,224.4488086621027,-2.665343293605452
0.027379999999999998,2.738,0.002489563701159063,2.489563701159063,6.112129032258065,0.5011205254473597,0.33383097289807373,0.9778387636723637,0.022161236327636336,0.3264328658141948,224.3773408965539,-2.6652564096317546
0.0274725,2.74725,0.0025023730468150536,2.5023730468150536,6.112725806451613,0.5010226832706356,0.3337875495518417,0.9778387636723637,0.022161236327636336,0.3263904047830007,224.3058596609513,-2.665169548272642
0.027565,2.7565,0.002515184806080841,2.5151848060808413,6.113322580645161,0.5009248697461717,0.33374413326290303,0.9778387636723637,0.022161236327636336,0.32634795065270167,224.23436494090092,-2.665082709520375
0.027657499999999998,2.7657499999999997,0.002527998981538791,2.527998981538791,6.11391935483871,0.5008270848627814,0.3337007240301579,0.9778387636723637,0.022161236327636336,0.3263055034222222,224.1628567219882,-2.6649958933672377
0.02775,2.775,0.002540815575774976,2.540815575774976,6.114516129032258,0.500729328609284,0.33365732185250657,0.9778387636723637,0.022161236327636336,0.32626306309048697,224.09133498977792,-2.6649090998054974
0.0278425,2.78425,0.002553634591379141,2.553634591379141,6.115112903225806,0.5006316009745038,0.3336139267288492,0.9778387636723637,0.022161236327636336,0.3262206296564204,224.01979972981437,-2.664822328827452
0.027934999999999998,2.7935,0.0025664560309447584,2.5664560309447584,6.115709677419355,0.5005339019472711,0.3335705386580862,0.9778387636723637,0.022161236327636336,0.3261782031189474,223.94825092762102,-2.664735580425373
0.0280275,2.80275,0.0025792798970689845,2.5792798970689845,6.116306451612903,0.5004362315164214,0.33352715763911783,0.9778387636723637,0.022161236327636336,0.3261357834769925,223.8766885687007,-2.6646488545915825
0.02812,2.812,0.002592106192352715,2.5921061923527153,6.1169032258064515,0.5003385896707954,0.3334837836708444,0.9778387636723637,0.022161236327636336,0.32609337072948047,223.80511263853543,-2.66456215131834
0.028212499999999998,2.8212499999999996,0.0026049349194005793,2.6049349194005793,6.1175,0.5002409763992398,0.33344041675216657,0.9778387636723637,0.022161236327636336,0.32605096487533625,223.73352312258643,-2.6644754705979654
0.028305,2.8305000000000002,0.00261776608082092,2.6177660808209198,6.118096774193549,0.500143391690606,0.3333970568819844,0.9778387636723637,0.022161236327636336,0.3260085659134843,223.66192000629405,-2.6643888124227564
0.0283975,2.83975,0.0026305996792258444,2.630599679225844,6.118693548387098,0.5000458355337513,0.3333537040591985,0.9778387636723637,0.022161236327636336,0.32596617384284965,223.59030327507776,-2.6643021767850135
0.028489999999999998,2.8489999999999998,0.002643435717231189,2.643435717231189,6.119290322580646,0.4999483079175386,0.33331035828270944,0.9778387636723637,0.022161236327636336,0.32592378866235716,223.51867291433612,-2.6642155636770406
0.0285825,2.85825,0.0026562741974565525,2.6562741974565527,6.119887096774193,0.4998508088308361,0.33326701955141785,0.9778387636723637,0.022161236327636336,0.3258814103709319,223.4470289094467,-2.664128973091159
0.028675,2.8674999999999997,0.0026691151225253147,2.6691151225253145,6.120483870967742,0.499753338262517,0.33322368786422407,0.9778387636723637,0.022161236327636336,0.3258390389674985,223.37537124576596,-2.664042405019664
0.028767499999999998,2.87675,0.00268195849506461,2.68195849506461,6.12108064516129,0.4996558962014604,0.3331803632200288,0.9778387636723637,0.022161236327636336,0.32579667445098204,223.30369990862945,-2.6639558594549064
0.02886,2.886,0.00269480431770536,2.69480431770536,6.121677419354838,0.4995584826365506,0.3331370456177327,0.9778387636723637,0.022161236327636336,0.3257543168203076,223.2320148833515,-2.6638693363891695
0.0289525,2.89525,0.002707652593082269,2.707652593082269,6.122274193548388,0.4994610975566774,0.33309373505623646,0.9778387636723637,0.022161236327636336,0.3257119660744001,223.16031615522533,-2.663782835814802
0.029044999999999998,2.9044999999999996,0.002720503323833849,2.720503323833849,6.122870967741936,0.4993637409507361,0.33305043153444075,0.9778387636723637,0.022161236327636336,0.32566962221218476,223.08860370952297,-2.6636963577241186
0.0291375,2.91375,0.0027333565126024108,2.733356512602411,6.123467741935484,0.49926641280762746,0.3330071350512465,0.9778387636723637,0.022161236327636336,0.3256272852325867,223.01687753149517,-2.6636099021094553
0.02923,2.923,0.002746212162034056,2.746212162034056,6.124064516129032,0.4991691131162572,0.3329638456055543,0.9778387636723637,0.022161236327636336,0.325584955134531,222.94513760637147,-2.663523468963142
0.029322499999999998,2.93225,0.002759070274778741,2.759070274778741,6.12466129032258,0.49907184186553677,0.332920563196265,0.9778387636723637,0.022161236327636336,0.32554263191694277,222.87338391936004,-2.6634370582775295
0.029415,2.9415,0.0027719308534902252,2.7719308534902254,6.125258064516129,0.4989745990443831,0.33287728782227954,0.9778387636723637,0.022161236327636336,0.32550031557874737,222.8016164556477,-2.6633506700449336
0.0295075,2.9507499999999998,0.0027847939008260984,2.7847939008260982,6.125854838709678,0.4988773846417185,0.33283401948249874,0.9778387636723637,0.022161236327636336,0.32545800611887,222.72983520039986,-2.6632643042577047
0.0296,2.96,0.0027976594194478207,2.797659419447821,6.126451612903226,0.4987801986464705,0.33279075817582365,0.9778387636723637,0.022161236327636336,0.32541570353623595,222.65804013876044,-2.6631779609082153
0.0296925,2.96925,0.0028105274120206634,2.8105274120206634,6.1270483870967745,0.4986830410475721,0.33274750390115515,0.9778387636723637,0.022161236327636336,0.32537340782977053,222.58623125585194,-2.6630916399887767
0.029785,2.9785,0.0028233978812137912,2.823397881213791,6.127645161290323,0.49858591183396184,0.33270425665739434,0.9778387636723637,0.022161236327636336,0.3253311189983992,222.51440853677525,-2.6630053414917683
0.0298775,2.98775,0.002836270829700216,2.8362708297002164,6.128241935483871,0.4984888109945834,0.33266101644344226,0.9778387636723637,0.022161236327636336,0.32528883704104744,222.4425719666097,-2.662919065409525
0.02997,2.997,0.002849146260156824,2.849146260156824,6.128838709677418,0.4983917385183858,0.3326177832581999,0.9778387636723637,0.022161236327636336,0.3252465619566404,222.37072153041302,-2.6628328117344218
0.0300625,3.00625,0.0028620241752643953,2.8620241752643953,6.129435483870968,0.49829469439432356,0.3325745571005683,0.9778387636723637,0.022161236327636336,0.32520429374410365,222.29885721322117,-2.662746580458825
0.030155,3.0155000000000003,0.0028749045777075773,2.8749045777075772,6.130032258064516,0.49819767861135716,0.332531337969449,0.9778387636723637,0.022161236327636336,0.3251620324023629,222.22697900004852,-2.6626603715750905
0.0302475,3.02475,0.002887787470174941,2.8877874701749406,6.1306290322580645,0.4981006911584514,0.3324881258637429,0.9778387636723637,0.022161236327636336,0.3251197779303436,222.15508687588758,-2.6625741850755893
0.03034,3.034,0.002900672855358945,2.900672855358945,6.131225806451613,0.4980037320245772,0.3324449207823513,0.9778387636723637,0.022161236327636336,0.3250775303269713,222.08318082570912,-2.6624880209526918
0.0304325,3.04325,0.0029135607359559645,2.9135607359559645,6.131822580645162,0.4979068011987103,0.33240172272417545,0.9778387636723637,0.022161236327636336,0.32503528959117156,222.011260834462,-2.6624018791987747
0.030525,3.0525,0.002926451114666319,2.9264511146663192,6.13241935483871,0.4978098986698323,0.3323585316881167,0.9778387636723637,0.022161236327636336,0.32499305572187015,221.93932688707318,-2.662315759806214
0.0306175,3.06175,0.0029393439941942114,2.9393439941942114,6.133016129032258,0.49771302442692994,0.33231534767307636,0.9778387636723637,0.022161236327636336,0.3249508287179927,221.86737896844778,-2.6622296627674094
0.03071,3.071,0.0029522393772478143,2.9522393772478144,6.133612903225806,0.49761617845899536,0.3322721706779559,0.9778387636723637,0.022161236327636336,0.324908608578465,221.79541706346885,-2.662143588074725
0.0308025,3.08025,0.0029651372665392634,2.9651372665392635,6.134209677419355,0.4975193607550262,0.3322290007016568,0.9778387636723637,0.022161236327636336,0.3248663953022129,221.72344115699732,-2.6620575357205483
0.030895,3.0894999999999997,0.002978037664784613,2.978037664784613,6.134806451612903,0.49742257130402495,0.3321858377430803,0.9778387636723637,0.022161236327636336,0.32482418888816206,221.65145123387225,-2.6619715056972844
0.0309875,3.09875,0.002990940574703876,2.990940574703876,6.135403225806451,0.497325810095,0.3321426818011281,0.9778387636723637,0.022161236327636336,0.3247819893352384,221.57944727891046,-2.661885497997335
0.03108,3.108,0.003003845999021081,3.003845999021081,6.136000000000001,0.49722907711696457,0.3320995328747017,0.9778387636723637,0.022161236327636336,0.3247397966423678,221.50742927690655,-2.661799512613059
0.0311725,3.11725,0.0030167539404641957,3.016753940464196,6.136596774193549,0.49713237235893787,0.33205639096270256,0.9778387636723637,0.022161236327636336,0.3246976108084761,221.43539721263298,-2.6617135495369157
0.031265,3.1265,0.003029664401765183,3.029664401765183,6.137193548387097,0.4970356958099441,0.33201325606403254,0.9778387636723637,0.022161236327636336,0.32465543183248946,221.36335107083997,-2.661627608761251
0.031357499999999996,3.13575,0.003042577385660004,3.042577385660004,6.137790322580645,0.49693904745901274,0.3319701281775932,0.9778387636723637,0.022161236327636336,0.3246132597133338,221.2912908362554,-2.661541690278514
0.03145,3.145,0.003055492894888626,3.055492894888626,6.138387096774193,0.49684242729517847,0.3319270073022862,0.9778387636723637,0.022161236327636336,0.32457109444993515,221.21921649358475,-2.6614557940810997
0.0315425,3.15425,0.0030684109321950283,3.0684109321950284,6.138983870967741,0.4967458353074817,0.3318838934370133,0.9778387636723637,0.022161236327636336,0.3245289360412196,221.14712802751117,-2.6613699201614094
0.031634999999999996,3.1634999999999995,0.0030813315003271943,3.0813315003271944,6.13958064516129,0.49664927148496774,0.33184078658067623,0.9778387636723637,0.022161236327636336,0.3244867844861131,221.0750254226954,-2.661284068511888
0.0317275,3.1727499999999997,0.0030942546020371656,3.0942546020371657,6.140177419354839,0.4965527358166874,0.3317976867321768,0.9778387636723637,0.022161236327636336,0.324444639783542,221.00290866377554,-2.6611982391249347
0.03182,3.182,0.003107180240080984,3.107180240080984,6.1407741935483875,0.49645622829169733,0.3317545938904171,0.9778387636723637,0.022161236327636336,0.3244025019324326,220.93077773536731,-2.66111243199298
0.031912499999999996,3.1912499999999997,0.003120108417218763,3.1201084172187628,6.141370967741936,0.49635974889905854,0.3317115080542988,0.9778387636723637,0.022161236327636336,0.32436037093171083,220.8586326220638,-2.6610266471084576
0.032005,3.2005,0.0031330391362146613,3.1330391362146615,6.141967741935483,0.4962632976278381,0.33166842922272394,0.9778387636723637,0.022161236327636336,0.32431824678030324,220.78647330843538,-2.660940884463786
0.0320975,3.20975,0.003145972399836894,3.145972399836894,6.142564516129032,0.4961668744671078,0.33162535739459437,0.9778387636723637,0.022161236327636336,0.3242761294771359,220.7142997790299,-2.6608551440514017
0.032189999999999996,3.2189999999999994,0.0031589082108577516,3.1589082108577515,6.143161290322581,0.49607047940594523,0.3315822925688122,0.9778387636723637,0.022161236327636336,0.3242340190211353,220.64211201837233,-2.660769425863749
0.0322825,3.22825,0.0031718465720536157,3.1718465720536155,6.143758064516129,0.49597411243343337,0.3315392347442796,0.9778387636723637,0.022161236327636336,0.32419191541122794,220.56991001096495,-2.6606837298932517
0.032375,3.2375000000000003,0.003184787486204926,3.1847874862049257,6.144354838709678,0.4958777735386599,0.33149618391989855,0.9778387636723637,0.022161236327636336,0.32414981864634007,220.49769374128724,-2.66059805613236
0.032467499999999996,3.2467499999999996,0.0031977309560962423,3.197730956096242,6.144951612903226,0.4957814627107182,0.3314531400945711,0.9778387636723637,0.022161236327636336,0.32410772872539817,220.42546319379574,-2.6605124045735384
0.03256,3.256,0.003210676984516211,3.210676984516211,6.145548387096774,0.4956851799387071,0.3314101032671997,0.9778387636723637,0.022161236327636336,0.3240656456473289,220.35321835292416,-2.6604267752092077
0.0326525,3.26525,0.0032236255742576084,3.2236255742576083,6.146145161290323,0.4955889252117301,0.3313670734366863,0.9778387636723637,0.022161236327636336,0.3240235694110587,220.28095920308317,-2.6603411680318203
0.032744999999999996,3.2744999999999997,0.0032365767281173166,3.2365767281173166,6.14674193548387,0.4954926985188967,0.33132405060193326,0.9778387636723637,0.022161236327636336,0.32398150001551407,220.2086857286605,-2.6602555830338632
0.0328375,3.28375,0.003249530448896356,3.2495304488963557,6.1473387096774195,0.4953964998493212,0.3312810347618429,0.9778387636723637,0.022161236327636336,0.3239394374596218,220.13639791402076,-2.6601700202077523
0.03293,3.293,0.003262486739399879,3.262486739399879,6.147935483870968,0.4953003291921235,0.33123802591531754,0.9778387636723637,0.022161236327636336,0.3238973817423085,220.0640957435055,-2.6600844795459797
0.033022499999999996,3.3022499999999995,0.0032754456024371987,3.2754456024371987,6.148532258064516,0.4952041865364287,0.33119502406125967,0.9778387636723637,0.022161236327636336,0.3238553328625009,219.9917792014331,-2.6599989610410013
0.033115,3.3114999999999997,0.00328840704082177,3.2884070408217703,6.149129032258065,0.4951080718713671,0.3311520291985716,0.9778387636723637,0.022161236327636336,0.32381329081912574,219.9194482720987,-2.6599134646852804
0.0332075,3.3207500000000003,0.0033013710573712106,3.3013710573712105,6.149725806451613,0.4950119851860741,0.3311090413261558,0.9778387636723637,0.022161236327636336,0.32377125561110975,219.84710293977426,-2.6598279904713134
0.033299999999999996,3.3299999999999996,0.003314337654907316,3.314337654907316,6.150322580645162,0.49491592646969074,0.33106606044291487,0.9778387636723637,0.022161236327636336,0.3237292272373799,219.7747431887084,-2.659742538391535
0.0333925,3.33925,0.0033273068362560726,3.3273068362560725,6.1509193548387096,0.49481989571136314,0.3310230865477513,0.9778387636723637,0.022161236327636336,0.323687205696863,219.70236900312642,-2.6596571084384375
0.033485,3.3485,0.0033402786042476475,3.3402786042476476,6.151516129032258,0.49472389290024266,0.3309801196395677,0.9778387636723637,0.022161236327636336,0.3236451909884859,219.62998036723016,-2.659571700604522
0.033577499999999996,3.35775,0.0033532529617163937,3.3532529617163935,6.152112903225806,0.49462791802548606,0.33093715971726667,0.9778387636723637,0.022161236327636336,0.3236031831111756,219.55757726519812,-2.6594863148822623
0.03367,3.367,0.0033662299115009044,3.3662299115009042,6.152709677419354,0.4945319710762551,0.33089420677975095,0.9778387636723637,0.022161236327636336,0.32356118206385914,219.48515968118517,-2.6594009512641112
0.0337625,3.37625,0.003379209456443963,3.379209456443963,6.153306451612902,0.4944360520417171,0.3308512608259232,0.9778387636723637,0.022161236327636336,0.32351918784546346,219.41272759932272,-2.6593156097426185
0.033854999999999996,3.3854999999999995,0.003392191599392579,3.392191599392579,6.153903225806452,0.4943401609110441,0.3308083218546861,0.9778387636723637,0.022161236327636336,0.3234772004549156,219.34028100371864,-2.659230290310234
0.0339475,3.3947499999999997,0.0034051763431980245,3.4051763431980246,6.1545000000000005,0.4942442976734144,0.33076538986494264,0.9778387636723637,0.022161236327636336,0.3234352198911429,219.267819878457,-2.6591449929594693
0.03404,3.404,0.003418163690715786,3.4181636907157857,6.155096774193549,0.4941484623180106,0.3307224648555957,0.9778387636723637,0.022161236327636336,0.32339324615307247,219.1953442075983,-2.659059717682806
0.034132499999999996,3.4132499999999997,0.003431153644805598,3.431153644805598,6.155693548387096,0.49405265483402083,0.330679546825548,0.9778387636723637,0.022161236327636336,0.32335127923963136,219.12285397517934,-2.658974464472779
0.034225,3.4225,0.003444146208331487,3.444146208331487,6.156290322580645,0.49395687521063836,0.33063663577370234,0.9778387636723637,0.022161236327636336,0.3233093191497467,219.05034916521296,-2.6588892333218848
0.0343175,3.43175,0.0034571413841617254,3.4571413841617256,6.156887096774193,0.49386112343706223,0.3305937316989621,0.9778387636723637,0.022161236327636336,0.3232673658823462,218.9778297616883,-2.658804024222611
0.034409999999999996,3.441,0.003470139175168875,3.470139175168875,6.157483870967742,0.493765399502496,0.33055083460022994,0.9778387636723637,0.022161236327636336,0.3232254194363568,218.90529574857052,-2.6587188371675126
0.0345025,3.45025,0.0034831395842297723,3.483139584229772,6.158080645161291,0.49366970339614885,0.33050794447640913,0.9778387636723637,0.022161236327636336,0.3231834798107061,218.83274710980095,-2.658633672149047
0.034595,3.4595000000000002,0.0034961426142255734,3.4961426142255734,6.158677419354839,0.49357403510723535,0.33046506132640274,0.9778387636723637,0.022161236327636336,0.3231415470043215,218.76018382929678,-2.658548529159776
0.034687499999999996,3.4687499999999996,0.003509148268041721,3.509148268041721,6.159274193548387,0.4934783946249746,0.3304221851491138,0.9778387636723637,0.022161236327636336,0.32309962101613027,218.68760589095126,-2.6584634081922074
0.03478,3.4779999999999998,0.0035221565485679895,3.5221565485679895,6.159870967741935,0.49338278193859175,0.33037931594344566,0.9778387636723637,0.022161236327636336,0.3230577018450601,218.6150132786335,-2.6583783092388624
0.0348725,3.48725,0.0035351674586984534,3.5351674586984534,6.160467741935484,0.49328719703731644,0.3303364537083013,0.9778387636723637,0.022161236327636336,0.32301578949003834,218.54240597618855,-2.6582932322922637
0.034964999999999996,3.4964999999999997,0.0035481810013315443,3.5481810013315442,6.1610645161290325,0.49319163991038434,0.3302935984425842,0.9778387636723637,0.022161236327636336,0.3229738839499927,218.4697839674371,-2.6582081773449753
0.0350575,3.50575,0.0035611971793700335,3.5611971793700334,6.161661290322581,0.4930961105470357,0.3302507501451978,0.9778387636723637,0.022161236327636336,0.32293198522385086,218.39714723617575,-2.658123144389507
0.03515,3.515,0.003574215995721031,3.574215995721031,6.162258064516129,0.49300060893651615,0.33020790881504525,0.9778387636723637,0.022161236327636336,0.3228900933105404,218.32449576617674,-2.658038133418384
0.035242499999999996,3.5242499999999994,0.0035872374532960245,3.5872374532960243,6.162854838709678,0.49290513506807637,0.33016507445102994,0.9778387636723637,0.022161236327636336,0.322848208208989,218.2518295411879,-2.657953144424166
0.035335,3.5334999999999996,0.003600261555010853,3.600261555010853,6.163451612903226,0.4928096889309726,0.33012224705205545,0.9778387636723637,0.022161236327636336,0.3228063299181245,218.1791485449328,-2.657868177399393
0.0354275,3.54275,0.0036132883037857553,3.6132883037857555,6.164048387096774,0.4927142705144661,0.3300794266170253,0.9778387636723637,0.022161236327636336,0.3227644584368747,218.1064527611104,-2.657783232336613
0.035519999999999996,3.5519999999999996,0.003626317702545337,3.626317702545337,6.164645161290323,0.4926188798078231,0.3300366131448428,0.9778387636723637,0.022161236327636336,0.32272259376416723,218.0337421733953,-2.6576983092283712
0.0356125,3.56125,0.0036393497542186334,3.6393497542186335,6.165241935483871,0.4925235168003155,0.32999380663441175,0.9778387636723637,0.022161236327636336,0.3226807358989302,217.9610167654374,-2.6576134080672213
0.035705,3.5705,0.003652384461739059,3.652384461739059,6.165838709677419,0.49242818148122003,0.3299510070846357,0.9778387636723637,0.022161236327636336,0.32263888484009146,217.8882765208621,-2.657528528845724
0.0357975,3.57975,0.003665421828044445,3.665421828044445,6.166435483870967,0.4923328738398187,0.3299082144944184,0.9778387636723637,0.022161236327636336,0.322597040586579,217.81552142327013,-2.6574436715564382
0.03589,3.589,0.0036784618560770704,3.6784618560770705,6.167032258064515,0.49223759386539884,0.32986542886266346,0.9778387636723637,0.022161236327636336,0.32255520313732083,217.74275145623744,-2.6573588361919205
0.0359825,3.59825,0.0036915045487836357,3.6915045487836355,6.167629032258065,0.4921423415472524,0.3298226501882746,0.9778387636723637,0.022161236327636336,0.32251337249124495,217.6699666033153,-2.657274022744728
0.036075,3.6075000000000004,0.0037045499091152905,3.7045499091152907,6.168225806451614,0.4920471168746775,0.32977987847015583,0.9778387636723637,0.022161236327636336,0.3224715486472795,217.59716684803,-2.657189231207458
0.0361675,3.6167499999999997,0.0037175979400276274,3.7175979400276273,6.168822580645161,0.49195191983697656,0.32973711370721076,0.9778387636723637,0.022161236327636336,0.32242973160435257,217.52435217388324,-2.657104461572664
0.03626,3.626,0.0037306486444807227,3.7306486444807225,6.169419354838709,0.4918567504234578,0.3296943558983435,0.9778387636723637,0.022161236327636336,0.3223879213613925,217.45152256435154,-2.6570197138329146
0.0363525,3.63525,0.0037437020254391176,3.743702025439118,6.170016129032258,0.4917616086234339,0.32965160504245794,0.9778387636723637,0.022161236327636336,0.32234611791732737,217.3786780028865,-2.6569349879808035
0.036445,3.6445,0.0037567580858718238,3.756758085871824,6.170612903225806,0.49166649442622345,0.32960886113845794,0.9778387636723637,0.022161236327636336,0.3223043212710855,217.30581847291475,-2.6568502840089057
0.0365375,3.65375,0.0037698168287523693,3.7698168287523695,6.171209677419355,0.49157140782114966,0.3295661241852476,0.9778387636723637,0.022161236327636336,0.32226253142159517,217.23294395783782,-2.6567656019098025
0.03663,3.6630000000000003,0.0037828782570587726,3.7828782570587727,6.171806451612904,0.49147634879754126,0.3295233941817311,0.9778387636723637,0.022161236327636336,0.3222207483677849,217.16005444103206,-2.6566809416760666
0.0367225,3.67225,0.003795942373773557,3.7959423737735567,6.172403225806452,0.491381317344732,0.3294806711268125,0.9778387636723637,0.022161236327636336,0.322178972108583,217.0871499058487,-2.6565963033003284
0.036815,3.6815,0.003809009181883776,3.809009181883776,6.173,0.49128631345206075,0.3294379550193959,0.9778387636723637,0.022161236327636336,0.32213720264291784,217.0142303356136,-2.6565116867751484
0.0369075,3.6907500000000004,0.0038220786843810115,3.8220786843810117,6.173596774193547,0.4911913371088714,0.3293952458583856,0.9778387636723637,0.022161236327636336,0.322095439969718,216.94129571362748,-2.656427092093137
0.037,3.6999999999999997,0.0038351508842613905,3.8351508842613904,6.174193548387096,0.4910963883045133,0.3293525436426858,0.9778387636723637,0.022161236327636336,0.3220536840879121,216.8683460231656,-2.6563425192468784
0.0370925,3.70925,0.0038482257845255806,3.8482257845255807,6.1747903225806455,0.49100146702834063,0.3293098483712007,0.9778387636723637,0.022161236327636336,0.32201193499642844,216.79538124747785,-2.656257968228988
0.037185,3.7185,0.0038613033881788167,3.8613033881788166,6.175387096774194,0.4909065732697132,0.32926716004283485,0.9778387636723637,0.022161236327636336,0.3219701926941959,216.72240136978866,-2.6561734390320995
0.0372775,3.72775,0.0038743836982309196,3.8743836982309197,6.175983870967742,0.4908117070179955,0.3292244786564927,0.9778387636723637,0.022161236327636336,0.3219284571801433,216.64940637329687,-2.6560889316487564
0.03737,3.737,0.003887466717696256,3.887466717696256,6.176580645161291,0.49071686826255706,0.3291818042110784,0.9778387636723637,0.022161236327636336,0.321886728453199,216.57639624117584,-2.656004446071632
0.0374625,3.7462500000000003,0.0039005524495938086,3.9005524495938086,6.177177419354839,0.49062205699277317,0.32913913670549677,0.9778387636723637,0.022161236327636336,0.32184500651229203,216.5033709565733,-2.6559199822933017
0.037555,3.7554999999999996,0.003913640896947148,3.913640896947148,6.177774193548387,0.49052727319802364,0.3290964761386521,0.9778387636723637,0.022161236327636336,0.3218032913563511,216.43033050261124,-2.6558355403064104
0.0376475,3.7647500000000003,0.003926732062784461,3.926732062784461,6.178370967741936,0.4904325168676936,0.32905382250944915,0.9778387636723637,0.022161236327636336,0.32176158298430513,216.35727486238596,-2.6557511201035657
0.03774,3.7740000000000005,0.003939825950138549,3.9398259501385486,6.178967741935484,0.49033778799117345,0.3290111758167924,0.9778387636723637,0.022161236327636336,0.32171988139508295,216.28420401896796,-2.6556667216774
0.0378325,3.78325,0.0039529225620468416,3.9529225620468416,6.179564516129032,0.49024308655785864,0.32896853605958665,0.9778387636723637,0.022161236327636336,0.3216781865876136,216.21111795540187,-2.6555823450205267
0.037925,3.7925,0.003966021901551412,3.9660219015514118,6.18016129032258,0.49014841255714964,0.3289259032367366,0.9778387636723637,0.022161236327636336,0.32163649856082605,216.13801665470646,-2.6554979901255935
0.0380175,3.80175,0.003979123971698989,3.979123971698989,6.180758064516129,0.4900537659784519,0.3288832773471469,0.9778387636723637,0.022161236327636336,0.3215948173136492,216.06490009987445,-2.655413656985228
0.03811,3.811,0.003992228775540942,3.992228775540942,6.1813548387096775,0.4899591468111765,0.3288406583897225,0.9778387636723637,0.022161236327636336,0.3215531428450123,215.99176827387268,-2.6553293455920746
0.0382025,3.82025,0.004005336316133324,4.005336316133325,6.181951612903227,0.489864555044739,0.32879804636336823,0.9778387636723637,0.022161236327636336,0.3215114751538445,215.91862115964182,-2.6552450559387397
0.038295,3.8295000000000003,0.004018446596536868,4.018446596536868,6.182548387096774,0.4897699906685608,0.328755441266989,0.9778387636723637,0.022161236327636336,0.3214698142390749,215.84545874009643,-2.65516078801791
0.0383875,3.8387499999999997,0.004031559619816982,4.031559619816982,6.183145161290322,0.48967545367206766,0.32871284309948984,0.9778387636723637,0.022161236327636336,0.3214281600996328,215.77228099812493,-2.6550765418222064
0.03848,3.848,0.004044675389043808,4.044675389043808,6.183741935483871,0.4895809440446907,0.32867025185977555,0.9778387636723637,0.022161236327636336,0.3213865127344473,215.6990879165894,-2.654992317344294
0.0385725,3.85725,0.004057793907292144,4.057793907292144,6.184338709677419,0.4894864617758666,0.32862766754675143,0.9778387636723637,0.022161236327636336,0.32134487214244795,215.6258794783258,-2.6549081145768265
0.038665,3.8665,0.004070915177641558,4.070915177641558,6.184935483870968,0.4893920068550364,0.3285850901593225,0.9778387636723637,0.022161236327636336,0.3213032383225641,215.55265566614352,-2.6548239335124224
0.0387575,3.87575,0.004084039203176324,4.084039203176324,6.185532258064517,0.48929757927164674,0.32854251969639386,0.9778387636723637,0.022161236327636336,0.321261611273725,215.47941646282572,-2.6547397741437844
0.03885,3.8850000000000002,0.004097165986985458,4.097165986985457,6.186129032258065,0.48920317901514904,0.3284999561568708,0.9778387636723637,0.022161236327636336,0.3212199909948602,215.40616185112899,-2.6546556364635543
0.0389425,3.89425,0.004110295532162732,4.110295532162732,6.186725806451613,0.48910880607500007,0.32845739953965847,0.9778387636723637,0.022161236327636336,0.32117837748489925,215.3328918137834,-2.6545715204643976
0.039035,3.9035,0.0041234278418066815,4.123427841806682,6.187322580645161,0.4890144604406615,0.3284148498436622,0.9778387636723637,0.022161236327636336,0.3211367707427716,215.25960633349248,-2.6544874261389877
0.0391275,3.9127500000000004,0.004136562919020605,4.136562919020605,6.1879193548387095,0.4889201421016003,0.32837230706778736,0.9778387636723637,0.022161236327636336,0.32109517076740696,215.18630539293312,-2.6544033534799873
0.03922,3.9219999999999997,0.0041497007669125795,4.14970076691258,6.188516129032258,0.4888258510472882,0.3283297712109393,0.9778387636723637,0.022161236327636336,0.3210535775577349,215.1129889747555,-2.654319302480084
0.0393125,3.93125,0.004162841388595486,4.162841388595486,6.189112903225807,0.48873158726720217,0.32828724227202355,0.9778387636723637,0.022161236327636336,0.32101199111268525,215.039657061583,-2.6542352731319294
0.039405,3.9405,0.004175984787187009,4.175984787187009,6.189709677419355,0.48863735075082443,0.32824472024994555,0.9778387636723637,0.022161236327636336,0.32097041143118765,214.96630963601223,-2.6541512654282253
0.0394975,3.94975,0.004189130965809639,4.189130965809639,6.190306451612903,0.488543141487642,0.3282022051436108,0.9778387636723637,0.022161236327636336,0.32092883851217185,214.8929466806129,-2.6540672793616635
0.03959,3.959,0.0042022799275906785,4.202279927590679,6.190903225806452,0.4884489594671468,0.3281596969519249,0.9778387636723637,0.022161236327636336,0.32088727235456777,214.81956817792786,-2.6539833149248917
0.0396825,3.9682500000000003,0.004215431675662301,4.215431675662301,6.1915,0.48835480467883663,0.32811719567379355,0.9778387636723637,0.022161236327636336,0.3208457129573053,214.74617411047285,-2.6538993721106503
0.039775,3.9774999999999996,0.00422858621316148,4.22858621316148,6.192096774193549,0.4882606771122133,0.3280747013081224,0.9778387636723637,0.022161236327636336,0.32080416031931436,214.6727644607367,-2.653815450911584
0.0398675,3.98675,0.004241743543230063,4.241743543230062,6.192693548387097,0.48816657675678443,0.3280322138538171,0.9778387636723637,0.022161236327636336,0.3207626144395249,214.59933921118102,-2.653731551320414
0.03996,3.9960000000000004,0.004254903669014777,4.254903669014777,6.193290322580645,0.48807250360206245,0.3279897333097836,0.9778387636723637,0.022161236327636336,0.32072107531686705,214.5258983442403,-2.6536476733298335
0.0400525,4.00525,0.004268066593667201,4.268066593667202,6.193887096774193,0.4879784576375648,0.32794725967492766,0.9778387636723637,0.022161236327636336,0.32067954295027085,214.4524418423218,-2.6535638169325515
0.040145,4.0145,0.004281232320343825,4.2812323203438245,6.194483870967742,0.48788443885281374,0.327904792948155,0.9778387636723637,0.022161236327636336,0.32063801733866626,214.3789696878055,-2.6534799821212594
0.0402375,4.023750000000001,0.004294400852206019,4.294400852206019,6.1950806451612905,0.4877904472373372,0.3278623331283718,0.9778387636723637,0.022161236327636336,0.32059649848098376,214.305481863044,-2.653396168888655
0.04033,4.0329999999999995,0.004307572192420066,4.307572192420066,6.195677419354839,0.48769648278066774,0.32781988021448405,0.9778387636723637,0.022161236327636336,0.32055498637615343,214.23197835036254,-2.653312377227478
0.0404225,4.04225,0.004320746344157166,4.320746344157166,6.196274193548387,0.4876025454723428,0.32777743420539757,0.9778387636723637,0.022161236327636336,0.3205134810231055,214.1584591320589,-2.6532286071304236
0.040515,4.0515,0.004333923310593457,4.333923310593457,6.196870967741935,0.4875086353019053,0.3277349951000186,0.9778387636723637,0.022161236327636336,0.32047198242077035,214.08492419040329,-2.65314485859022
0.0406075,4.06075,0.004347103094910008,4.3471030949100085,6.197467741935483,0.48741475225890274,0.3276925628972532,0.9778387636723637,0.022161236327636336,0.3204304905680783,214.01137350763835,-2.6530611315995682
0.0407,4.07,0.004360285700292847,4.360285700292847,6.198064516129032,0.48732089633288794,0.32765013759600753,0.9778387636723637,0.022161236327636336,0.3203890054639598,213.9378070659791,-2.652977426151211
0.0407925,4.07925,0.004373471129932958,4.373471129932958,6.1986612903225815,0.48722706751341877,0.32760771919518783,0.9778387636723637,0.022161236327636336,0.3203475271073454,213.8642248476128,-2.6528937422378642
0.040885,4.0885,0.004386659387026303,4.386659387026302,6.19925806451613,0.48713326579005806,0.3275653076937005,0.9778387636723637,0.022161236327636336,0.3203060554971655,213.79062683469903,-2.652810079852259
0.0409775,4.09775,0.004399850474773831,4.399850474773831,6.199854838709678,0.4870394911523736,0.3275229030904518,0.9778387636723637,0.022161236327636336,0.32026459063235074,213.71701300936945,-2.6527264389871257
0.04107,4.107,0.004413044396381472,4.413044396381473,6.200451612903225,0.4869457435899383,0.32748050538434814,0.9778387636723637,0.022161236327636336,0.3202231325118318,213.64338335372787,-2.6526428196351928
0.0411625,4.11625,0.004426241155060182,4.426241155060182,6.201048387096773,0.48685202309232994,0.3274381145742959,0.9778387636723637,0.022161236327636336,0.32018168113453926,213.56973784985018,-2.6525592217892124
0.041255,4.1255,0.004439440754025917,4.439440754025917,6.2016451612903225,0.48675832964913135,0.3273957306592015,0.9778387636723637,0.022161236327636336,0.32014023649940376,213.4960764797842,-2.6524756454419207
0.0413475,4.13475,0.004452643196499668,4.452643196499668,6.202241935483871,0.4866646632499306,0.3273533536379717,0.9778387636723637,0.022161236327636336,0.3200987986053563,213.4223992255497,-2.6523920905860496
0.04144,4.144,0.0044658484857074765,4.465848485707476,6.20283870967742,0.48657102388432033,0.32731098350951277,0.9778387636723637,0.022161236327636336,0.32005736745132735,213.3487060691383,-2.6523085572143743
0.0415325,4.15325,0.004479056624880409,4.479056624880409,6.203435483870968,0.4864774115418988,0.3272686202727317,0.9778387636723637,0.022161236327636336,0.3200159430362482,213.27499699251348,-2.6522250453196086
0.041625,4.1625000000000005,0.004492267617254608,4.492267617254608,6.204032258064516,0.48638382621226867,0.327226263926535,0.9778387636723637,0.022161236327636336,0.3199745253590495,213.20127197761042,-2.652141554894523
0.0417175,4.171749999999999,0.004505481466071298,4.5054814660712985,6.204629032258064,0.486290267885038,0.3271839144698293,0.9778387636723637,0.022161236327636336,0.3199331144186623,213.12753100633594,-2.652058085931881
0.04181,4.181,0.004518698174576777,4.518698174576778,6.2052258064516135,0.4861967365498194,0.3271415719015215,0.9778387636723637,0.022161236327636336,0.3198917102140174,213.05377406056851,-2.651974638424452
0.0419025,4.19025,0.004531917746022437,4.531917746022438,6.205822580645162,0.48610323219623114,0.32709923622051856,0.9778387636723637,0.022161236327636336,0.3198503127440463,212.98000112215817,-2.651891212364951
0.041995,4.1995,0.004545140183664763,4.5451401836647625,6.20641935483871,0.486009754813896,0.32705690742572724,0.9778387636723637,0.022161236327636336,0.3198089220076798,212.90621217292647,-2.6518078077461977
0.0420875,4.20875,0.0045583654907654,4.5583654907654,6.207016129032258,0.48591630439244193,0.32701458551605456,0.9778387636723637,0.022161236327636336,0.3197675380038492,212.83240719466627,-2.6517244245609133
0.04218,4.218,0.004571593670591078,4.571593670591078,6.207612903225806,0.4858228809215016,0.3269722704904074,0.9778387636723637,0.022161236327636336,0.31972616073148563,212.75858616914192,-2.651641062801905
0.0422725,4.22725,0.004584824726413693,4.584824726413693,6.208209677419355,0.4857294843907129,0.32692996234769284,0.9778387636723637,0.022161236327636336,0.31968479018952034,212.684749078089,-2.651557722461936
0.042365,4.2365,0.004598058661510272,4.598058661510272,6.208806451612904,0.4856361147897188,0.3268876610868181,0.9778387636723637,0.022161236327636336,0.3196434263768848,212.61089590321438,-2.651474403533775
0.0424575,4.24575,0.00461129547916303,4.61129547916303,6.209403225806451,0.48554277210816704,0.32684536670669023,0.9778387636723637,0.022161236327636336,0.3196020692925103,212.53702662619602,-2.6513911060102084
0.04255,4.255,0.004624535182659341,4.624535182659341,6.21,0.48544945633571035,0.3268030792062165,0.9778387636723637,0.022161236327636336,0.3195607189353283,212.46314122868307,-2.6513078298840114
0.0426425,4.26425,0.004637777775291763,4.637777775291763,6.210596774193548,0.4853561674620066,0.32676079858430407,0.9778387636723637,0.022161236327636336,0.3195193753042701,212.3892396922957,-2.6512245751480106
0.042735,4.2735,0.0046510232603580596,4.65102326035806,6.211193548387096,0.4852629054767184,0.32671852483986036,0.9778387636723637,0.022161236327636336,0.3194780383982675,212.31532199862502,-2.6511413417949354
0.0428275,4.28275,0.004664271641161206,4.664271641161206,6.211790322580645,0.48516967036951364,0.3266762579717927,0.9778387636723637,0.022161236327636336,0.3194367082162519,212.2413881292331,-2.651058129817617
0.04292,4.292,0.0046775229210093885,4.6775229210093885,6.2123870967741945,0.4850764621300645,0.32663399797900844,0.9778387636723637,0.022161236327636336,0.31939538475715495,212.16743806565282,-2.6509749392088273
0.0430125,4.3012500000000005,0.004690777103216032,4.690777103216032,6.212983870967743,0.48498328074804903,0.32659174486041515,0.9778387636723637,0.022161236327636336,0.3193540680199084,212.0934717893879,-2.6508917699613765
0.043105,4.310499999999999,0.0047040341910998,4.7040341910998,6.213580645161291,0.4848901262131497,0.3265494986149203,0.9778387636723637,0.022161236327636336,0.3193127580034439,212.01948928191277,-2.650808622068077
0.0431975,4.31975,0.004717294187984625,4.717294187984625,6.214177419354838,0.484796998515054,0.3265072592414314,0.9778387636723637,0.022161236327636336,0.3192714547066932,211.94549052467244,-2.650725495521728
0.04329,4.329000000000001,0.004730557097199687,4.7305570971996875,6.2147741935483864,0.48470389764345434,0.3264650267388562,0.9778387636723637,0.022161236327636336,0.3192301581285883,211.8714754990826,-2.6506423903151295
0.0433825,4.3382499999999995,0.004743822922079465,4.743822922079465,6.2153709677419355,0.48461082358804813,0.3264228011061023,0.9778387636723637,0.022161236327636336,0.3191888682680609,211.79744418652945,-2.6505593064410786
0.043475,4.3475,0.004757091665963723,4.757091665963723,6.215967741935484,0.484517776338538,0.3263805823420775,0.9778387636723637,0.022161236327636336,0.3191475851240432,211.72339656836957,-2.650476243892416
0.0435675,4.35675,0.00477036333219752,4.77036333219752,6.216564516129033,0.4844247558846308,0.3263383704456895,0.9778387636723637,0.022161236327636336,0.3191063086954668,211.64933262593001,-2.6503932026619537
0.04366,4.366,0.004783637924131235,4.783637924131235,6.217161290322581,0.48433176221603913,0.3262961654158461,0.9778387636723637,0.022161236327636336,0.31906503898126404,211.57525234050814,-2.6503101827424937
0.0437525,4.37525,0.004796915445120571,4.796915445120571,6.217758064516129,0.48423879532248004,0.3262539672514554,0.9778387636723637,0.022161236327636336,0.31902377598036696,211.50115569337157,-2.6502271841268725
0.043845,4.3845,0.004810195898526582,4.810195898526582,6.2183548387096765,0.48414585519367576,0.32621177595142525,0.9778387636723637,0.022161236327636336,0.31898251969170777,211.4270426657581,-2.6501442068079064
0.0439375,4.39375,0.004823479287715655,4.823479287715656,6.2189516129032265,0.48405294181935293,0.32616959151466346,0.9778387636723637,0.022161236327636336,0.3189412701142184,211.3529132388757,-2.650061250778429
0.04403,4.403,0.0048367656160595495,4.83676561605955,6.219548387096775,0.4839600551892442,0.3261274139400784,0.9778387636723637,0.022161236327636336,0.3189000272468314,211.27876739390229,-2.6499783160312713
0.0441225,4.41225,0.004850054886935399,4.850054886935399,6.220145161290323,0.48386719529308597,0.32608524322657795,0.9778387636723637,0.022161236327636336,0.318858791088479,211.2046051119859,-2.6498954025592725
0.044215,4.4215,0.004863347103725725,4.863347103725725,6.220741935483871,0.48377436212062036,0.3260430793730704,0.9778387636723637,0.022161236327636336,0.3188175616380935,211.13042637424442,-2.6498125103552694
0.0443075,4.43075,0.004876642269818446,4.876642269818446,6.221338709677419,0.4836815556615939,0.32600092237846395,0.9778387636723637,0.022161236327636336,0.3187763388946074,211.05623116176562,-2.6497296394120817
0.0444,4.44,0.004889940388606884,4.889940388606885,6.2219354838709675,0.48358877590575833,0.3259587722416668,0.9778387636723637,0.022161236327636336,0.31873512285695305,210.98201945560706,-2.6496467897225697
0.0444925,4.44925,0.004903241463489796,4.903241463489796,6.222532258064517,0.4834960228428701,0.3259166289615873,0.9778387636723637,0.022161236327636336,0.318693913524063,210.90779123679602,-2.6495639612795934
0.044585,4.4585,0.00491654549787137,4.916545497871369,6.223129032258065,0.48340329646269065,0.32587449253713374,0.9778387636723637,0.022161236327636336,0.31865271089486974,210.8335464863294,-2.6494811540759837
0.0446775,4.4677500000000006,0.00492985249516124,4.92985249516124,6.223725806451613,0.48331059675498683,0.3258323629672148,0.9778387636723637,0.022161236327636336,0.31861151496830614,210.75928518517372,-2.649398368104589
0.04477,4.476999999999999,0.004943162458774498,4.943162458774498,6.224322580645161,0.4832179237095296,0.32579024025073877,0.9778387636723637,0.022161236327636336,0.31857032574330474,210.68500731426505,-2.6493156033582745
0.0448625,4.48625,0.004956475392131711,4.956475392131711,6.224919354838709,0.48312527731609517,0.32574812438661427,0.9778387636723637,0.022161236327636336,0.3185291432187982,210.61071285450882,-2.649232859829901
0.044955,4.4955,0.0049697912986589364,4.9697912986589365,6.2255161290322585,0.4830326575644645,0.32570601537374977,0.9778387636723637,0.022161236327636336,0.3184879673937194,210.5364017867799,-2.649150137512313
0.0450475,4.50475,0.004983110181787712,4.983110181787712,6.226112903225808,0.4829400644444238,0.3256639132110541,0.9778387636723637,0.022161236327636336,0.31844679826700106,210.46207409192243,-2.649067436398389
0.04514,4.514,0.004996432044955105,4.996432044955105,6.226709677419356,0.4828474979457641,0.3256218178974359,0.9778387636723637,0.022161236327636336,0.31840563583757625,210.38772975074986,-2.648984756481003
0.0452325,4.52325,0.005009756891603694,5.009756891603694,6.227306451612903,0.482754958058281,0.32557972943180397,0.9778387636723637,0.022161236327636336,0.31836448010437784,210.31336874404468,-2.6489020977530044
0.045325,4.5325,0.005023084725181589,5.023084725181589,6.227903225806451,0.48266244477177517,0.3255376478130671,0.9778387636723637,0.022161236327636336,0.31832333106633887,210.23899105255865,-2.6488194602072754
0.0454175,4.54175,0.005036415549142447,5.036415549142447,6.2284999999999995,0.48256995807605224,0.3254955730401341,0.9778387636723637,0.022161236327636336,0.3182821887223923,210.16459665701245,-2.6487368438366956
0.04551,4.551,0.005049749366945492,5.049749366945492,6.229096774193548,0.4824774979609226,0.325453505111914,0.9778387636723637,0.022161236327636336,0.31824105307147127,210.0901855380957,-2.648654248634145
0.0456025,4.56025,0.0050630861820555135,5.063086182055513,6.229693548387097,0.4823850644162013,0.3254114440273156,0.9778387636723637,0.022161236327636336,0.31819992411250886,210.01575767646705,-2.6485716745925005
0.045695,4.5695,0.00507642599794289,5.07642599794289,6.230290322580646,0.482292657431709,0.32536938978524815,0.9778387636723637,0.022161236327636336,0.31815880184443845,209.94131305275377,-2.648489121704648
0.0457875,4.57875,0.005089768818083594,5.089768818083594,6.230887096774194,0.48220027699727064,0.32532734238462063,0.9778387636723637,0.022161236327636336,0.3181176862661932,209.86685164755204,-2.6484065899634786
0.04588,4.588,0.005103114645959207,5.103114645959207,6.231483870967742,0.48210792310271616,0.32528530182434234,0.9778387636723637,0.022161236327636336,0.3180765773767066,209.79237344142663,-2.6483240793618763
0.0459725,4.59725,0.005116463485056936,5.116463485056936,6.2320806451612905,0.48201559573788016,0.3252432681033222,0.9778387636723637,0.022161236327636336,0.3180354751749117,209.71787841491098,-2.6482415898927387
0.046065,4.6065000000000005,0.005129815338869624,5.129815338869624,6.232677419354839,0.4819232948926027,0.32520124122046984,0.9778387636723637,0.022161236327636336,0.3179943796597423,209.64336654850703,-2.6481591215489715
0.0461575,4.615749999999999,0.005143170210895762,5.143170210895762,6.233274193548388,0.481831020556728,0.32515922117469426,0.9778387636723637,0.022161236327636336,0.3179532908301317,209.56883782268517,-2.6480766743234523
0.04625,4.625,0.005156528104639497,5.156528104639497,6.233870967741936,0.4817387727201057,0.325117207964905,0.9778387636723637,0.022161236327636336,0.31791220868501346,209.4942922178842,-2.6479942482091023
0.0463425,4.63425,0.005169889023610658,5.169889023610658,6.234467741935484,0.48164655137259,0.32507520159001146,0.9778387636723637,0.022161236327636336,0.3178711332233212,209.41972971451122,-2.647911843198824
0.046435,4.6434999999999995,0.005183252971324744,5.183252971324744,6.235064516129032,0.48155435650403994,0.32503320204892316,0.9778387636723637,0.022161236327636336,0.3178300644439886,209.34515029294167,-2.647829459285533
0.0465275,4.65275,0.005196619951302994,5.196619951302994,6.2356612903225805,0.48146218810431957,0.3249912093405496,0.9778387636723637,0.022161236327636336,0.3177890023459493,209.27055393351898,-2.6477470964621213
0.04662,4.662,0.005209989967072311,5.209989967072311,6.236258064516128,0.48137004616329765,0.32494922346380034,0.9778387636723637,0.022161236327636336,0.3177479469281371,209.19594061655485,-2.647664754721511
0.0467125,4.67125,0.0052233630221653555,5.223363022165356,6.236854838709678,0.48127793067084773,0.32490724441758506,0.9778387636723637,0.022161236327636336,0.31770689818948583,209.12131032232898,-2.6475824340566256
0.046805,4.6805,0.005236739120120509,5.236739120120509,6.237451612903226,0.48118584161684874,0.3248652722008136,0.9778387636723637,0.022161236327636336,0.3176658561289295,209.04666303108897,-2.6475001344603766
0.0468975,4.68975,0.0052501182644819275,5.2501182644819275,6.238048387096774,0.4810937789911837,0.3248233068123956,0.9778387636723637,0.022161236327636336,0.31762482074540177,208.97199872305032,-2.647417855925693
0.04699,4.699,0.005263500458799503,5.263500458799503,6.238645161290322,0.48100174278374086,0.32478134825124094,0.9778387636723637,0.022161236327636336,0.3175837920378368,208.8973173783964,-2.6473355984455096
0.0470825,4.70825,0.005276885706628942,5.276885706628942,6.239241935483871,0.48090973298441325,0.32473939651625944,0.9778387636723637,0.022161236327636336,0.3175427700051686,208.82261897727818,-2.647253362012735
0.047175,4.7175,0.0052902740115317055,5.2902740115317055,6.23983870967742,0.48081774958309875,0.3246974516063611,0.9778387636723637,0.022161236327636336,0.3175017546463313,208.74790349981447,-2.6471711466203196
0.0472675,4.72675,0.005303665377075081,5.303665377075081,6.240435483870969,0.4807257925696998,0.3246555135204558,0.9778387636723637,0.022161236327636336,0.31746074596025886,208.67317092609156,-2.647088952261186
0.04736,4.736,0.005317059806832178,5.317059806832178,6.241032258064516,0.48063386193412455,0.32461358225745385,0.9778387636723637,0.022161236327636336,0.3174197439458858,208.59842123616323,-2.647006778928291
0.0474525,4.74525,0.0053304573043819305,5.33045730438193,6.241629032258064,0.4805419576662848,0.32457165781626524,0.9778387636723637,0.022161236327636336,0.31737874860214627,208.52365441005077,-2.6469246266145454
0.047545,4.754499999999999,0.005343857873309104,5.343857873309104,6.2422258064516125,0.480450079756098,0.3245297401958001,0.9778387636723637,0.022161236327636336,0.3173377599279746,208.44887042774283,-2.6468424953129115
0.0476375,4.76375,0.0053572615172043534,5.357261517204353,6.242822580645161,0.480358228193486,0.3244878293949687,0.9778387636723637,0.022161236327636336,0.31729677792230504,208.37406926919527,-2.646760385016351
0.04773,4.773000000000001,0.005370668239664177,5.370668239664177,6.243419354838711,0.48026640296837525,0.32444592541268114,0.9778387636723637,0.022161236327636336,0.31725580258407204,208.29925091433128,-2.6466782957177797
0.0478225,4.7822499999999994,0.0053840780442909715,5.3840780442909715,6.244016129032259,0.4801746040706981,0.3244040282478481,0.9778387636723637,0.022161236327636336,0.31721483391221034,208.2244153430411,-2.646596227410164
0.047915,4.7915,0.005397490934693046,5.397490934693046,6.244612903225807,0.48008283149039055,0.32436213789937973,0.9778387636723637,0.022161236327636336,0.3171738719056542,208.149562535182,-2.6465141800864793
0.0480075,4.80075,0.005410906914484594,5.410906914484594,6.245209677419354,0.47999108521739386,0.32432025436618667,0.9778387636723637,0.022161236327636336,0.3171329165633385,208.07469247057838,-2.6464321537396627
0.0481,4.81,0.005424325987285752,5.424325987285752,6.245806451612903,0.47989936524165416,0.32427837764717937,0.9778387636723637,0.022161236327636336,0.31709196788419775,207.99980512902147,-2.646350148362669
0.0481925,4.81925,0.005437748156722601,5.437748156722601,6.246403225806452,0.4798076715531221,0.3242365077412683,0.9778387636723637,0.022161236327636336,0.31705102586716655,207.92490049026927,-2.646268163948486
0.048285,4.8285,0.005451173426427164,5.451173426427164,6.247,0.4797160041417535,0.32419464464736425,0.9778387636723637,0.022161236327636336,0.31701009051117995,207.84997853404664,-2.6461862004900474
0.0483775,4.83775,0.005464601800037438,5.464601800037438,6.247596774193549,0.47962436299750866,0.3241527883643777,0.9778387636723637,0.022161236327636336,0.3169691618151725,207.77503924004506,-2.646104257980365
0.04847,4.8469999999999995,0.0054780332811974,5.4780332811973995,6.248193548387097,0.479532748110353,0.3241109388912197,0.9778387636723637,0.022161236327636336,0.3169282397780793,207.70008258792265,-2.6460223364123867
0.0485625,4.85625,0.005491467873557024,5.491467873557024,6.248790322580645,0.47944115947025656,0.32406909622680097,0.9778387636723637,0.022161236327636336,0.3168873243988353,207.62510855730403,-2.645940435779087
0.048655,4.8655,0.005504905580772295,5.504905580772295,6.249387096774194,0.47934959706719393,0.32402726037003227,0.9778387636723637,0.022161236327636336,0.31684641567637545,207.5501171277803,-2.6458585560734558
0.0487475,4.87475,0.00551834640650521,5.51834640650521,6.249983870967741,0.4792580608911448,0.32398543131982455,0.9778387636723637,0.022161236327636336,0.3168055136096347,207.4751082789089,-2.6457766972884804
0.04884,4.884,0.005531790354423822,5.531790354423822,6.250580645161291,0.47916655093209337,0.3239436090750887,0.9778387636723637,0.022161236327636336,0.3167646181975482,207.40008199021355,-2.6456948594171315
0.0489325,4.89325,0.005545237428202214,5.545237428202213,6.251177419354839,0.47907506718002923,0.3239017936347361,0.9778387636723637,0.022161236327636336,0.3167237294390514,207.32503824118427,-2.645613042452385
0.049025,4.9025,0.0055586876315205525,5.558687631520552,6.251774193548387,0.4789836096249461,0.32385998499767765,0.9778387636723637,0.022161236327636336,0.3166828473330794,207.24997701127708,-2.6455312463872525
0.0491175,4.9117500000000005,0.005572140968065069,5.572140968065069,6.2523709677419355,0.4788921782568426,0.32381818316282435,0.9778387636723637,0.022161236327636336,0.3166419718785672,207.17489827991417,-2.645449471214734
0.04921,4.920999999999999,0.005585597441528094,5.585597441528094,6.252967741935484,0.47880077306572255,0.3237763881290878,0.9778387636723637,0.022161236327636336,0.3166011030744506,207.0998020264837,-2.6453677169278023
0.0493025,4.93025,0.005599057055608072,5.599057055608072,6.253564516129032,0.4787093940415937,0.323734599895379,0.9778387636723637,0.022161236327636336,0.3165602409196647,207.02468823033968,-2.6452859835194724
0.049395,4.9395,0.005612519814009558,5.612519814009558,6.254161290322581,0.47861804117446916,0.32369281846060927,0.9778387636723637,0.022161236327636336,0.316519385413145,206.94955687080196,-2.6452042709827417
0.0494875,4.9487499999999995,0.005625985720443255,5.625985720443255,6.254758064516129,0.478526714454367,0.3236510438236902,0.9778387636723637,0.022161236327636336,0.31647853655382724,206.8744079271561,-2.645122579310604
0.04958,4.958,0.005639454778625997,5.639454778625997,6.255354838709677,0.4784354138713099,0.32360927598353323,0.9778387636723637,0.022161236327636336,0.31643769434064684,206.79924137865345,-2.645040908496107
0.0496725,4.96725,0.005652926992280801,5.6529269922808005,6.2559516129032255,0.4783441394153248,0.3235675149390498,0.9778387636723637,0.022161236327636336,0.3163968587725395,206.72405720451079,-2.644959258532207
0.049765,4.9765,0.0056664023651368635,5.666402365136864,6.256548387096774,0.47825289107644386,0.32352576068915145,0.9778387636723637,0.022161236327636336,0.31635602984844086,206.64885538391044,-2.644877629411956
0.0498575,4.9857499999999995,0.005679880900929561,5.679880900929561,6.257145161290323,0.4781616688447039,0.32348401323274995,0.9778387636723637,0.022161236327636336,0.31631520756728676,206.57363589600018,-2.6447960211283443
0.04995,4.995,0.005693362603400482,5.693362603400482,6.257741935483872,0.47807047271014635,0.3234422725687568,0.9778387636723637,0.022161236327636336,0.3162743919280128,206.49839871989312,-2.6447144336744217
0.0500425,5.00425,0.005706847476297451,5.706847476297451,6.25833870967742,0.4779793026628179,0.32340053869608404,0.9778387636723637,0.022161236327636336,0.3162335829295552,206.4231438346676,-2.644632867043192
0.050135,5.0135,0.005720335523374507,5.720335523374507,6.258935483870967,0.4778881586927694,0.32335881161364327,0.9778387636723637,0.022161236327636336,0.3161927805708497,206.34787121936716,-2.6445513212276848
0.0502275,5.02275,0.005733826748391955,5.733826748391955,6.259532258064516,0.4777970407900568,0.3233170913203466,0.9778387636723637,0.022161236327636336,0.3161519848508324,206.27258085300045,-2.6444697962209287
0.05032,5.032,0.005747321155116376,5.747321155116376,6.260129032258064,0.4777059489447404,0.3232753778151058,0.9778387636723637,0.022161236327636336,0.3161111957684393,206.19727271454104,-2.644388292015941
0.0504125,5.04125,0.005760818747320604,5.760818747320604,6.260725806451613,0.47761488314688527,0.3232336710968327,0.9778387636723637,0.022161236327636336,0.3160704133226063,206.12194678292758,-2.6443068086057817
0.050505,5.0505,0.005774319528783789,5.774319528783789,6.261322580645162,0.47752384338656195,0.32319197116443976,0.9778387636723637,0.022161236327636336,0.31602963751227,206.04660303706348,-2.644225345983458
0.0505975,5.059749999999999,0.0057878235032913835,5.787823503291383,6.26191935483871,0.4774328296538449,0.3231502780168388,0.9778387636723637,0.022161236327636336,0.31598886833636625,205.9712414558169,-2.6441439041420454
0.05069,5.069,0.005801330674635179,5.801330674635179,6.262516129032258,0.47734184193881374,0.32310859165294226,0.9778387636723637,0.022161236327636336,0.31594810579383165,205.89586201802075,-2.6440624830745554
0.0507825,5.07825,0.005814841046613297,5.814841046613297,6.263112903225806,0.47725088023155265,0.3230669120716622,0.9778387636723637,0.022161236327636336,0.3159073498836024,205.82046470247246,-2.6439810827740344
0.050875,5.0874999999999995,0.005828354623030192,5.828354623030192,6.263709677419355,0.47715994452215027,0.32302523927191096,0.9778387636723637,0.022161236327636336,0.31586660060461486,205.7450494879341,-2.6438997032335636
0.0509675,5.09675,0.005841871407696733,5.8418714076967335,6.264306451612903,0.47706903480070073,0.32298357325260096,0.9778387636723637,0.022161236327636336,0.31582585795580564,205.66961635313203,-2.643818344446159
0.05106,5.106,0.005855391404430143,5.855391404430143,6.264903225806452,0.47697815105730174,0.3229419140126445,0.9778387636723637,0.022161236327636336,0.3157851219361111,205.59416527675705,-2.643737006404881
0.0511525,5.11525,0.005868914617054059,5.868914617054059,6.2655,0.4768872932820571,0.32290026155095425,0.9778387636723637,0.022161236327636336,0.31574439254446796,205.51869623746418,-2.6436556891028045
0.051245,5.1245,0.005882441049398523,5.882441049398523,6.2660967741935485,0.4767964614650742,0.3228586158664427,0.9778387636723637,0.022161236327636336,0.3157036697798129,205.44320921387268,-2.6435743925329795
0.0513375,5.13375,0.00589597070530001,5.89597070530001,6.266693548387097,0.4767056555964656,0.3228169769580224,0.9778387636723637,0.022161236327636336,0.31566295364108254,205.36770418456587,-2.643493116688469
0.05143,5.143,0.005909503588601441,5.909503588601441,6.267290322580645,0.47661487566634864,0.3227753448246062,0.9778387636723637,0.022161236327636336,0.3156222441272138,205.29218112809107,-2.643411861562328
0.0515225,5.1522499999999996,0.005923039703152208,5.923039703152208,6.267887096774192,0.4765241216648449,0.3227337194651066,0.9778387636723637,0.022161236327636336,0.31558154123714327,205.21664002295958,-2.6433306271476447
0.051615,5.1615,0.005936579052808164,5.936579052808164,6.268483870967742,0.4764333935820811,0.3226921008784364,0.9778387636723637,0.022161236327636336,0.31554084496980794,205.14108084764646,-2.64324941343747
0.051707499999999997,5.17075,0.005950121641431652,5.950121641431652,6.26908064516129,0.4763426914081888,0.3226504890635087,0.9778387636723637,0.022161236327636336,0.3155001553241448,205.06550358059064,-2.6431682204248994
0.0518,5.18,0.0059636674728915495,5.963667472891549,6.269677419354839,0.4762520151333038,0.3226088840192362,0.9778387636723637,0.022161236327636336,0.3154594722990909,204.98990820019458,-2.6430870481029984
0.0518925,5.18925,0.0059772165510632155,5.977216551063216,6.270274193548388,0.476161364747567,0.32256728574453214,0.9778387636723637,0.022161236327636336,0.31541879589358335,204.91429468482448,-2.643005896464833
0.051984999999999996,5.198499999999999,0.005990768879828577,5.990768879828577,6.270870967741936,0.4760707402411235,0.32252569423830935,0.9778387636723637,0.022161236327636336,0.3153781261065592,204.8386630128099,-2.6429247655035106
0.0520775,5.20775,0.006004324463076111,6.004324463076111,6.271467741935484,0.4759801416041236,0.322484109499481,0.9778387636723637,0.022161236327636336,0.31533746293695564,204.76301316244385,-2.6428436552121015
0.05217,5.2170000000000005,0.006017883304700841,6.017883304700841,6.272064516129032,0.4758895688267219,0.3224425315269601,0.9778387636723637,0.022161236327636336,0.3152968063837098,204.68734511198278,-2.6427625655837215
0.052262499999999996,5.226249999999999,0.006031445408604401,6.031445408604401,6.2726612903225805,0.47579902189907813,0.32240096031966026,0.9778387636723637,0.022161236327636336,0.3152561564457594,204.6116588396462,-2.6426814966114116
0.052355,5.2355,0.006045010778695009,6.0450107786950085,6.273258064516129,0.4757085008113563,0.32235939587649454,0.9778387636723637,0.022161236327636336,0.3152155131220415,204.53595432361692,-2.64260044828831
0.0524475,5.24475,0.006058579418887505,6.058579418887505,6.273854838709677,0.47561800555372513,0.3223178381963763,0.9778387636723637,0.022161236327636336,0.31517487641149355,204.46023154204067,-2.642519420607508
0.052539999999999996,5.254,0.006072151333103367,6.072151333103367,6.274451612903225,0.4755275361163581,0.32227628727821905,0.9778387636723637,0.022161236327636336,0.3151342463130532,204.3844904730263,-2.6424384135620804
0.0526325,5.26325,0.006085726525270704,6.0857265252707045,6.275048387096775,0.4754370924894331,0.322234743120936,0.9778387636723637,0.022161236327636336,0.3150936228256577,204.30873109464545,-2.6423574271451504
0.052725,5.2725,0.006099304999324298,6.099304999324298,6.275645161290323,0.47534667466313363,0.322193205723441,0.9778387636723637,0.022161236327636336,0.3150530059482451,204.23295338493259,-2.6422764613498253
0.052817499999999996,5.28175,0.006112886759205603,6.112886759205604,6.276241935483871,0.4752562826276468,0.32215167508464765,0.9778387636723637,0.022161236327636336,0.31501239567975287,204.15715732188494,-2.642195516169209
0.05291,5.2909999999999995,0.0061264718088627846,6.126471808862784,6.276838709677419,0.4751659163731647,0.3221101512034695,0.9778387636723637,0.022161236327636336,0.31497179201911873,204.08134288346224,-2.6421145915963957
0.0530025,5.30025,0.006140060152250705,6.1400601522507054,6.277435483870968,0.47507557588988414,0.32206863407882025,0.9778387636723637,0.022161236327636336,0.3149311949652805,204.00551004758682,-2.6420336876245316
0.053094999999999996,5.3095,0.0061536517933309465,6.153651793330947,6.278032258064516,0.4749852611680069,0.32202712370961384,0.9778387636723637,0.022161236327636336,0.3148906045171761,203.92965879214353,-2.641952804246726
0.0531875,5.31875,0.006167246736071851,6.167246736071851,6.278629032258064,0.4748949721977389,0.32198562009476417,0.9778387636723637,0.022161236327636336,0.31485002067374357,203.85378909497942,-2.641871941456078
0.05328,5.328,0.006180844984448518,6.180844984448518,6.279225806451613,0.4748047089692907,0.32194412323318494,0.9778387636723637,0.022161236327636336,0.31480944343392064,203.7779009339039,-2.64179109924572
0.053372499999999996,5.33725,0.006194446542442814,6.194446542442814,6.2798225806451615,0.4747144714728783,0.3219026331237903,0.9778387636723637,0.022161236327636336,0.31476887279664556,203.70199428668852,-2.6417102776088024
0.053465,5.3465,0.0062080514140434,6.208051414043401,6.28041935483871,0.47462425969872135,0.32186114976549435,0.9778387636723637,0.022161236327636336,0.3147283087608565,203.62606913106688,-2.641629476538402
0.0535575,5.3557500000000005,0.006221659603245748,6.221659603245747,6.281016129032258,0.47453407363704486,0.3218196731572111,0.9778387636723637,0.022161236327636336,0.3146877513254915,203.55012544473468,-2.641548696027701
0.053649999999999996,5.364999999999999,0.006235271114052137,6.2352711140521375,6.281612903225806,0.4744439132780778,0.3217782032978547,0.9778387636723637,0.022161236327636336,0.31464720048948874,203.4741632053494,-2.641467936069818
0.0537425,5.37425,0.006248885950471719,6.248885950471719,6.282209677419355,0.4743537786120546,0.3217367401863395,0.9778387636723637,0.022161236327636336,0.31460665625178674,203.39818239053042,-2.641387196657871
0.053835,5.3835,0.006262504116520481,6.262504116520481,6.282806451612903,0.4742636696292137,0.3216952838215798,0.9778387636723637,0.022161236327636336,0.3145661186113237,203.32218297785872,-2.6413064777850286
0.053927499999999996,5.3927499999999995,0.006276125616221283,6.276125616221282,6.283403225806452,0.4741735863197986,0.32165383420249,0.9778387636723637,0.022161236327636336,0.31452558756703825,203.246164944877,-2.641225779444415
0.05402,5.402,0.006289750453603885,6.289750453603885,6.284,0.4740835286740569,0.3216123913279844,0.9778387636723637,0.022161236327636336,0.31448506311786867,203.17012826908947,-2.6411451016291783
0.0541125,5.41125,0.006303378632704939,6.303378632704939,6.284596774193549,0.47399349668224144,0.32157095519697765,0.9778387636723637,0.022161236327636336,0.31444454526275367,203.09407292796178,-2.6410644443324487
0.054204999999999996,5.4205,0.006317010157568047,6.317010157568046,6.285193548387097,0.4739034903346091,0.3215295258083841,0.9778387636723637,0.022161236327636336,0.31440403400063166,203.01799889892087,-2.6409838075474257
0.0542975,5.42975,0.006330645032243711,6.330645032243711,6.285790322580645,0.47381350962142205,0.32148810316111864,0.9778387636723637,0.022161236327636336,0.31436352933044154,202.94190615935503,-2.6409031912672356
0.05439,5.439,0.006344283260789433,6.344283260789433,6.2863870967741935,0.4737235545329467,0.32144668725409586,0.9778387636723637,0.022161236327636336,0.31432303125112204,202.8657946866136,-2.640822595485022
0.054482499999999996,5.44825,0.006357924847269659,6.357924847269659,6.286983870967742,0.47363362505945383,0.3214052780862306,0.9778387636723637,0.022161236327636336,0.31428253976161197,202.7896644580071,-2.6407420201939455
0.054575,5.4575,0.0063715697957558385,6.371569795755838,6.28758064516129,0.47354372119121924,0.32136387565643754,0.9778387636723637,0.022161236327636336,0.3142420548608501,202.7135154508069,-2.640661465387199
0.0546675,5.46675,0.00638521811032642,6.38521811032642,6.288177419354839,0.47345384291852305,0.32132247996363156,0.9778387636723637,0.022161236327636336,0.3142015765477753,202.63734764224535,-2.640580931057931
0.054759999999999996,5.476,0.006398869795066886,6.3988697950668865,6.288774193548387,0.4733639902316505,0.3212810910067278,0.9778387636723637,0.022161236327636336,0.31416110482132686,202.56116100951553,-2.6405004171992976
0.0548525,5.48525,0.006412524854069748,6.412524854069749,6.289370967741936,0.4732741631208907,0.32123970878464103,0.9778387636723637,0.022161236327636336,0.3141206396804435,202.4849555297712,-2.6404199238044965
0.054945,5.4945,0.0064261832914345954,6.4261832914345955,6.289967741935484,0.473184361576538,0.3211983332962866,0.9778387636723637,0.022161236327636336,0.3140801811240647,202.40873118012672,-2.640339450866655
0.055037499999999996,5.503749999999999,0.006439845111268064,6.439845111268064,6.290564516129032,0.47309458558889117,0.32115696454057946,0.9778387636723637,0.022161236327636336,0.3140397291511294,202.332487937657,-2.640258998379004
0.05513,5.513,0.006453510317683917,6.453510317683917,6.291161290322581,0.4730048351482533,0.321115602516435,0.9778387636723637,0.022161236327636336,0.31399928376057695,202.25622577939723,-2.6401785663346944
0.0552225,5.52225,0.006467178914802995,6.467178914802995,6.291758064516129,0.47291511024493244,0.3210742472227683,0.9778387636723637,0.022161236327636336,0.31395884495134657,202.179944682343,-2.640098154726919
0.055314999999999996,5.531499999999999,0.006480850906753282,6.480850906753282,6.292354838709677,0.47282541086924107,0.3210328986584948,0.9778387636723637,0.022161236327636336,0.3139184127223778,202.10364462345015,-2.640017763548843
0.0554075,5.54075,0.00649452629766992,6.49452629766992,6.292951612903226,0.4727357370114963,0.32099155682252994,0.9778387636723637,0.022161236327636336,0.31387798707260994,202.02732557963444,-2.639937392793684
0.0555,5.55,0.006508205091695184,6.508205091695184,6.2935483870967746,0.47264608866201974,0.32095022171378923,0.9778387636723637,0.022161236327636336,0.31383756800098267,201.95098752777184,-2.639857042454605
0.055592499999999996,5.55925,0.006521887292978541,6.521887292978541,6.294145161290323,0.47255646581113775,0.3209088933311881,0.9778387636723637,0.022161236327636336,0.3137971555064354,201.87463044469817,-2.63977671252482
0.055685,5.5685,0.006535572905676664,6.535572905676664,6.29474193548387,0.4724668684491811,0.3208675716736422,0.9778387636723637,0.022161236327636336,0.31375674958790783,201.79825430720902,-2.6396964029975063
0.0557775,5.57775,0.00654926193395342,6.54926193395342,6.295338709677419,0.4723772965664854,0.32082625674006726,0.9778387636723637,0.022161236327636336,0.3137163502443397,201.7218590920598,-2.639616113865877
0.055869999999999996,5.587,0.006562954381979937,6.562954381979937,6.295935483870967,0.4722877501533905,0.32078494852937894,0.9778387636723637,0.022161236327636336,0.3136759574746707,201.6454447759654,-2.6395358451231323
0.0559625,5.5962499999999995,0.006576650253934561,6.57665025393456,6.296532258064516,0.472198229200241,0.320743647040493,0.9778387636723637,0.022161236327636336,0.3136355712778407,201.56901133560035,-2.639455596762464
0.056055,5.6055,0.006590349554002928,6.590349554002929,6.297129032258065,0.4721087336973863,0.3207023522723256,0.9778387636723637,0.022161236327636336,0.3135951916527897,201.49255874759862,-2.639375368777099
0.056147499999999996,5.61475,0.006604052286377944,6.604052286377944,6.297725806451613,0.47201926363518004,0.32066106422379237,0.9778387636723637,0.022161236327636336,0.3135548185984575,201.4160869885534,-2.6392951611602506
0.05624,5.624,0.0066177584552598355,6.617758455259835,6.298322580645162,0.47192981900398034,0.3206197828938094,0.9778387636723637,0.022161236327636336,0.3135144521137842,201.33959603501717,-2.639214973905108
0.0563325,5.63325,0.006631468064856129,6.631468064856129,6.298919354838709,0.47184039979415027,0.32057850828129275,0.9778387636723637,0.022161236327636336,0.3134740921977099,201.26308586350154,-2.6391348070049006
0.056424999999999996,5.642499999999999,0.006645181119381709,6.645181119381709,6.299516129032258,0.47175100599605735,0.3205372403851587,0.9778387636723637,0.022161236327636336,0.3134337388491748,201.18655645047713,-2.6390546604528486
0.0565175,5.65175,0.0066588976230588055,6.658897623058805,6.3001129032258065,0.4716616376000735,0.32049597920432327,0.9778387636723637,0.022161236327636336,0.313393392067119,201.11000777237348,-2.638974534242171
0.05661,5.6610000000000005,0.006672617580117018,6.672617580117018,6.300709677419355,0.47157229459657535,0.32045472473770287,0.9778387636723637,0.022161236327636336,0.313353051850483,201.03343980557898,-2.638894428366086
0.056702499999999996,5.670249999999999,0.006686340994793355,6.686340994793355,6.301306451612903,0.4714829769759439,0.32041347698421374,0.9778387636723637,0.022161236327636336,0.31331271819820694,200.95685252644074,-2.6388143428178177
0.056795,5.6795,0.006700067871332226,6.700067871332226,6.301903225806452,0.47139368472856474,0.32037223594277225,0.9778387636723637,0.022161236327636336,0.3132723911092312,200.88024591126444,-2.6387342775906255
0.0568875,5.68875,0.0067137982139854665,6.713798213985466,6.3025,0.4713044178448286,0.32033100161229505,0.9778387636723637,0.022161236327636336,0.3132320705824965,200.80361993631436,-2.6386542326777147
0.056979999999999996,5.6979999999999995,0.006727532027012369,6.727532027012369,6.303096774193548,0.4712151763151298,0.32028977399169856,0.9778387636723637,0.022161236327636336,0.3131917566169433,200.72697457781314,-2.6385742080723236
0.0570725,5.70725,0.0067412693146796905,6.74126931467969,6.303693548387097,0.47112596012986774,0.32024855307989925,0.9778387636723637,0.022161236327636336,0.313151449211512,200.65030981194175,-2.638494203767708
0.057165,5.7165,0.0067550100812616585,6.755010081261658,6.304290322580645,0.47103676927944654,0.3202073388758141,0.9778387636723637,0.022161236327636336,0.31311114836514364,200.57362561483941,-2.6384142197570855
0.057257499999999996,5.72575,0.006768754331040029,6.768754331040029,6.304887096774193,0.4709476037542743,0.32016613137835964,0.9778387636723637,0.022161236327636336,0.31307085407677876,200.49692196260335,-2.6383342560337097
0.05735,5.734999999999999,0.006782502068304044,6.782502068304044,6.305483870967742,0.47085846354476396,0.32012493058645264,0.9778387636723637,0.022161236327636336,0.3130305663453581,200.42019883128896,-2.6382543125908304
0.0574425,5.74425,0.006796253297350531,6.796253297350531,6.306080645161291,0.47076934864133335,0.3200837364990102,0.9778387636723637,0.022161236327636336,0.31299028516982275,200.34345619690936,-2.6381743894216902
0.057534999999999996,5.7535,0.006810008022483824,6.810008022483824,6.306677419354839,0.4706802590344044,0.3200425491149491,0.9778387636723637,0.022161236327636336,0.3129500105491136,200.26669403543568,-2.638094486519546
0.0576275,5.76275,0.006823766248015876,6.823766248015876,6.307274193548388,0.4705911947144035,0.3200013684331864,0.9778387636723637,0.022161236327636336,0.3129097424821715,200.18991232279652,-2.6380146038776537
0.05772,5.772,0.006837527978266218,6.837527978266219,6.307870967741936,0.4705021556717619,0.31996019445263907,0.9778387636723637,0.022161236327636336,0.31286948096793765,200.1131110348782,-2.637934741489277
0.057812499999999996,5.78125,0.006851293217561997,6.851293217561997,6.308467741935483,0.470413141896915,0.3199190271722244,0.9778387636723637,0.022161236327636336,0.31282922600535323,200.0362901475245,-2.6378548993476527
0.057905,5.7905,0.006865061970237991,6.865061970237991,6.309064516129032,0.47032415338030303,0.3198778665908595,0.9778387636723637,0.022161236327636336,0.31278897759335933,199.95944963653662,-2.6377750774460758
0.0579975,5.79975,0.006878834240636633,6.878834240636634,6.30966129032258,0.47023519011237086,0.3198367127074618,0.9778387636723637,0.022161236327636336,0.3127487357308974,199.88258947767295,-2.637695275777789
0.058089999999999996,5.808999999999999,0.006892610033108038,6.892610033108038,6.3102580645161295,0.47014625208356714,0.3197955655209484,0.9778387636723637,0.022161236327636336,0.31270850041690856,199.8057096466491,-2.637615494336069
0.0581825,5.81825,0.006906389352009999,6.906389352009999,6.310854838709678,0.47005733928434623,0.31975442503023704,0.9778387636723637,0.022161236327636336,0.3126682716503345,199.72881011913773,-2.6375357331141895
0.058275,5.8275,0.006920172201708013,6.920172201708013,6.311451612903226,0.4699684517051658,0.31971329123424497,0.9778387636723637,0.022161236327636336,0.31262804943011646,199.65189087076848,-2.6374559921054073
0.058367499999999996,5.836749999999999,0.006933958586575321,6.933958586575321,6.312048387096774,0.4698795893364888,0.31967216413188976,0.9778387636723637,0.022161236327636336,0.312587833755196,199.5749518771278,-2.6373762713030477
0.05846,5.846,0.006947748510992902,6.947748510992902,6.312645161290322,0.46979075216878224,0.31963104372208906,0.9778387636723637,0.022161236327636336,0.3125476246245148,199.49799311375895,-2.6372965707003275
0.0585525,5.85525,0.006961541979349512,6.961541979349512,6.313241935483871,0.46970194019251804,0.3195899300037606,0.9778387636723637,0.022161236327636336,0.31250742203701454,199.42101455616168,-2.63721689029058
0.058644999999999996,5.8645,0.006975338996041675,6.975338996041675,6.31383870967742,0.46961315339817267,0.3195488229758223,0.9778387636723637,0.022161236327636336,0.3124672259916371,199.34401617979245,-2.6371372300670455
0.0587375,5.873749999999999,0.006989139565473749,6.9891395654737485,6.314435483870968,0.4695243917762264,0.31950772263719174,0.9778387636723637,0.022161236327636336,0.31242703648732406,199.26699796006397,-2.6370575900230535
0.05883,5.883,0.007002943692057895,7.002943692057895,6.315032258064516,0.4694356553171647,0.31946662898678685,0.9778387636723637,0.022161236327636336,0.31238685352301737,199.18995987234536,-2.6369779701518783
0.058922499999999996,5.89225,0.007016751380214116,7.016751380214116,6.315629032258065,0.4693469440114771,0.3194255420235257,0.9778387636723637,0.022161236327636336,0.312346677097659,199.11290189196194,-2.6368983704468203
0.059015,5.9014999999999995,0.007030562634370307,7.030562634370307,6.316225806451613,0.4692582578496579,0.3193844617463262,0.9778387636723637,0.022161236327636336,0.31230650721019093,199.03582399419503,-2.636818790901151
0.0591075,5.91075,0.007044377458962215,7.044377458962215,6.3168225806451614,0.46916959682220594,0.31934338815410657,0.9778387636723637,0.022161236327636336,0.3122663438595553,198.9587261542821,-2.6367392315082117
0.0592,5.92,0.007058195858433514,7.058195858433514,6.31741935483871,0.4690809609196242,0.3193023212457849,0.9778387636723637,0.022161236327636336,0.3122261870446942,198.88160834741626,-2.6366596922612637
0.0592925,5.92925,0.007072017837235789,7.072017837235789,6.318016129032258,0.4689923501324206,0.3192612610202796,0.9778387636723637,0.022161236327636336,0.31218603676455,198.8044705487466,-2.636580173153628
0.059385,5.9385,0.007085843399828577,7.085843399828577,6.318612903225806,0.4689037644511071,0.3192202074765087,0.9778387636723637,0.022161236327636336,0.31214589301806467,198.7273127333777,-2.6365006741786323
0.0594775,5.94775,0.007099672550679375,7.099672550679375,6.319209677419354,0.4688152038662004,0.31917916061339086,0.9778387636723637,0.022161236327636336,0.31210575580418093,198.65013487636972,-2.6364211953295427
0.05957,5.957,0.007113505294263657,7.113505294263657,6.319806451612904,0.4687266683682213,0.3191381204298442,0.9778387636723637,0.022161236327636336,0.3120656251218407,198.57293695273833,-2.636341736599721
0.0596625,5.96625,0.007127341635064918,7.1273416350649175,6.320403225806452,0.46863815794769603,0.31909708692478767,0.9778387636723637,0.022161236327636336,0.31202550096998716,198.4957189374544,-2.6362622979824297
0.059755,5.9755,0.007141181577574656,7.141181577574656,6.321000000000001,0.4685496725951543,0.3190560600971396,0.9778387636723637,0.022161236327636336,0.3119853833475624,198.41848080544406,-2.636182879471037
0.0598475,5.98475,0.007155025126292426,7.155025126292426,6.321596774193548,0.46846121230113064,0.31901503994581876,0.9778387636723637,0.022161236327636336,0.3119452722535091,198.34122253158853,-2.6361034810588473
0.05994,5.994,0.007168872285725852,7.168872285725851,6.322193548387096,0.4683727770561641,0.3189740264697438,0.9778387636723637,0.022161236327636336,0.3119051676867701,198.26394409072395,-2.636024102739164
0.0600325,6.00325,0.007182723060390623,7.182723060390623,6.322790322580645,0.468284366850798,0.3189330196678335,0.9778387636723637,0.022161236327636336,0.31186506964628796,198.18664545764142,-2.635944744505342
0.060125,6.0125,0.0071965774548105495,7.19657745481055,6.323387096774193,0.46819598167558046,0.31889201953900675,0.9778387636723637,0.022161236327636336,0.3118249781310056,198.1093266070867,-2.6358654063507
0.0602175,6.02175,0.007210435473517559,7.210435473517559,6.323983870967742,0.4681076215210637,0.3188510260821826,0.9778387636723637,0.022161236327636336,0.311784893139866,198.0319875137602,-2.635786088268563
0.06031,6.031000000000001,0.007224297121051734,7.224297121051734,6.324580645161291,0.4680192863778046,0.3188100392962799,0.9778387636723637,0.022161236327636336,0.311744814671812,197.95462815231693,-2.635706790252284
0.0604025,6.0402499999999995,0.007238162401961316,7.238162401961316,6.325177419354839,0.46793097623636465,0.31876905918021786,0.9778387636723637,0.022161236327636336,0.31170474272578674,197.8772484973662,-2.635627512295185
0.060495,6.0495,0.007252031320802728,7.252031320802728,6.325774193548387,0.46784269108730936,0.31872808573291556,0.9778387636723637,0.022161236327636336,0.3116646773007333,197.79984852347164,-2.6355482543906055
0.0605875,6.05875,0.007265903882140615,7.2659038821406146,6.326370967741936,0.46775443092120883,0.3186871189532921,0.9778387636723637,0.022161236327636336,0.31162461839559463,197.72242820515112,-2.6354690165319026
0.06068,6.068,0.007279780090547839,7.279780090547839,6.326967741935484,0.46766619572863805,0.31864615884026704,0.9778387636723637,0.022161236327636336,0.31158456600931433,197.64498751687645,-2.6353897987124046
0.0607725,6.07725,0.007293659950605518,7.293659950605518,6.327564516129033,0.46757798550017604,0.31860520539275966,0.9778387636723637,0.022161236327636336,0.3115445201408356,197.5675264330735,-2.635310600925465
0.060865,6.0865,0.0073075434669030385,7.307543466903039,6.328161290322581,0.46748980022640624,0.31856425860968934,0.9778387636723637,0.022161236327636336,0.31150448078910176,197.4900449281219,-2.635231423164454
0.0609575,6.09575,0.00732143064403807,7.321430644038069,6.328758064516129,0.46740163989791655,0.31852331848997556,0.9778387636723637,0.022161236327636336,0.3114644479530562,197.412542976355,-2.635152265422713
0.06105,6.105,0.007335321486616605,7.335321486616605,6.329354838709677,0.46731350450529935,0.31848238503253795,0.9778387636723637,0.022161236327636336,0.31142442163164263,197.33502055205977,-2.6350731276935755
0.0611425,6.11425,0.0073492159992529634,7.349215999252963,6.329951612903226,0.46722539403915164,0.31844145823629616,0.9778387636723637,0.022161236327636336,0.31138440182380445,197.2574776294766,-2.6349940099704425
0.061235,6.1235,0.007363114186569828,7.3631141865698275,6.330548387096774,0.4671373084900747,0.3184005381001698,0.9778387636723637,0.022161236327636336,0.3113443885284854,197.17991418279928,-2.634914912246652
0.0613275,6.13275,0.0073770160531982445,7.377016053198244,6.331145161290323,0.467049247848674,0.3183596246230788,0.9778387636723637,0.022161236327636336,0.31130438174462916,197.1023301861748,-2.6348358345155773
0.06142,6.142,0.007390921603777669,7.390921603777669,6.331741935483871,0.46696121210556,0.31831871780394305,0.9778387636723637,0.022161236327636336,0.3112643814711797,197.02472561370328,-2.6347567767705713
0.0615125,6.15125,0.007404830842955962,7.404830842955962,6.332338709677419,0.4668732012513471,0.31827781764168234,0.9778387636723637,0.022161236327636336,0.31122438770708066,196.9471004394379,-2.634677739005022
0.061605,6.1605,0.0074187437753894395,7.41874377538944,6.332935483870967,0.4667852152766542,0.31823692413521676,0.9778387636723637,0.022161236327636336,0.31118440045127616,196.86945463738456,-2.6345987212122894
0.0616975,6.1697500000000005,0.007432660405742865,7.432660405742865,6.333532258064517,0.4666972541721046,0.3181960372834663,0.9778387636723637,0.022161236327636336,0.31114441970271,196.79178818150208,-2.6345197233857585
0.06179,6.178999999999999,0.0074465807386894815,7.446580738689481,6.3341290322580655,0.4666093179283265,0.31815515708535125,0.9778387636723637,0.022161236327636336,0.3111044454603265,196.71410104570194,-2.6344407455188046
0.0618825,6.18825,0.00746050477891107,7.46050477891107,6.334725806451614,0.4665214065359518,0.31811428353979165,0.9778387636723637,0.022161236327636336,0.3110644777230696,196.6363932038479,-2.634361787604818
0.061975,6.1975,0.007474432531097888,7.4744325310978885,6.335322580645161,0.46643351998561744,0.318073416645708,0.9778387636723637,0.022161236327636336,0.3110245164898837,196.55866462975638,-2.6342828496371635
0.0620675,6.2067499999999995,0.007488363999948783,7.488363999948783,6.335919354838709,0.4663456582679641,0.31803255640202044,0.9778387636723637,0.022161236327636336,0.31098456175971295,196.4809152971959,-2.634203931609248
0.06216,6.216,0.00750229919017116,7.5022991901711595,6.336516129032257,0.4662578213736374,0.31799170280764955,0.9778387636723637,0.022161236327636336,0.3109446135315017,196.4031451798872,-2.634125033514449
0.0622525,6.22525,0.007516238106480993,7.516238106480993,6.3371129032258064,0.46617000929328717,0.3179508558615157,0.9778387636723637,0.022161236327636336,0.31090467180419445,196.3253542515031,-2.6340461553461627
0.062345,6.2345,0.007530180753602911,7.530180753602911,6.3377096774193555,0.46608222201756777,0.3179100155625397,0.9778387636723637,0.022161236327636336,0.31086473657673575,196.24754248566816,-2.633967297097774
0.0624375,6.24375,0.0075441271362701465,7.544127136270147,6.338306451612904,0.4659944595371378,0.31786918190964203,0.9778387636723637,0.022161236327636336,0.31082480784807004,196.16970985595893,-2.633888458762702
0.06253,6.253,0.007558077259224605,7.558077259224605,6.338903225806452,0.4659067218426603,0.31782835490174344,0.9778387636723637,0.022161236327636336,0.310784885617142,196.09185633590346,-2.6338096403343294
0.0626225,6.26225,0.007572031127216871,7.572031127216871,6.339499999999999,0.4658190089248028,0.3177875345377647,0.9778387636723637,0.022161236327636336,0.3107449698828964,196.0139818989814,-2.633730841806064
0.06271499999999999,6.2715,0.0075859887450062235,7.585988745006223,6.340096774193548,0.46573132077423685,0.31774672081662664,0.9778387636723637,0.022161236327636336,0.3107050606442779,195.93608651862385,-2.6336520631713123
0.0628075,6.28075,0.007599950117360688,7.599950117360688,6.340693548387097,0.4656436573816391,0.3177059137372503,0.9778387636723637,0.022161236327636336,0.31066515790023147,195.85817016821306,-2.63357330442348
0.0629,6.29,0.007613915249057007,7.6139152490570075,6.341290322580646,0.46555601873769004,0.31766511329855673,0.9778387636723637,0.022161236327636336,0.31062526164970206,195.7802328210826,-2.6334945655559885
0.06299249999999999,6.299249999999999,0.007627884144880724,7.627884144880724,6.341887096774194,0.46546840483307456,0.3176243194994669,0.9778387636723637,0.022161236327636336,0.31058537189163454,195.70227445051694,-2.6334158465622317
0.063085,6.3085,0.007641856809626152,7.6418568096261525,6.342483870967742,0.46538081565848216,0.31758353233890196,0.9778387636723637,0.022161236327636336,0.310545488624974,195.62429502975155,-2.633337147435656
0.0631775,6.31775,0.007655833248096432,7.655833248096433,6.34308064516129,0.4652932512046065,0.3175427518157833,0.9778387636723637,0.022161236327636336,0.31050561184866576,195.54629453197265,-2.6332584681696347
0.06326999999999999,6.326999999999999,0.007669813465103541,7.669813465103541,6.343677419354838,0.46520571146214595,0.31750197792903206,0.9778387636723637,0.022161236327636336,0.3104657415616548,195.46827293031708,-2.6331798087576384
0.0633625,6.336250000000001,0.007683797465468322,7.683797465468322,6.3442741935483875,0.4651181964218025,0.3174612106775695,0.9778387636723637,0.022161236327636336,0.3104258777628863,195.39023019787223,-2.6331011691930724
0.063455,6.3454999999999995,0.0076977852540204865,7.697785254020486,6.344870967741936,0.4650307060742837,0.3174204500603174,0.9778387636723637,0.022161236327636336,0.310386020451306,195.3121663076759,-2.6330225494693518
0.06354749999999999,6.354749999999999,0.007711776835598665,7.711776835598665,6.345467741935484,0.4649432404103005,0.3173796960761971,0.9778387636723637,0.022161236327636336,0.3103461696258591,195.23408123271622,-2.632943949579916
0.06364,6.364,0.007725772215050426,7.7257722150504256,6.346064516129032,0.46485579942056854,0.3173389487241302,0.9778387636723637,0.022161236327636336,0.31030632528549107,195.1559749459313,-2.6328653695182123
0.0637325,6.37325,0.007739771397232271,7.739771397232271,6.346661290322581,0.4647683830958077,0.31729820800303826,0.9778387636723637,0.022161236327636336,0.3102664874291474,195.07784742020937,-2.632786809277651
0.06382499999999999,6.382499999999999,0.0077537743870097,7.7537743870097,6.347258064516129,0.4646809914267428,0.3172574739118434,0.9778387636723637,0.022161236327636336,0.3102266560557741,194.99969862838856,-2.6327082688516854
0.0639175,6.39175,0.007767781189257195,7.767781189257194,6.3478548387096785,0.46459362440410173,0.3172167464494669,0.9778387636723637,0.022161236327636336,0.3101868311643164,194.92152854325667,-2.6326297482337506
0.06401,6.401,0.007781791808858276,7.7817918088582765,6.348451612903226,0.46450628201861843,0.31717602561483116,0.9778387636723637,0.022161236327636336,0.3101470127537205,194.84333713755117,-2.632551247417297
0.06410249999999999,6.41025,0.007795806250705484,7.795806250705484,6.349048387096774,0.46441896426102974,0.31713531140685775,0.9778387636723637,0.022161236327636336,0.3101072008229318,194.7651243839591,-2.6324727663957743
0.064195,6.4195,0.007809824519700465,7.809824519700465,6.349645161290322,0.4643316711220778,0.31709460382446897,0.9778387636723637,0.022161236327636336,0.31006739537089667,194.6868902551167,-2.632394305162605
0.0642875,6.42875,0.007823846620753933,7.823846620753933,6.35024193548387,0.4642444025925086,0.3170539028665868,0.9778387636723637,0.022161236327636336,0.3100275963965609,194.60863472360955,-2.6323158637112627
0.06437999999999999,6.437999999999999,0.007837872558785737,7.837872558785738,6.350838709677419,0.4641571586630726,0.31701320853213344,0.9778387636723637,0.022161236327636336,0.3099878038988706,194.53035776197223,-2.6322374420352026
0.0644725,6.44725,0.007851902338724853,7.8519023387248525,6.351435483870969,0.46406993932452434,0.316972520820031,0.9778387636723637,0.022161236327636336,0.3099480178767717,194.45205934268841,-2.632159040127886
0.064565,6.4565,0.007865935965509427,7.8659359655094265,6.352032258064517,0.4639827445676235,0.31693183972920214,0.9778387636723637,0.022161236327636336,0.3099082383292107,194.3737394381905,-2.632080657982748
0.06465749999999999,6.465749999999999,0.0078799734440868,7.879973444086801,6.352629032258065,0.4638955743831333,0.31689116525856903,0.9778387636723637,0.022161236327636336,0.30986846525513384,194.2953980208596,-2.632002295593267
0.06475,6.4750000000000005,0.007894014779413525,7.894014779413524,6.353225806451613,0.4638084287618217,0.3168504974070542,0.9778387636723637,0.022161236327636336,0.30982869865348733,194.2170350630254,-2.631923952952919
0.0648425,6.484249999999999,0.007908059976455363,7.908059976455363,6.3538225806451605,0.46372130769446107,0.3168098361735804,0.9778387636723637,0.022161236327636336,0.3097889385232179,194.1386505369661,-2.6318456300551523
0.06493499999999999,6.493499999999999,0.007922109040187392,7.922109040187392,6.35441935483871,0.4636342111718273,0.3167691815570699,0.9778387636723637,0.022161236327636336,0.30974918486327174,194.060244414908,-2.6317673268934416
0.0650275,6.50275,0.007936161975593938,7.936161975593937,6.355016129032259,0.46354713918470175,0.3167285335564456,0.9778387636723637,0.022161236327636336,0.3097094376725955,193.98181666902568,-2.6316890434612668
0.06512,6.512,0.007950218787668632,7.950218787668632,6.355612903225807,0.46346009172386954,0.3166878921706303,0.9778387636723637,0.022161236327636336,0.30966969695013596,193.90336727144174,-2.631610779752093
0.06521249999999999,6.521249999999999,0.007964279481414456,7.964279481414456,6.356209677419355,0.46337306878012,0.3166472573985468,0.9778387636723637,0.022161236327636336,0.3096299626948397,193.82489619422668,-2.6315325357594146
0.065305,6.5305,0.00797834406184376,7.978344061843759,6.356806451612903,0.46328607034424707,0.3166066292391181,0.9778387636723637,0.022161236327636336,0.3095902349056536,193.74640340939865,-2.631454311476702
0.0653975,6.53975,0.00799241253397825,7.99241253397825,6.357403225806451,0.463199096407049,0.31656600769126714,0.9778387636723637,0.022161236327636336,0.30955051358152463,193.66788888892353,-2.6313761068974313
0.06548999999999999,6.5489999999999995,0.008006484902849055,8.006484902849055,6.3580000000000005,0.4631121469593277,0.31652539275391683,0.9778387636723637,0.022161236327636336,0.30951079872139936,193.5893526047146,-2.6312979220151043
0.0655825,6.55825,0.008020561173496735,8.020561173496736,6.358596774193549,0.46302522199189067,0.31648478442599065,0.9778387636723637,0.022161236327636336,0.3094710903242252,193.5107945286325,-2.6312197568232047
0.065675,6.5675,0.008034641350971313,8.034641350971313,6.359193548387097,0.46293832149554864,0.31644418270641167,0.9778387636723637,0.022161236327636336,0.3094313883889491,193.43221463248503,-2.6311416113152135
0.06576749999999999,6.57675,0.008048725440332291,8.04872544033229,6.359790322580645,0.462851445461117,0.3164035875941032,0.9778387636723637,0.022161236327636336,0.3093916929145183,193.3536128880271,-2.631063485484629
0.06586,6.586,0.00806281344664867,8.06281344664867,6.360387096774193,0.4627645938794157,0.31636299908798865,0.9778387636723637,0.022161236327636336,0.30935200389987993,193.2749892669605,-2.6309853793249576
0.0659525,6.59525,0.008076905374998992,8.076905374998992,6.360983870967742,0.4626777667412683,0.3163224171869914,0.9778387636723637,0.022161236327636336,0.3093123213439813,193.19634374093383,-2.6309072928296944
0.06604499999999999,6.604499999999999,0.00809100123047136,8.09100123047136,6.361580645161291,0.4625909640375035,0.316281841890035,0.9778387636723637,0.022161236327636336,0.3092726452457698,193.11767628154232,-2.630829225992343
0.0661375,6.6137500000000005,0.008105101018163459,8.105101018163458,6.362177419354839,0.46250418575895375,0.316241273196043,0.9778387636723637,0.022161236327636336,0.3092329756041929,193.0389868603276,-2.6307511788064146
0.06623,6.622999999999999,0.008119204743182569,8.11920474318257,6.362774193548387,0.46241743189645607,0.31620071110393927,0.9778387636723637,0.022161236327636336,0.3091933124181982,192.96027544877785,-2.6306731512654005
0.06632249999999999,6.632249999999999,0.008133312410645622,8.133312410645622,6.363370967741935,0.46233070244085167,0.31616015561264743,0.9778387636723637,0.022161236327636336,0.30915365568673325,192.88154201832728,-2.6305951433628194
0.066415,6.641500000000001,0.008147424025679204,8.147424025679204,6.363967741935483,0.462243997382986,0.3161196067210913,0.9778387636723637,0.022161236327636336,0.30911400540874573,192.80278654035624,-2.6305171550921775
0.0665075,6.6507499999999995,0.008161539593419568,8.161539593419567,6.3645645161290325,0.4621573167137088,0.31607906442819483,0.9778387636723637,0.022161236327636336,0.3090743615831834,192.72400898619105,-2.630439186446999
0.06659999999999999,6.659999999999999,0.008175659119012708,8.175659119012709,6.365161290322582,0.4620706604238742,0.3160385287328819,0.9778387636723637,0.022161236327636336,0.309034724208994,192.64520932710371,-2.630361237420798
0.0666925,6.66925,0.008189782607614333,8.189782607614333,6.36575806451613,0.4619840285043406,0.3159979996340767,0.9778387636723637,0.022161236327636336,0.3089950932851256,192.56638753431199,-2.6302833080071037
0.066785,6.6785,0.00820391006438992,8.20391006438992,6.366354838709677,0.46189742094597086,0.3159574771307034,0.9778387636723637,0.022161236327636336,0.3089554688105261,192.48754357897903,-2.6302053981994282
0.06687749999999999,6.687749999999999,0.008218041494514739,8.218041494514738,6.366951612903225,0.4618108377396317,0.3159169612216861,0.9778387636723637,0.022161236327636336,0.3089158507841436,192.4086774322134,-2.6301275079913076
0.06697,6.697,0.008232176903173865,8.232176903173865,6.367548387096774,0.46172427887619427,0.31587645190594904,0.9778387636723637,0.022161236327636336,0.3088762392049261,192.32978906506884,-2.63004963737626
0.0670625,6.70625,0.008246316295562224,8.246316295562224,6.368145161290322,0.4616377443465345,0.31583594918241686,0.9778387636723637,0.022161236327636336,0.308836634071822,192.25087844854417,-2.6299717863478196
0.06715499999999999,6.7155,0.008260459676884588,8.260459676884588,6.368741935483872,0.4615512341415313,0.31579545305001355,0.9778387636723637,0.022161236327636336,0.30879703538377923,192.17194555358313,-2.6298939548995275
0.0672475,6.72475,0.00827460705235565,8.27460705235565,6.36933870967742,0.46146474825206957,0.315754963507664,0.9778387636723637,0.022161236327636336,0.3087574431397465,192.0929903510742,-2.6298161430249074
0.06734,6.734,0.008288758427200008,8.288758427200008,6.369935483870968,0.46137828666903724,0.31571448055429263,0.9778387636723637,0.022161236327636336,0.308717857338672,192.01401281185048,-2.6297383507175156
0.06743249999999999,6.743249999999999,0.0083029138066522,8.3029138066522,6.370532258064516,0.4612918493833271,0.31567400418882424,0.9778387636723637,0.022161236327636336,0.3086782779795044,191.93501290668956,-2.629660577970891
0.067525,6.7525,0.00831707319595675,8.31707319595675,6.3711290322580645,0.4612054363858357,0.3156335344101834,0.9778387636723637,0.022161236327636336,0.3086387050611922,191.85599060631333,-2.6295828247785606
0.0676175,6.761749999999999,0.008331236600368164,8.331236600368165,6.371725806451613,0.4611190476674645,0.3155930712172951,0.9778387636723637,0.022161236327636336,0.308599138582684,191.7769458813879,-2.629505091134097
0.06770999999999999,6.770999999999999,0.00834540402515099,8.34540402515099,6.372322580645162,0.4610326832191186,0.3155526146090841,0.9778387636723637,0.022161236327636336,0.30855957854292865,191.69787870252333,-2.629427377031025
0.0678025,6.7802500000000006,0.00835957547557982,8.35957547557982,6.37291935483871,0.46094634303170784,0.31551216458447556,0.9778387636723637,0.022161236327636336,0.3085200249408749,191.61878904027364,-2.629349682462904
0.067895,6.789499999999999,0.008373750956939322,8.373750956939322,6.373516129032258,0.46086002709614593,0.3154717211423943,0.9778387636723637,0.022161236327636336,0.3084804777754715,191.53967686513653,-2.629272007423302
0.06798749999999999,6.798749999999999,0.008387930474524284,8.387930474524284,6.374112903225806,0.4607737354033511,0.3154312842817656,0.9778387636723637,0.022161236327636336,0.30844093704566755,191.4605421475532,-2.6291943519057672
0.06808,6.808,0.008402114033639618,8.402114033639618,6.374709677419355,0.46068746794424575,0.3153908540015147,0.9778387636723637,0.022161236327636336,0.30840140275041206,191.38138485790844,-2.6291167159038653
0.0681725,6.81725,0.008416301639600396,8.416301639600396,6.375306451612903,0.4606012247097563,0.3153504303005667,0.9778387636723637,0.022161236327636336,0.308361874888654,191.30220496653016,-2.629039099411142
0.06826499999999999,6.826499999999999,0.008430493297731878,8.430493297731878,6.375903225806452,0.46051500569081394,0.31531001317784707,0.9778387636723637,0.022161236327636336,0.30832235345934267,191.22300244368947,-2.6289615024211868
0.0683575,6.83575,0.008444689013369547,8.444689013369548,6.3765,0.46042881087835374,0.3152696026322814,0.9778387636723637,0.022161236327636336,0.3082828384614274,191.1437772596004,-2.6288839249275515
0.06845,6.845,0.008458888791859109,8.45888879185911,6.377096774193548,0.460342640263315,0.3152291986627949,0.9778387636723637,0.022161236327636336,0.3082433298938573,191.06452938441984,-2.628806366923832
0.06854249999999999,6.8542499999999995,0.00847309263855658,8.473092638556581,6.3776935483870965,0.46025649383664136,0.31518880126831345,0.9778387636723637,0.022161236327636336,0.30820382775558197,190.98525878824725,-2.6287288284035615
0.068635,6.8635,0.00848730055882824,8.48730055882824,6.3782903225806455,0.4601703715892806,0.31514841044776254,0.9778387636723637,0.022161236327636336,0.3081643320455507,190.9059654411247,-2.62865130936035
0.0687275,6.87275,0.008501512558050692,8.501512558050692,6.378887096774194,0.4600842735121849,0.31510802620006806,0.9778387636723637,0.022161236327636336,0.30812484276271335,190.82664931303654,-2.6285738097877456
0.06881999999999999,6.882,0.008515728641610924,8.515728641610924,6.379483870967743,0.45999819959631033,0.31506764852415564,0.9778387636723637,0.022161236327636336,0.30808535990601915,190.7473103739093,-2.6284963296793658
0.0689125,6.89125,0.00852994881490628,8.52994881490628,6.38008064516129,0.45991214983261786,0.31502727741895137,0.9778387636723637,0.022161236327636336,0.30804588347441814,190.6679485936116,-2.6284188690287644
0.069005,6.9005,0.00854417308334452,8.54417308334452,6.380677419354838,0.459826124212072,0.3149869128833812,0.9778387636723637,0.022161236327636336,0.30800641346686,190.58856394195394,-2.628341427829548
0.06909749999999999,6.909749999999999,0.008558401452343855,8.558401452343855,6.3812741935483865,0.45974012272564163,0.31494655491637114,0.9778387636723637,0.022161236327636336,0.30796694988229456,190.5091563886884,-2.628264006075286
0.06919,6.9190000000000005,0.008572633927332943,8.572633927332943,6.381870967741936,0.45965414536430027,0.3149062035168474,0.9778387636723637,0.022161236327636336,0.3079274927196718,190.42972590350885,-2.6281866037595987
0.0692825,6.928249999999999,0.008586870513750948,8.586870513750949,6.382467741935485,0.4595681921190249,0.31486585868373596,0.9778387636723637,0.022161236327636336,0.30788804197794156,190.3502724560504,-2.628109220876055
0.06937499999999999,6.937499999999999,0.008601111217047548,8.601111217047547,6.383064516129033,0.45948226298079775,0.3148255204159635,0.9778387636723637,0.022161236327636336,0.30784859765605427,190.2707960158895,-2.628031857418255
0.0694675,6.94675,0.008615356042682994,8.615356042682993,6.383661290322581,0.45939635794060435,0.31478518871245614,0.9778387636723637,0.022161236327636336,0.3078091597529598,190.19129655254355,-2.6279545133798163
0.06956,6.9559999999999995,0.008629604996128094,8.629604996128094,6.384258064516128,0.4593104769894347,0.3147448635721404,0.9778387636723637,0.022161236327636336,0.3077697282676085,190.11177403547103,-2.62787718875433
0.06965249999999999,6.965249999999999,0.008643858082864279,8.643858082864279,6.3848548387096775,0.45922462011828324,0.31470454499394274,0.9778387636723637,0.022161236327636336,0.3077303031989507,190.03222843407113,-2.6277998835353844
0.069745,6.9745,0.008658115308383608,8.658115308383607,6.385451612903226,0.4591387873181486,0.31466423297678986,0.9778387636723637,0.022161236327636336,0.3076908845459368,189.95265971768362,-2.627722597716629
0.0698375,6.98375,0.008672376678188825,8.672376678188826,6.386048387096774,0.4590529785800332,0.31462392751960844,0.9778387636723637,0.022161236327636336,0.30765147230751727,189.87306785558872,-2.6276453312916237
0.06992999999999999,6.992999999999999,0.008686642197793349,8.686642197793349,6.386645161290323,0.458967193894944,0.31458362862132516,0.9778387636723637,0.022161236327636336,0.3076120664826426,189.79345281700697,-2.6275680842540154
0.0700225,7.00225,0.008700911872721352,8.700911872721353,6.387241935483871,0.4588814332538924,0.31454333628086706,0.9778387636723637,0.022161236327636336,0.3075726670702636,189.7138145710989,-2.6274908565973982
0.070115,7.0115,0.008715185708507716,8.715185708507716,6.387838709677419,0.45879569664789344,0.3145030504971609,0.9778387636723637,0.022161236327636336,0.30753327406933073,189.63415308696528,-2.6274136483154247
0.07020749999999999,7.02075,0.008729463710698153,8.729463710698154,6.388435483870968,0.4587099840679667,0.31446277126913375,0.9778387636723637,0.022161236327636336,0.307493887478795,189.55446833364635,-2.6273364594016586
0.0703,7.03,0.008743745884849162,8.743745884849162,6.389032258064515,0.4586242955051358,0.31442249859571253,0.9778387636723637,0.022161236327636336,0.30745450729760704,189.47476028012213,-2.6272592898497793
0.0703925,7.03925,0.008758032236528103,8.758032236528104,6.389629032258065,0.4585386309504285,0.3143822324758246,0.9778387636723637,0.022161236327636336,0.30741513352471794,189.39502889531207,-2.6271821396533825
0.07048499999999999,7.048499999999999,0.008772322771313184,8.772322771313185,6.390225806451613,0.4584529903948772,0.3143419729083971,0.9778387636723637,0.022161236327636336,0.30737576615907863,189.31527414807496,-2.6271050088061085
0.0705775,7.05775,0.008786617494793546,8.786617494793546,6.390822580645161,0.4583673738295183,0.3143017198923575,0.9778387636723637,0.022161236327636336,0.3073364051996404,189.23549600720864,-2.627027897301579
0.07067,7.066999999999999,0.00880091641256923,8.80091641256923,6.3914193548387095,0.4582817812453917,0.314261473426633,0.9778387636723637,0.022161236327636336,0.3072970506453542,189.15569444145,-2.6269508051334314
0.07076249999999999,7.076249999999999,0.008815219530251269,8.81521953025127,6.392016129032259,0.4581962126335424,0.3142212335101512,0.9778387636723637,0.022161236327636336,0.3072577024951713,189.07586941947466,-2.6268737322952926
0.070855,7.0855,0.008829526853461677,8.829526853461678,6.392612903225807,0.4581106679850191,0.3141810001418396,0.9778387636723637,0.022161236327636336,0.30721836074804315,188.99602090989686,-2.6267966787808175
0.0709475,7.0947499999999994,0.00884383838783348,8.84383838783348,6.393209677419355,0.4580251472908748,0.31414077332062584,0.9778387636723637,0.022161236327636336,0.307179025402921,188.91614888126935,-2.6267196445836474
0.07103999999999999,7.103999999999999,0.008858154139010773,8.858154139010773,6.393806451612903,0.45793965054216673,0.3141005530454377,0.9778387636723637,0.022161236327636336,0.3071396964587565,188.83625330208312,-2.626642629697416
0.0711325,7.11325,0.008872474112648734,8.872474112648733,6.394403225806451,0.45785417772995635,0.314060339315203,0.9778387636723637,0.022161236327636336,0.3071003739145011,188.7563341407673,-2.6265656341157726
0.071225,7.1225,0.00888679831441364,8.88679831441364,6.395,0.45776872884530884,0.3140201321288495,0.9778387636723637,0.022161236327636336,0.30706105776910647,188.676391365689,-2.626488657832365
0.0713175,7.13175,0.00890112674998293,8.90112674998293,6.395596774193548,0.457683303879294,0.3139799314853052,0.9778387636723637,0.022161236327636336,0.30702174802152427,188.59642494515302,-2.626411700840842
0.07141,7.141,0.008915459425045204,8.915459425045205,6.396193548387098,0.4575979028229856,0.31393973738349806,0.9778387636723637,0.022161236327636336,0.3069824446707063,188.51643484740188,-2.6263347631348655
0.0715025,7.15025,0.008929796345300289,8.92979634530029,6.396790322580646,0.45751252566746203,0.31389954982235646,0.9778387636723637,0.022161236327636336,0.30694314771560455,188.4364210406154,-2.62625784470809
0.071595,7.1595,0.008944137516459224,8.944137516459223,6.397387096774194,0.45742717240380504,0.3138593688008083,0.9778387636723637,0.022161236327636336,0.3069038571551708,188.3563834929107,-2.6261809455541676
0.0716875,7.16875,0.008958482944244337,8.958482944244338,6.3979838709677415,0.45734184302310127,0.31381919431778205,0.9778387636723637,0.022161236327636336,0.30686457298835723,188.2763221723421,-2.626104065666776
0.07178,7.178,0.008972832634389232,8.972832634389231,6.3985806451612905,0.45725653751644085,0.313779026372206,0.9778387636723637,0.022161236327636336,0.3068252952141159,188.19623704690076,-2.626027205039566
0.0718725,7.187250000000001,0.008987186592638884,8.987186592638883,6.399177419354839,0.45717125587491875,0.31373886496300857,0.9778387636723637,0.022161236327636336,0.30678602383139897,188.11612808451446,-2.6259503636662034
0.071965,7.1965,0.009001544824749578,9.001544824749578,6.399774193548387,0.45708599808963357,0.3136987100891183,0.9778387636723637,0.022161236327636336,0.3067467588391587,188.03599525304773,-2.625873541540372
0.0720575,7.20575,0.009015907336489042,9.015907336489041,6.400370967741936,0.4570007641516882,0.31365856174946377,0.9778387636723637,0.022161236327636336,0.3067075002363474,187.95583852030137,-2.6257967386557266
0.07215,7.215000000000001,0.009030274133636397,9.030274133636397,6.400967741935484,0.4569155540521899,0.31361841994297374,0.9778387636723637,0.022161236327636336,0.3066682480219176,187.87565785401242,-2.625719955005957
0.0722425,7.2242500000000005,0.009044645221982228,9.044645221982229,6.401564516129032,0.45683036778224995,0.31357828466857685,0.9778387636723637,0.022161236327636336,0.3066290021948217,187.79545322185396,-2.6256431905847344
0.072335,7.233499999999999,0.00905902060732862,9.059020607328621,6.40216129032258,0.4567452053329835,0.3135381559252021,0.9778387636723637,0.022161236327636336,0.30658976275401245,187.71522459143495,-2.625566445385728
0.0724275,7.242750000000001,0.009073400295489175,9.073400295489176,6.40275806451613,0.45666006669550985,0.3134980337117781,0.9778387636723637,0.022161236327636336,0.3065505296984421,187.6349719302999,-2.625489719402642
0.07252,7.252,0.009087784292289043,9.087784292289044,6.403354838709677,0.4565749518609534,0.3134579180272343,0.9778387636723637,0.022161236327636336,0.30651130302706386,187.554695205929,-2.6254130126291524
0.0726125,7.2612499999999995,0.009102172603564959,9.10217260356496,6.403951612903226,0.4564898608204413,0.31341780887049936,0.9778387636723637,0.022161236327636336,0.30647208273883025,187.4743943857376,-2.625336325058951
0.072705,7.2705,0.009116565235165283,9.116565235165282,6.404548387096774,0.4564047935651057,0.31337770624050276,0.9778387636723637,0.022161236327636336,0.3064328688326944,187.3940694370763,-2.625259656685704
0.0727975,7.27975,0.009130962192950011,9.130962192950012,6.4051451612903225,0.45631975008608266,0.31333761013617356,0.9778387636723637,0.022161236327636336,0.30639366130760903,187.31372032723058,-2.6251830075031273
0.07289,7.289,0.00914536348279084,9.14536348279084,6.405741935483872,0.45623473037451234,0.31329752055644117,0.9778387636723637,0.022161236327636336,0.3063544601625274,187.23334702342075,-2.62510637750492
0.0729825,7.29825,0.009159769110571177,9.159769110571178,6.40633870967742,0.45614973442153894,0.31325743750023494,0.9778387636723637,0.022161236327636336,0.30631526539640247,187.1529494928016,-2.6250297666847597
0.073075,7.3075,0.009174179082186157,9.174179082186157,6.406935483870967,0.4560647622183111,0.31321736096648445,0.9778387636723637,0.022161236327636336,0.3062760770081876,187.07252770246257,-2.6249531750363704
0.0731675,7.31675,0.00918859340354273,9.18859340354273,6.407532258064516,0.4559798137559812,0.31317729095411917,0.9778387636723637,0.022161236327636336,0.306236894996836,186.99208161942698,-2.624876602553436
0.07326,7.3260000000000005,0.009203012080559639,9.203012080559638,6.408129032258064,0.45589488902570596,0.31313722746206885,0.9778387636723637,0.022161236327636336,0.30619771936130113,186.91161121065247,-2.62480004922966
0.0733525,7.33525,0.009217435119167467,9.217435119167467,6.408725806451613,0.45580998801864625,0.31309717048926317,0.9778387636723637,0.022161236327636336,0.3061585501005364,186.83111644303045,-2.6247235150587604
0.073445,7.3445,0.009231862525308705,9.231862525308705,6.409322580645162,0.4557251107259667,0.3130571200346319,0.9778387636723637,0.022161236327636336,0.3061193872134952,186.75059728338593,-2.6246470000344644
0.0735375,7.353750000000001,0.009246294304937728,9.246294304937729,6.40991935483871,0.45564025713883677,0.313017076097105,0.9778387636723637,0.022161236327636336,0.3060802306991313,186.67005369847752,-2.6245705041504697
0.07363,7.363,0.009260730464020879,9.26073046402088,6.410516129032259,0.4555554272484292,0.3129770386756124,0.9778387636723637,0.022161236327636336,0.30604108055639834,186.58948565499702,-2.6244940274004835
0.0737225,7.372249999999999,0.00927517100853647,9.275171008536471,6.411112903225806,0.4554706210459214,0.3129370077690843,0.9778387636723637,0.022161236327636336,0.30600193678425025,186.5088931195694,-2.62441756977821
0.073815,7.381500000000001,0.009289615944474838,9.289615944474837,6.4117096774193545,0.4553858385224947,0.31289698337645067,0.9778387636723637,0.022161236327636336,0.30596279938164067,186.42827605875252,-2.624341131277408
0.0739075,7.39075,0.00930406527783836,9.30406527783836,6.412306451612903,0.4553010796693346,0.3128569654966418,0.9778387636723637,0.022161236327636336,0.3059236683475236,186.34763443903702,-2.624264711891788
0.074,7.3999999999999995,0.009318519014641492,9.318519014641492,6.412903225806452,0.4552163444776305,0.312816954128588,0.9778387636723637,0.022161236327636336,0.305884543680853,186.26696822684602,-2.6241883116150873
0.0740925,7.40925,0.009332977160910829,9.33297716091083,6.4135,0.4551316329385762,0.3127769492712198,0.9778387636723637,0.022161236327636336,0.3058454253805832,186.186277388535,-2.62411193044099
0.074185,7.4185,0.00934743972268508,9.34743972268508,6.414096774193549,0.4550469450433693,0.31273695092346737,0.9778387636723637,0.022161236327636336,0.305806313445668,186.10556189039167,-2.6240355683632823
0.0742775,7.42775,0.009361906706015164,9.361906706015164,6.414693548387097,0.4549622807832117,0.3126969590842615,0.9778387636723637,0.022161236327636336,0.30576720787506195,186.02482169863563,-2.6239592253756547
0.07437,7.437,0.009376378116964235,9.376378116964235,6.4152903225806455,0.45487764014930926,0.31265697375253265,0.9778387636723637,0.022161236327636336,0.3057281086677192,185.94405677941825,-2.623882901471866
0.0744625,7.44625,0.009390853961607663,9.390853961607663,6.415887096774193,0.4547930231328722,0.3126169949272118,0.9778387636723637,0.022161236327636336,0.30568901582259433,185.86326709882252,-2.6238065966456565
0.074555,7.4555,0.009405334246033127,9.405334246033128,6.416483870967742,0.4547084297251144,0.3125770226072295,0.9778387636723637,0.022161236327636336,0.30564992933864177,185.78245262286285,-2.6237303108907484
0.0746475,7.46475,0.009419818976340638,9.419818976340638,6.417080645161291,0.45462385991725407,0.3125370567915167,0.9778387636723637,0.022161236327636336,0.305610849214816,185.70161331748474,-2.623654044200905
0.07474,7.474,0.009434308158642558,9.434308158642558,6.417677419354838,0.45453931370051387,0.31249709747900456,0.9778387636723637,0.022161236327636336,0.3055717754500719,185.62074914856478,-2.6235777965698728
0.0748325,7.48325,0.009448801799063631,9.44880179906363,6.418274193548387,0.45445479106611963,0.31245714466862384,0.9778387636723637,0.022161236327636336,0.305532708043364,185.53986008191035,-2.6235015679913776
0.074925,7.492500000000001,0.009463299903741049,9.46329990374105,6.4188709677419356,0.45437029200530205,0.31241719835930587,0.9778387636723637,0.022161236327636336,0.3054936469936472,185.45894608325938,-2.6234253584591993
0.0750175,7.50175,0.009477802478824458,9.477802478824458,6.419467741935484,0.4542858165092955,0.3123772585499817,0.9778387636723637,0.022161236327636336,0.3054545922998764,185.37800711828027,-2.6233491679670706
0.07511,7.510999999999999,0.009492309530476008,9.492309530476009,6.420064516129032,0.4542013645693385,0.31233732523958274,0.9778387636723637,0.022161236327636336,0.3054155439610065,185.2970431525716,-2.6232729965087684
0.0752025,7.520250000000001,0.009506821064870385,9.506821064870385,6.420661290322581,0.45411693617667404,0.3122973984270404,0.9778387636723637,0.022161236327636336,0.30537650197599275,185.21605415166195,-2.623196844078032
0.075295,7.5295000000000005,0.009521337088194843,9.521337088194842,6.421258064516129,0.4540325313225486,0.31225747811128607,0.9778387636723637,0.022161236327636336,0.3053374663437901,185.13504008100972,-2.6231207106686454
0.0753875,7.538749999999999,0.00953585760664925,9.53585760664925,6.421854838709677,0.4539481499982131,0.3122175642912514,0.9778387636723637,0.022161236327636336,0.305298437063354,185.05400090600295,-2.623044596274328
0.07548,7.548000000000001,0.009550382626446098,9.550382626446098,6.422451612903226,0.4538637921949222,0.3121776569658678,0.9778387636723637,0.022161236327636336,0.30525941413363944,184.9729365919591,-2.6229685008889043
0.0755725,7.55725,0.009564912153810591,9.56491215381059,6.423048387096774,0.45377945790393504,0.3121377561340673,0.9778387636723637,0.022161236327636336,0.30522039755360214,184.89184710412474,-2.622892424506101
0.075665,7.5665,0.009579446194980627,9.579446194980628,6.423645161290323,0.45369514711651426,0.3120978617947814,0.9778387636723637,0.022161236327636336,0.30518138732219724,184.8107324076755,-2.622816367119724
0.0757575,7.57575,0.00959398475620685,9.59398475620685,6.424241935483871,0.45361085982392735,0.3120579739469422,0.9778387636723637,0.022161236327636336,0.3051423834383806,184.7295924677159,-2.6227403287235145
0.07585,7.585,0.009608527843752724,9.608527843752725,6.424838709677419,0.453526596017445,0.3120180925894815,0.9778387636723637,0.022161236327636336,0.3051033859011077,184.64842724927885,-2.622664309311258
0.0759425,7.59425,0.009623075463894497,9.623075463894498,6.4254354838709675,0.4534423556883426,0.31197821772133144,0.9778387636723637,0.022161236327636336,0.3050643947093342,184.56723671732593,-2.6225883088767636
0.076035,7.6035,0.00963762762292132,9.63762762292132,6.426032258064516,0.4533581388278994,0.3119383493414242,0.9778387636723637,0.022161236327636336,0.30502540986201615,184.48602083674663,-2.622512327413763
0.0761275,7.61275,0.009652184327135209,9.65218432713521,6.426629032258064,0.4532739454273984,0.3118984874486919,0.9778387636723637,0.022161236327636336,0.30498643135810916,184.40477957235865,-2.62243636491608
0.07622,7.622,0.009666745582851126,9.666745582851126,6.427225806451614,0.45318977547812667,0.3118586320420667,0.9778387636723637,0.022161236327636336,0.30494745919656907,184.32351288890732,-2.622360421377488
0.0763125,7.6312500000000005,0.009681311396397038,9.681311396397039,6.427822580645162,0.4531056289713763,0.31181878312048145,0.9778387636723637,0.022161236327636336,0.30490849337635245,184.24222075106553,-2.6222844967917656
0.076405,7.6405,0.009695881774113863,9.695881774113863,6.42841935483871,0.45302150589844215,0.31177894068286816,0.9778387636723637,0.022161236327636336,0.304869533896415,184.16090312343368,-2.622208591152717
0.0764975,7.649749999999999,0.009710456722355617,9.710456722355618,6.429016129032258,0.45293740625062373,0.3117391047281596,0.9778387636723637,0.022161236327636336,0.30483058075571307,184.07955997053915,-2.622132704454147
0.07659,7.659000000000001,0.0097250362474894,9.7250362474894,6.429612903225806,0.45285333001922445,0.3116992752552883,0.9778387636723637,0.022161236327636336,0.30479163395320286,183.9981912568363,-2.6220568366898305
0.0766825,7.6682500000000005,0.009739620355895397,9.739620355895397,6.430209677419355,0.4527692771955518,0.31165945226318703,0.9778387636723637,0.022161236327636336,0.30475269348784084,183.9167969467063,-2.6219809878535787
0.076775,7.677499999999999,0.009754209053966994,9.754209053966994,6.430806451612903,0.4526852477709175,0.31161963575078866,0.9778387636723637,0.022161236327636336,0.30471375935858347,183.83537700445675,-2.621905157939191
0.0768675,7.686750000000001,0.009768802348110775,9.768802348110775,6.431403225806452,0.4526012417366368,0.31157982571702597,0.9778387636723637,0.022161236327636336,0.30467483156438724,183.75393139432148,-2.621829346940467
0.07696,7.696,0.009783400244746523,9.783400244746522,6.432,0.45251725908402946,0.311540022160832,0.9778387636723637,0.022161236327636336,0.3046359101042087,183.67246008046067,-2.6217535548512307
0.0770525,7.7052499999999995,0.00979800275030734,9.79800275030734,6.432596774193549,0.4524332998044191,0.3115002250811397,0.9778387636723637,0.022161236327636336,0.30459699497700465,183.5909630269601,-2.6216777816652796
0.077145,7.7145,0.009812609871239624,9.812609871239625,6.433193548387097,0.4523493638891333,0.31146043447688243,0.9778387636723637,0.022161236327636336,0.30455808618173197,183.5094401978314,-2.621602027376409
0.0772375,7.72375,0.009827221614003132,9.827221614003133,6.433790322580644,0.4522654513295038,0.3114206503469933,0.9778387636723637,0.022161236327636336,0.3045191837173474,183.4278915570115,-2.6215262919784665
0.07733,7.733,0.009841837985071013,9.841837985071013,6.434387096774194,0.452181562116866,0.3113808726904055,0.9778387636723637,0.022161236327636336,0.30448028758280776,183.3463170683626,-2.621450575465246
0.0774225,7.74225,0.009856458990929845,9.856458990929845,6.434983870967742,0.4520976962425599,0.3113411015060526,0.9778387636723637,0.022161236327636336,0.30444139777707035,183.26471669567198,-2.6213748778305663
0.077515,7.7515,0.009871084638079675,9.871084638079674,6.4355806451612905,0.4520138536979291,0.3113013367928679,0.9778387636723637,0.022161236327636336,0.30440251429909204,183.1830904026517,-2.6212991990682806
0.0776075,7.76075,0.009885714933034058,9.885714933034059,6.436177419354839,0.4519300344743214,0.31126157854978526,0.9778387636723637,0.022161236327636336,0.3043636371478303,183.1014381529383,-2.62122353917217
0.0777,7.7700000000000005,0.009900349882320116,9.900349882320116,6.436774193548387,0.45184623856308836,0.31122182677573806,0.9778387636723637,0.022161236327636336,0.30432476632224226,183.01975991009272,-2.621147898136076
0.0777925,7.77925,0.009914989492478531,9.914989492478531,6.437370967741936,0.45176246595558583,0.31118208146966014,0.9778387636723637,0.022161236327636336,0.30428590182128523,182.93805563760012,-2.6210722759538405
0.077885,7.7885,0.00992963377006363,9.92963377006363,6.437967741935483,0.4516787166431735,0.3111423426304853,0.9778387636723637,0.022161236327636336,0.3042470436439167,182.85632529886945,-2.620996672619303
0.0779775,7.797750000000001,0.009944282721643412,9.944282721643413,6.438564516129032,0.4515949906172152,0.3111026102571475,0.9778387636723637,0.022161236327636336,0.30420819178909436,182.7745688572334,-2.6209210881262575
0.07807,7.807,0.009958936353799575,9.958936353799574,6.4391612903225806,0.4515112878690786,0.3110628843485807,0.9778387636723637,0.022161236327636336,0.3041693462557756,182.6927862759481,-2.6208455224685867
0.0781625,7.816249999999999,0.009973594673127558,9.973594673127558,6.439758064516129,0.45142760839013546,0.31102316490371895,0.9778387636723637,0.022161236327636336,0.3041305070429182,182.610977518193,-2.6207699756400995
0.078255,7.825500000000001,0.009988257686236608,9.988257686236608,6.440354838709677,0.4513439521717617,0.31098345192149646,0.9778387636723637,0.022161236327636336,0.30409167414948,182.5291425470705,-2.6206944476346594
0.0783475,7.83475,0.01000292539974979,10.00292539974979,6.440951612903227,0.4512603192053366,0.31094374540084735,0.9778387636723637,0.022161236327636336,0.3040528475744188,182.4472813256058,-2.6206189384460723
0.07844,7.843999999999999,0.010017597820304027,10.017597820304028,6.441548387096775,0.4511767094822444,0.31090404534070615,0.9778387636723637,0.022161236327636336,0.3040140273166926,182.36539381674666,-2.620543448068243
0.0785325,7.853250000000001,0.010032274954550176,10.032274954550175,6.442145161290323,0.4510931229938727,0.3108643517400072,0.9778387636723637,0.022161236327636336,0.30397521337525946,182.2834799833632,-2.6204679764949677
0.078625,7.8625,0.010046956809153023,10.046956809153023,6.442741935483871,0.4510095597316132,0.310824664597685,0.9778387636723637,0.022161236327636336,0.3039364057490774,182.20153978824766,-2.62039252372014
0.0787175,7.87175,0.010061643390791363,10.061643390791364,6.443338709677419,0.4509260196868615,0.3107849839126741,0.9778387636723637,0.022161236327636336,0.3038976044371047,182.1195731941141,-2.6203170897375982
0.07881,7.881,0.010076334706158012,10.076334706158011,6.443935483870967,0.4508425028510173,0.31074530968390923,0.9778387636723637,0.022161236327636336,0.30385880943829957,182.0375801635983,-2.620241674541179
0.0789025,7.89025,0.010091030761959857,10.091030761959857,6.444532258064516,0.4507590092154843,0.31070564191032507,0.9778387636723637,0.022161236327636336,0.3038200207516204,181.9555606592575,-2.6201662781247723
0.078995,7.8995,0.010105731564917914,10.105731564917914,6.445129032258065,0.45067553877167016,0.31066598059085665,0.9778387636723637,0.022161236327636336,0.3037812383760258,181.87351464356996,-2.6200909004822144
0.0790875,7.90875,0.010120437121767356,10.120437121767356,6.445725806451613,0.45059209151098645,0.3106263257244387,0.9778387636723637,0.022161236327636336,0.3037424623104741,181.79144207893503,-2.620015541607383
0.07918,7.918,0.010135147439257542,10.135147439257542,6.446322580645162,0.450508667424849,0.31058667731000644,0.9778387636723637,0.022161236327636336,0.30370369255392404,181.7093429276728,-2.619940201494155
0.0792725,7.92725,0.010149862524152082,10.149862524152082,6.446919354838709,0.450425266504677,0.31054703534649475,0.9778387636723637,0.022161236327636336,0.30366492910533427,181.62721715202375,-2.6198648801363804
0.079365,7.9365000000000006,0.010164582383228867,10.164582383228867,6.447516129032258,0.4503418887418943,0.31050739983283904,0.9778387636723637,0.022161236327636336,0.30362617196366365,181.54506471414868,-2.619789577527943
0.0794575,7.94575,0.010179307023280104,10.179307023280105,6.448112903225807,0.4502585341279281,0.3104677707679743,0.9778387636723637,0.022161236327636336,0.30358742112787085,181.46288557612843,-2.619714293662718
0.07955,7.954999999999999,0.010194036451112392,10.194036451112392,6.448709677419355,0.4501752026542103,0.31042814815083636,0.9778387636723637,0.022161236327636336,0.30354867659691515,181.38067969996357,-2.619639028534567
0.0796425,7.964250000000001,0.010208770673546719,10.208770673546718,6.4493064516129035,0.45009189431217617,0.3103885319803603,0.9778387636723637,0.022161236327636336,0.3035099383697554,181.2984470475742,-2.6195637821373907
0.079735,7.9735,0.010223509697418537,10.223509697418537,6.449903225806452,0.450008609093265,0.3103489222554818,0.9778387636723637,0.022161236327636336,0.3034712064453508,181.21618758079978,-2.6194885544650495
0.0798275,7.982749999999999,0.010238253529577785,10.238253529577785,6.4505,0.4499253469889202,0.31030931897513647,0.9778387636723637,0.022161236327636336,0.3034324808226606,181.13390126139882,-2.6194133455114312
0.07992,7.992000000000001,0.010253002176888954,10.253002176888954,6.451096774193548,0.4498421079905892,0.31026972213826,0.9778387636723637,0.022161236327636336,0.30339376150064395,181.0515880510486,-2.6193381552704484
0.0800125,8.00125,0.010267755646231103,10.267755646231103,6.451693548387096,0.44975889208972314,0.31023013174378816,0.9778387636723637,0.022161236327636336,0.30335504847826034,180.9692479113451,-2.61926298373596
0.080105,8.0105,0.010282513944497931,10.282513944497932,6.452290322580645,0.4496756992777771,0.3101905477906568,0.9778387636723637,0.022161236327636336,0.3033163417544691,180.88688080380248,-2.6191878309018755
0.0801975,8.01975,0.010297277078597802,10.297277078597803,6.452887096774194,0.4495925295462108,0.3101509702778021,0.9778387636723637,0.022161236327636336,0.30327764132823,180.80448668985312,-2.6191126967620786
0.08029,8.029,0.010312045055453785,10.312045055453785,6.453483870967742,0.44950938288648695,0.31011139920416003,0.9778387636723637,0.022161236327636336,0.30323894719850264,180.72206553084723,-2.61903758131046
0.0803825,8.03825,0.010326817882003713,10.326817882003713,6.45408064516129,0.4494262592900726,0.3100718345686666,0.9778387636723637,0.022161236327636336,0.3032002593642466,180.63961728805262,-2.618962484540935
0.080475,8.047500000000001,0.010341595565200234,10.341595565200235,6.454677419354839,0.44934315874843894,0.31003227637025815,0.9778387636723637,0.022161236327636336,0.3031615778244218,180.55714192265438,-2.618887406447393
0.0805675,8.05675,0.010356378112010812,10.35637811201081,6.455274193548388,0.4492600812530608,0.309992724607871,0.9778387636723637,0.022161236327636336,0.3031229025779881,180.47463939575488,-2.618812347023747
0.08066,8.065999999999999,0.010371165529417824,10.371165529417823,6.4558709677419355,0.4491770267954172,0.3099531792804416,0.9778387636723637,0.022161236327636336,0.30308423362390546,180.39210966837322,-2.618737306263901
0.0807525,8.07525,0.010385957824418573,10.385957824418572,6.456467741935484,0.44909399536699096,0.30991364038690633,0.9778387636723637,0.022161236327636336,0.303045570961134,180.30955270144517,-2.618662284161759
0.080845,8.0845,0.010400755004025345,10.400755004025346,6.457064516129032,0.449010986959269,0.309874107926202,0.9778387636723637,0.022161236327636336,0.30300691458863394,180.22696845582286,-2.6185872807112385
0.0809375,8.09375,0.010415557075265452,10.415557075265452,6.45766129032258,0.44892800156374174,0.30983458189726504,0.9778387636723637,0.022161236327636336,0.30296826450536535,180.14435689227452,-2.6185122959062506
0.08103,8.103,0.010430364045181264,10.430364045181264,6.458258064516128,0.44884503917190405,0.30979506229903236,0.9778387636723637,0.022161236327636336,0.30292962071028867,180.06171797148428,-2.6184373297407024
0.0811225,8.11225,0.010445175920830286,10.445175920830286,6.458854838709678,0.44876209977525416,0.3097555491304407,0.9778387636723637,0.022161236327636336,0.30289098320236424,179.97905165405186,-2.61836238220852
0.081215,8.1215,0.010459992709285156,10.459992709285157,6.4594516129032264,0.448679183365295,0.3097160423904271,0.9778387636723637,0.022161236327636336,0.3028523519805526,179.89635790049235,-2.6182874533036267
0.0813075,8.13075,0.010474814417633746,10.474814417633747,6.460048387096775,0.44859628993353273,0.3096765420779285,0.9778387636723637,0.022161236327636336,0.3028137270438143,179.81363667123588,-2.618212543019945
0.0814,8.14,0.010489641052979162,10.489641052979161,6.460645161290322,0.4485134194714778,0.3096370481918821,0.9778387636723637,0.022161236327636336,0.30277510839111005,179.73088792662756,-2.6181376513514065
0.0814925,8.14925,0.010504472622439812,10.504472622439812,6.461241935483871,0.4484305719706444,0.3095975607312249,0.9778387636723637,0.022161236327636336,0.3027364960214005,179.64811162692695,-2.618062778291931
0.081585,8.1585,0.01051930913314945,10.51930913314945,6.461838709677419,0.44834774742255085,0.30955807969489446,0.9778387636723637,0.022161236327636336,0.3026978899336466,179.565307732308,-2.617987923835447
0.0816775,8.16775,0.010534150592257216,10.534150592257216,6.462435483870968,0.448264945818719,0.30951860508182794,0.9778387636723637,0.022161236327636336,0.3026592901268092,179.48247620285878,-2.6179130879758996
0.08177,8.177,0.010548997006927689,10.548997006927689,6.4630322580645165,0.4481821671506752,0.30947913689096296,0.9778387636723637,0.022161236327636336,0.3026206965998494,179.39961699858114,-2.6178382707072148
0.0818625,8.186250000000001,0.01056384838434093,10.563848384340929,6.463629032258065,0.44809941140994913,0.30943967512123693,0.9778387636723637,0.022161236327636336,0.3025821093517282,179.31673007939042,-2.617763472023336
0.081955,8.1955,0.01057870473169254,10.57870473169254,6.464225806451613,0.44801667858807487,0.3094002197715877,0.9778387636723637,0.022161236327636336,0.3025435283814069,179.23381540511534,-2.617688691918204
0.0820475,8.204749999999999,0.010593566056193684,10.593566056193684,6.464822580645161,0.44793396867658974,0.30936077084095276,0.9778387636723637,0.022161236327636336,0.30250495368784663,179.15087293549763,-2.6176139303857426
0.08214,8.214,0.010608432365071158,10.608432365071158,6.46541935483871,0.44785128166703564,0.30932132832827,0.9778387636723637,0.022161236327636336,0.3024663852700088,179.06790263019172,-2.6175391874199265
0.0822325,8.22325,0.010623303665567421,10.623303665567422,6.466016129032258,0.44776861755095815,0.3092818922324774,0.9778387636723637,0.022161236327636336,0.3024278231268549,178.98490444876467,-2.617464463014685
0.082325,8.2325,0.010638179964940667,10.638179964940667,6.466612903225807,0.4476859763199067,0.3092424625525128,0.9778387636723637,0.022161236327636336,0.30238926725734633,178.90187835069563,-2.6173897571639912
0.0824175,8.24175,0.010653061270464852,10.653061270464852,6.467209677419355,0.44760335796543477,0.3092030392873145,0.9778387636723637,0.022161236327636336,0.3023507176604449,178.8188242953758,-2.6173150698617724
0.08251,8.251,0.010667947589429742,10.667947589429742,6.467806451612904,0.4475207624790993,0.3091636224358205,0.9778387636723637,0.022161236327636336,0.30231217433511215,178.7357422421081,-2.617240401101991
0.0826025,8.26025,0.010682838929140973,10.682838929140972,6.468403225806451,0.44743818985246175,0.3091242119969692,0.9778387636723637,0.022161236327636336,0.30227363728031004,178.6526321501068,-2.617165750878607
0.082695,8.2695,0.010697735296920093,10.697735296920092,6.469,0.44735564007708684,0.3090848079696988,0.9778387636723637,0.022161236327636336,0.3022351064950002,178.56949397849735,-2.6170911191855795
0.0827875,8.27875,0.010712636700104592,10.712636700104591,6.4695967741935485,0.44727311314454377,0.3090454103529478,0.9778387636723637,0.022161236327636336,0.30219658197814475,178.4863276863162,-2.617016506016886
0.08288,8.288,0.010727543146048006,10.727543146048006,6.470193548387097,0.44719060904640523,0.30900601914565473,0.9778387636723637,0.022161236327636336,0.30215806372870574,178.40313323251027,-2.6169419113664656
0.0829725,8.29725,0.0107424546421199,10.742454642119899,6.470790322580645,0.44710812777424785,0.3089666343467582,0.9778387636723637,0.022161236327636336,0.3021195517456453,178.31991057593686,-2.6168673352282834
0.083065,8.3065,0.010757371195705944,10.757371195705945,6.471387096774193,0.4470256693196523,0.3089272559551969,0.9778387636723637,0.022161236327636336,0.30208104602792557,178.23665967536346,-2.616792777596349
0.0831575,8.31575,0.010772292814207995,10.772292814207995,6.471983870967741,0.44694323367420313,0.3088878839699096,0.9778387636723637,0.022161236327636336,0.30204254657450896,178.15338048946717,-2.616718238464606
0.08325,8.325000000000001,0.010787219505044084,10.787219505044083,6.472580645161291,0.44686082082948836,0.30884851838983524,0.9778387636723637,0.022161236327636336,0.30200405338435776,178.07007297683472,-2.6166437178270345
0.0833425,8.33425,0.010802151275648519,10.80215127564852,6.4731774193548395,0.44677843077710055,0.3088091592139128,0.9778387636723637,0.022161236327636336,0.3019655664564346,177.98673709596207,-2.6165692156776053
0.083435,8.343499999999999,0.010817088133471903,10.817088133471902,6.473774193548387,0.44669606350863583,0.3087698064410814,0.9778387636723637,0.022161236327636336,0.30192708578970207,177.90337280525412,-2.616494732010286
0.0835275,8.35275,0.010832030085981196,10.832030085981195,6.474370967741935,0.446613719015694,0.30873046007028004,0.9778387636723637,0.022161236327636336,0.3018886113831227,177.81998006302445,-2.616420266819107
0.08362,8.362,0.010846977140659759,10.846977140659758,6.474967741935483,0.4465313972898789,0.30869112010044797,0.9778387636723637,0.022161236327636336,0.3018501432356592,177.7365588274951,-2.6163458200980085
0.0837125,8.37125,0.010861929305007434,10.861929305007434,6.475564516129032,0.44644909832279805,0.3086517865305246,0.9778387636723637,0.022161236327636336,0.3018116813462745,177.6531090567961,-2.6162713918409812
0.083805,8.3805,0.010876886586540542,10.876886586540543,6.476161290322581,0.44636682210606327,0.3086124593594493,0.9778387636723637,0.022161236327636336,0.3017732257139315,177.56963070896543,-2.616196982042026
0.0838975,8.38975,0.01089184899279198,10.89184899279198,6.47675806451613,0.4462845686312902,0.3085731385861617,0.9778387636723637,0.022161236327636336,0.30173477633759327,177.4861237419486,-2.61612259069515
0.08399,8.399,0.010906816531311241,10.906816531311241,6.477354838709678,0.4462023378900977,0.30853382420960124,0.9778387636723637,0.022161236327636336,0.30169633321622286,177.4025881135984,-2.616048217794316
0.0840825,8.40825,0.010921789209664492,10.921789209664492,6.477951612903226,0.44612012987410926,0.30849451622870766,0.9778387636723637,0.022161236327636336,0.3016578963487834,177.3190237816745,-2.6159738633335383
0.084175,8.4175,0.010936767035434605,10.936767035434604,6.478548387096773,0.44603794457495166,0.30845521464242076,0.9778387636723637,0.022161236327636336,0.30161946573423826,177.2354307038434,-2.61589952730682
0.0842675,8.42675,0.010951750016221227,10.951750016221228,6.479145161290322,0.4459557819842559,0.3084159194496804,0.9778387636723637,0.022161236327636336,0.3015810413715508,177.1518088376779,-2.615825209708131
0.08436,8.436,0.010966738159640796,10.966738159640796,6.4797419354838715,0.4458736420936566,0.30837663064942644,0.9778387636723637,0.022161236327636336,0.3015426232596843,177.06815814065695,-2.615750910531516
0.0844525,8.44525,0.010981731473326638,10.981731473326638,6.48033870967742,0.44579152489479273,0.3083373482405992,0.9778387636723637,0.022161236327636336,0.3015042113976026,176.98447857016538,-2.615676629770969
0.084545,8.4545,0.010996729964929007,10.996729964929006,6.480935483870968,0.44570943037930616,0.3082980722221386,0.9778387636723637,0.022161236327636336,0.3014658057842691,176.90077008349343,-2.6156023674204616
0.0846375,8.463750000000001,0.011011733642115112,11.011733642115113,6.481532258064516,0.4456273585388436,0.30825880259298494,0.9778387636723637,0.022161236327636336,0.3014274064186476,176.81703263783663,-2.6155281234740655
0.08473,8.473,0.011026742512569186,11.026742512569186,6.482129032258065,0.4455453093650548,0.3082195393520784,0.9778387636723637,0.022161236327636336,0.3013890132997018,176.73326619029555,-2.6154538979257604
0.0848225,8.482249999999999,0.011041756583992557,11.041756583992557,6.4827258064516124,0.44546328284959424,0.30818028249835966,0.9778387636723637,0.022161236327636336,0.30135062642639576,176.64947069787527,-2.6153796907695694
0.084915,8.4915,0.011056775864103679,11.05677586410368,6.4833225806451615,0.44538127898411894,0.30814103203076876,0.9778387636723637,0.022161236327636336,0.3013122457976931,176.56564611748524,-2.615305501999515
0.0850075,8.50075,0.01107180036063818,11.07180036063818,6.48391935483871,0.44529929776029137,0.30810178794824683,0.9778387636723637,0.022161236327636336,0.30127387141255846,176.48179240593907,-2.6152313316095923
0.0851,8.51,0.011086830081348942,11.086830081348943,6.484516129032258,0.44521733916977657,0.3080625502497343,0.9778387636723637,0.022161236327636336,0.3012355032699556,176.397909519954,-2.615157179593848
0.0851925,8.51925,0.011101865034006137,11.101865034006137,6.485112903225806,0.44513540320424405,0.30802331893417195,0.9778387636723637,0.022161236327636336,0.30119714136884884,176.31399741615076,-2.6150830459463195
0.085285,8.5285,0.011116905226397283,11.116905226397282,6.485709677419355,0.44505348985536675,0.30798409400050064,0.9778387636723637,0.022161236327636336,0.3011587857082026,176.23005605105323,-2.6150089306610065
0.0853775,8.537749999999999,0.011131950666327274,11.131950666327274,6.486306451612903,0.4449715991148217,0.30794487544766125,0.9778387636723637,0.022161236327636336,0.3011204362869811,176.1460853810882,-2.614934833731953
0.08547,8.547,0.011147001361618508,11.147001361618507,6.4869032258064525,0.44488973097428985,0.307905663274595,0.9778387636723637,0.022161236327636336,0.3010820931041491,176.0620853625849,-2.614860755153193
0.0855625,8.55625,0.011162057320110854,11.162057320110854,6.4875,0.44480788542545574,0.3078664574802429,0.9778387636723637,0.022161236327636336,0.301043756158671,175.97805595177488,-2.61478669491875
0.085655,8.5655,0.01117711854966177,11.17711854966177,6.488096774193548,0.4447260624600078,0.3078272580635462,0.9778387636723637,0.022161236327636336,0.30100542544951164,175.89399710479154,-2.614712653022682
0.0857475,8.57475,0.01119218505814631,11.19218505814631,6.488693548387097,0.4446442620696384,0.30778806502344624,0.9778387636723637,0.022161236327636336,0.3009671009756357,175.80990877767,-2.6146386294590123
0.08584,8.584,0.011207256853457222,11.207256853457222,6.489290322580644,0.44456248424604367,0.3077488783588845,0.9778387636723637,0.022161236327636336,0.30092878273600826,175.72579092634663,-2.6145646242217766
0.0859325,8.59325,0.011222333943504983,11.222333943504983,6.4898870967741935,0.4444807289809234,0.30770969806880233,0.9778387636723637,0.022161236327636336,0.30089047072959396,175.64164350665882,-2.6144906373050416
0.086025,8.602500000000001,0.011237416336217849,11.23741633621785,6.490483870967743,0.4443989962659812,0.3076705241521413,0.9778387636723637,0.022161236327636336,0.30085216495535794,175.55746647434466,-2.6144166687028503
0.0861175,8.61175,0.011252504039541925,11.252504039541925,6.491080645161291,0.4443172860929249,0.30763135660784324,0.9778387636723637,0.022161236327636336,0.30081386541226546,175.47325978504264,-2.61434271840923
0.08621,8.620999999999999,0.011267597061441209,11.267597061441208,6.491677419354839,0.4442355984534658,0.30759219543484984,0.9778387636723637,0.022161236327636336,0.30077557209928163,175.38902339429126,-2.614268786418268
0.0863025,8.63025,0.011282695409897675,11.282695409897675,6.492274193548387,0.4441539333393189,0.307553040632103,0.9778387636723637,0.022161236327636336,0.3007372850153718,175.3047572575288,-2.6141948727239974
0.086395,8.6395,0.01129779909291128,11.29779909291128,6.492870967741935,0.4440722907422034,0.30751389219854464,0.9778387636723637,0.022161236327636336,0.3006990041595014,175.22046133009297,-2.6141209773204594
0.0864875,8.64875,0.011312908118500073,11.312908118500072,6.493467741935484,0.44399067065384196,0.3074747501331169,0.9778387636723637,0.022161236327636336,0.300660729530636,175.13613556722063,-2.6140471002017374
0.08658,8.658000000000001,0.011328022494700213,11.328022494700214,6.494064516129033,0.443909073065961,0.30743561443476175,0.9778387636723637,0.022161236327636336,0.30062246112774094,175.0517799240474,-2.6139732413618795
0.0866725,8.66725,0.01134314222956605,11.34314222956605,6.494661290322581,0.4438274979702912,0.30739648510242157,0.9778387636723637,0.022161236327636336,0.30058419894978206,174.96739435560738,-2.6138994007949683
0.086765,8.676499999999999,0.011358267331170182,11.35826733117018,6.495258064516129,0.4437459453585666,0.3073573621350386,0.9778387636723637,0.022161236327636336,0.3005459429957251,174.88297881683286,-2.613825578495048
0.0868575,8.68575,0.011373397807603493,11.373397807603492,6.495854838709677,0.44366441522252514,0.3073182455315553,0.9778387636723637,0.022161236327636336,0.3005076932645359,174.7985332625539,-2.613751774456209
0.08695,8.695,0.011388533666975238,11.388533666975238,6.4964516129032255,0.44358290755390867,0.3072791352909141,0.9778387636723637,0.022161236327636336,0.3004694497551804,174.71405764749812,-2.613677988672511
0.0870425,8.70425,0.011403674917413084,11.403674917413083,6.497048387096775,0.4435014223444627,0.30724003141205775,0.9778387636723637,0.022161236327636336,0.30043121246662474,174.62955192629028,-2.6136042211379973
0.087135,8.7135,0.011418821567063158,11.418821567063159,6.497645161290323,0.4434199595859367,0.3072009338939288,0.9778387636723637,0.022161236327636336,0.3003929813978348,174.54501605345206,-2.613530471846807
0.0872275,8.72275,0.011433973624090142,11.433973624090143,6.498241935483871,0.4433385192700837,0.3071618427354701,0.9778387636723637,0.022161236327636336,0.30035475654777705,174.4604499834016,-2.61345674079298
0.08732,8.732,0.011449131096677301,11.4491310966773,6.498838709677419,0.44325710138866076,0.3071227579356245,0.9778387636723637,0.022161236327636336,0.3003165379154177,174.37585367045324,-2.6133830279705816
0.0874125,8.74125,0.01146429399302655,11.46429399302655,6.499435483870968,0.4431757059334283,0.307083679493335,0.9778387636723637,0.022161236327636336,0.30027832549972305,174.29122706881722,-2.613309333373713
0.087505,8.7505,0.011479462321358509,11.47946232135851,6.5000322580645165,0.4430943328961512,0.3070446074075446,0.9778387636723637,0.022161236327636336,0.30024011929965966,174.20657013259935,-2.6132356569964736
0.0875975,8.75975,0.011494636089912573,11.494636089912573,6.500629032258065,0.4430129822685974,0.3070055416771964,0.9778387636723637,0.022161236327636336,0.30020191931419404,174.12188281580055,-2.6131619988329335
0.08769,8.769,0.01150981530694699,11.50981530694699,6.501225806451613,0.4429316540425392,0.30696648230123386,0.9778387636723637,0.022161236327636336,0.30016372554229304,174.0371650723166,-2.6130883588771825
0.0877825,8.77825,0.011524999980738864,11.524999980738864,6.501822580645161,0.4428503482097525,0.3069274292786002,0.9778387636723637,0.022161236327636336,0.30012553798292324,173.9524168559379,-2.6130147371233248
0.087875,8.7875,0.011540190119584261,11.540190119584262,6.502419354838709,0.44276906476201655,0.30688838260823875,0.9778387636723637,0.022161236327636336,0.3000873566350515,173.86763812034906,-2.612941133565447
0.0879675,8.796750000000001,0.011555385731798283,11.555385731798284,6.503016129032258,0.4426878036911148,0.3068493422890931,0.9778387636723637,0.022161236327636336,0.30004918149764476,173.78282881912833,-2.6128675481976336
0.08806,8.806,0.011570586825715075,11.570586825715075,6.5036129032258065,0.4426065649888348,0.306810308320107,0.9778387636723637,0.022161236327636336,0.3000110125696701,173.6979889057477,-2.612793981014013
0.0881525,8.815249999999999,0.011585793409687928,11.585793409687929,6.504209677419356,0.4425253486469671,0.30677128070022386,0.9778387636723637,0.022161236327636336,0.29997284985009454,173.61311833357223,-2.612720432008669
0.088245,8.8245,0.01160100549208934,11.60100549208934,6.504806451612904,0.44244415465730647,0.3067322594283878,0.9778387636723637,0.022161236327636336,0.2999346933378854,173.5282170558598,-2.612646901175701
0.0883375,8.83375,0.011616223081311047,11.616223081311047,6.505403225806451,0.44236298301165133,0.3066932445035425,0.9778387636723637,0.022161236327636336,0.29989654303200997,173.44328502576082,-2.6125733885092255
0.08843,8.843,0.011631446185764123,11.631446185764123,6.505999999999999,0.4422818337018039,0.30665423592463203,0.9778387636723637,0.022161236327636336,0.2998583989314355,173.35832219631774,-2.6124998940033577
0.0885225,8.85225,0.011646674813879017,11.646674813879017,6.506596774193548,0.4422007067195701,0.30661523369060045,0.9778387636723637,0.022161236327636336,0.2998202610351296,173.27332852046487,-2.6124264176521943
0.088615,8.8615,0.011661908974105612,11.661908974105613,6.507193548387097,0.4421196020567599,0.30657623780039195,0.9778387636723637,0.022161236327636336,0.29978212934205983,173.188303951028,-2.612352959449849
0.0887075,8.87075,0.011677148674913325,11.677148674913324,6.507790322580646,0.44203851970518626,0.30653724825295076,0.9778387636723637,0.022161236327636336,0.29974400385119376,173.10324844072383,-2.6122795193904507
0.0888,8.88,0.011692393924791121,11.692393924791121,6.508387096774194,0.441957459656667,0.3064982650472213,0.9778387636723637,0.022161236327636336,0.29970588456149927,173.01816194215996,-2.612206097468103
0.0888925,8.88925,0.01170764473224761,11.70764473224761,6.508983870967742,0.4418764219030228,0.3064592881821479,0.9778387636723637,0.022161236327636336,0.2996677714719441,172.93304440783436,-2.6121326936769327
0.088985,8.8985,0.011722901105811083,11.722901105811083,6.50958064516129,0.4417954064360783,0.3064203176566752,0.9778387636723637,0.022161236327636336,0.29962966458149626,172.84789579013494,-2.6120593080110677
0.0890775,8.90775,0.011738163054029624,11.738163054029624,6.5101774193548385,0.44171441324766203,0.3063813534697478,0.9778387636723637,0.022161236327636336,0.29959156388912367,172.7627160413393,-2.6119859404646335
0.08917,8.917,0.011753430585471123,11.753430585471124,6.510774193548388,0.44163344232960633,0.3063423956203105,0.9778387636723637,0.022161236327636336,0.29955346939379457,172.6775051136144,-2.6119125910317464
0.0892625,8.92625,0.011768703708723337,11.768703708723336,6.511370967741936,0.4415524936737472,0.3063034441073081,0.9778387636723637,0.022161236327636336,0.29951538109447706,172.59226295901613,-2.6118392597065645
0.089355,8.935500000000001,0.011783982432394039,11.783982432394039,6.511967741935484,0.4414715672719242,0.30626449892968544,0.9778387636723637,0.022161236327636336,0.29947729899013953,172.5069895294889,-2.6117659464831857
0.0894475,8.944749999999999,0.011799266765110965,11.799266765110966,6.512564516129032,0.441390663115981,0.3062255600863877,0.9778387636723637,0.022161236327636336,0.29943922307975046,172.42168477686542,-2.611692651355757
0.08954,8.953999999999999,0.01181455671552196,11.81455671552196,6.513161290322581,0.44130978119776426,0.30618662757635967,0.9778387636723637,0.022161236327636336,0.299401153362278,172.3363486528663,-2.6116193743184173
0.0896325,8.96325,0.011829852292295011,11.829852292295012,6.5137580645161295,0.4412289215091255,0.30614770139854686,0.9778387636723637,0.022161236327636336,0.299363089836691,172.25098110909954,-2.611546115365322
0.089725,8.9725,0.01184515350411834,11.84515350411834,6.514354838709677,0.4411480840419191,0.30610878155189447,0.9778387636723637,0.022161236327636336,0.29932503250195813,172.16558209706034,-2.611472874490589
0.0898175,8.98175,0.011860460359700415,11.860460359700415,6.514951612903226,0.4410672687880033,0.3060698680353478,0.9778387636723637,0.022161236327636336,0.299286981357048,172.08015156813067,-2.611399651688372
0.08991,8.991,0.011875772867770099,11.875772867770099,6.515548387096774,0.4409864757392404,0.3060309608478525,0.9778387636723637,0.022161236327636336,0.2992489364009296,171.99468947357883,-2.611326446952814
0.0900025,9.00025,0.01189109103707663,11.89109103707663,6.516145161290322,0.44090570488749625,0.305992059988354,0.9778387636723637,0.022161236327636336,0.2992108976325718,171.9091957645592,-2.611253260278075
0.090095,9.0095,0.011906414876389746,11.906414876389746,6.5167419354838705,0.4408249562246402,0.3059531654557979,0.9778387636723637,0.022161236327636336,0.2991728650509436,171.82367039211178,-2.6111800916582872
0.0901875,9.01875,0.011921744394499736,11.921744394499736,6.5173387096774205,0.4407442297425456,0.3059142772491302,0.9778387636723637,0.022161236327636336,0.2991348386550141,171.73811330716185,-2.6111069410876344
0.09028,9.028,0.011937079600217499,11.9370796002175,6.517935483870968,0.44066352543308973,0.30587539536729663,0.9778387636723637,0.022161236327636336,0.29909681844375274,171.65252446051954,-2.6110338085602396
0.0903725,9.03725,0.01195242050237462,11.95242050237462,6.518532258064517,0.44058284328815284,0.30583651980924303,0.9778387636723637,0.022161236327636336,0.2990588044161286,171.5669038028796,-2.610960694070266
0.090465,9.0465,0.011967767109823437,11.967767109823438,6.519129032258064,0.44050218329961977,0.30579765057391567,0.9778387636723637,0.022161236327636336,0.2990207965711112,171.48125128482081,-2.610887597611895
0.0905575,9.05575,0.011983119431437109,11.983119431437109,6.519725806451612,0.44042154545937867,0.30575878766026066,0.9778387636723637,0.022161236327636336,0.29898279490767005,171.39556685680577,-2.61081451917929
0.09065,9.065,0.011998477476109678,11.998477476109677,6.5203225806451615,0.44034092975932093,0.305719931067224,0.9778387636723637,0.022161236327636336,0.2989447994247746,171.30985046918045,-2.6107414587665856
0.0907425,9.074250000000001,0.012013841252756157,12.013841252756157,6.52091935483871,0.44026033619134264,0.3056810807937523,0.9778387636723637,0.022161236327636336,0.29890681012139464,171.22410207217374,-2.6106684163679863
0.090835,9.0835,0.012029210770312573,12.029210770312572,6.521516129032259,0.4401797647473427,0.30564223683879177,0.9778387636723637,0.022161236327636336,0.2988688269964999,171.1383216158972,-2.610595391977635
0.0909275,9.092749999999999,0.012044586037736057,12.044586037736057,6.522112903225807,0.4400992154192243,0.30560339920128904,0.9778387636723637,0.022161236327636336,0.2988308500490603,171.05250905034467,-2.610522385589707
0.09102,9.102,0.012059967064004907,12.059967064004907,6.522709677419355,0.44001868819889417,0.3055645678801907,0.9778387636723637,0.022161236327636336,0.2987928792780457,170.9666643253916,-2.610449397198404
0.0911125,9.11125,0.012075353858118646,12.075353858118646,6.5233064516129025,0.43993818307826266,0.3055257428744435,0.9778387636723637,0.022161236327636336,0.2987549146824263,170.88078739079515,-2.6103764267978566
0.091205,9.1205,0.012090746429098114,12.090746429098115,6.5239032258064515,0.43985770004924357,0.3054869241829941,0.9778387636723637,0.022161236327636336,0.29871695626117206,170.79487819619328,-2.610303474382291
0.0912975,9.12975,0.012106144785985535,12.106144785985535,6.5245,0.43977723910375505,0.3054481118047896,0.9778387636723637,0.022161236327636336,0.29867900401325337,170.70893669110475,-2.6102305399458525
0.09139,9.139,0.012121548937844558,12.121548937844558,6.525096774193549,0.4396968002337184,0.3054093057387768,0.9778387636723637,0.022161236327636336,0.2986410579376404,170.62296282492852,-2.610157623482757
0.0914825,9.148249999999999,0.01213695889376038,12.13695889376038,6.525693548387097,0.43961638343105897,0.305370505983903,0.9778387636723637,0.022161236327636336,0.2986031180333038,170.5369565469434,-2.6100847249871655
0.091575,9.1575,0.012152374662839763,12.152374662839764,6.526290322580645,0.4395359886877054,0.3053317125391152,0.9778387636723637,0.022161236327636336,0.2985651842992139,170.45091780630764,-2.610011844453274
0.0916675,9.16675,0.012167796254211154,12.167796254211154,6.526887096774193,0.4394556159955904,0.30529292540336067,0.9778387636723637,0.022161236327636336,0.29852725673434133,170.3648465520586,-2.609938981875277
0.09176,9.176,0.012183223677024705,12.183223677024705,6.5274838709677425,0.43937526534665017,0.30525414457558697,0.9778387636723637,0.022161236327636336,0.2984893353376569,170.27874273311227,-2.6098661372473595
0.0918525,9.18525,0.012198656940452421,12.198656940452421,6.528080645161291,0.4392949367328245,0.3052153700547413,0.9778387636723637,0.022161236327636336,0.2984514201081312,170.1926062982628,-2.6097933105637314
0.091945,9.1945,0.012214096053688141,12.214096053688142,6.528677419354839,0.43921463014605727,0.30517660183977147,0.9778387636723637,0.022161236327636336,0.2984135110447353,170.1064371961823,-2.6097205018185847
0.0920375,9.20375,0.012229541025947687,12.229541025947686,6.529274193548387,0.4391343455782956,0.305137839929625,0.9778387636723637,0.022161236327636336,0.2983756081464401,170.02023537542027,-2.6096477110061107
0.09213,9.213000000000001,0.012244991866468899,12.244991866468899,6.529870967741935,0.4390540830214906,0.3050990843232498,0.9778387636723637,0.022161236327636336,0.2983377114122168,169.93400078440322,-2.6095749381205073
0.0922225,9.22225,0.012260448584511705,12.260448584511705,6.5304677419354835,0.43897384246759685,0.3050603350195935,0.9778387636723637,0.022161236327636336,0.2982998208410364,169.84773337143426,-2.609502183156008
0.092315,9.231499999999999,0.012275911189358231,12.275911189358231,6.531064516129033,0.43889362390857256,0.30502159201760415,0.9778387636723637,0.022161236327636336,0.29826193643187016,169.76143308469273,-2.6094294461068084
0.0924075,9.24075,0.012291379690312831,12.291379690312832,6.531661290322582,0.43881342733637985,0.3049828553162298,0.9778387636723637,0.022161236327636336,0.2982240581836895,169.67509987223372,-2.6093567269671047
0.0925,9.25,0.012306854096702192,12.306854096702192,6.532258064516129,0.43873325274298447,0.30494412491441863,0.9778387636723637,0.022161236327636336,0.29818618609546593,169.58873368198772,-2.609284025731127
0.0925925,9.25925,0.012322334417875398,12.322334417875398,6.532854838709677,0.4386531001203556,0.3049054008111188,0.9778387636723637,0.022161236327636336,0.2981483201661709,169.50233446176014,-2.609211342393068
0.092685,9.2685,0.012337820663204015,12.337820663204015,6.533451612903225,0.4385729694604663,0.3048666830052786,0.9778387636723637,0.022161236327636336,0.298110460394776,169.41590215923088,-2.6091386769471563
0.0927775,9.27775,0.01235331284208214,12.35331284208214,6.534048387096774,0.43849286075529326,0.3048279714958465,0.9778387636723637,0.022161236327636336,0.29807260678025305,169.32943672195407,-2.60906602938761
0.09287,9.286999999999999,0.012368810963926509,12.368810963926508,6.534645161290323,0.4384127739968168,0.30478926628177105,0.9778387636723637,0.022161236327636336,0.29803475932157386,169.24293809735738,-2.608993399708646
0.0929625,9.29625,0.012384315038176556,12.384315038176556,6.535241935483872,0.438332709177021,0.3047505673620009,0.9778387636723637,0.022161236327636336,0.29799691801771033,169.1564062327418,-2.608920787904498
0.093055,9.3055,0.012399825074294485,12.399825074294485,6.53583870967742,0.4382526662878935,0.30471187473548467,0.9778387636723637,0.022161236327636336,0.29795908286763445,169.06984107528118,-2.60884819396939
0.0931475,9.31475,0.01241534108176537,12.415341081765371,6.536435483870968,0.43817264532142547,0.30467318840117125,0.9778387636723637,0.022161236327636336,0.2979212538703184,168.98324257202168,-2.6087756178975363
0.09324,9.324,0.01243086307009722,12.430863070097221,6.5370322580645155,0.4380926462696121,0.3046345083580094,0.9778387636723637,0.022161236327636336,0.29788343102473425,168.89661066988145,-2.608703059683185
0.0933325,9.33325,0.012446391048821032,12.446391048821031,6.537629032258065,0.43801266912445186,0.3045958346049483,0.9778387636723637,0.022161236327636336,0.29784561432985446,168.80994531565025,-2.6086305193205486
0.093425,9.3425,0.012461925027490904,12.461925027490905,6.538225806451613,0.43793271387794713,0.304557167140937,0.9778387636723637,0.022161236327636336,0.29780780378465127,168.72324645598883,-2.608557996803882
0.0935175,9.351750000000001,0.012477465015684107,12.477465015684107,6.538822580645161,0.4378527805221037,0.30451850596492464,0.9778387636723637,0.022161236327636336,0.29776999938809723,168.63651403742867,-2.6084854921274045
0.09361,9.361,0.012493011023001144,12.493011023001145,6.53941935483871,0.43777286904893126,0.30447985107586045,0.9778387636723637,0.022161236327636336,0.29773220113916476,168.54974800637143,-2.608413005285396
0.0937025,9.370249999999999,0.01250856305906585,12.50856305906585,6.540016129032258,0.43769297945044305,0.304441202472694,0.9778387636723637,0.022161236327636336,0.29769440903682687,168.4629483090886,-2.6083405362720296
0.093795,9.3795,0.012524121133525459,12.524121133525458,6.5406129032258065,0.43761311171865586,0.3044025601543746,0.9778387636723637,0.022161236327636336,0.29765662308005597,168.37611489172093,-2.608268085081609
0.0938875,9.38875,0.012539685256050691,12.53968525605069,6.541209677419354,0.43753326584559027,0.304363924119852,0.9778387636723637,0.022161236327636336,0.29761884326782523,168.2892477002781,-2.6081956517083498
0.09398,9.398,0.01255525543633583,12.55525543633583,6.541806451612904,0.43745344182327,0.30432529436807554,0.9778387636723637,0.022161236327636336,0.29758106959910713,168.2023466806383,-2.6081232361465094
0.0940725,9.407250000000001,0.012570831684098803,12.570831684098803,6.542403225806452,0.4373736396437236,0.30428667089799544,0.9778387636723637,0.022161236327636336,0.29754330207287527,168.11541177854758,-2.608050838390346
0.094165,9.4165,0.012586414009081257,12.586414009081258,6.543,0.4372938592989821,0.30424805370856134,0.9778387636723637,0.022161236327636336,0.29750554068810253,168.02844293961965,-2.6079784584341064
0.0942575,9.425749999999999,0.012602002421048643,12.602002421048644,6.543596774193548,0.4372141007810804,0.30420944279872314,0.9778387636723637,0.022161236327636336,0.29746778544376207,167.94144010933528,-2.607906096272047
0.09435,9.435,0.012617596929790302,12.617596929790302,6.5441935483870965,0.43713436408205747,0.30417083816743107,0.9778387636723637,0.022161236327636336,0.2974300363388274,167.85440323304184,-2.6078337518984207
0.0944425,9.44425,0.012633197545119552,12.633197545119552,6.544790322580646,0.4370546491939553,0.30413223981363513,0.9778387636723637,0.022161236327636336,0.2973922933722718,167.76733225595294,-2.60776142530749
0.094535,9.4535,0.012648804276873742,12.648804276873742,6.545387096774194,0.4369749561088201,0.30409364773628567,0.9778387636723637,0.022161236327636336,0.29735455654306886,167.68022712314786,-2.6076891164935256
0.0946275,9.46275,0.012664417134914376,12.664417134914375,6.545983870967742,0.43689528481870127,0.30405506193433296,0.9778387636723637,0.022161236327636336,0.2973168258501921,167.59308777957116,-2.6076168254507963
0.09472,9.472,0.012680036129127154,12.680036129127155,6.54658064516129,0.43681563531565215,0.30401648240672763,0.9778387636723637,0.022161236327636336,0.2972791012926154,167.50591417003224,-2.607544552173543
0.0948125,9.48125,0.012695661269422088,12.695661269422088,6.547177419354838,0.43673600759172954,0.3039779091524201,0.9778387636723637,0.022161236327636336,0.29724138286931256,167.4187062392048,-2.6074722966560513
0.094905,9.4905,0.012711292565733572,12.711292565733572,6.547774193548387,0.43665640163899366,0.30393934217036095,0.9778387636723637,0.022161236327636336,0.29720367057925723,167.33146393162633,-2.607400058892604
0.0949975,9.49975,0.01272693002802045,12.72693002802045,6.548370967741937,0.4365768174495086,0.303900781459501,0.9778387636723637,0.022161236327636336,0.2971659644214236,167.2441871916979,-2.6073278388774583
0.09509,9.508999999999999,0.01274257366626614,12.74257366626614,6.548967741935485,0.4364972550153423,0.3038622270187912,0.9778387636723637,0.022161236327636336,0.29712826439478585,167.15687596368338,-2.6072556366048865
0.0951825,9.51825,0.01275822349047869,12.75822349047869,6.549564516129033,0.4364177143285658,0.3038236788471823,0.9778387636723637,0.022161236327636336,0.297090570498318,167.06953019170905,-2.607183452069188
0.095275,9.5275,0.012773879510690865,12.773879510690865,6.55016129032258,0.43633819538125407,0.30378513694362547,0.9778387636723637,0.022161236327636336,0.2970528827309944,166.9821498197633,-2.6071112852646237
0.0953675,9.53675,0.012789541736960225,12.789541736960226,6.5507580645161285,0.43625869816548557,0.3037466013070717,0.9778387636723637,0.022161236327636336,0.29701520109178936,166.89473479169595,-2.607039136185491
0.09546,9.546000000000001,0.012805210179369244,12.805210179369244,6.551354838709677,0.4361792226733426,0.3037080719364724,0.9778387636723637,0.022161236327636336,0.2969775255796775,166.80728505121786,-2.6069670048260685
0.0955525,9.55525,0.012820884848025363,12.820884848025363,6.551951612903226,0.4360997688969104,0.30366954883077873,0.9778387636723637,0.022161236327636336,0.29693985619363317,166.7198005419004,-2.606894891180641
0.095645,9.564499999999999,0.012836565753061087,12.836565753061087,6.552548387096774,0.43602033682827873,0.30363103198894226,0.9778387636723637,0.022161236327636336,0.2969021929326312,166.63228120717508,-2.6068227952435103
0.0957375,9.57375,0.012852252904634083,12.852252904634083,6.553145161290323,0.4359409264595403,0.30359252140991444,0.9778387636723637,0.022161236327636336,0.2968645357956463,166.54472699033286,-2.606750717008953
0.09583,9.583,0.012867946312927233,12.867946312927232,6.553741935483871,0.43586153778279163,0.3035540170926468,0.9778387636723637,0.022161236327636336,0.2968268847816533,166.4571378345239,-2.606678656471269
0.0959225,9.59225,0.012883645988148782,12.883645988148782,6.5543387096774195,0.4357821707901331,0.3035155190360913,0.9778387636723637,0.022161236327636336,0.2967892398896273,166.3695136827569,-2.6066066136247663
0.096015,9.6015,0.012899351940532364,12.899351940532364,6.554935483870967,0.43570282547366807,0.3034770272391995,0.9778387636723637,0.022161236327636336,0.2967516011185431,166.2818544778986,-2.606534588463726
0.0961075,9.61075,0.012915064180337119,12.915064180337119,6.555532258064517,0.4356235018255037,0.3034385417009233,0.9778387636723637,0.022161236327636336,0.29671396846737585,166.1941601626735,-2.6064625809824644
0.0962,9.62,0.012930782717847793,12.930782717847793,6.556129032258065,0.4355441998377515,0.3034000624202151,0.9778387636723637,0.022161236327636336,0.2966763419351011,166.1064306796631,-2.6063905911752765
0.0962925,9.62925,0.012946507563374805,12.946507563374805,6.556725806451613,0.43546491950252564,0.30336158939602664,0.9778387636723637,0.022161236327636336,0.2966387215206939,166.01866597130552,-2.6063186190364767
0.096385,9.6385,0.012962238727254351,12.962238727254352,6.557322580645161,0.4353856608119442,0.3033231226273103,0.9778387636723637,0.022161236327636336,0.2966011072231299,165.93086597989506,-2.6062466645603592
0.0964775,9.647749999999998,0.012977976219848478,12.977976219848479,6.55791935483871,0.4353064237581287,0.3032846621130183,0.9778387636723637,0.022161236327636336,0.29656349904138435,165.84303064758151,-2.606174727741245
0.09657,9.657,0.012993720051545213,12.993720051545212,6.558516129032258,0.43522720833320444,0.303246207852103,0.9778387636723637,0.022161236327636336,0.296525896974433,165.75515991636985,-2.606102808573444
0.0966625,9.66625,0.013009470232758585,13.009470232758586,6.559112903225806,0.4351480145293004,0.30320775984351706,0.9778387636723637,0.022161236327636336,0.2964883010212517,165.66725372811965,-2.6060309070512657
0.096755,9.6755,0.013025226773928788,13.025226773928788,6.559709677419355,0.4350688423385489,0.30316931808621295,0.9778387636723637,0.022161236327636336,0.296450711180816,165.57931202454455,-2.6059590231690453
0.0968475,9.684750000000001,0.013040989685522246,13.040989685522247,6.560306451612903,0.43498969175308594,0.30313088257914345,0.9778387636723637,0.022161236327636336,0.2964131274521021,165.4913347472117,-2.6058871569210638
0.09694,9.693999999999999,0.013056758978031687,13.056758978031686,6.5609032258064515,0.4349105627650512,0.3030924533212614,0.9778387636723637,0.022161236327636336,0.2963755498340858,165.40332183754143,-2.6058153083016986
0.0970325,9.703249999999999,0.013072534661976259,13.072534661976258,6.5615,0.4348314553665875,0.30305403031151956,0.9778387636723637,0.022161236327636336,0.2963379783257433,165.31527323680646,-2.6057434773052197
0.097125,9.7125,0.013088316747901611,13.088316747901612,6.562096774193549,0.43475236954984176,0.30301561354887097,0.9778387636723637,0.022161236327636336,0.2963004129260507,165.22718888613167,-2.6056716639259854
0.0972175,9.72175,0.013104105246379994,13.104105246379994,6.562693548387098,0.43467330530696424,0.30297720303226877,0.9778387636723637,0.022161236327636336,0.2962628536339844,165.13906872649338,-2.6055998681583166
0.09731,9.731,0.013119900168010344,13.119900168010345,6.563290322580646,0.43459426263010886,0.3029387987606662,0.9778387636723637,0.022161236327636336,0.2962253004485208,165.05091269871883,-2.6055280899965427
0.0974025,9.74025,0.013135701523418393,13.135701523418394,6.563887096774193,0.434515241511433,0.3029004007330165,0.9778387636723637,0.022161236327636336,0.29618775336863634,164.96272074348582,-2.605456329435001
0.097495,9.7495,0.013151509323256755,13.151509323256755,6.5644838709677416,0.43443624194309755,0.30286200894827303,0.9778387636723637,0.022161236327636336,0.29615021239330763,164.87449280132194,-2.6053845864680185
0.0975875,9.75875,0.013167323578205005,13.167323578205005,6.56508064516129,0.43435726391726714,0.3028236234053894,0.9778387636723637,0.022161236327636336,0.2961126775215114,164.78622881260426,-2.60531286108994
0.09768,9.768,0.013183144298969824,13.183144298969824,6.565677419354838,0.4342783074261098,0.3027852441033189,0.9778387636723637,0.022161236327636336,0.29607514875222424,164.69792871755863,-2.6052411532950988
0.0977725,9.77725,0.01319897149628501,13.19897149628501,6.566274193548388,0.4341993724617971,0.30274687104101555,0.9778387636723637,0.022161236327636336,0.2960376260844232,164.60959245625932,-2.6051694630778375
0.097865,9.7865,0.013214805180911664,13.214805180911664,6.566870967741936,0.4341204590165045,0.302708504217433,0.9778387636723637,0.022161236327636336,0.29600010951708516,164.5212199686283,-2.6050977904325148
0.0979575,9.79575,0.013230645363638249,13.23064536363825,6.567467741935484,0.43404156708241065,0.30267014363152517,0.9778387636723637,0.022161236327636336,0.2959625990491873,164.43281119443475,-2.605026135353445
0.09805,9.805,0.013246492055280673,13.246492055280672,6.568064516129032,0.433962696651698,0.30263178928224604,0.9778387636723637,0.022161236327636336,0.29592509467970673,164.3443660732946,-2.6049544978350285
0.0981425,9.81425,0.013262345266682398,13.262345266682399,6.56866129032258,0.43388384771655225,0.3025934411685497,0.9778387636723637,0.022161236327636336,0.29588759640762075,164.25588454466995,-2.6048828778715603
0.098235,9.823500000000001,0.013278205008714556,13.278205008714556,6.569258064516129,0.4338050202691628,0.3025550992893903,0.9778387636723637,0.022161236327636336,0.2958501042319066,164.1673665478684,-2.6048112754574304
0.0983275,9.832749999999999,0.013294071292276022,13.294071292276023,6.569854838709678,0.4337262143017228,0.30251676364372215,0.9778387636723637,0.022161236327636336,0.2958126181515419,164.07881202204268,-2.6047396905869746
0.09842,9.841999999999999,0.013309944128293524,13.309944128293523,6.570451612903226,0.43364742980642873,0.30247843423049964,0.9778387636723637,0.022161236327636336,0.2957751381655041,163.99022090618996,-2.6046681232545734
0.0985125,9.85125,0.013325823527721756,13.325823527721756,6.571048387096774,0.4335686667754805,0.30244011104867724,0.9778387636723637,0.022161236327636336,0.29573766427277093,163.9015931391514,-2.604596573454552
0.098605,9.8605,0.013341709501543444,13.341709501543445,6.571645161290323,0.43348992520108204,0.30240179409720963,0.9778387636723637,0.022161236327636336,0.29570019647232015,163.81292865961152,-2.6045250411813066
0.0986975,9.86975,0.01335760206076948,13.35760206076948,6.572241935483871,0.4334112050754401,0.3023634833750513,0.9778387636723637,0.022161236327636336,0.2956627347631295,163.7242274060976,-2.604453526429178
0.09879,9.879,0.013373501216439014,13.373501216439013,6.572838709677418,0.43333250639076565,0.30232517888115723,0.9778387636723637,0.022161236327636336,0.29562527914417697,163.63548931697926,-2.604382029192551
0.0988825,9.88825,0.013389406979619533,13.389406979619533,6.573435483870968,0.43325382913927263,0.3022868806144821,0.9778387636723637,0.022161236327636336,0.2955878296144406,163.54671433046775,-2.604310549465782
0.098975,9.897499999999999,0.013405319361407004,13.405319361407004,6.574032258064516,0.43317517331317906,0.30224858857398107,0.9778387636723637,0.022161236327636336,0.2955503861728985,163.4579023846155,-2.604239087243255
0.0990675,9.90675,0.013421238372925944,13.421238372925943,6.5746290322580645,0.4330965389047062,0.30221030275860916,0.9778387636723637,0.022161236327636336,0.2955129488185291,163.36905341731534,-2.6041676425193256
0.09916,9.916,0.013437164025329533,13.437164025329533,6.575225806451613,0.43301792590607874,0.3021720231673216,0.9778387636723637,0.022161236327636336,0.2954755175503106,163.28016736630025,-2.6040962152883735
0.0992525,9.92525,0.01345309632979971,13.45309632979971,6.575822580645162,0.4329393343095249,0.3021337497990735,0.9778387636723637,0.022161236327636336,0.29543809236722124,163.1912441691425,-2.604024805544797
0.099345,9.9345,0.01346903529754731,13.469035297547311,6.57641935483871,0.4328607641072769,0.3020954826528205,0.9778387636723637,0.022161236327636336,0.29540067326824,163.10228376325315,-2.6039534132829396
0.0994375,9.94375,0.013484980939812104,13.484980939812104,6.577016129032258,0.4327822152915699,0.3020572217275178,0.9778387636723637,0.022161236327636336,0.29536326025234505,163.01328608588162,-2.603882038497233
0.09953,9.953,0.013500933267862971,13.50093326786297,6.577612903225806,0.4327036878546429,0.3020189670221213,0.9778387636723637,0.022161236327636336,0.29532585331851546,162.92425107411486,-2.603810681182009
0.0996225,9.962250000000001,0.013516892292997976,13.516892292997976,6.578209677419355,0.4326251817887383,0.30198071853558645,0.9778387636723637,0.022161236327636336,0.2952884524657299,162.83517866487688,-2.6037393413316976
0.099715,9.971499999999999,0.013532858026544437,13.532858026544437,6.578806451612903,0.43254669708610216,0.30194247626686915,0.9778387636723637,0.022161236327636336,0.29525105769296733,162.74606879492828,-2.603668018940665
0.0998075,9.980749999999999,0.013548830479859122,13.548830479859122,6.579403225806451,0.4324682337389837,0.3019042402149251,0.9778387636723637,0.022161236327636336,0.2952136689992067,162.65692140086534,-2.603596714003303
0.0999,9.99,0.013564809664328265,13.564809664328266,6.580000000000001,0.4323897917396357,0.3018660103787104,0.9778387636723637,0.022161236327636336,0.2951762863834271,162.56773641911983,-2.603525426514012
0.0999925,9.99925,0.01358079559136773,13.58079559136773,6.580596774193549,0.4323113710803154,0.3018277867571813,0.9778387636723637,0.022161236327636336,0.295138909844608,162.478513785958,-2.6034541564671816
0.100085,10.0085,0.01359678827242308,13.59678827242308,6.581193548387097,0.43223297175328224,0.30178956934929374,0.9778387636723637,0.022161236327636336,0.29510153938172845,162.38925343748036,-2.6033829038572183
0.1001775,10.01775,0.013612787718969727,13.612787718969727,6.581790322580645,0.4321545937508,0.30175135815400417,0.9778387636723637,0.022161236327636336,0.295064174993768,162.29995530962074,-2.6033116686785203
0.10027,10.027,0.013628793942512995,13.628793942512996,6.582387096774194,0.4320762370651354,0.3017131531702688,0.9778387636723637,0.022161236327636336,0.29502681667970615,162.21061933814593,-2.6032404509254827
0.1003625,10.036249999999999,0.013644806954588277,13.644806954588278,6.582983870967741,0.4319979016885595,0.30167495439704445,0.9778387636723637,0.022161236327636336,0.29498946443852264,162.12124545865498,-2.603169250592501
0.100455,10.0455,0.013660826766761098,13.660826766761097,6.58358064516129,0.43191958761334565,0.30163676183328725,0.9778387636723637,0.022161236327636336,0.2949521182691968,162.03183360657854,-2.6030980676740136
0.1005475,10.05475,0.013676853390627271,13.67685339062727,6.584177419354839,0.43184129483177175,0.30159857547795416,0.9778387636723637,0.022161236327636336,0.29491477817070877,161.94238371717827,-2.6030269021644044
0.10064,10.064,0.013692886837812957,13.692886837812958,6.5847741935483874,0.4317630233361188,0.30156039533000195,0.9778387636723637,0.022161236327636336,0.2948774441420383,161.85289572554632,-2.602955754058102
0.1007325,10.07325,0.01370892711997483,13.70892711997483,6.585370967741936,0.4316847731186715,0.3015222213883876,0.9778387636723637,0.022161236327636336,0.29484011618216566,161.76336956660455,-2.6028846233494884
0.100825,10.0825,0.013724974248800145,13.724974248800144,6.585967741935484,0.4316065441717177,0.30148405365206793,0.9778387636723637,0.022161236327636336,0.29480279429007067,161.67380517510404,-2.602813510033026
0.1009175,10.09175,0.013741028236006874,13.741028236006875,6.586564516129032,0.43152833648754874,0.30144589212000006,0.9778387636723637,0.022161236327636336,0.29476547846473355,161.58420248562436,-2.6027424141030933
0.10101,10.101,0.013757089093343824,13.757089093343824,6.587161290322581,0.43145015005845977,0.3014077367911412,0.9778387636723637,0.022161236327636336,0.2947281687051347,161.494561432573,-2.6026713355541244
0.1011025,10.11025,0.013773156832590722,13.773156832590722,6.587758064516129,0.4313719848767494,0.30136958766444866,0.9778387636723637,0.022161236327636336,0.2946908650102545,161.40488195018472,-2.602600274380543
0.101195,10.119499999999999,0.013789231465558355,13.789231465558355,6.5883548387096775,0.4312938409347197,0.3013314447388799,0.9778387636723637,0.022161236327636336,0.2946535673790735,161.3151639725209,-2.602529230576779
0.1012875,10.12875,0.013805313004088684,13.805313004088683,6.588951612903226,0.43121571822467575,0.3012933080133923,0.9778387636723637,0.022161236327636336,0.2946162758105722,161.22540743346894,-2.602458204137254
0.10138,10.138,0.013821401460054929,13.821401460054929,6.589548387096774,0.43113761673892687,0.3012551774869436,0.9778387636723637,0.022161236327636336,0.2945789903037314,161.13561226674165,-2.602387195056379
0.1014725,10.14725,0.013837496845361725,13.837496845361725,6.590145161290323,0.4310595364697852,0.3012170531584913,0.9778387636723637,0.022161236327636336,0.2945417108575318,161.04577840587643,-2.602316203328617
0.101565,10.1565,0.01385359917194522,13.85359917194522,6.590741935483871,0.43098147740956677,0.3011789350269933,0.9778387636723637,0.022161236327636336,0.29450443747095423,160.95590578423477,-2.602245228948388
0.1016575,10.16575,0.013869708451773183,13.869708451773183,6.591338709677419,0.43090343955059124,0.3011408230914076,0.9778387636723637,0.022161236327636336,0.29446717014298,160.86599433500163,-2.6021742719101084
0.10175,10.174999999999999,0.013885824696845147,13.885824696845146,6.591935483870968,0.4308254228851812,0.3011027173506921,0.9778387636723637,0.022161236327636336,0.2944299088725899,160.77604399118462,-2.602103332208266
0.1018425,10.18425,0.013901947919192484,13.901947919192484,6.592532258064516,0.430747427405663,0.3010646178038049,0.9778387636723637,0.022161236327636336,0.29439265365876527,160.68605468561356,-2.6020324098372405
0.101935,10.1935,0.013918078130878569,13.918078130878568,6.593129032258065,0.4306694531043665,0.3010265244497042,0.9778387636723637,0.022161236327636336,0.2943554045004873,160.5960263509396,-2.6019615047915168
0.1020275,10.20275,0.013934215343998874,13.934215343998874,6.593725806451613,0.430591499973625,0.30098843728734836,0.9778387636723637,0.022161236327636336,0.2943181613967375,160.50595891963476,-2.60189061706551
0.10212,10.212,0.013950359570681085,13.950359570681085,6.594322580645162,0.4305135680057754,0.3009503563156958,0.9778387636723637,0.022161236327636336,0.2942809243464973,160.41585232399106,-2.6018197466536934
0.1022125,10.22125,0.013966510823085249,13.96651082308525,6.5949193548387095,0.43043565719315774,0.3009122815337049,0.9778387636723637,0.022161236327636336,0.2942436933487482,160.32570649612003,-2.601748893550515
0.102305,10.2305,0.013982669113403855,13.982669113403855,6.595516129032258,0.4303577675281158,0.3008742129403345,0.9778387636723637,0.022161236327636336,0.29420646840247217,160.2355213679519,-2.601678057750395
0.1023975,10.23975,0.013998834453861986,13.998834453861987,6.596112903225806,0.4302798990029966,0.30083615053454316,0.9778387636723637,0.022161236327636336,0.29416924950665074,160.145296871235,-2.6016072392478216
0.10249,10.249,0.01401500685671743,14.015006856717429,6.596709677419355,0.4302020516101509,0.30079809431528964,0.9778387636723637,0.022161236327636336,0.2941320366602659,160.05503293753506,-2.601536438037232
0.1025825,10.258249999999999,0.01403118633426081,14.03118633426081,6.597306451612902,0.43012422534193295,0.30076004428153313,0.9778387636723637,0.022161236327636336,0.29409482986229973,159.96472949823453,-2.6014656541130776
0.102675,10.2675,0.01404737289881569,14.04737289881569,6.597903225806452,0.4300464201906998,0.30072200043223224,0.9778387636723637,0.022161236327636336,0.294057629111734,159.87438648453187,-2.601394887469845
0.1027675,10.27675,0.014063566562738711,14.06356656273871,6.5985000000000005,0.42996863614881264,0.30068396276634635,0.9778387636723637,0.022161236327636336,0.29402043440755116,159.78400382744093,-2.6013241381019685
0.10286,10.286,0.014079767338419698,14.079767338419698,6.599096774193549,0.4298908732086362,0.3006459312828348,0.9778387636723637,0.022161236327636336,0.2939832457487336,159.69358145779017,-2.6012534060039227
0.1029525,10.29525,0.014095975238281844,14.095975238281843,6.599693548387096,0.4298131313625383,0.3006079059806567,0.9778387636723637,0.022161236327636336,0.29394606313426347,159.60311930622197,-2.601182691170192
0.103045,10.304499999999999,0.014112190274781746,14.112190274781746,6.600290322580645,0.4297354106028898,0.30056988685877145,0.9778387636723637,0.022161236327636336,0.2939088865631233,159.51261730319203,-2.6011119935952154
0.1031375,10.313749999999999,0.014128412460409596,14.128412460409596,6.600887096774193,0.42965771092206617,0.3005318739161389,0.9778387636723637,0.022161236327636336,0.2938717160342959,159.4220753789685,-2.601041313273476
0.10323,10.323,0.014144641807689295,14.144641807689295,6.601483870967742,0.429580032312445,0.30049386715171833,0.9778387636723637,0.022161236327636336,0.29383455154676374,159.33149346363143,-2.6009706501994363
0.1033225,10.33225,0.014160878329178547,14.160878329178548,6.602080645161291,0.4295023747664086,0.3004558665644697,0.9778387636723637,0.022161236327636336,0.29379739309950975,159.240871487072,-2.6009000043675945
0.10341499999999999,10.3415,0.014177122037469044,14.177122037469044,6.602677419354839,0.4294247382763417,0.30041787215335275,0.9778387636723637,0.022161236327636336,0.2937602406915167,159.1502093789918,-2.600829375772413
0.1035075,10.35075,0.014193372945186543,14.193372945186542,6.603274193548388,0.4293471228346329,0.3003798839173274,0.9778387636723637,0.022161236327636336,0.2937230943217675,159.0595070689021,-2.600758764408387
0.1036,10.36,0.014209631064991018,14.209631064991019,6.603870967741935,0.42926952843367444,0.30034190185535375,0.9778387636723637,0.022161236327636336,0.2936859539892455,158.96876448612315,-2.6006881702699776
0.10369249999999999,10.36925,0.014225896409576793,14.225896409576793,6.604467741935484,0.4291919550658612,0.3003039259663919,0.9778387636723637,0.022161236327636336,0.29364881969293366,158.87798155978348,-2.6006175933516698
0.103785,10.3785,0.014242168991672674,14.242168991672674,6.6050645161290324,0.42911440272359286,0.30026595624940217,0.9778387636723637,0.022161236327636336,0.2936116914318154,158.78715821881906,-2.6005470336479743
0.1038775,10.38775,0.014258448824042057,14.258448824042057,6.605661290322581,0.42903687139927127,0.3002279927033449,0.9778387636723637,0.022161236327636336,0.2935745692048742,158.69629439197277,-2.6004764911533407
0.10396999999999999,10.396999999999998,0.01427473591948308,14.27473591948308,6.606258064516129,0.4289593610853022,0.3001900353271805,0.9778387636723637,0.022161236327636336,0.29353745301109335,158.60539000779343,-2.600405965862295
0.1040625,10.40625,0.014291030290828753,14.291030290828752,6.606854838709678,0.42888187177409476,0.30015208411986954,0.9778387636723637,0.022161236327636336,0.29350034284945653,158.51444499463526,-2.6003354577693103
0.104155,10.4155,0.014307331950947093,14.307331950947093,6.607451612903226,0.42880440345806187,0.3001141390803728,0.9778387636723637,0.022161236327636336,0.2934632387189476,158.42345928065703,-2.600264966868876
0.10424749999999999,10.42475,0.01432364091274125,14.323640912741249,6.608048387096774,0.4287269561296192,0.30007620020765086,0.9778387636723637,0.022161236327636336,0.29342614061855,158.33243279382134,-2.6001944931555183
0.10434,10.434000000000001,0.014339957189149636,14.339957189149636,6.6086451612903225,0.42864952978118637,0.30003826750066465,0.9778387636723637,0.022161236327636336,0.29338904854724784,158.24136546189385,-2.6001240366237233
0.1044325,10.443249999999999,0.014356280793146072,14.356280793146071,6.609241935483871,0.42857212440518627,0.3000003409583752,0.9778387636723637,0.022161236327636336,0.2933519625040252,158.15025721244263,-2.600053597267961
0.10452499999999999,10.452499999999999,0.014372611737739932,14.372611737739932,6.609838709677419,0.42849473999404514,0.29996242057974354,0.9778387636723637,0.022161236327636336,0.293314882487866,158.05910797283718,-2.599983175082779
0.1046175,10.46175,0.014388950035976249,14.388950035976249,6.610435483870967,0.4284173765401928,0.29992450636373086,0.9778387636723637,0.022161236327636336,0.29327780849775453,157.96791767024797,-2.599912770062672
0.10471,10.471,0.014405295700935886,14.405295700935886,6.611032258064517,0.42834003403606197,0.2998865983092983,0.9778387636723637,0.022161236327636336,0.293240740532675,157.87668623164538,-2.599842382202125
0.10480249999999999,10.48025,0.014421648745735649,14.421648745735649,6.611629032258065,0.42826271247408976,0.2998486964154075,0.9778387636723637,0.022161236327636336,0.293203678591612,157.78541358379917,-2.599772011495673
0.104895,10.4895,0.01443800918352843,14.43800918352843,6.6122258064516135,0.42818541184671594,0.29981080068101984,0.9778387636723637,0.022161236327636336,0.29316662267354987,157.69409965327753,-2.5997016579378265
0.1049875,10.49875,0.014454377027503365,14.454377027503366,6.612822580645162,0.4281081321463838,0.29977291110509685,0.9778387636723637,0.022161236327636336,0.29312957277747326,157.6027443664464,-2.5996313215230917
0.10507999999999999,10.508,0.014470752290885935,14.470752290885935,6.613419354838709,0.4280308733655402,0.29973502768660026,0.9778387636723637,0.022161236327636336,0.2930925289023669,157.51134764946872,-2.599561002245978
0.1051725,10.51725,0.014487134986938153,14.487134986938154,6.614016129032258,0.4279536354966351,0.2996971504244919,0.9778387636723637,0.022161236327636336,0.29305549104721557,157.41990942830353,-2.5994907001010175
0.105265,10.5265,0.014503525128958666,14.503525128958666,6.614612903225806,0.4278764185321224,0.2996592793177336,0.9778387636723637,0.022161236327636336,0.2930184592110041,157.3284296287053,-2.5994204150827325
0.10535749999999999,10.53575,0.01451992273028292,14.51992273028292,6.615209677419355,0.4277992224644588,0.29962141436528744,0.9778387636723637,0.022161236327636336,0.29298143339271765,157.2369081762231,-2.599350147185629
0.10545,10.545,0.014536327804283296,14.536327804283296,6.615806451612904,0.427722047286105,0.2995835555661155,0.9778387636723637,0.022161236327636336,0.2929444135913412,157.14534499619967,-2.5992798964042625
0.1055425,10.55425,0.014552740364369236,14.552740364369235,6.616403225806452,0.42764489298952474,0.29954570291918003,0.9778387636723637,0.022161236327636336,0.2929073998058601,157.05374001377095,-2.5992096627331276
0.10563499999999999,10.5635,0.014569160423987428,14.569160423987428,6.617,0.427567759567185,0.29950785642344324,0.9778387636723637,0.022161236327636336,0.29287039203525955,156.9620931538649,-2.59913944616677
0.1057275,10.572750000000001,0.014585587996621916,14.585587996621916,6.617596774193548,0.4274906470115565,0.2994700160778676,0.9778387636723637,0.022161236327636336,0.29283339027852495,156.87040434120092,-2.5990692466997163
0.10582,10.581999999999999,0.01460202309579423,14.60202309579423,6.618193548387096,0.4274135553151133,0.2994321818814158,0.9778387636723637,0.022161236327636336,0.29279639453464196,156.77867350028907,-2.5989990643265033
0.10591249999999999,10.591249999999999,0.01461846573506359,14.618465735063591,6.6187903225806455,0.4273364844703325,0.2993943538330501,0.9778387636723637,0.022161236327636336,0.2927594048025959,156.68690055542902,-2.598928899041683
0.106005,10.6005,0.01463491592802701,14.63491592802701,6.619387096774194,0.4272594344696953,0.29935653193173356,0.9778387636723637,0.022161236327636336,0.2927224210813728,156.59508543070945,-2.5988587508397623
0.1060975,10.60975,0.014651373688319444,14.651373688319444,6.619983870967742,0.4271824053056857,0.2993187161764289,0.9778387636723637,0.022161236327636336,0.2926854433699584,156.5032280500072,-2.5987886197153083
0.10618999999999999,10.619,0.01466783902961395,14.667839029613951,6.620580645161291,0.427105396970791,0.299280906566099,0.9778387636723637,0.022161236327636336,0.29264847166733843,156.41132833698634,-2.598718505662863
0.1062825,10.62825,0.014684311965621848,14.684311965621848,6.621177419354839,0.42702840945750237,0.2992431030997071,0.9778387636723637,0.022161236327636336,0.29261150597249924,156.31938621509738,-2.59864840867693
0.106375,10.6375,0.014700792510092832,14.700792510092832,6.621774193548387,0.4269514427583141,0.2992053057762161,0.9778387636723637,0.022161236327636336,0.2925745462844267,156.22740160757655,-2.59857832875211
0.10646749999999999,10.646749999999999,0.014717280676815155,14.717280676815156,6.622370967741936,0.4268744968657237,0.29916751459458935,0.9778387636723637,0.022161236327636336,0.29253759260210704,156.13537443744477,-2.5985082658829324
0.10656,10.656,0.014733776479615776,14.733776479615777,6.622967741935484,0.42679757177223254,0.29912972955379025,0.9778387636723637,0.022161236327636336,0.29250064492452676,156.0433046275069,-2.598438220063934
0.1066525,10.66525,0.014750279932360496,14.750279932360495,6.623564516129032,0.4267206674703451,0.29909195065278227,0.9778387636723637,0.022161236327636336,0.2924637032506722,155.95119210035097,-2.5983681912896865
0.10674499999999999,10.6745,0.01476679104895412,14.76679104895412,6.62416129032258,0.42664378395256886,0.2990541778905289,0.9778387636723637,0.022161236327636336,0.2924267675795299,155.85903677834716,-2.598298179554734
0.1068375,10.68375,0.014783309843340612,14.783309843340612,6.624758064516129,0.4265669212114152,0.2990164112659939,0.9778387636723637,0.022161236327636336,0.2923898379100865,155.76683858364706,-2.5982281848536464
0.10693,10.693,0.01479983632950326,14.79983632950326,6.625354838709678,0.4264900792393987,0.2989786507781409,0.9778387636723637,0.022161236327636336,0.29235291424132864,155.67459743818276,-2.5981582071809743
0.10702249999999999,10.70225,0.01481637052146478,14.81637052146478,6.6259516129032265,0.4264132580290374,0.2989408964259339,0.9778387636723637,0.022161236327636336,0.29231599657224333,155.58231326366612,-2.5980882465312773
0.107115,10.711500000000001,0.014832912433287564,14.832912433287564,6.626548387096774,0.42633645757285255,0.29890314820833686,0.9778387636723637,0.022161236327636336,0.29227908490181737,155.48998598158758,-2.598018302899131
0.1072075,10.720749999999999,0.014849462079073747,14.849462079073746,6.627145161290322,0.4262596778633688,0.2988654061243139,0.9778387636723637,0.022161236327636336,0.29224217922903795,155.39761551321564,-2.597948376279084
0.10729999999999999,10.729999999999999,0.01486601947296541,14.866019472965409,6.627741935483871,0.42618291889311427,0.29882767017282913,0.9778387636723637,0.022161236327636336,0.2922052795528921,155.3052017795958,-2.597878466665719
0.1073925,10.73925,0.014882584629144727,14.882584629144727,6.628338709677419,0.42610618065462025,0.2987899403528469,0.9778387636723637,0.022161236327636336,0.2921683858723671,155.21274470154967,-2.5978085740536008
0.107485,10.7485,0.014899157561834119,14.89915756183412,6.6289354838709675,0.4260294631404217,0.29875221666333157,0.9778387636723637,0.022161236327636336,0.2921314981864503,155.12024419967415,-2.5977386984373196
0.10757749999999999,10.75775,0.014915738285296444,14.915738285296444,6.629532258064517,0.42595276634305657,0.2987144991032477,0.9778387636723637,0.022161236327636336,0.2920946164941291,155.0277001943405,-2.597668839811419
0.10767,10.767,0.014932326813835118,14.932326813835118,6.630129032258065,0.4258760902550665,0.2986767876715599,0.9778387636723637,0.022161236327636336,0.29205774079439123,154.9351126056934,-2.5975989981704974
0.1077625,10.77625,0.01494892316179428,14.94892316179428,6.630725806451613,0.42579943486899624,0.29863908236723286,0.9778387636723637,0.022161236327636336,0.29202087108622415,154.84248135365024,-2.597529173509133
0.10785499999999999,10.785499999999999,0.014965527343558991,14.96552734355899,6.631322580645161,0.425722800177394,0.29860138318923135,0.9778387636723637,0.022161236327636336,0.2919840073686157,154.74980635789987,-2.597459365821903
0.1079475,10.79475,0.014982139373555374,14.982139373555375,6.63191935483871,0.42564618617281136,0.2985636901365204,0.9778387636723637,0.022161236327636336,0.2919471496405538,154.65708753790202,-2.597389575103376
0.10804,10.804,0.014998759266250742,14.998759266250742,6.632516129032258,0.4255695928478034,0.2985260032080651,0.9778387636723637,0.022161236327636336,0.29191029790102646,154.56432481288627,-2.5973198013481533
0.10813249999999999,10.81325,0.015015387036153847,15.015387036153847,6.633112903225807,0.42549302019492796,0.29848832240283035,0.9778387636723637,0.022161236327636336,0.2918734521490215,154.47151810185102,-2.5972500445508375
0.108225,10.8225,0.015032022697814954,15.032022697814954,6.633709677419355,0.42541646820674706,0.2984506477197816,0.9778387636723637,0.022161236327636336,0.29183661238352737,154.37866732356275,-2.5971803047059843
0.1083175,10.83175,0.015048666265826077,15.048666265826077,6.634306451612903,0.42533993687582555,0.2984129791578841,0.9778387636723637,0.022161236327636336,0.29179977860353223,154.28577239655493,-2.5971105818082116
0.10840999999999999,10.841,0.015065317754821101,15.065317754821102,6.634903225806452,0.42526342619473145,0.29837531671610323,0.9778387636723637,0.022161236327636336,0.29176295080802434,154.19283323912725,-2.5970408758521084
0.1085025,10.85025,0.015081977179475995,15.081977179475995,6.6354999999999995,0.4251869361560367,0.29833766039340476,0.9778387636723637,0.022161236327636336,0.29172612899599243,154.09984976934444,-2.596971186832256
0.108595,10.8595,0.015098644554508924,15.098644554508924,6.636096774193549,0.4251104667523161,0.2983000101887542,0.9778387636723637,0.022161236327636336,0.2916893131664249,154.00682190503562,-2.5969015147432866
0.10868749999999999,10.868749999999999,0.015115319894680469,15.11531989468047,6.636693548387097,0.42503401797614815,0.29826236610111734,0.9778387636723637,0.022161236327636336,0.2916525033183105,153.91374956379312,-2.59683185957976
0.10878,10.878,0.015132003214793773,15.132003214793773,6.637290322580645,0.4249575898201144,0.29822472812946016,0.9778387636723637,0.022161236327636336,0.2916156994506381,153.82063266297163,-2.596762221336309
0.1088725,10.88725,0.015148694529694723,15.148694529694723,6.637887096774193,0.4248811822767998,0.2981870962727485,0.9778387636723637,0.022161236327636336,0.29157890156239646,153.7274711196872,-2.596692600007517
0.10896499999999999,10.8965,0.015165393854272114,15.165393854272114,6.638483870967742,0.42480479533879256,0.29814947052994845,0.9778387636723637,0.022161236327636336,0.2915421096525746,153.63426485081635,-2.5966229955880142
0.1090575,10.90575,0.015182101203457815,15.182101203457815,6.6390806451612905,0.4247284289986846,0.29811185090002634,0.9778387636723637,0.022161236327636336,0.29150532372016175,153.54101377299503,-2.5965534080723836
0.10915,10.915,0.015198816592226988,15.198816592226988,6.63967741935484,0.42465208324907067,0.29807423738194827,0.9778387636723637,0.022161236327636336,0.29146854376414694,153.44771780261757,-2.596483837455253
0.10924249999999999,10.924249999999999,0.015215540035598185,15.215540035598185,6.640274193548387,0.4245757580825492,0.2980366299746809,0.9778387636723637,0.022161236327636336,0.2914317697835197,153.35437685583597,-2.5964142837312303
0.109335,10.9335,0.015232271548633616,15.232271548633616,6.640870967741935,0.42449945349172175,0.29799902867719047,0.9778387636723637,0.022161236327636336,0.2913950017772692,153.26099084855858,-2.596344746894933
0.1094275,10.94275,0.015249011146439237,15.249011146439237,6.641467741935483,0.4244231694691934,0.29796143348844384,0.9778387636723637,0.022161236327636336,0.29135823974438513,153.1675596964494,-2.596275226940976
0.10951999999999999,10.952,0.015265758844164996,15.265758844164996,6.642064516129032,0.4243469060075721,0.29792384440740743,0.9778387636723637,0.022161236327636336,0.2913214836838569,153.07408331492687,-2.596205723863992
0.1096125,10.96125,0.015282514657005,15.282514657004999,6.6426612903225815,0.42427066309946976,0.29788626143304836,0.9778387636723637,0.022161236327636336,0.2912847335946745,152.98056161916293,-2.5961362376585773
0.109705,10.9705,0.015299278600197648,15.299278600197647,6.64325806451613,0.42419444073750123,0.29784868456433344,0.9778387636723637,0.022161236327636336,0.29124798947582764,152.88699452408216,-2.5960667683193717
0.10979749999999999,10.97975,0.015316050689025853,15.316050689025854,6.643854838709678,0.42411823891428474,0.2978111138002297,0.9778387636723637,0.022161236327636336,0.2912112513263062,152.79338194436062,-2.5959973158410046
0.10989,10.989,0.015332830938817245,15.332830938817246,6.644451612903225,0.4240420576224418,0.29777354913970433,0.9778387636723637,0.022161236327636336,0.2911745191451003,152.69972379442476,-2.595927880218096
0.1099825,10.99825,0.015349619364944287,15.349619364944287,6.645048387096773,0.4239658968545973,0.29773599058172456,0.9778387636723637,0.022161236327636336,0.29113779293120007,152.60601998845067,-2.5958584614452747
0.11007499999999999,11.007499999999999,0.015366415982824524,15.366415982824524,6.6456451612903225,0.42388975660337924,0.29769843812525765,0.9778387636723637,0.022161236327636336,0.2911010726835956,152.5122704403628,-2.5957890595171844
0.1101675,11.01675,0.015383220807920728,15.383220807920727,6.6462419354838715,0.42381363686141926,0.2976608917692712,0.9778387636723637,0.022161236327636336,0.29106435840127737,152.41847506383303,-2.5957196744284623
0.11026,11.026,0.015400033855741105,15.400033855741105,6.64683870967742,0.4237375376213522,0.2976233515127327,0.9778387636723637,0.022161236327636336,0.2910276500832359,152.32463377227958,-2.5956503061737144
0.11035249999999999,11.03525,0.015416855141839459,15.41685514183946,6.647435483870968,0.42366145887581613,0.2975858173546099,0.9778387636723637,0.022161236327636336,0.29099094772846157,152.23074647886614,-2.5955809547476276
0.110445,11.0445,0.015433684681815425,15.433684681815425,6.648032258064516,0.42358540061745237,0.29754828929387056,0.9778387636723637,0.022161236327636336,0.2909542513359452,152.1368130965005,-2.595511620144782
0.1105375,11.053749999999999,0.015450522491314579,15.45052249131458,6.648629032258064,0.4235093628389056,0.29751076732948256,0.9778387636723637,0.022161236327636336,0.29091756090467746,152.04283353783393,-2.5954423023598707
0.11062999999999999,11.062999999999999,0.015467368586028714,15.467368586028714,6.649225806451613,0.42343334553282375,0.29747325146041376,0.9778387636723637,0.022161236327636336,0.2908808764336491,151.9488077152597,-2.595373001387525
0.1107225,11.07225,0.015484222981695973,15.484222981695973,6.649822580645162,0.42335734869185837,0.2974357416856325,0.9778387636723637,0.022161236327636336,0.29084419792185146,151.85473554091226,-2.595303717222383
0.110815,11.0815,0.015501085694101068,15.501085694101068,6.65041935483871,0.423281372308664,0.2973982380041069,0.9778387636723637,0.022161236327636336,0.29080752536827525,151.7606169266661,-2.5952344498591104
0.11090749999999999,11.09075,0.015517956739075467,15.517956739075467,6.651016129032258,0.4232054163758983,0.29736074041480526,0.9778387636723637,0.022161236327636336,0.29077085877191183,151.6664517841347,-2.595165199292334
0.111,11.1,0.015534836132497573,15.534836132497574,6.651612903225806,0.4231294808862227,0.297323248916696,0.9778387636723637,0.022161236327636336,0.29073419813175244,151.57224002466936,-2.5950959655167174
0.1110925,11.10925,0.015551723890292923,15.551723890292923,6.652209677419355,0.4230535658323015,0.2972857635087476,0.9778387636723637,0.022161236327636336,0.29069754344678844,151.47798155935834,-2.5950267485269225
0.11118499999999999,11.1185,0.015568620028434434,15.568620028434434,6.6528064516129035,0.42297767120680263,0.29724828418992877,0.9778387636723637,0.022161236327636336,0.29066089471601136,151.3836762990254,-2.5949575483176184
0.1112775,11.12775,0.0155855245629425,15.5855245629425,6.653403225806451,0.422901797002397,0.29721081095920815,0.9778387636723637,0.022161236327636336,0.2906242519384127,151.2893241542291,-2.594888364883449
0.11137,11.137,0.015602437509885296,15.602437509885295,6.654,0.4228259432117589,0.2971733438155547,0.9778387636723637,0.022161236327636336,0.29058761511298425,151.19492503526138,-2.594819198219072
0.11146249999999999,11.146249999999998,0.015619358885378897,15.619358885378897,6.654596774193548,0.4227501098275662,0.29713588275793734,0.9778387636723637,0.022161236327636336,0.29055098423871784,151.1004788521466,-2.5947500483191557
0.111555,11.1555,0.015636288705587517,15.636288705587518,6.655193548387096,0.42267429684249974,0.29709842778532525,0.9778387636723637,0.022161236327636336,0.29051435931460545,151.00598551464049,-2.5946809151783663
0.1116475,11.16475,0.015653226986723712,15.653226986723713,6.6557903225806445,0.42259850424924356,0.29706097889668737,0.9778387636723637,0.022161236327636336,0.2904777403396389,150.9114449322288,-2.594611798791378
0.11173999999999999,11.174,0.015670173745048557,15.670173745048556,6.6563870967741945,0.4225227320404851,0.2970235360909931,0.9778387636723637,0.022161236327636336,0.29044112731281035,150.81685701412638,-2.5945426991528553
0.1118325,11.183250000000001,0.015687128996871892,15.687128996871893,6.656983870967743,0.42244698020891536,0.2969860993672119,0.9778387636723637,0.022161236327636336,0.2904045202331122,150.72222166927594,-2.5944736162574715
0.111925,11.192499999999999,0.015704092758552453,15.704092758552452,6.657580645161291,0.42237124874722815,0.2969486687243131,0.9778387636723637,0.022161236327636336,0.2903679190995366,150.62753880634702,-2.594404550099898
0.11201749999999999,11.201749999999999,0.01572106504649816,15.72106504649816,6.658177419354838,0.42229553764812094,0.2969112441612664,0.9778387636723637,0.022161236327636336,0.290331323911076,150.53280833373472,-2.594335500674823
0.11211,11.211,0.015738045877166276,15.738045877166277,6.658774193548386,0.42221984690429404,0.2968738256770415,0.9778387636723637,0.022161236327636336,0.29029473466672306,150.4380301595585,-2.5942664679769085
0.1122025,11.22025,0.015755035267063636,15.755035267063636,6.6593709677419355,0.42214417650845154,0.2968364132706082,0.9778387636723637,0.022161236327636336,0.29025815136547034,150.34320419166127,-2.59419745200085
0.11229499999999999,11.2295,0.015772033232746813,15.772033232746812,6.659967741935484,0.42206852645330034,0.2967990069409364,0.9778387636723637,0.022161236327636336,0.29022157400631055,150.24833033760797,-2.5941284527413155
0.1123875,11.23875,0.015789039790822402,15.789039790822402,6.660564516129033,0.421992896731551,0.29676160668699625,0.9778387636723637,0.022161236327636336,0.29018500258823665,150.15340850468448,-2.5940594701929993
0.11248,11.248,0.01580605495794716,15.80605495794716,6.661161290322581,0.421917287335917,0.2967242125077577,0.9778387636723637,0.022161236327636336,0.2901484371102415,150.05843859989656,-2.593990504350586
0.11257249999999999,11.257249999999999,0.015823078750828255,15.823078750828255,6.661758064516129,0.42184169825911544,0.29668682440219113,0.9778387636723637,0.022161236327636336,0.29011187757131823,149.96342052996846,-2.5939215552087673
0.112665,11.2665,0.015840111186223485,15.840111186223485,6.6623548387096765,0.4217661294938663,0.2966494423692669,0.9778387636723637,0.022161236327636336,0.29007532397046004,149.86835420134182,-2.5938526227622356
0.1127575,11.27575,0.015857152280941453,15.857152280941454,6.6629516129032265,0.421690581032893,0.2966120664079553,0.9778387636723637,0.022161236327636336,0.29003877630666003,149.7732395201746,-2.593783707005681
0.11284999999999999,11.284999999999998,0.015874202051841837,15.874202051841836,6.663548387096775,0.42161505286892226,0.296574696517227,0.9778387636723637,0.022161236327636336,0.2900022345789117,149.67807639233962,-2.593714807933801
0.1129425,11.29425,0.01589126051583555,15.89126051583555,6.664145161290323,0.42153954499468427,0.29653733269605287,0.9778387636723637,0.022161236327636336,0.2899656987862087,149.58286472342363,-2.593645925541295
0.113035,11.3035,0.015908327689885014,15.908327689885013,6.664741935483871,0.4214640574029119,0.2964999749434034,0.9778387636723637,0.022161236327636336,0.2899291689275444,149.48760441872582,-2.5935770598228505
0.11312749999999999,11.31275,0.015925403591004344,15.925403591004343,6.665338709677419,0.4213885900863417,0.2964626232582496,0.9778387636723637,0.022161236327636336,0.28989264500191253,149.3922953832568,-2.5935082107731815
0.11322,11.322000000000001,0.01594248823625956,15.942488236259562,6.6659354838709675,0.4213131430377135,0.29642527763956256,0.9778387636723637,0.022161236327636336,0.289856127008307,149.29693752173725,-2.5934393783869822
0.1133125,11.331249999999999,0.015959581642768856,15.959581642768857,6.6665322580645165,0.4212377162497698,0.2963879380863131,0.9778387636723637,0.022161236327636336,0.28981961494572145,149.2015307385968,-2.5933705626589743
0.11340499999999999,11.340499999999999,0.01597668382770275,15.976683827702749,6.667129032258065,0.4211623097152572,0.2963506045974727,0.9778387636723637,0.022161236327636336,0.28978310881315017,149.1060749379727,-2.5933017635838422
0.1134975,11.34975,0.015993794808284393,15.993794808284393,6.667725806451613,0.4210869234269252,0.29631327717201267,0.9778387636723637,0.022161236327636336,0.2897466086095873,149.01057002370845,-2.593232981156314
0.11359,11.359,0.016010914601789734,16.010914601789732,6.668322580645161,0.42101155737752644,0.2962759558089044,0.9778387636723637,0.022161236327636336,0.28971011433402694,148.91501589935282,-2.593164215371108
0.11368249999999999,11.36825,0.016028043225547742,16.02804322554774,6.668919354838709,0.4209362115598166,0.29623864050711934,0.9778387636723637,0.022161236327636336,0.28967362598546337,148.81941246815848,-2.593095466222915
0.113775,11.3775,0.016045180696940706,16.045180696940704,6.669516129032258,0.42086088596655497,0.2962013312656292,0.9778387636723637,0.022161236327636336,0.2896371435628911,148.72375963308048,-2.5930267337064605
0.1138675,11.38675,0.01606232703340436,16.06232703340436,6.6701129032258075,0.42078558059050386,0.2961640280834057,0.9778387636723637,0.022161236327636336,0.28960066706530463,148.6280572967754,-2.592958017816469
0.11395999999999999,11.395999999999999,0.016079482252428196,16.079482252428196,6.670709677419356,0.4207102954244293,0.2961267309594208,0.9778387636723637,0.022161236327636336,0.28956419649169873,148.53230536159978,-2.5928893185476647
0.1140525,11.40525,0.016096646371555667,16.096646371555668,6.671306451612903,0.42063503046109985,0.2960894398926465,0.9778387636723637,0.022161236327636336,0.2895277318410681,148.43650372960877,-2.592820635894752
0.114145,11.4145,0.016113819408384404,16.113819408384405,6.671903225806451,0.42055978569328767,0.2960521548820547,0.9778387636723637,0.022161236327636336,0.2894912731124075,148.34065230255516,-2.5927519698524715
0.11423749999999999,11.423749999999998,0.016131001380566497,16.1310013805665,6.672499999999999,0.42048456111376814,0.29601487592661774,0.9778387636723637,0.022161236327636336,0.28945482030471203,148.24475098188762,-2.592683320415535
0.11433,11.433,0.01614819230580866,16.14819230580866,6.673096774193548,0.4204093567153198,0.29597760302530784,0.9778387636723637,0.022161236327636336,0.2894183734169767,148.14879966874983,-2.59261468757869
0.1144225,11.44225,0.016165392201872526,16.165392201872525,6.673693548387097,0.42033417249072447,0.2959403361770974,0.9778387636723637,0.022161236327636336,0.2893819324481966,148.0527982639789,-2.592546071336665
0.11451499999999999,11.4515,0.016182601086574874,16.182601086574874,6.674290322580646,0.42025900843276714,0.295903075380959,0.9778387636723637,0.022161236327636336,0.2893454973973672,147.95674666810405,-2.5924774716841505
0.1146075,11.46075,0.016199818977787852,16.199818977787853,6.674887096774194,0.4201838645342362,0.2958658206358652,0.9778387636723637,0.022161236327636336,0.28930906826348374,147.86064478134534,-2.5924088886159455
0.1147,11.469999999999999,0.01621704589343921,16.21704589343921,6.675483870967742,0.42010874078792304,0.29582857194078876,0.9778387636723637,0.022161236327636336,0.2892726450455418,147.76449250361242,-2.592340322126758
0.11479249999999999,11.479249999999999,0.016234281851512586,16.234281851512584,6.67608064516129,0.42003363718662223,0.2957913292947025,0.9778387636723637,0.022161236327636336,0.2892362277425369,147.66828973450288,-2.592271772211313
0.114885,11.4885,0.01625152687004772,16.25152687004772,6.676677419354839,0.419958553723132,0.2957540926965794,0.9778387636723637,0.022161236327636336,0.2891998163534648,147.57203637330113,-2.5922032388643688
0.1149775,11.49775,0.01626878096714067,16.26878096714067,6.677274193548388,0.4198834903902532,0.29571686214539245,0.9778387636723637,0.022161236327636336,0.28916341087732134,147.47573231897712,-2.592134722080668
0.11506999999999999,11.507,0.01628604416094413,16.28604416094413,6.677870967741936,0.4198084471807904,0.29567963764011496,0.9778387636723637,0.022161236327636336,0.2891270113131025,147.3793774701846,-2.59206622185495
0.1151625,11.51625,0.0163033164696676,16.303316469667603,6.678467741935484,0.41973342408755115,0.2956424191797201,0.9778387636723637,0.022161236327636336,0.2890906176598042,147.28297172526018,-2.5919977381819543
0.115255,11.5255,0.016320597911577688,16.32059791157769,6.679064516129032,0.41965842110334617,0.29560520676318136,0.9778387636723637,0.022161236327636336,0.2890542299164227,147.18651498222158,-2.591929271056437
0.11534749999999999,11.534749999999999,0.01633788850499836,16.33788850499836,6.6796612903225805,0.4195834382209894,0.295568000389472,0.9778387636723637,0.022161236327636336,0.289017848081954,147.0900071387664,-2.591860820473162
0.11544,11.544,0.016355188268311147,16.355188268311146,6.680258064516128,0.4195084754332981,0.2955308000575658,0.9778387636723637,0.022161236327636336,0.28898147215539466,146.99344809227065,-2.5917923864268846
0.1155325,11.55325,0.016372497219955432,16.37249721995543,6.680854838709678,0.4194335327330926,0.29549360576643646,0.9778387636723637,0.022161236327636336,0.28894510213574104,146.8968377397876,-2.5917239689123313
0.11562499999999999,11.5625,0.016389815378428707,16.389815378428708,6.681451612903226,0.4193586101131966,0.2954564175150577,0.9778387636723637,0.022161236327636336,0.2889087380219897,146.80017597804581,-2.5916555679242816
0.1157175,11.57175,0.016407142762286834,16.407142762286835,6.682048387096774,0.4192837075664372,0.2954192353024037,0.9778387636723637,0.022161236327636336,0.2888723798131375,146.70346270344822,-2.591587183457487
0.11581,11.581,0.01642447939014426,16.42447939014426,6.682645161290322,0.419208825085644,0.2953820591274482,0.9778387636723637,0.022161236327636336,0.28883602750818094,146.6066978120705,-2.5915188155067175
0.11590249999999999,11.59025,0.016441825280674335,16.441825280674333,6.683241935483871,0.41913396266365033,0.2953448889891655,0.9778387636723637,0.022161236327636336,0.2887996811061171,146.50988119965956,-2.5914504640667224
0.115995,11.5995,0.01645918045260952,16.45918045260952,6.68383870967742,0.4190591202932927,0.2953077248865298,0.9778387636723637,0.022161236327636336,0.2887633406059428,146.4130127616322,-2.5913821291322865
0.1160875,11.608749999999999,0.016476544924741682,16.47654492474168,6.684435483870969,0.41898429796741077,0.29527056681851555,0.9778387636723637,0.022161236327636336,0.2887270060066553,146.3160923930736,-2.591313810698159
0.11617999999999999,11.617999999999999,0.016493918715922356,16.493918715922355,6.685032258064516,0.41890949567884733,0.2952334147840972,0.9778387636723637,0.022161236327636336,0.28869067730725173,146.21911998873583,-2.591245508759132
0.1162725,11.62725,0.016511301845062994,16.511301845062995,6.685629032258064,0.41883471342044837,0.2951962687822493,0.9778387636723637,0.022161236327636336,0.28865435450672944,146.1220954430364,-2.5911772233099426
0.116365,11.6365,0.01652869433113523,16.52869433113523,6.6862258064516125,0.41875995118506304,0.29515912881194656,0.9778387636723637,0.022161236327636336,0.2886180376040858,146.0250186500568,-2.5911089543453913
0.11645749999999999,11.64575,0.01654609619317118,16.54609619317118,6.686822580645161,0.4186852089655439,0.2951219948721638,0.9778387636723637,0.022161236327636336,0.28858172659831827,145.9278895035409,-2.5910407018602672
0.11655,11.655,0.016563507450263665,16.563507450263664,6.687419354838711,0.4186104867547462,0.29508486696187586,0.9778387636723637,0.022161236327636336,0.2885454214884246,145.8307078968936,-2.5909724658492963
0.1166425,11.66425,0.01658092812156651,16.580928121566508,6.688016129032259,0.4185357845455292,0.2950477450800579,0.9778387636723637,0.022161236327636336,0.28850912227340253,145.73347372317923,-2.590904246307302
0.11673499999999999,11.673499999999999,0.01659835822629483,16.59835822629483,6.688612903225807,0.41846110233075456,0.29501062922568494,0.9778387636723637,0.022161236327636336,0.28847282895224985,145.6361868751199,-2.5908360432290736
0.1168275,11.68275,0.01661579778372527,16.61579778372527,6.689209677419354,0.41838644010328757,0.2949735193977323,0.9778387636723637,0.022161236327636336,0.28843654152396453,145.53884724509425,-2.590767856609377
0.11692,11.692,0.016633246813196296,16.633246813196298,6.6898064516129025,0.41831179785599637,0.29493641559517525,0.9778387636723637,0.022161236327636336,0.2884002599875446,145.4414547251357,-2.590699686442989
0.11701249999999999,11.70125,0.01665070533410849,16.65070533410849,6.690403225806452,0.4182371755817525,0.2948993178169893,0.9778387636723637,0.022161236327636336,0.2883639843419883,145.3440092069309,-2.590631532724704
0.117105,11.7105,0.016668173365924785,16.668173365924783,6.691,0.41816257327343076,0.29486222606215007,0.9778387636723637,0.022161236327636336,0.2883277145862938,145.2465105818184,-2.590563395449323
0.1171975,11.71975,0.016685650928170797,16.685650928170798,6.691596774193549,0.4180879909239089,0.2948251403296331,0.9778387636723637,0.022161236327636336,0.28829145071945955,145.14895874078678,-2.59049527461162
0.11728999999999999,11.729,0.016703138040435078,16.70313804043508,6.692193548387097,0.41801342852606826,0.29478806061841445,0.9778387636723637,0.022161236327636336,0.28825519274048417,145.0513535744732,-2.590427170206412
0.1173825,11.73825,0.01672063472236939,16.720634722369393,6.692790322580645,0.4179388860727927,0.2947509869274697,0.9778387636723637,0.022161236327636336,0.288218940648366,144.95369497316193,-2.5903590822284817
0.117475,11.747499999999999,0.016738140993689022,16.738140993689022,6.6933870967741935,0.41786436355696976,0.2947139192557751,0.9778387636723637,0.022161236327636336,0.2881826944421039,144.85598282678262,-2.5902910106726345
0.11756749999999999,11.756749999999998,0.016755656874173068,16.755656874173066,6.693983870967742,0.4177898609714899,0.29467685760230666,0.9778387636723637,0.022161236327636336,0.2881464541206967,144.75821702490865,-2.5902229555336502
0.11766,11.766,0.016773182383664677,16.77318238366468,6.694580645161291,0.41771537830924677,0.29463980196604056,0.9778387636723637,0.022161236327636336,0.28811021968314315,144.6603974567557,-2.590154916806361
0.1177525,11.77525,0.016790717542071395,16.790717542071395,6.695177419354839,0.41764091556313765,0.29460275234595334,0.9778387636723637,0.022161236327636336,0.28807399112844256,144.56252401118005,-2.5900868944855544
0.11784499999999999,11.7845,0.016808262369365442,16.80826236936544,6.695774193548387,0.41756647272606234,0.2945657087410214,0.9778387636723637,0.022161236327636336,0.2880377684555939,144.46459657667677,-2.590018888566042
0.1179375,11.79375,0.016825816885583995,16.825816885583997,6.696370967741935,0.41749204979092397,0.29452867115022113,0.9778387636723637,0.022161236327636336,0.2880015516635964,144.36661504137837,-2.589950899042626
0.11803,11.802999999999999,0.01684338111082948,16.84338111082948,6.6969677419354845,0.41741764675062887,0.2944916395725293,0.9778387636723637,0.022161236327636336,0.28796534075144936,144.26857929305302,-2.5898829259101275
0.11812249999999999,11.812249999999999,0.01686095506526987,16.86095506526987,6.697564516129032,0.417343263598087,0.29445461400692285,0.9778387636723637,0.022161236327636336,0.2879291357181525,144.17048921910288,-2.589814969163356
0.118215,11.8215,0.016878538769139043,16.87853876913904,6.698161290322581,0.4172689003262104,0.2944175944523783,0.9778387636723637,0.022161236327636336,0.287892936562705,144.0723447065623,-2.589747028797102
0.1183075,11.83075,0.016896132242736964,16.896132242736964,6.698758064516129,0.41719455692791574,0.29438058090787317,0.9778387636723637,0.022161236327636336,0.28785674328410693,143.9741456420965,-2.589679104806229
0.1184,11.84,0.016913735506430102,16.9137355064301,6.699354838709677,0.4171202333961215,0.2943435733723842,0.9778387636723637,0.022161236327636336,0.28782055588135785,143.8758919119995,-2.589611197185516
0.1184925,11.84925,0.01693134858065167,16.931348580651672,6.6999516129032255,0.4170459297237499,0.2943065718448887,0.9778387636723637,0.022161236327636336,0.2877843743534576,143.77758340219265,-2.5895433059298156
0.118585,11.8585,0.01694897148590196,16.94897148590196,6.700548387096774,0.41697164590372626,0.294269576324364,0.9778387636723637,0.022161236327636336,0.2877481986994064,143.6792199982228,-2.589475431033906
0.1186775,11.867750000000001,0.016966604242748626,16.966604242748627,6.701145161290323,0.41689738192897907,0.29423258680978753,0.9778387636723637,0.022161236327636336,0.2877120289182041,143.5808015852607,-2.5894075724926635
0.11877,11.877,0.01698424687182701,16.98424687182701,6.701741935483872,0.41682313779243996,0.29419560330013694,0.9778387636723637,0.022161236327636336,0.28767586500885106,143.48232804809916,-2.589339730300875
0.1188625,11.88625,0.01700189939384046,17.00189939384046,6.70233870967742,0.4167489134870438,0.2941586257943899,0.9778387636723637,0.022161236327636336,0.2876397069703477,143.3837992711514,-2.589271904453388
0.118955,11.8955,0.01701956182956063,17.01956182956063,6.702935483870967,0.41667470900572845,0.2941216542915242,0.9778387636723637,0.022161236327636336,0.28760355480169436,143.28521513844913,-2.5892040949450403
0.1190475,11.90475,0.01703723419982781,17.037234199827807,6.7035322580645165,0.4166005243414348,0.2940846887905175,0.9778387636723637,0.022161236327636336,0.2875674085018915,143.18657553364105,-2.5891363017706426
0.11914,11.914,0.017054916525551203,17.054916525551203,6.704129032258064,0.4165263594871073,0.2940477292903481,0.9778387636723637,0.022161236327636336,0.2875312680699399,143.0878803399909,-2.589068524925049
0.1192325,11.923250000000001,0.017072608827709314,17.072608827709313,6.704725806451613,0.416452214435693,0.29401077578999396,0.9778387636723637,0.022161236327636336,0.2874951335048402,142.98912944037568,-2.5890007644030955
0.119325,11.9325,0.017090311127350197,17.090311127350198,6.705322580645162,0.4163780891801425,0.2939738282884333,0.9778387636723637,0.022161236327636336,0.2874590048055934,142.89032271728396,-2.588933020199599
0.1194175,11.941749999999999,0.017108023445591834,17.108023445591833,6.70591935483871,0.4163039837134095,0.2939368867846445,0.9778387636723637,0.022161236327636336,0.2874228819712003,142.79146005281402,-2.5888652923094377
0.11951,11.951,0.017125745803622416,17.125745803622415,6.706516129032258,0.4162298980284506,0.29389995127760604,0.9778387636723637,0.022161236327636336,0.28738676500066224,142.692541328672,-2.5887975807274
0.1196025,11.96025,0.01714347822270072,17.14347822270072,6.707112903225806,0.41615583211822577,0.2938630217662964,0.9778387636723637,0.022161236327636336,0.2873506538929802,142.5935664261701,-2.588729885448389
0.119695,11.9695,0.017161220724156385,17.161220724156387,6.707709677419355,0.416081785975698,0.2938260982496943,0.9778387636723637,0.022161236327636336,0.28731454864715555,142.4945352262248,-2.58866220646722
0.1197875,11.97875,0.017178973329390272,17.17897332939027,6.708306451612903,0.41600775959383346,0.2937891807267785,0.9778387636723637,0.022161236327636336,0.2872784492621897,142.39544760935493,-2.5885945437787576
0.11988,11.988,0.017196736059874797,17.196736059874798,6.708903225806452,0.41593375296560126,0.29375226919652786,0.9778387636723637,0.022161236327636336,0.2872423557370842,142.2963034556799,-2.5885268973778324
0.1199725,11.99725,0.017214508937154257,17.214508937154257,6.7095,0.4158597660839739,0.2937153636579214,0.9778387636723637,0.022161236327636336,0.28720626807084054,142.19710264491772,-2.588459267259326
0.120065,12.0065,0.017232291982845167,17.232291982845165,6.710096774193548,0.41578579894192697,0.29367846410993825,0.9778387636723637,0.022161236327636336,0.28717018626246066,142.09784505638328,-2.588391653418067
0.1201575,12.01575,0.0172500852186366,17.2500852186366,6.710693548387097,0.41571185153243906,0.29364157055155765,0.9778387636723637,0.022161236327636336,0.28713411031094627,141.9985305689863,-2.588324055848927
0.12025,12.025,0.017267888666290514,17.267888666290514,6.711290322580646,0.41563792384849174,0.2936046829817589,0.9778387636723637,0.022161236327636336,0.2870980402152994,141.89915906122954,-2.5882564745467507
0.1203425,12.03425,0.017285702347642148,17.285702347642147,6.711887096774193,0.41556401588307024,0.2935678013995215,0.9778387636723637,0.022161236327636336,0.2870619759745221,141.79973041120675,-2.5881889095064077
0.120435,12.0435,0.01730352628460029,17.30352628460029,6.712483870967742,0.41549012762916215,0.2935309258038249,0.9778387636723637,0.022161236327636336,0.2870259175876164,141.70024449660093,-2.588121360722776
0.1205275,12.05275,0.01732136049914769,17.32136049914769,6.71308064516129,0.415416259079759,0.2934940561936488,0.9778387636723637,0.022161236327636336,0.2869898650535848,141.60070119468227,-2.5880538281906986
0.12062,12.062000000000001,0.017339205013341363,17.339205013341363,6.7136774193548385,0.4153424102278549,0.29345719256797315,0.9778387636723637,0.022161236327636336,0.2869538183714296,141.5011003823062,-2.58798631190506
0.1207125,12.07125,0.017357059849312947,17.357059849312947,6.714274193548388,0.41526858106644693,0.2934203349257776,0.9778387636723637,0.022161236327636336,0.28691777754015324,141.40144193591152,-2.587918811860709
0.120805,12.080499999999999,0.01737492502926909,17.37492502926909,6.714870967741936,0.4151947715885359,0.2933834832660424,0.9778387636723637,0.022161236327636336,0.2868817425587585,141.30172573151836,-2.5878513280525386
0.1208975,12.08975,0.01739280057549179,17.39280057549179,6.715467741935484,0.41512098178712525,0.2933466375877475,0.9778387636723637,0.022161236327636336,0.28684571342624793,141.2019516447261,-2.5877838604753967
0.12099,12.099,0.01741068651033871,17.41068651033871,6.716064516129032,0.41504721165522146,0.29330979788987305,0.9778387636723637,0.022161236327636336,0.28680969014162433,141.10211955071165,-2.587716409124183
0.1210825,12.10825,0.017428582856243588,17.428582856243587,6.71666129032258,0.41497346118583456,0.2932729641713996,0.9778387636723637,0.022161236327636336,0.28677367270389076,141.0022293242272,-2.58764897399377
0.121175,12.1175,0.017446489635716603,17.446489635716603,6.717258064516129,0.41489973037197747,0.2932361364313076,0.9778387636723637,0.022161236327636336,0.28673766111205035,140.90228083959815,-2.5875815550790198
0.1212675,12.12675,0.017464406871344693,17.464406871344693,6.717854838709678,0.41482601920666584,0.29319931466857735,0.9778387636723637,0.022161236327636336,0.286701655365106,140.8022739707214,-2.58751415237483
0.12136,12.136,0.017482334585791966,17.482334585791964,6.718451612903225,0.41475232768291925,0.2931624988821898,0.9778387636723637,0.022161236327636336,0.2866656554620612,140.70220859106294,-2.5874467658760896
0.1214525,12.14525,0.01750027280180003,17.50027280180003,6.719048387096775,0.4146786557937594,0.2931256890711256,0.9778387636723637,0.022161236327636336,0.2866296614019191,140.60208457365604,-2.587379395577666
0.121545,12.1545,0.017518221542188416,17.518221542188417,6.719645161290323,0.41460500353221197,0.2930888852343657,0.9778387636723637,0.022161236327636336,0.28659367318368345,140.5019017910991,-2.5873120414744473
0.1216375,12.16375,0.017536180829854888,17.53618082985489,6.720241935483871,0.41453137089130515,0.2930520873708911,0.9778387636723637,0.022161236327636336,0.2865576908063577,140.40166011555348,-2.587244703561335
0.12173,12.173,0.01755415068777586,17.554150687775863,6.720838709677419,0.41445775786407046,0.29301529547968297,0.9778387636723637,0.022161236327636336,0.2865217142689455,140.30135941874158,-2.5871773818332238
0.1218225,12.18225,0.017572131139006783,17.572131139006782,6.721435483870968,0.41438416444354237,0.2929785095597224,0.9778387636723637,0.022161236327636336,0.2864857435704507,140.20099957194455,-2.587110076284987
0.121915,12.1915,0.017590122206682473,17.590122206682473,6.722032258064516,0.4143105906227588,0.29294172960999093,0.9778387636723637,0.022161236327636336,0.28644977870987737,140.10058044600035,-2.5870427869115353
0.1220075,12.200750000000001,0.01760812391401756,17.60812391401756,6.722629032258064,0.4142370363947602,0.2929049556294699,0.9778387636723637,0.022161236327636336,0.28641381968622937,140.00010191130139,-2.586975513707751
0.1221,12.21,0.017626136284306804,17.626136284306803,6.723225806451613,0.4141635017525907,0.2928681876171409,0.9778387636723637,0.022161236327636336,0.2863778664985109,139.8995638377926,-2.586908256668559
0.1221925,12.219249999999999,0.017644159340925544,17.644159340925544,6.7238225806451615,0.41408998668929703,0.2928314255719856,0.9778387636723637,0.022161236327636336,0.28634191914572615,139.79896609496922,-2.5868410157888313
0.122285,12.2285,0.01766219310733006,17.66219310733006,6.72441935483871,0.41401649119792944,0.292794669492986,0.9778387636723637,0.022161236327636336,0.28630597762687976,139.69830855187442,-2.586773791063474
0.1223775,12.23775,0.017680237607057954,17.680237607057954,6.725016129032257,0.4139430152715407,0.29275791937912365,0.9778387636723637,0.022161236327636336,0.2862700419409758,139.5975910770974,-2.586706582487428
0.12247,12.247,0.017698292863728565,17.698292863728565,6.725612903225807,0.41386955890318705,0.29272117522938074,0.9778387636723637,0.022161236327636336,0.286234112087019,139.49681353877105,-2.5866393900555456
0.1225625,12.25625,0.01771635890104334,17.71635890104334,6.726209677419355,0.4137961220859281,0.2926844370427395,0.9778387636723637,0.022161236327636336,0.28619818806401415,139.39597580456973,-2.5865722137627922
0.122655,12.2655,0.017734435742786277,17.734435742786278,6.726806451612903,0.4137227048128259,0.29264770481818214,0.9778387636723637,0.022161236327636336,0.28616226987096605,139.29507774170702,-2.586505053604044
0.1227475,12.27475,0.017752523412824277,17.752523412824278,6.727403225806452,0.41364930707694597,0.2926109785546909,0.9778387636723637,0.022161236327636336,0.2861263575068795,139.19411921693361,-2.5864379095742125
0.12284,12.284,0.01777062193510759,17.770621935107588,6.728,0.41357592887135675,0.29257425825124844,0.9778387636723637,0.022161236327636336,0.28609045097075964,139.09310009653484,-2.586370781668226
0.1229325,12.29325,0.017788731333670205,17.788731333670206,6.728596774193549,0.41350257018912967,0.2925375439068371,0.9778387636723637,0.022161236327636336,0.2860545502616114,138.9920202463285,-2.5863036698809942
0.123025,12.3025,0.01780685163263024,17.806851632630238,6.729193548387097,0.4134292310233396,0.2925008355204398,0.9778387636723637,0.022161236327636336,0.2860186553784403,138.89087953166276,-2.586236574207443
0.1231175,12.31175,0.017824982856190375,17.824982856190374,6.729790322580645,0.4133559113670642,0.2924641330910393,0.9778387636723637,0.022161236327636336,0.2859827663202515,138.78967781741352,-2.5861694946424807
0.12321,12.321,0.01784312502863828,17.84312502863828,6.7303870967741934,0.41328261121338417,0.29242743661761844,0.9778387636723637,0.022161236327636336,0.2859468830860505,138.6884149679823,-2.5861024311810588
0.1233025,12.33025,0.01786127817434702,17.86127817434702,6.730983870967742,0.41320933055538356,0.2923907460991603,0.9778387636723637,0.022161236327636336,0.2859110056748429,138.58709084729387,-2.586035383818066
0.123395,12.339500000000001,0.01787944231777545,17.87944231777545,6.73158064516129,0.4131360693861491,0.2923540615346482,0.9778387636723637,0.022161236327636336,0.28587513408563453,138.4857053187939,-2.5859683525484436
0.1234875,12.34875,0.017897617483468662,17.89761748346866,6.73217741935484,0.4130628276987705,0.29231738292306503,0.9778387636723637,0.022161236327636336,0.28583926831743084,138.3842582454467,-2.5859013373671136
0.12358,12.357999999999999,0.017915803696058427,17.915803696058425,6.732774193548387,0.41298960548634145,0.29228071026339447,0.9778387636723637,0.022161236327636336,0.285803408369238,138.28274948973257,-2.5858343382690334
0.1236725,12.36725,0.017934000980263584,17.934000980263583,6.733370967741936,0.4129164027419575,0.29224404355461986,0.9778387636723637,0.022161236327636336,0.2857675542400619,138.18117891364574,-2.585767355249124
0.123765,12.3765,0.017952209360890505,17.952209360890507,6.7339677419354835,0.41284321945871805,0.29220738279572495,0.9778387636723637,0.022161236327636336,0.2857317059289088,138.07954637869176,-2.585700388302297
0.1238575,12.38575,0.0179704288628335,17.9704288628335,6.734564516129032,0.4127700556297253,0.2921707279856933,0.9778387636723637,0.022161236327636336,0.2856958634347848,137.97785174588512,-2.5856334374235064
0.12395,12.395,0.01798865951107527,17.98865951107527,6.735161290322581,0.41269691124808444,0.2921340791235088,0.9778387636723637,0.022161236327636336,0.28566002675669633,137.87609487574687,-2.585566502607698
0.1240425,12.40425,0.018006901330687337,18.006901330687338,6.735758064516129,0.41262378630690383,0.2920974362081554,0.9778387636723637,0.022161236327636336,0.2856241958936498,137.7742756283022,-2.5854995838498076
0.124135,12.413499999999999,0.01802515434683051,18.02515434683051,6.736354838709677,0.4125506807992949,0.2920607992386172,0.9778387636723637,0.022161236327636336,0.2855883708446519,137.67239386307773,-2.5854326811447597
0.1242275,12.42275,0.018043418584755295,18.043418584755294,6.736951612903226,0.412477594718372,0.2920241682138783,0.9778387636723637,0.022161236327636336,0.28555255160870907,137.57044943909935,-2.585365794487525
0.12432,12.432,0.018061694069802365,18.061694069802364,6.7375483870967745,0.4124045280572526,0.29198754313292286,0.9778387636723637,0.022161236327636336,0.28551673818482826,137.4684422148895,-2.5852989238730357
0.1244125,12.44125,0.018079980827402985,18.079980827402984,6.738145161290323,0.41233148080905746,0.29195092399473555,0.9778387636723637,0.022161236327636336,0.2854809305720164,137.36637204846483,-2.585232069296261
0.124505,12.4505,0.018098278883079525,18.098278883079526,6.73874193548387,0.4122584529669098,0.2919143107983007,0.9778387636723637,0.022161236327636336,0.28544512876928047,137.26423879733338,-2.5851652307521134
0.1245975,12.45975,0.01811658826244583,18.116588262445827,6.739338709677419,0.41218544452393635,0.2918777035426029,0.9778387636723637,0.022161236327636336,0.2854093327756275,137.16204231849247,-2.585098408235568
0.12469,12.469,0.01813490899120774,18.134908991207737,6.739935483870968,0.4121124554732668,0.29184110222662696,0.9778387636723637,0.022161236327636336,0.2853735425900648,137.05978246842574,-2.5850316017415906
0.1247825,12.478250000000001,0.01815324109516354,18.15324109516354,6.740532258064516,0.41203948580803407,0.29180450684935777,0.9778387636723637,0.022161236327636336,0.2853377582115998,136.95745910310072,-2.5849648112651105
0.124875,12.4875,0.018171584600204425,18.171584600204426,6.741129032258065,0.41196653552137363,0.29176791740978025,0.9778387636723637,0.022161236327636336,0.2853019796392398,136.85507207796627,-2.5848980368011185
0.1249675,12.496749999999999,0.018189939532314955,18.189939532314956,6.741725806451613,0.41189360460642427,0.29173133390687933,0.9778387636723637,0.022161236327636336,0.2852662068719924,136.75262124795,-2.58483127834455
0.12506,12.506,0.01820830591757354,18.20830591757354,6.742322580645162,0.4118206930563278,0.2916947563396404,0.9778387636723637,0.022161236327636336,0.2852304399088654,136.65010646745546,-2.584764535890368
0.1251525,12.51525,0.01822668378215289,18.226683782152893,6.742919354838709,0.4117478008642292,0.2916581847070487,0.9778387636723637,0.022161236327636336,0.2851946787488664,136.54752759035966,-2.5846978094335427
0.125245,12.5245,0.01824507315232055,18.24507315232055,6.743516129032258,0.4116749280232762,0.29162161900808964,0.9778387636723637,0.022161236327636336,0.28515892339100346,136.44488447001038,-2.584631098969043
0.1253375,12.53375,0.01826347405443929,18.263474054439293,6.7441129032258065,0.41160207452661984,0.2915850592417487,0.9778387636723637,0.022161236327636336,0.2851231738342845,136.34217695922345,-2.5845644044918488
0.12542999999999999,12.543,0.018281886514967687,18.281886514967688,6.744709677419355,0.4115292403674141,0.29154850540701166,0.9778387636723637,0.022161236327636336,0.2850874300777177,136.23940491028003,-2.5844977259968984
0.1255225,12.55225,0.018300310560460543,18.30031056046054,6.745306451612903,0.41145642553881595,0.2915119575028642,0.9778387636723637,0.022161236327636336,0.28505169212031134,136.1365681749239,-2.5844310634791885
0.125615,12.5615,0.018318746217569383,18.318746217569384,6.745903225806452,0.411383630033985,0.29147541552829204,0.9778387636723637,0.022161236327636336,0.28501595996107354,136.0336666043589,-2.5843644169336835
0.1257075,12.57075,0.018337193513042985,18.337193513042983,6.746500000000001,0.4113108538460847,0.29143887948228137,0.9778387636723637,0.022161236327636336,0.284980233599013,135.9307000492459,-2.5842977863553585
0.1258,12.58,0.01835565247372783,18.355652473727833,6.747096774193548,0.41123809696828106,0.29140234936381826,0.9778387636723637,0.022161236327636336,0.2849445130331382,135.8276683597002,-2.5842311717392055
0.1258925,12.58925,0.018374123126568644,18.374123126568644,6.747693548387097,0.411165359393743,0.2913658251718888,0.9778387636723637,0.022161236327636336,0.2849087982624578,135.72457138528873,-2.584164573080197
0.12598499999999999,12.598499999999998,0.01839260549860887,18.39260549860887,6.748290322580645,0.41109264111564264,0.2913293069054795,0.9778387636723637,0.022161236327636336,0.28487308928598065,135.62140897502712,-2.584097990373296
0.1260775,12.607750000000001,0.01841109961699117,18.41109961699117,6.748887096774193,0.4110199421271552,0.29129279456357665,0.9778387636723637,0.022161236327636336,0.2848373861027156,135.5181809773771,-2.5840314236135105
0.12617,12.617,0.018429605508957975,18.429605508957973,6.749483870967742,0.4109472624214586,0.2912562881451668,0.9778387636723637,0.022161236327636336,0.2848016887116716,135.4148872402435,-2.5839648727958187
0.1262625,12.62625,0.018448123201851945,18.448123201851946,6.750080645161291,0.41087460199173415,0.29121978764923667,0.9778387636723637,0.022161236327636336,0.28476599711185785,135.31152761097135,-2.5838983379152087
0.126355,12.6355,0.01846665272311653,18.46665272311653,6.750677419354839,0.4108019608311661,0.29118329307477314,0.9778387636723637,0.022161236327636336,0.2847303113022837,135.20810193634313,-2.583831818966668
0.1264475,12.644749999999998,0.01848519410029645,18.48519410029645,6.7512741935483875,0.4107293389329414,0.291146804420763,0.9778387636723637,0.022161236327636336,0.2846946312819584,135.10461006257577,-2.58376531594519
0.12653999999999999,12.653999999999998,0.018503747361038273,18.503747361038272,6.751870967741935,0.4106567362902503,0.2911103216861933,0.9778387636723637,0.022161236327636336,0.2846589570498913,135.00105183531778,-2.58369882884577
0.1266325,12.663250000000001,0.018522312533090876,18.522312533090876,6.752467741935483,0.41058415289628597,0.2910738448700511,0.9778387636723637,0.022161236327636336,0.2846232886050922,134.89742709964628,-2.5836323576633826
0.126725,12.672500000000001,0.018540889644306006,18.540889644306006,6.753064516129033,0.4105115887442445,0.29103737397132357,0.9778387636723637,0.022161236327636336,0.2845876259465704,134.7937357000641,-2.583565902393075
0.1268175,12.68175,0.018559478722638814,18.559478722638815,6.75366129032258,0.41043904382732543,0.2910009089889984,0.9778387636723637,0.022161236327636336,0.2845519690733362,134.6899774804968,-2.5834994630297934
0.12691,12.690999999999999,0.0185780797961484,18.5780797961484,6.754258064516129,0.4103665181387306,0.29096444992206266,0.9778387636723637,0.022161236327636336,0.28451631798439914,134.5861522842895,-2.583433039568573
0.1270025,12.700249999999999,0.01859669289299836,18.596692892998362,6.754854838709678,0.41029401167166546,0.29092799676950426,0.9778387636723637,0.022161236327636336,0.2844806726787695,134.48225995420407,-2.583366632004396
0.12709499999999999,12.709499999999998,0.018615318041457277,18.61531804145728,6.755451612903226,0.410221524419338,0.2908915495303106,0.9778387636723637,0.022161236327636336,0.28444503315545705,134.37830033241602,-2.5833002403322873
0.1271875,12.71875,0.018633955269899336,18.633955269899335,6.756048387096774,0.41014905637495974,0.2908551082034698,0.9778387636723637,0.022161236327636336,0.2844093994134725,134.2742732605114,-2.583233864547235
0.12728,12.728,0.01865260460680483,18.65260460680483,6.756645161290322,0.4100766075317445,0.2908186727879695,0.9778387636723637,0.022161236327636336,0.2843737714518258,134.17017857948383,-2.583167504644254
0.1273725,12.73725,0.018671266080760727,18.671266080760727,6.757241935483871,0.41000417788290966,0.2907822432827979,0.9778387636723637,0.022161236327636336,0.28433814926952755,134.0660161297313,-2.583101160618375
0.127465,12.7465,0.01868993972046126,18.689939720461258,6.7578387096774195,0.40993176742167553,0.29074581968694313,0.9778387636723637,0.022161236327636336,0.28430253286558843,133.96178575105304,-2.5830348324645858
0.1275575,12.755749999999999,0.018708625554708435,18.708625554708433,6.758435483870968,0.4098593761412653,0.29070940199939355,0.9778387636723637,0.022161236327636336,0.28426692223901917,133.85748728264645,-2.5829685201779062
0.12764999999999999,12.764999999999999,0.018727323612412625,18.727323612412626,6.759032258064516,0.40978700403490487,0.29067299021913734,0.9778387636723637,0.022161236327636336,0.2842313173888303,133.75312056310392,-2.582902223753366
0.1277425,12.77425,0.01874603392259317,18.74603392259317,6.759629032258065,0.4097146510958236,0.29063658434516315,0.9778387636723637,0.022161236327636336,0.28419571831403295,133.64868543040956,-2.5828359431859753
0.127835,12.7835,0.018764756514378884,18.764756514378885,6.760225806451613,0.40964231731725376,0.2906001843764597,0.9778387636723637,0.022161236327636336,0.28416012501363824,133.54418172193618,-2.5827696784707355
0.1279275,12.79275,0.0187834914170087,18.7834914170087,6.760822580645161,0.4095700026924302,0.29056379031201535,0.9778387636723637,0.022161236327636336,0.284124537486657,133.43960927444184,-2.5827034296027
0.12802,12.802,0.01880223865983221,18.80223865983221,6.76141935483871,0.4094977072145914,0.29052740215081935,0.9778387636723637,0.022161236327636336,0.2840889557321008,133.33496792406677,-2.582637196576877
0.1281125,12.81125,0.018820998272310246,18.820998272310245,6.762016129032258,0.40942543087697825,0.29049101989186044,0.9778387636723637,0.022161236327636336,0.2840533797489808,133.23025750633005,-2.5825709793883007
0.12820499999999999,12.8205,0.01883977028401553,18.83977028401553,6.762612903225806,0.4093531736728349,0.29045464353412775,0.9778387636723637,0.022161236327636336,0.28401780953630856,133.1254778561262,-2.582504778032005
0.1282975,12.82975,0.018858554724633197,18.858554724633198,6.763209677419354,0.40928093559540857,0.29041827307661056,0.9778387636723637,0.022161236327636336,0.2839822450930958,133.02062880772203,-2.582438592502995
0.12839,12.839,0.01887735162396141,18.87735162396141,6.763806451612904,0.4092087166379488,0.29038190851829787,0.9778387636723637,0.022161236327636336,0.2839466864183538,132.91571019475336,-2.5823724227963294
0.1284825,12.84825,0.018896161011912008,18.896161011912007,6.764403225806452,0.4091365167937092,0.2903455498581794,0.9778387636723637,0.022161236327636336,0.28391113351109476,132.8107218502213,-2.58230626890704
0.128575,12.8575,0.018914982918511042,18.914982918511043,6.765000000000001,0.40906433605594567,0.2903091970952447,0.9778387636723637,0.022161236327636336,0.28387558637033067,132.70566360648937,-2.5822401308301384
0.1286675,12.86675,0.018933817373899448,18.933817373899448,6.765596774193548,0.4089921744179171,0.2902728502284833,0.9778387636723637,0.022161236327636336,0.2838400449950733,132.60053529527954,-2.5821740085606906
0.12875999999999999,12.875999999999998,0.01895266440833363,18.95266440833363,6.766193548387096,0.4089200318728854,0.290236509256885,0.9778387636723637,0.022161236327636336,0.28380450938433494,132.49533674766928,-2.582107902093725
0.1288525,12.885250000000001,0.01897152405218608,18.97152405218608,6.766790322580645,0.4088479084141155,0.2902001741794396,0.9778387636723637,0.022161236327636336,0.2837689795371278,132.3900677940878,-2.582041811424287
0.128945,12.8945,0.018990396335945983,18.99039633594598,6.767387096774194,0.4087758040348753,0.2901638449951372,0.9778387636723637,0.022161236327636336,0.2837334554524643,132.28472826431283,-2.5819757365474136
0.1290375,12.90375,0.019009281290219903,19.009281290219903,6.7679838709677425,0.40870371872843586,0.2901275217029679,0.9778387636723637,0.022161236327636336,0.283697937129357,132.17931798746682,-2.5819096774581567
0.12913,12.913,0.019028178945732364,19.028178945732364,6.768580645161291,0.40863165248807076,0.29009120430192187,0.9778387636723637,0.022161236327636336,0.28366242456681834,132.07383679201357,-2.5818436341515607
0.1292225,12.922249999999998,0.019047089333326484,19.047089333326483,6.769177419354839,0.408559605307057,0.29005489279098956,0.9778387636723637,0.022161236327636336,0.28362691776386123,131.96828450575475,-2.5817776066226767
0.12931499999999999,12.931499999999998,0.019066012483964653,19.066012483964652,6.769774193548387,0.4084875771786742,0.29001858716916135,0.9778387636723637,0.022161236327636336,0.28359141671949833,131.8626609558262,-2.581711594866565
0.1294075,12.940750000000001,0.01908494842872915,19.08494842872915,6.770370967741936,0.408415568096205,0.28998228743542775,0.9778387636723637,0.022161236327636336,0.28355592143274266,131.75696596869432,-2.5816455988782665
0.1295,12.950000000000001,0.01910389719882279,19.10389719882279,6.770967741935484,0.4083435780529353,0.28994599358877965,0.9778387636723637,0.022161236327636336,0.2835204319026074,131.6511993701526,-2.5815796186528206
0.1295925,12.95925,0.019122858825569588,19.122858825569587,6.7715645161290325,0.40827160704215365,0.2899097056282076,0.9778387636723637,0.022161236327636336,0.28348494812810543,131.5453609853178,-2.581513654185331
0.129685,12.968499999999999,0.01914183334041543,19.141833340415428,6.772161290322581,0.40819965505715167,0.2898734235527028,0.9778387636723637,0.022161236327636336,0.28344947010825033,131.43945063862637,-2.5814477054708176
0.1297775,12.977749999999999,0.01916082077492871,19.16082077492871,6.772758064516129,0.4081277220912238,0.289837147361256,0.9778387636723637,0.022161236327636336,0.28341399784205523,131.33346815383064,-2.5813817725043626
0.12986999999999999,12.986999999999998,0.01917982116080101,19.179821160801012,6.773354838709677,0.40805580813766773,0.2898008770528586,0.9778387636723637,0.022161236327636336,0.2833785313285339,131.22741335399527,-2.581315855281022
0.1299625,12.996250000000002,0.019198834529847792,19.198834529847794,6.773951612903226,0.4079839131897837,0.2897646126265017,0.9778387636723637,0.022161236327636336,0.28334307056669983,131.1212860614933,-2.58124995379585
0.130055,13.0055,0.019217860914009014,19.217860914009012,6.7745483870967735,0.40791203724087527,0.28972835408117675,0.9778387636723637,0.022161236327636336,0.2833076155555667,131.01508609800257,-2.5811840680439264
0.1301475,13.01475,0.019236900345349885,19.236900345349884,6.775145161290323,0.4078401802842486,0.28969210141587526,0.9778387636723637,0.022161236327636336,0.2832721662941485,130.90881328450178,-2.581118198020313
0.13024,13.024,0.019255952856061517,19.255952856061516,6.775741935483871,0.40776834231321335,0.2896558546295888,0.9778387636723637,0.022161236327636336,0.283236722781459,130.80246744126657,-2.5810523437201067
0.1303325,13.033249999999999,0.019275018478461615,19.275018478461615,6.776338709677419,0.4076965233210816,0.2896196137213092,0.9778387636723637,0.022161236327636336,0.2832012850165125,130.69604838786591,-2.5809865051383407
0.13042499999999999,13.042499999999999,0.01929409724499518,19.29409724499518,6.776935483870967,0.4076247233011685,0.28958337869002826,0.9778387636723637,0.022161236327636336,0.28316585299832314,130.589555943158,-2.5809206822700923
0.1305175,13.05175,0.01931318918823522,19.31318918823522,6.777532258064517,0.407552942246792,0.28954714953473776,0.9778387636723637,0.022161236327636336,0.283130426725905,130.48298992528638,-2.5808548751104645
0.13061,13.061,0.019332294340883408,19.332294340883408,6.778129032258065,0.4074811801512736,0.2895109262544301,0.9778387636723637,0.022161236327636336,0.28309500619827277,130.37635015167618,-2.5807890836545333
0.1307025,13.07025,0.019351412735770866,19.351412735770865,6.778725806451613,0.40740943700793714,0.2894747088480973,0.9778387636723637,0.022161236327636336,0.28305959141444087,130.2696364390299,-2.580723307897364
0.130795,13.0795,0.019370544405858843,19.370544405858844,6.779322580645161,0.4073377128101095,0.2894384973147317,0.9778387636723637,0.022161236327636336,0.28302418237342397,130.16284860332354,-2.58065754783404
0.1308875,13.08875,0.01938968938423941,19.38968938423941,6.779919354838709,0.4072660075511206,0.28940229165332565,0.9778387636723637,0.022161236327636336,0.28298877907423675,130.05598645980254,-2.580591803459653
0.13097999999999999,13.097999999999999,0.01940884770413625,19.40884770413625,6.780516129032257,0.40719432122430343,0.2893660918628719,0.9778387636723637,0.022161236327636336,0.2829533815158942,129.9490498229777,-2.580526074769284
0.1310725,13.10725,0.019428019398905358,19.42801939890536,6.781112903225806,0.4071226538229934,0.28932989794236286,0.9778387636723637,0.022161236327636336,0.2829179896974113,129.8420385066211,-2.5804603617580044
0.131165,13.1165,0.019447204502035718,19.447204502035717,6.7817096774193555,0.4070510053405295,0.2892937098907914,0.9778387636723637,0.022161236327636336,0.2828826036178029,129.73495232376217,-2.580394664420958
0.1312575,13.12575,0.019466403047150183,19.466403047150184,6.782306451612904,0.40697937577025334,0.28925752770715046,0.9778387636723637,0.022161236327636336,0.28284722327608447,129.62779108668315,-2.5803289827531777
0.13135,13.135,0.019485615068006074,19.485615068006073,6.782903225806452,0.40690776510550947,0.2892213513904331,0.9778387636723637,0.022161236327636336,0.28281184867127135,129.5205546069154,-2.5802633167497695
0.1314425,13.14425,0.019504840598496054,19.504840598496052,6.783499999999999,0.4068361733396452,0.2891851809396323,0.9778387636723637,0.022161236327636336,0.28277647980237886,129.41324269523463,-2.580197666405847
0.13153499999999999,13.1535,0.019524079672648794,19.524079672648796,6.784096774193548,0.4067646004660111,0.2891490163537414,0.9778387636723637,0.022161236327636336,0.28274111666842255,129.3058551616573,-2.5801320317165044
0.1316275,13.16275,0.01954333232462981,19.54333232462981,6.784693548387097,0.4066930464779604,0.28911285763175365,0.9778387636723637,0.022161236327636336,0.28270575926841807,129.19839181543577,-2.5800664126768456
0.13172,13.172,0.019562598588742174,19.562598588742173,6.785290322580646,0.4066215113688495,0.28907670477266273,0.9778387636723637,0.022161236327636336,0.2826704076013814,129.0908524650545,-2.5800008092819358
0.1318125,13.18125,0.01958187849942733,19.58187849942733,6.785887096774194,0.40654999513203754,0.28904055777546206,0.9778387636723637,0.022161236327636336,0.28263506166632824,128.9832369182253,-2.5799352215269216
0.131905,13.1905,0.01960117209126585,19.60117209126585,6.786483870967742,0.40647849776088646,0.28900441663914533,0.9778387636723637,0.022161236327636336,0.2825997214622746,128.87554498188322,-2.579869649406895
0.1319975,13.199749999999998,0.019620479398978236,19.620479398978237,6.78708064516129,0.40640701924876155,0.2889682813627066,0.9778387636723637,0.022161236327636336,0.2825643869882367,128.76777646218218,-2.579804092916946
0.13208999999999999,13.208999999999998,0.0196398004574257,19.6398004574257,6.787677419354838,0.40633555958903056,0.2889321519451395,0.9778387636723637,0.022161236327636336,0.2825290582432307,128.6599311644904,-2.57973855205221
0.1321825,13.218250000000001,0.019659135301610977,19.659135301610977,6.7882741935483875,0.40626411877506413,0.28889602838543815,0.9778387636723637,0.022161236327636336,0.2824937352262729,128.55200889338596,-2.579673026807777
0.132275,13.227500000000001,0.019678483966679105,19.678483966679106,6.788870967741936,0.40619269680023634,0.2888599106825969,0.9778387636723637,0.022161236327636336,0.28245841793638,128.4440094526525,-2.579607517178752
0.1323675,13.23675,0.01969784648791826,19.69784648791826,6.789467741935484,0.4061212936579239,0.28882379883561,0.9778387636723637,0.022161236327636336,0.28242310637256834,128.33593264527448,-2.579542023160287
0.13246,13.245999999999999,0.01971722290076055,19.71722290076055,6.790064516129032,0.40604990934150625,0.2887876928434718,0.9778387636723637,0.022161236327636336,0.28238780053385476,128.22777827343276,-2.5794765447474677
0.1325525,13.255249999999998,0.019736613240782856,19.736613240782855,6.790661290322581,0.4059785438443657,0.2887515927051767,0.9778387636723637,0.022161236327636336,0.28235250041925586,128.11954613849994,-2.579411081935417
0.13264499999999999,13.264499999999998,0.019756017543707646,19.756017543707646,6.791258064516129,0.405907197159888,0.28871549841971955,0.9778387636723637,0.022161236327636336,0.2823172060277888,128.01123604103577,-2.5793456347192554
0.1327375,13.273750000000001,0.01977543584540381,19.77543584540381,6.791854838709678,0.4058358692814612,0.288679409986095,0.9778387636723637,0.022161236327636336,0.2822819173584705,127.90284778078252,-2.5792802030941044
0.13283,13.283000000000001,0.019794868181887505,19.794868181887505,6.792451612903226,0.4057645602024767,0.288643327403298,0.9778387636723637,0.022161236327636336,0.2822466344103182,127.79438115666026,-2.579214787055092
0.1329225,13.29225,0.01981431458932299,19.81431458932299,6.793048387096774,0.40569326991632854,0.2886072506703235,0.9778387636723637,0.022161236327636336,0.2822113571823491,127.6858359667622,-2.5791493865973467
0.133015,13.301499999999999,0.019833775104023496,19.833775104023495,6.793645161290322,0.4056219984164137,0.2885711797861666,0.9778387636723637,0.022161236327636336,0.2821760856735805,127.57721200834978,-2.579084001715995
0.1331075,13.310749999999999,0.01985324976245206,19.85324976245206,6.79424193548387,0.40555074569613214,0.2885351147498225,0.9778387636723637,0.022161236327636336,0.28214081988303,127.46850907784808,-2.5790186324061555
0.13319999999999999,13.319999999999999,0.019872738601222417,19.872738601222416,6.7948387096774185,0.4054795117488865,0.2884990555602866,0.9778387636723637,0.022161236327636336,0.2821055598097152,127.35972697084085,-2.57895327866297
0.1332925,13.32925,0.019892241657099855,19.892241657099856,6.7954354838709685,0.4054082965680826,0.2884630022165543,0.9778387636723637,0.022161236327636336,0.28207030545265377,127.25086548206565,-2.578887940481565
0.133385,13.3385,0.01991175896700209,19.91175896700209,6.796032258064517,0.4053371001471292,0.28842695471762125,0.9778387636723637,0.022161236327636336,0.2820350568108636,127.14192440540904,-2.5788226178570812
0.1334775,13.34775,0.019931290568000155,19.931290568000154,6.796629032258065,0.4052659224794376,0.2883909130624831,0.9778387636723637,0.022161236327636336,0.2819998138833626,127.03290353390165,-2.5787573107846518
0.13357,13.357,0.0199508364973193,19.9508364973193,6.797225806451613,0.4051947635584222,0.28835487725013564,0.9778387636723637,0.022161236327636336,0.2819645766691688,126.923802659713,-2.5786920192594356
0.1336625,13.366249999999999,0.01997039679233987,19.97039679233987,6.79782258064516,0.40512362337750063,0.28831884727957496,0.9778387636723637,0.022161236327636336,0.2819293451673006,126.81462157414676,-2.5786267432765357
0.13375499999999999,13.375499999999999,0.019989971490598227,19.989971490598226,6.7984193548387095,0.40505250193009235,0.2882828231497968,0.9778387636723637,0.022161236327636336,0.28189411937677594,126.7053600676355,-2.5785614828311267
0.1338475,13.38475,0.020009560629787652,20.00956062978765,6.799016129032259,0.404981399209621,0.2882468048597976,0.9778387636723637,0.022161236327636336,0.28185889929661356,126.59601792973575,-2.5784962379183294
0.13394,13.394,0.020029164247759256,20.029164247759255,6.799612903225807,0.40491031520951243,0.28821079240857356,0.9778387636723637,0.022161236327636336,0.2818236849258318,126.48659494912282,-2.578431008533317
0.1340325,13.40325,0.020048782382522928,20.048782382522926,6.800209677419355,0.40483924992319537,0.28817478579512107,0.9778387636723637,0.022161236327636336,0.28178847626344944,126.37709091358555,-2.578365794671208
0.134125,13.4125,0.020068415072248238,20.06841507224824,6.800806451612903,0.4047682033441015,0.2881387850184366,0.9778387636723637,0.022161236327636336,0.28175327330848504,126.26750561002129,-2.5783005963271752
0.1342175,13.42175,0.020088062355265394,20.088062355265393,6.8014032258064505,0.4046971754656654,0.2881027900775168,0.9778387636723637,0.022161236327636336,0.2817180760599576,126.15783882443047,-2.5782354134963703
0.13430999999999998,13.431,0.020107724270066185,20.107724270066186,6.8020000000000005,0.4046261662813246,0.28806680097135845,0.9778387636723637,0.022161236327636336,0.281682884516886,126.04809034191145,-2.5781702461739284
0.1344025,13.44025,0.02012740085530495,20.12740085530495,6.802596774193549,0.4045551757845195,0.28803081769895844,0.9778387636723637,0.022161236327636336,0.2816476986782895,125.9382599466551,-2.578105094355027
0.134495,13.4495,0.020147092149799463,20.147092149799462,6.803193548387097,0.4044842039686933,0.28799484025931377,0.9778387636723637,0.022161236327636336,0.28161251854318725,125.82834742193965,-2.5780399580348012
0.1345875,13.45875,0.020166798192532018,20.166798192532017,6.803790322580645,0.40441325082729207,0.28795886865142145,0.9778387636723637,0.022161236327636336,0.28157734411059854,125.71835255012499,-2.5779748372084343
0.13468,13.468,0.020186519022650312,20.186519022650312,6.804387096774193,0.40434231635376483,0.2879229028742789,0.9778387636723637,0.022161236327636336,0.2815421753795429,125.60827511264742,-2.5779097318710775
0.1347725,13.47725,0.020206254679468464,20.206254679468465,6.804983870967742,0.40427140054156324,0.2878869429268831,0.9778387636723637,0.022161236327636336,0.2815070123490397,125.49811489001412,-2.577844642017887
0.13486499999999998,13.486499999999998,0.020226005202468016,20.226005202468016,6.805580645161291,0.4042005033841423,0.2878509888082319,0.9778387636723637,0.022161236327636336,0.2814718550181089,125.38787166179759,-2.5777795676440287
0.1349575,13.495750000000001,0.02024577063129889,20.245770631298893,6.806177419354839,0.4041296248749593,0.28781504051732254,0.9778387636723637,0.022161236327636336,0.2814367033857699,125.27754520663014,-2.577714508744686
0.13505,13.505,0.020265551005780407,20.265551005780406,6.806774193548387,0.404058765007475,0.287779098053153,0.9778387636723637,0.022161236327636336,0.28140155745104306,125.16713530219837,-2.577649465315005
0.1351425,13.51425,0.020285346365902353,20.285346365902353,6.807370967741935,0.4039879237751527,0.28774316141472095,0.9778387636723637,0.022161236327636336,0.2813664172129481,125.05664172523721,-2.5775844373501937
0.135235,13.523499999999999,0.020305156751825905,20.305156751825905,6.807967741935483,0.4039171011714584,0.2877072306010243,0.9778387636723637,0.022161236327636336,0.2813312826705053,124.94606425152456,-2.5775194248453785
0.1353275,13.532749999999998,0.020324982203884744,20.324982203884744,6.8085645161290325,0.4038462971898611,0.28767130561106113,0.9778387636723637,0.022161236327636336,0.2812961538227347,124.83540265587531,-2.577454427795758
0.13541999999999998,13.541999999999998,0.02034482276258605,20.34482276258605,6.8091612903225816,0.40377551182383276,0.2876353864438296,0.9778387636723637,0.022161236327636336,0.2812610306686569,124.72465671213568,-2.577389446196502
0.1355125,13.551250000000001,0.02036467846861154,20.36467846861154,6.80975806451613,0.4037047450668485,0.287599473098328,0.9778387636723637,0.022161236327636336,0.2812259132072923,124.61382619317739,-2.577324480042798
0.135605,13.560500000000001,0.020384549362818544,20.384549362818543,6.810354838709677,0.40363399691238555,0.2875635655735547,0.9778387636723637,0.022161236327636336,0.28119080143766145,124.50291087089172,-2.577259529329813
0.1356975,13.569749999999999,0.020404435486241056,20.404435486241056,6.810951612903225,0.40356326735392456,0.28752766386850837,0.9778387636723637,0.022161236327636336,0.28115569535878515,124.39191051618361,-2.5771945940527443
0.13579,13.578999999999999,0.020424336880090797,20.424336880090795,6.811548387096774,0.40349255638494874,0.2874917679821874,0.9778387636723637,0.022161236327636336,0.28112059496968417,124.28082489896579,-2.577129674206748
0.1358825,13.588249999999999,0.02044425358575828,20.444253585758283,6.812145161290322,0.4034218639989446,0.28745587791359073,0.9778387636723637,0.022161236327636336,0.28108550026937945,124.16965378815263,-2.5770647697870546
0.13597499999999998,13.597499999999998,0.020464185644813955,20.464185644813956,6.812741935483872,0.4033511901894007,0.2874199936617171,0.9778387636723637,0.022161236327636336,0.28105041125689206,124.05839695165407,-2.5769998807888106
0.1360675,13.606750000000002,0.02048413309900923,20.48413309900923,6.81333870967742,0.4032805349498095,0.2873841152255657,0.9778387636723637,0.022161236327636336,0.28101532793124323,123.9470541563696,-2.5769350072072252
0.13616,13.616,0.020504095990277586,20.504095990277584,6.813935483870968,0.40320989827366543,0.28734824260413544,0.9778387636723637,0.022161236327636336,0.28098025029145424,123.83562516818223,-2.576870149037482
0.1362525,13.62525,0.020524074360735754,20.524074360735753,6.814532258064516,0.4031392801544661,0.2873123757964256,0.9778387636723637,0.022161236327636336,0.28094517833654636,123.72410975195193,-2.5768053062747796
0.136345,13.6345,0.020544068252684726,20.544068252684728,6.815129032258064,0.4030686805857119,0.2872765148014355,0.9778387636723637,0.022161236327636336,0.2809101120655412,123.61250767150977,-2.5767404789143074
0.1364375,13.643749999999999,0.020564077708611007,20.564077708611006,6.815725806451613,0.40299809956090643,0.2872406596181648,0.9778387636723637,0.022161236327636336,0.2808750514774605,123.50081868965125,-2.576675666951272
0.13652999999999998,13.652999999999999,0.020584102771187638,20.584102771187638,6.816322580645162,0.40292753707355544,0.28720481024561284,0.9778387636723637,0.022161236327636336,0.28083999657132586,123.38904256813028,-2.5766108703808603
0.1366225,13.66225,0.020604143483275435,20.604143483275436,6.81691935483871,0.40285699311716816,0.2871689666827794,0.9778387636723637,0.022161236327636336,0.28080494734615924,123.27717906765251,-2.57654608919827
0.136715,13.6715,0.020624199887924057,20.624199887924057,6.817516129032258,0.4027864676852564,0.2871331289286644,0.9778387636723637,0.022161236327636336,0.2807699038009826,123.16522794786918,-2.576481323398723
0.1368075,13.68075,0.02064427202837325,20.64427202837325,6.818112903225807,0.40271596077133465,0.28709729698226755,0.9778387636723637,0.022161236327636336,0.28073486593481795,123.0531889673703,-2.576416572977414
0.1369,13.69,0.02066435994805399,20.66435994805399,6.8187096774193545,0.40264547236892073,0.2870614708425892,0.9778387636723637,0.022161236327636336,0.2806998337466877,122.94106188367823,-2.5763518379295367
0.1369925,13.69925,0.02068446369058964,20.68446369058964,6.819306451612903,0.40257500247153455,0.28702565050862927,0.9778387636723637,0.022161236327636336,0.280664807235614,122.82884645324114,-2.57628711825032
0.13708499999999998,13.708499999999999,0.02070458329979719,20.70458329979719,6.819903225806452,0.4025045510726995,0.2869898359793882,0.9778387636723637,0.022161236327636336,0.2806297864006194,122.71654243142626,-2.576222413934948
0.1371775,13.71775,0.020724718819688435,20.724718819688434,6.8205,0.4024341181659417,0.2869540272538664,0.9778387636723637,0.022161236327636336,0.28059477124072646,122.60414957251314,-2.5761577249786565
0.13727,13.727,0.020744870294471154,20.744870294471156,6.821096774193548,0.4023637037447898,0.2869182243310643,0.9778387636723637,0.022161236327636336,0.2805597617549578,122.49166762968713,-2.5760930513766547
0.1373625,13.73625,0.020765037768550404,20.765037768550403,6.821693548387096,0.4022933078027756,0.2868824272099827,0.9778387636723637,0.022161236327636336,0.28052475794233633,122.37909635503217,-2.5760283931241417
0.137455,13.7455,0.0207852212865297,20.785221286529698,6.8222903225806455,0.40222293033343337,0.2868466358896221,0.9778387636723637,0.022161236327636336,0.28048975980188473,122.26643549952423,-2.575963750216352
0.1375475,13.75475,0.020805420893212266,20.805420893212265,6.822887096774194,0.40215257133030075,0.2868108503689838,0.9778387636723637,0.022161236327636336,0.2804547673326264,122.15368481302423,-2.5758991226484826
0.13763999999999998,13.764,0.020825636633602294,20.825636633602294,6.823483870967743,0.40208223078691757,0.2867750706470684,0.9778387636723637,0.022161236327636336,0.28041978053358413,122.04084404427105,-2.575834510415785
0.1377325,13.77325,0.02084586855290619,20.84586855290619,6.82408064516129,0.4020119086968271,0.28673929672287735,0.9778387636723637,0.022161236327636336,0.2803847994037814,121.92791294087463,-2.575769913513464
0.137825,13.7825,0.020866116696533862,20.86611669653386,6.824677419354838,0.4019416050535749,0.28670352859541165,0.9778387636723637,0.022161236327636336,0.2803498239422415,121.81489124930873,-2.5757053319367333
0.1379175,13.79175,0.02088638111009999,20.88638111009999,6.8252741935483865,0.4018713198507098,0.2866677662636728,0.9778387636723637,0.022161236327636336,0.2803148541479879,121.70177871490381,-2.5756407656808586
0.13801,13.801,0.020906661839425335,20.906661839425336,6.825870967741936,0.4018010530817829,0.2866320097266622,0.9778387636723637,0.022161236327636336,0.2802798900200443,121.58857508183982,-2.575576214741017
0.1381025,13.810249999999998,0.02092695893053802,20.92695893053802,6.826467741935485,0.4017308047403486,0.2865962589833814,0.9778387636723637,0.022161236327636336,0.28024493155743424,121.47528009313895,-2.575511679112472
0.13819499999999998,13.819499999999998,0.020947272429674854,20.947272429674854,6.827064516129033,0.40166057481996426,0.2865605140328324,0.9778387636723637,0.022161236327636336,0.28020997875918185,121.36189349065828,-2.5754471587904444
0.1382875,13.828750000000001,0.02096760238328266,20.96760238328266,6.827661290322581,0.40159036331418957,0.2865247748740168,0.9778387636723637,0.022161236327636336,0.2801750316243109,121.24841501508232,-2.5753826537701787
0.13838,13.838000000000001,0.020987948838019597,20.987948838019598,6.828258064516128,0.40152017021658715,0.28648904150593657,0.9778387636723637,0.022161236327636336,0.2801400901518455,121.13484440591574,-2.575318164046893
0.1384725,13.847249999999999,0.021008311840756508,21.00831184075651,6.8288548387096775,0.40144999552072247,0.2864533139275938,0.9778387636723637,0.022161236327636336,0.2801051543408098,121.02118140147573,-2.575253689615841
0.138565,13.856499999999999,0.021028691438578297,21.028691438578296,6.829451612903226,0.401379839220164,0.2864175921379908,0.9778387636723637,0.022161236327636336,0.2800702241902282,120.90742573888436,-2.5751892304722386
0.1386575,13.865749999999998,0.02104908767878528,21.04908767878528,6.830048387096774,0.4013097013084829,0.28638187613612975,0.9778387636723637,0.022161236327636336,0.2800352996991251,120.79357715406105,-2.575124786611346
0.13874999999999998,13.874999999999998,0.021069500608894547,21.069500608894547,6.830645161290323,0.4012395817792529,0.2863461659210131,0.9778387636723637,0.022161236327636336,0.28000038086652496,120.67963538171489,-2.575060358028405
0.1388425,13.884250000000002,0.021089930276641394,21.089930276641393,6.831241935483871,0.401169480626051,0.2863104614916434,0.9778387636723637,0.022161236327636336,0.2799654676914525,120.56560015533678,-2.5749959447186757
0.138935,13.8935,0.021110376729980677,21.110376729980675,6.831838709677419,0.4010993978424567,0.28627476284702347,0.9778387636723637,0.022161236327636336,0.27993056017293255,120.45147120719176,-2.5749315466773703
0.1390275,13.90275,0.021130840017088277,21.13084001708828,6.832435483870968,0.4010293334220522,0.28623906998615595,0.9778387636723637,0.022161236327636336,0.2798956583099899,120.33724826831086,-2.5748671638997465
0.13912,13.911999999999999,0.02115132018636247,21.15132018636247,6.833032258064516,0.4009592873584228,0.28620338290804376,0.9778387636723637,0.022161236327636336,0.2798607621016496,120.22293106848345,-2.574802796381071
0.1392125,13.921249999999999,0.021171817286425414,21.171817286425412,6.833629032258065,0.4008892596451565,0.28616770161169003,0.9778387636723637,0.022161236327636336,0.27982587154693683,120.10851933624895,-2.5747384441165813
0.13930499999999998,13.930499999999999,0.021192331366124566,21.192331366124566,6.834225806451613,0.40081925027584386,0.2861320260960978,0.9778387636723637,0.022161236327636336,0.2797909866448767,119.99401279888892,-2.5746741071015418
0.1393975,13.93975,0.02121286247453416,21.212862474534163,6.834822580645161,0.40074925924407867,0.28609635636027037,0.9778387636723637,0.022161236327636336,0.27975610739449475,119.8794111824188,-2.574609785331198
0.13949,13.949,0.021233410660956645,21.233410660956643,6.835419354838709,0.4006792865434572,0.2860606924032112,0.9778387636723637,0.022161236327636336,0.27972123379481634,119.76471421157989,-2.574545478800813
0.1395825,13.95825,0.021253975974924233,21.253975974924234,6.8360161290322585,0.4006093321675785,0.28602503422392367,0.9778387636723637,0.022161236327636336,0.279686365844867,119.64992160983063,-2.574481187505649
0.139675,13.9675,0.021274558466200348,21.274558466200347,6.836612903225807,0.40053939611004474,0.28598938182141154,0.9778387636723637,0.022161236327636336,0.27965150354367263,119.53503309933869,-2.5744169114409483
0.1397675,13.97675,0.021295158184781154,21.295158184781155,6.837209677419355,0.40046947836446045,0.2859537351946785,0.9778387636723637,0.022161236327636336,0.2796166468902589,119.42004840097223,-2.5743526506019996
0.13985999999999998,13.985999999999999,0.021315775180897063,21.315775180897063,6.837806451612903,0.40039957892443323,0.2859180943427284,0.9778387636723637,0.022161236327636336,0.2795817958836518,119.30496723429165,-2.574288404984054
0.1399525,13.99525,0.021336409505014295,21.336409505014295,6.838403225806451,0.4003296977835734,0.2858824592645653,0.9778387636723637,0.022161236327636336,0.27954695052287737,119.18978931754076,-2.574224174582388
0.140045,14.0045,0.021357061207836404,21.357061207836406,6.8389999999999995,0.4002598349354941,0.2858468299591932,0.9778387636723637,0.022161236327636336,0.2795121108069618,119.07451436763833,-2.574159959392243
0.1401375,14.01375,0.02137773034030587,21.37773034030587,6.839596774193548,0.4001899903738112,0.2858112064256164,0.9778387636723637,0.022161236327636336,0.2794772767349315,118.95914210016922,-2.5740957594089204
0.14023,14.023,0.021398416953605618,21.39841695360562,6.840193548387098,0.4001201640921431,0.2857755886628391,0.9778387636723637,0.022161236327636336,0.2794424483058125,118.84367222937576,-2.5740315746276954
0.1403225,14.03225,0.021419121099160686,21.419121099160687,6.840790322580646,0.40005035608411177,0.28573997666986606,0.9778387636723637,0.022161236327636336,0.27940762551863185,118.72810446814864,-2.5739674050437973
0.14041499999999998,14.0415,0.02143984282863974,21.43984282863974,6.841387096774194,0.3999805663433412,0.2857043704457017,0.9778387636723637,0.022161236327636336,0.2793728083724159,118.61243852801827,-2.573903250652545
0.1405075,14.05075,0.021460582193956784,21.460582193956782,6.841983870967741,0.39991079486345843,0.2856687699893507,0.9778387636723637,0.022161236327636336,0.27933799686619154,118.49667411914541,-2.573839111449202
0.1406,14.06,0.021481339247272697,21.481339247272697,6.8425806451612905,0.3998410416380932,0.2856331752998179,0.9778387636723637,0.022161236327636336,0.2793031909989855,118.38081095031237,-2.5737749874290397
0.1406925,14.06925,0.02150211404099693,21.50211404099693,6.843177419354839,0.39977130666087807,0.28559758637610827,0.9778387636723637,0.022161236327636336,0.2792683907698248,118.26484872891372,-2.5737108785873573
0.140785,14.0785,0.021522906627789166,21.522906627789165,6.843774193548387,0.3997015899254486,0.2855620032172269,0.9778387636723637,0.022161236327636336,0.2792335961777367,118.14878716094698,-2.5736467849194247
0.1408775,14.08775,0.021543717060560966,21.543717060560965,6.844370967741936,0.3996318914254426,0.2855264258221789,0.9778387636723637,0.022161236327636336,0.2791988072217483,118.0326259510034,-2.5735827064205297
0.14096999999999998,14.096999999999998,0.02156454539247746,21.564545392477463,6.844967741935484,0.3995622111545012,0.2854908541899696,0.9778387636723637,0.022161236327636336,0.2791640239008869,117.91636480225844,-2.573518643085968
0.1410625,14.106250000000001,0.021585391676959092,21.58539167695909,6.845564516129032,0.399492549106268,0.28545528831960454,0.9778387636723637,0.022161236327636336,0.2791292462141802,117.8000034164623,-2.573454594910991
0.141155,14.1155,0.021606255967683247,21.606255967683246,6.84616129032258,0.3994229052743896,0.28541972821008915,0.9778387636723637,0.022161236327636336,0.27909447416065564,117.68354149393043,-2.573390561890937
0.1412475,14.12475,0.02162713831858605,21.627138318586052,6.84675806451613,0.3993532796525147,0.2853841738604289,0.9778387636723637,0.022161236327636336,0.2790597077393407,117.56697873353384,-2.5733265440210826
0.14134,14.133999999999999,0.021648038783864124,21.648038783864124,6.847354838709677,0.3992836722342961,0.2853486252696301,0.9778387636723637,0.022161236327636336,0.2790249469492637,117.4503148326892,-2.5732625412967023
0.1414325,14.143249999999998,0.021668957417976267,21.668957417976266,6.847951612903226,0.39921408301338784,0.28531308243669823,0.9778387636723637,0.022161236327636336,0.27899019178945217,117.33354948734927,-2.5731985537131075
0.14152499999999998,14.152499999999998,0.02168989427564533,21.68989427564533,6.848548387096774,0.3991445119834478,0.2852775453606395,0.9778387636723637,0.022161236327636336,0.27895544225893437,117.21668239199269,-2.5731345812655886
0.1416175,14.161750000000001,0.02171084941185993,21.71084941185993,6.8491451612903225,0.3990749591381361,0.2852420140404599,0.9778387636723637,0.022161236327636336,0.27892069835673833,117.0997132396143,-2.573070623949464
0.14171,14.171,0.021731822881876275,21.731822881876276,6.849741935483872,0.39900542447111587,0.2852064884751659,0.9778387636723637,0.022161236327636336,0.2788859600818924,116.98264172171486,-2.5730066817600243
0.1418025,14.18025,0.021752814741220032,21.752814741220032,6.85033870967742,0.3989359079760528,0.2851709686637637,0.9778387636723637,0.022161236327636336,0.27885122743342505,116.86546752829086,-2.5729427546925496
0.141895,14.189499999999999,0.0217738250456881,21.7738250456881,6.850935483870968,0.3988664096466154,0.2851354546052599,0.9778387636723637,0.022161236327636336,0.2788165004103647,116.74819034782433,-2.572878842742373
0.1419875,14.198749999999999,0.021794853851350507,21.794853851350506,6.851532258064516,0.39879692947647516,0.2850999462986611,0.9778387636723637,0.022161236327636336,0.27878177901174,116.63080986727248,-2.5728149459048018
0.14207999999999998,14.207999999999998,0.021815901214552263,21.815901214552262,6.852129032258064,0.3987274674593061,0.2850644437429742,0.9778387636723637,0.022161236327636336,0.27874706323657994,116.51332577205719,-2.572751064175113
0.1421725,14.21725,0.021836967191915264,21.836967191915264,6.8527258064516126,0.398658023588785,0.2850289469372059,0.9778387636723637,0.022161236327636336,0.2787123530839131,116.39573774605455,-2.5726871975486474
0.142265,14.2265,0.021858051840340162,21.858051840340163,6.8533225806451625,0.3985885978585913,0.28499345588036307,0.9778387636723637,0.022161236327636336,0.27867764855276855,116.27804547158426,-2.5726233460207086
0.1423575,14.23575,0.021879155217008332,21.879155217008332,6.85391935483871,0.3985191902624078,0.2849579705714532,0.9778387636723637,0.022161236327636336,0.2786429496421756,116.16024862939878,-2.572559509586591
0.14245,14.245,0.021900277379383774,21.900277379383773,6.854516129032259,0.39844980079391884,0.28492249100948314,0.9778387636723637,0.022161236327636336,0.27860825635116315,116.04234689867255,-2.572495688241661
0.1425425,14.254249999999999,0.021921418385215084,21.921418385215084,6.855112903225806,0.3983804294468128,0.2848870171934605,0.9778387636723637,0.022161236327636336,0.2785735686787608,115.92433995699115,-2.5724318819811733
0.142635,14.2635,0.02194257829253742,21.94257829253742,6.855709677419354,0.3983110762147802,0.28485154912239263,0.9778387636723637,0.022161236327636336,0.278538886623998,115.80622748034023,-2.5723680908004924
0.1427275,14.27275,0.021963757159674496,21.963757159674497,6.856306451612903,0.3982417410915141,0.2848160867952872,0.9778387636723637,0.022161236327636336,0.27850421018590427,115.68800914309439,-2.57230431469491
0.14282,14.282,0.0219849550452406,21.9849550452406,6.856903225806452,0.3981724240707108,0.2847806302111518,0.9778387636723637,0.022161236327636336,0.27846953936350927,115.56968461800595,-2.57224055365977
0.1429125,14.29125,0.0220061720081426,22.0061720081426,6.8575,0.39810312514606894,0.28474517936899435,0.9778387636723637,0.022161236327636336,0.2784348741558429,115.45125357619376,-2.5721768076903806
0.143005,14.3005,0.022027408107581994,22.027408107581994,6.858096774193549,0.39803384431129013,0.2847097342678228,0.9778387636723637,0.022161236327636336,0.27840021456193503,115.33271568713162,-2.5721130767820837
0.1430975,14.30975,0.022048663403056976,22.048663403056977,6.858693548387097,0.3979645815600788,0.28467429490664525,0.9778387636723637,0.022161236327636336,0.27836556058081585,115.21407061863691,-2.572049360930196
0.14319,14.319,0.02206993795436454,22.06993795436454,6.859290322580645,0.3978953368861418,0.2846388612844699,0.9778387636723637,0.022161236327636336,0.27833091221151546,115.0953180368588,-2.5719856601300486
0.1432825,14.32825,0.022091231821602525,22.091231821602523,6.859887096774194,0.39782611028318876,0.28460343340030486,0.9778387636723637,0.022161236327636336,0.278296269453064,114.97645760626676,-2.5719219743769743
0.143375,14.3375,0.022112545065171782,22.112545065171783,6.860483870967742,0.39775690174493256,0.28456801125315895,0.9778387636723637,0.022161236327636336,0.2782616323044922,114.85748898963854,-2.571858303666313
0.1434675,14.34675,0.02213387774577829,22.13387774577829,6.861080645161291,0.39768771126508806,0.2845325948420404,0.9778387636723637,0.022161236327636336,0.27822700076483037,114.73841184804833,-2.571794647993377
0.14356,14.356,0.02215522992443533,22.15522992443533,6.861677419354838,0.39761853883737364,0.28449718416595815,0.9778387636723637,0.022161236327636336,0.27819237483310927,114.6192258408546,-2.57173100735354
0.1436525,14.36525,0.02217660166246563,22.176601662465632,6.862274193548387,0.3975493844555095,0.28446177922392074,0.9778387636723637,0.022161236327636336,0.2781577545083595,114.49993062568815,-2.571667381742115
0.143745,14.374500000000001,0.022197993021503618,22.197993021503617,6.8628709677419355,0.3974802481132194,0.2844263800149373,0.9778387636723637,0.022161236327636336,0.2781231397896122,114.38052585843955,-2.5716037711544373
0.1438375,14.383750000000001,0.02221940406349756,22.21940406349756,6.863467741935484,0.3974111298042294,0.28439098653801675,0.9778387636723637,0.022161236327636336,0.2780885306758981,114.26101119324719,-2.571540175585871
0.14393,14.393,0.022240834850711873,22.240834850711874,6.864064516129032,0.3973420295222683,0.2843555987921683,0.9778387636723637,0.022161236327636336,0.27805392716624855,114.14138628248426,-2.5714765950317333
0.1440225,14.40225,0.022262285445729342,22.262285445729344,6.864661290322581,0.3972729472610677,0.2843202167764012,0.9778387636723637,0.022161236327636336,0.2780193292596946,114.02165077674658,-2.5714130294873963
0.144115,14.4115,0.02228375591145343,22.28375591145343,6.865258064516129,0.3972038830143623,0.28428484048972497,0.9778387636723637,0.022161236327636336,0.27798473695526776,113.9018043248396,-2.571349478948203
0.1442075,14.420749999999998,0.022305246311110496,22.305246311110494,6.865854838709677,0.3971348367758888,0.28424946993114897,0.9778387636723637,0.022161236327636336,0.27795015025199943,113.78184657376585,-2.5712859434094955
0.1443,14.430000000000001,0.02232675670825225,22.32675670825225,6.866451612903226,0.39706580853938694,0.284214105099683,0.9778387636723637,0.022161236327636336,0.27791556914892124,113.66177716871155,-2.571222422866625
0.1443925,14.439250000000001,0.022348287166757963,22.348287166757963,6.867048387096774,0.39699679829859946,0.28417874599433685,0.9778387636723637,0.022161236327636336,0.277880993645065,113.54159575303412,-2.5711589173149325
0.144485,14.448500000000001,0.02236983775083691,22.36983775083691,6.867645161290324,0.39692780604727124,0.28414339261412014,0.9778387636723637,0.022161236327636336,0.2778464237394623,113.42130196824839,-2.571095426749795
0.1445775,14.457749999999999,0.022391408525030743,22.39140852503074,6.868241935483871,0.39685883177915066,0.2841080449580432,0.9778387636723637,0.022161236327636336,0.2778118594311453,113.3008954540136,-2.5710319511665696
0.14467,14.466999999999999,0.022412999554215877,22.412999554215876,6.868838709677419,0.396789875487988,0.28407270302511606,0.9778387636723637,0.022161236327636336,0.277777300719146,113.18037584812,-2.570968490560586
0.1447625,14.476249999999999,0.022434610903605944,22.434610903605943,6.8694354838709675,0.39672093716753676,0.2840373668143489,0.9778387636723637,0.022161236327636336,0.27774274760249656,113.05974278647501,-2.5709050449272466
0.144855,14.485500000000002,0.022456242638754235,22.456242638754233,6.870032258064516,0.3966520168115531,0.2840020363247522,0.9778387636723637,0.022161236327636336,0.2777082000802294,112.9389959030898,-2.5708416142618793
0.1449475,14.49475,0.022477894825556156,22.477894825556156,6.870629032258064,0.3965831144137956,0.28396671155533637,0.9778387636723637,0.022161236327636336,0.27767365815137685,112.81813483006542,-2.570778198559848
0.14504,14.504,0.02249956753025179,22.499567530251788,6.871225806451614,0.39651422996802577,0.283931392505112,0.9778387636723637,0.022161236327636336,0.27763912181497136,112.69715919757863,-2.5707147978165423
0.1451325,14.51325,0.02252126081942834,22.52126081942834,6.871822580645162,0.39644536346800796,0.28389607917308995,0.9778387636723637,0.022161236327636336,0.27760459107004576,112.57606863386805,-2.5706514120273076
0.145225,14.522499999999999,0.022542974760022743,22.542974760022744,6.87241935483871,0.39637651490750925,0.28386077155828116,0.9778387636723637,0.022161236327636336,0.2775700659156329,112.45486276521979,-2.5705880411875413
0.1453175,14.531749999999999,0.022564709419324192,22.564709419324192,6.873016129032258,0.3963076842802989,0.2838254696596964,0.9778387636723637,0.022161236327636336,0.2775355463507655,112.3335412159533,-2.5705246852925683
0.14541,14.541,0.022586464864976775,22.586464864976776,6.873612903225806,0.39623887158014937,0.2837901734763469,0.9778387636723637,0.022161236327636336,0.27750103237447665,112.21210360840657,-2.570461344337794
0.1455025,14.55025,0.02260824116498204,22.60824116498204,6.874209677419355,0.3961700768008356,0.2837548830072437,0.9778387636723637,0.022161236327636336,0.2774665239857994,112.0905495629218,-2.570398018318596
0.145595,14.5595,0.022630038387701706,22.630038387701706,6.874806451612903,0.3961012999361356,0.28371959825139853,0.9778387636723637,0.022161236327636336,0.27743202118376725,111.96887869783045,-2.570334707230324
0.1456875,14.56875,0.02265185660186026,22.65185660186026,6.875403225806452,0.3960325409798295,0.2836843192078225,0.9778387636723637,0.022161236327636336,0.2773975239674133,111.8470906294385,-2.5702714110683904
0.14578,14.578,0.02267369587654773,22.673695876547733,6.876,0.3959637999257006,0.28364904587552736,0.9778387636723637,0.022161236327636336,0.27736303233577125,111.72518497201109,-2.5702081298281434
0.1458725,14.58725,0.02269555628122235,22.69555628122235,6.8765967741935485,0.3958950767675346,0.28361377825352485,0.9778387636723637,0.022161236327636336,0.2773285462878746,111.60316133775773,-2.5701448635049755
0.145965,14.5965,0.02271743788571332,22.71743788571332,6.877193548387097,0.39582637149912014,0.28357851634082676,0.9778387636723637,0.022161236327636336,0.27729406582275723,111.48101933681666,-2.5700816120942704
0.1460575,14.60575,0.02273934076022358,22.73934076022358,6.877790322580644,0.39575768411424844,0.28354326013644504,0.9778387636723637,0.022161236327636336,0.2772595909394528,111.3587585772395,-2.5700183755914288
0.14615,14.615,0.022761264975332613,22.76126497533261,6.878387096774194,0.3956890146067131,0.28350800963939166,0.9778387636723637,0.022161236327636336,0.2772251216369953,111.23637866497569,-2.569955153991804
0.1462425,14.62425,0.02278321060199929,22.78321060199929,6.878983870967742,0.39562036297031106,0.28347276484867906,0.9778387636723637,0.022161236327636336,0.277190657914419,111.11387920385643,-2.5698919472908135
0.146335,14.6335,0.022805177711564678,22.805177711564678,6.87958064516129,0.3955517291988417,0.28343752576331943,0.9778387636723637,0.022161236327636336,0.277156199770758,110.99125979557908,-2.5698287554838375
0.1464275,14.64275,0.022827166375754982,22.82716637575498,6.880177419354839,0.39548311328610675,0.2834022923823253,0.9778387636723637,0.022161236327636336,0.2771217472050467,110.86852003969076,-2.569765578566265
0.14652,14.652000000000001,0.02284917666668442,22.849176666684418,6.880774193548388,0.39541451522591087,0.283367064704709,0.9778387636723637,0.022161236327636336,0.27708730021631933,110.74565953357231,-2.569702416533492
0.1466125,14.66125,0.02287120865685813,22.87120865685813,6.881370967741936,0.39534593501206156,0.28333184272948353,0.9778387636723637,0.022161236327636336,0.27705285880361075,110.6226778724219,-2.569639269380915
0.146705,14.6705,0.022893262419175223,22.893262419175223,6.881967741935484,0.39527737263836865,0.28329662645566145,0.9778387636723637,0.022161236327636336,0.2770184229659554,110.49957464923827,-2.56957613710393
0.1467975,14.67975,0.02291533802693169,22.91533802693169,6.882564516129032,0.3952088280986452,0.2832614158822559,0.9778387636723637,0.022161236327636336,0.2769839927023883,110.37634945480418,-2.569513019697939
0.14689,14.689,0.022937435553823486,22.937435553823487,6.8831612903225805,0.3951403013867064,0.2832262110082798,0.9778387636723637,0.022161236327636336,0.27694956801194437,110.25300187766949,-2.5694499171583285
0.1469825,14.698249999999998,0.022959555073949558,22.95955507394956,6.883758064516129,0.3950717924963704,0.2831910118327464,0.9778387636723637,0.022161236327636336,0.2769151488936585,110.12953150413398,-2.569386829480527
0.147075,14.707500000000001,0.022981696661814956,22.981696661814958,6.884354838709677,0.39500330142145784,0.28315581835466896,0.9778387636723637,0.022161236327636336,0.2768807353465659,110.00593791823023,-2.5693237566599185
0.1471675,14.716750000000001,0.023003860392333892,23.00386039233389,6.884951612903227,0.3949348281557921,0.28312063057306086,0.9778387636723637,0.022161236327636336,0.27684632736970183,109.88222070170639,-2.5692606986919126
0.14726,14.726,0.023026046340832964,23.026046340832963,6.885548387096775,0.3948663726931997,0.28308544848693573,0.9778387636723637,0.022161236327636336,0.27681192496210183,109.75837943400815,-2.569197655571919
0.1473525,14.73525,0.023048254583054272,23.048254583054273,6.886145161290323,0.3947979350275091,0.28305027209530725,0.9778387636723637,0.022161236327636336,0.2767775281228014,109.6344136922615,-2.5691346272953544
0.147445,14.744499999999999,0.02307048519515865,23.07048519515865,6.886741935483871,0.3947295151525519,0.2830151013971891,0.9778387636723637,0.022161236327636336,0.276743136850836,109.51032305125455,-2.569071613857636
0.1475375,14.753749999999998,0.02309273825372893,23.09273825372893,6.887338709677419,0.3946611130621621,0.2829799363915953,0.9778387636723637,0.022161236327636336,0.2767087511452417,109.38610708341938,-2.569008615254134
0.14763,14.763000000000002,0.023115013835773156,23.115013835773155,6.887935483870967,0.39459272875017665,0.2829447770775398,0.9778387636723637,0.022161236327636336,0.27667437100505404,109.26176535881399,-2.56894563148031
0.1477225,14.772250000000001,0.023137312018727936,23.137312018727936,6.888532258064516,0.3945243622104349,0.28290962345403675,0.9778387636723637,0.022161236327636336,0.27663999642930925,109.13729744510378,-2.5688826625315695
0.147815,14.7815,0.02315963288046178,23.15963288046178,6.889129032258065,0.39445601343677905,0.2828744755201005,0.9778387636723637,0.022161236327636336,0.27660562741704336,109.01270290754273,-2.568819708403307
0.1479075,14.79075,0.023181976499278455,23.181976499278456,6.889725806451613,0.39438768242305405,0.2828393332747454,0.9778387636723637,0.022161236327636336,0.2765712639672927,108.8879813089547,-2.5687567690909736
0.148,14.799999999999999,0.023204342953920404,23.204342953920403,6.890322580645162,0.3943193691631074,0.2828041967169861,0.9778387636723637,0.022161236327636336,0.2765369060790936,108.76313220971446,-2.5686938445899905
0.1480925,14.809249999999999,0.02322673232357217,23.22673232357217,6.89091935483871,0.394251073650789,0.2827690658458371,0.9778387636723637,0.022161236327636336,0.2765025537514825,108.63815516772841,-2.5686309348957503
0.148185,14.8185,0.02324914468786391,23.24914468786391,6.891516129032258,0.3941827958799517,0.2827339406603131,0.9778387636723637,0.022161236327636336,0.276468206983496,108.51304973841512,-2.568568040003701
0.1482775,14.82775,0.023271580126874834,23.271580126874834,6.892112903225807,0.3941145358444511,0.2826988211594292,0.9778387636723637,0.022161236327636336,0.2764338657741709,108.387815474686,-2.5685051599092716
0.14837,14.837,0.023294038721136823,23.294038721136822,6.892709677419355,0.3940462935381453,0.28266370734220025,0.9778387636723637,0.022161236327636336,0.2763995301225439,108.26245192692511,-2.568442294607889
0.1484625,14.84625,0.023316520551637982,23.316520551637982,6.8933064516129035,0.39397806895489507,0.2826285992076415,0.9778387636723637,0.022161236327636336,0.27636520002765214,108.13695864296947,-2.5683794440949628
0.148555,14.8555,0.02333902569982627,23.33902569982627,6.893903225806452,0.393909862088564,0.2825934967547682,0.9778387636723637,0.022161236327636336,0.27633087548853263,108.01133516808864,-2.568316608365964
0.1486475,14.864749999999999,0.02336155424761312,23.36155424761312,6.8945,0.39384167293301786,0.2825583999825956,0.9778387636723637,0.022161236327636336,0.27629655650422247,107.88558104496448,-2.568253787416301
0.14874,14.874,0.02338410627737717,23.38410627737717,6.895096774193549,0.39377350148212553,0.28252330889013927,0.9778387636723637,0.022161236327636336,0.2762622430737591,107.7596958136705,-2.5681909812413974
0.1488325,14.88325,0.02340668187196799,23.40668187196799,6.895693548387096,0.3937053477297586,0.28248822347641495,0.9778387636723637,0.022161236327636336,0.27622793519617994,107.63367901165095,-2.568128189836724
0.148925,14.8925,0.023429281114709828,23.429281114709827,6.896290322580645,0.39363721166979104,0.28245314374043823,0.9778387636723637,0.022161236327636336,0.27619363287052257,107.5075301736998,-2.5680654131976857
0.1490175,14.90175,0.02345190408940545,23.451904089405453,6.8968870967741935,0.3935690932960995,0.28241806968122507,0.9778387636723637,0.022161236327636336,0.27615933609582455,107.38124883193953,-2.5680026513197682
0.14911,14.911,0.023474550880339954,23.474550880339955,6.897483870967742,0.3935009926025634,0.2823830012977915,0.9778387636723637,0.022161236327636336,0.2761250448711239,107.25483451579962,-2.567939904198358
0.1492025,14.92025,0.02349722157228469,23.49722157228469,6.89808064516129,0.3934329095830646,0.28234793858915347,0.9778387636723637,0.022161236327636336,0.2760907591954583,107.12828675199476,-2.567877171828948
0.149295,14.9295,0.023519916250501163,23.519916250501165,6.898677419354839,0.39336484423148793,0.28231288155432743,0.9778387636723637,0.022161236327636336,0.27605647906786596,107.00160506450314,-2.5678144542069608
0.1493875,14.93875,0.023542635000745004,23.542635000745005,6.899274193548388,0.39329679654172045,0.2822778301923295,0.9778387636723637,0.022161236327636336,0.2760222044873849,106.87478897454409,-2.5677517513278416
0.14948,14.948,0.023565377909269984,23.565377909269984,6.899870967741935,0.3932287665076525,0.28224278450217644,0.9778387636723637,0.022161236327636336,0.27598793545305356,106.74783800055579,-2.5676890631870557
0.1495725,14.95725,0.023588145062832102,23.5881450628321,6.900467741935484,0.3931607541231764,0.28220774448288477,0.9778387636723637,0.022161236327636336,0.27595367196391035,106.62075165817252,-2.56762638978004
0.149665,14.9665,0.023610936548693593,23.610936548693594,6.901064516129032,0.3930927593821874,0.2821727101334711,0.9778387636723637,0.022161236327636336,0.2759194140189936,106.4935294602021,-2.567563731102266
0.1497575,14.975749999999998,0.02363375245462716,23.63375245462716,6.90166129032258,0.39302478227858334,0.2821376814529524,0.9778387636723637,0.022161236327636336,0.27588516161734217,106.36617091660237,-2.567501087149152
0.14985,14.985000000000001,0.02365659286892009,23.65659286892009,6.902258064516128,0.39295682280626476,0.28210265844034565,0.9778387636723637,0.022161236327636336,0.27585091475799467,106.23867553445821,-2.567438457916194
0.1499425,14.994250000000001,0.0236794578803785,23.6794578803785,6.902854838709678,0.3928888809591346,0.28206764109466775,0.9778387636723637,0.022161236327636336,0.2758166734399899,106.11104281795782,-2.567375843398846
0.150035,15.0035,0.02370234757833161,23.70234757833161,6.903451612903226,0.392820956731099,0.2820326294149363,0.9778387636723637,0.022161236327636336,0.2757824376623672,105.98327226836885,-2.5673132435925305
0.1501275,15.01275,0.023725262052636063,23.72526205263606,6.904048387096775,0.3927530501160662,0.2819976234001683,0.9778387636723637,0.022161236327636336,0.2757482074241654,105.8553633840143,-2.567250658492763
0.15022,15.021999999999998,0.023748201393680266,23.748201393680265,6.904645161290322,0.3926851611079472,0.28196262304938147,0.9778387636723637,0.022161236327636336,0.2757139827244239,105.72731566024828,-2.567188088094974
0.1503125,15.031249999999998,0.023771165692388813,23.771165692388813,6.905241935483871,0.3926172897006556,0.2819276283615932,0.9778387636723637,0.022161236327636336,0.2756797635621819,105.59912858943127,-2.567125532394631
0.150405,15.040500000000002,0.023794155040226934,23.794155040226933,6.905838709677419,0.39254943588810787,0.28189263933582137,0.9778387636723637,0.022161236327636336,0.2756455499364791,105.47080166090544,-2.5670629913871914
0.1504975,15.049750000000001,0.023817169529204985,23.817169529204985,6.906435483870968,0.39248159966422275,0.28185765597108364,0.9778387636723637,0.022161236327636336,0.27561134184635483,105.34233436096929,-2.567000465068167
0.15059,15.059000000000001,0.023840209251883022,23.84020925188302,6.9070322580645165,0.392413781022922,0.28182267826639823,0.9778387636723637,0.022161236327636336,0.27557713929084915,105.21372617285245,-2.5669379534329773
0.1506825,15.068249999999999,0.023863274301375387,23.863274301375387,6.907629032258065,0.39234597995812975,0.2817877062207831,0.9778387636723637,0.022161236327636336,0.2755429422690018,105.08497657668983,-2.566875456477114
0.150775,15.077499999999999,0.02388636477135535,23.88636477135535,6.908225806451613,0.39227819646377265,0.2817527398332563,0.9778387636723637,0.022161236327636336,0.2755087507798525,104.9560850494958,-2.5668129741960763
0.1508675,15.086749999999999,0.023909480756059816,23.909480756059814,6.908822580645161,0.3922104305337803,0.2817177791028364,0.9778387636723637,0.022161236327636336,0.2754745648224416,104.82705106513792,-2.5667505065853016
0.15096,15.096000000000002,0.023932622350294072,23.93262235029407,6.90941935483871,0.3921426821620843,0.2816828240285416,0.9778387636723637,0.022161236327636336,0.2754403843958091,104.69787409431036,-2.566688053640287
0.1510525,15.10525,0.02395578964943658,23.95578964943658,6.910016129032258,0.3920749513426201,0.28164787460939084,0.9778387636723637,0.022161236327636336,0.27540620949899564,104.56855360450729,-2.5666256153565046
0.151145,15.1145,0.023978982749443847,23.978982749443848,6.910612903225807,0.39200723806932447,0.28161293084440253,0.9778387636723637,0.022161236327636336,0.27537204013104144,104.4390890599955,-2.566563191729441
0.1512375,15.12375,0.02400220174685531,24.00220174685531,6.911209677419355,0.3919395423361374,0.28157799273259565,0.9778387636723637,0.022161236327636336,0.2753378762909871,104.30947992178723,-2.5665007827545847
0.15133,15.133,0.02402544673879832,24.02544673879832,6.911806451612904,0.39187186413700137,0.28154306027298903,0.9778387636723637,0.022161236327636336,0.27530371797787334,104.17972564761243,-2.566438388427395
0.1514225,15.142249999999999,0.024048717822993147,24.048717822993147,6.912403225806451,0.39180420346586176,0.2815081334646019,0.9778387636723637,0.022161236327636336,0.2752695651907411,104.04982569189062,-2.566376008743367
0.151515,15.1515,0.02407201509775803,24.07201509775803,6.913,0.391736560316666,0.2814732123064533,0.9778387636723637,0.022161236327636336,0.275235417928631,103.91977950570282,-2.5663136436980225
0.1516075,15.16075,0.02409533866201431,24.09533866201431,6.9135967741935485,0.3916689346833645,0.2814382967975626,0.9778387636723637,0.022161236327636336,0.2752012761905844,103.78958653676293,-2.566251293286791
0.1517,15.17,0.02411868861529164,24.11868861529164,6.914193548387097,0.39160132655991037,0.2814033869369493,0.9778387636723637,0.022161236327636336,0.27516713997564224,103.65924622938847,-2.5661889575052297
0.1517925,15.17925,0.02414206505773318,24.14206505773318,6.914790322580645,0.39153373594025914,0.2813684827236329,0.9778387636723637,0.022161236327636336,0.275133009282846,103.52875802447181,-2.5661266363487765
0.151885,15.1885,0.024165468090100933,24.165468090100934,6.915387096774193,0.39146616281836916,0.28133358415663323,0.9778387636723637,0.022161236327636336,0.2750988841112371,103.39812135945017,-2.56606432981295
0.1519775,15.19775,0.02418889781378107,24.18889781378107,6.915983870967742,0.39139860718820074,0.2812986912349698,0.9778387636723637,0.022161236327636336,0.27506476445985684,103.26733566827599,-2.5660020378932598
0.15207,15.207,0.024212354330789367,24.212354330789367,6.916580645161291,0.3913310690437177,0.2812638039576629,0.9778387636723637,0.022161236327636336,0.27503065032774715,103.1364003813866,-2.565939760585168
0.1521625,15.21625,0.024235837743776658,24.235837743776656,6.917177419354839,0.3912635483788861,0.2812289223237324,0.9778387636723637,0.022161236327636336,0.2749965417139497,103.00531492567369,-2.5658774978842005
0.152255,15.2255,0.02425934815603441,24.25934815603441,6.917774193548388,0.3911960451876743,0.2811940463321986,0.9778387636723637,0.022161236327636336,0.2749624386175064,102.87407872445226,-2.5658152497858557
0.1523475,15.23475,0.024282885671500266,24.282885671500267,6.918370967741935,0.39112855946405356,0.2811591759820817,0.9778387636723637,0.022161236327636336,0.2749283410374593,102.74269119742961,-2.56575301628564
0.15244,15.244,0.024306450394763757,24.306450394763758,6.918967741935483,0.3910610912019978,0.2811243112724021,0.9778387636723637,0.022161236327636336,0.2748942489728504,102.61115176067354,-2.56569079737905
0.1525325,15.25325,0.024330042431072025,24.330042431072027,6.919564516129032,0.39099364039548323,0.2810894522021805,0.9778387636723637,0.022161236327636336,0.27486016242272215,102.4794598265803,-2.565628593061589
0.152625,15.262500000000001,0.02435366188633557,24.35366188633557,6.920161290322581,0.39092620703848896,0.2810545987704375,0.9778387636723637,0.022161236327636336,0.2748260813861168,102.34761480384248,-2.5655664033287726
0.1527175,15.27175,0.02437730886713416,24.37730886713416,6.9207580645161295,0.39085879112499666,0.28101975097619386,0.9778387636723637,0.022161236327636336,0.2747920058620769,102.21561609741623,-2.565504228176121
0.15281,15.281,0.0244009834807227,24.400983480722697,6.921354838709678,0.3907913926489905,0.2809849088184707,0.9778387636723637,0.022161236327636336,0.27475793584964525,102.08346310848819,-2.56544206759911
0.1529025,15.29025,0.024424685835037294,24.424685835037295,6.921951612903226,0.39072401160445724,0.28095007229628893,0.9778387636723637,0.022161236327636336,0.27472387134786436,101.95115523444193,-2.5653799215932964
0.152995,15.299499999999998,0.024448416038701237,24.448416038701236,6.922548387096773,0.39065664798538624,0.28091524140866975,0.9778387636723637,0.022161236327636336,0.2746898123557772,101.81869186882422,-2.5653177901541726
0.1530875,15.308749999999998,0.024472174201031174,24.472174201031173,6.923145161290322,0.3905893017857693,0.2808804161546343,0.9778387636723637,0.022161236327636336,0.27465575887242666,101.68607240131091,-2.5652556732772482
0.15318,15.318000000000001,0.024495960432043298,24.495960432043297,6.923741935483871,0.39052197299960123,0.2808455965332043,0.9778387636723637,0.022161236327636336,0.27462171089685594,101.55329621767213,-2.565193570958077
0.1532725,15.327250000000001,0.0245197748424596,24.5197748424596,6.92433870967742,0.3904546616208792,0.2808107825434012,0.9778387636723637,0.022161236327636336,0.2745876684281084,101.42036269973747,-2.565131483192133
0.153365,15.336500000000001,0.024543617543714265,24.543617543714266,6.924935483870968,0.39038736764360277,0.2807759741842466,0.9778387636723637,0.022161236327636336,0.2745536314652272,101.28727122536034,-2.5650694099749582
0.1534575,15.345749999999999,0.02456748864796002,24.567488647960023,6.925532258064516,0.3903200910617744,0.28074117145476235,0.9778387636723637,0.022161236327636336,0.2745196000072559,101.15402116838231,-2.565007351302088
0.15355,15.354999999999999,0.02459138826807467,24.59138826807467,6.926129032258065,0.3902528318693988,0.28070637435397033,0.9778387636723637,0.022161236327636336,0.27448557405323804,101.02061189859695,-2.564945307169037
0.1536425,15.364249999999998,0.024615316517667647,24.615316517667647,6.926725806451612,0.3901855900604838,0.2806715828808927,0.9778387636723637,0.022161236327636336,0.2744515536022175,100.88704278171292,-2.5648832775713304
0.153735,15.373500000000002,0.02463927351108668,24.639273511086678,6.9273225806451615,0.39011836562903884,0.28063679703455136,0.9778387636723637,0.022161236327636336,0.27441753865323776,100.753313179317,-2.5648212625045077
0.1538275,15.382750000000001,0.024663259363424433,24.663259363424434,6.92791935483871,0.39005115856907724,0.28060201681396896,0.9778387636723637,0.022161236327636336,0.2743835292053432,100.61942244883683,-2.5647592619640838
0.15392,15.392,0.024687274190525434,24.687274190525436,6.928516129032258,0.3899839688746139,0.28056724221816776,0.9778387636723637,0.022161236327636336,0.2743495252575778,100.48536994350246,-2.564697275945589
0.1540125,15.40125,0.024711318108992825,24.711318108992824,6.929112903225806,0.3899167965396667,0.28053247324617026,0.9778387636723637,0.022161236327636336,0.2743155268089856,100.35115501230833,-2.5646353044445886
0.154105,15.410499999999999,0.024735391236195423,24.735391236195422,6.929709677419355,0.3898496415582559,0.2804977098969991,0.9778387636723637,0.022161236327636336,0.2742815338586109,100.21677699997412,-2.5645733474565864
0.1541975,15.419749999999999,0.0247594936902747,24.7594936902747,6.930306451612903,0.3897825039244046,0.28046295216967726,0.9778387636723637,0.022161236327636336,0.2742475464054985,100.08223524690578,-2.56451140497712
0.15429,15.429,0.024783625590151938,24.78362559015194,6.9309032258064525,0.3897153836321382,0.2804282000632275,0.9778387636723637,0.022161236327636336,0.2742135644486926,99.94752908915541,-2.564449477001744
0.1543825,15.43825,0.024807787055535418,24.807787055535417,6.9315,0.38964828067548485,0.2803934535766729,0.9778387636723637,0.022161236327636336,0.2741795879872381,99.81265785838124,-2.5643875635259947
0.154475,15.4475,0.024831978206927723,24.831978206927722,6.932096774193548,0.3895811950484753,0.2803587127090367,0.9778387636723637,0.022161236327636336,0.2741456170201798,99.67762088180682,-2.5643256645454082
0.1545675,15.45675,0.02485619916563314,24.856199165633143,6.932693548387097,0.3895141267451425,0.28032397745934196,0.9778387636723637,0.022161236327636336,0.2741116515465625,99.54241748217963,-2.5642637800555383
0.15466,15.466,0.024880450053765147,24.88045005376515,6.933290322580644,0.38944707575952275,0.2802892478266124,0.9778387636723637,0.022161236327636336,0.27407769156543144,99.40704697772959,-2.5642019100519193
0.1547525,15.475249999999999,0.02490473099425389,24.904730994253892,6.933887096774194,0.3893800420856538,0.28025452380987126,0.9778387636723637,0.022161236327636336,0.2740437370758315,99.27150868212681,-2.56414005453012
0.154845,15.4845,0.024929042110853943,24.929042110853942,6.9344838709677425,0.3893130257175771,0.2802198054081425,0.9778387636723637,0.022161236327636336,0.27400978807680837,99.13580190443867,-2.564078213485657
0.1549375,15.49375,0.024953383528151952,24.953383528151953,6.935080645161291,0.389246026649336,0.2801850926204497,0.9778387636723637,0.022161236327636336,0.27397584456740726,98.99992594908694,-2.564016386914106
0.15503,15.503,0.024977755371574553,24.977755371574553,6.935677419354839,0.38917904487497645,0.2801503854458169,0.9778387636723637,0.022161236327636336,0.2739419065466737,98.86388011580372,-2.5639545748110097
0.1551225,15.51225,0.025002157767396296,25.002157767396298,6.936274193548387,0.389112080388547,0.28011568388326796,0.9778387636723637,0.022161236327636336,0.2739079740136534,98.72766369958711,-2.5638927771719255
0.155215,15.5215,0.025026590842747626,25.026590842747627,6.936870967741935,0.3890451331840991,0.2800809879318273,0.9778387636723637,0.022161236327636336,0.2738740469673922,98.59127599065656,-2.5638309939924104
0.1553075,15.53075,0.02505105472562304,25.05105472562304,6.9374677419354835,0.38897820325568633,0.280046297590519,0.9778387636723637,0.022161236327636336,0.273840125406936,98.45471627440755,-2.5637692252680035
0.1554,15.540000000000001,0.025075549544889365,25.075549544889366,6.938064516129033,0.3889112905973649,0.2800116128583675,0.9778387636723637,0.022161236327636336,0.2738062093313306,98.3179838313652,-2.563707470994307
0.1554925,15.54925,0.02510007543029396,25.10007543029396,6.938661290322581,0.38884439520319397,0.27997693373439747,0.9778387636723637,0.022161236327636336,0.2737722987396225,98.18107793713848,-2.563645731166839
0.155585,15.5585,0.02512463251247329,25.12463251247329,6.939258064516129,0.3887775170672347,0.2799422602176334,0.9778387636723637,0.022161236327636336,0.2737383936308578,98.04399786237249,-2.563584005781182
0.1556775,15.56775,0.025149220922961346,25.149220922961348,6.939854838709677,0.38871065618355105,0.2799075923071002,0.9778387636723637,0.022161236327636336,0.27370449400408287,97.90674287270124,-2.5635222948328993
0.15577,15.577,0.025173840794198384,25.173840794198384,6.940451612903225,0.38864381254620955,0.27987293000182273,0.9778387636723637,0.022161236327636336,0.2736705998583443,97.76931222869905,-2.5634605983175534
0.1558625,15.586249999999998,0.025198492259539615,25.198492259539616,6.9410483870967745,0.3885769861492793,0.279838273300826,0.9778387636723637,0.022161236327636336,0.27363671119268873,97.631705185832,-2.5633989162306965
0.155955,15.595500000000001,0.025223175453264027,25.223175453264027,6.941645161290323,0.388510176986832,0.27980362220313526,0.9778387636723637,0.022161236327636336,0.2736028280061629,97.49392099440844,-2.563337248567927
0.1560475,15.604750000000001,0.025247890510583456,25.247890510583456,6.942241935483871,0.3884433850529417,0.27976897670777573,0.9778387636723637,0.022161236327636336,0.27356895029781375,97.35595889952877,-2.5632755953248045
0.15614,15.614,0.025272637567651555,25.272637567651554,6.942838709677419,0.38837661034168514,0.27973433681377274,0.9778387636723637,0.022161236327636336,0.2735350780666881,97.21781814103494,-2.5632139564969165
0.1562325,15.623249999999999,0.025297416761573082,25.297416761573082,6.943435483870968,0.3883098528471415,0.279699702520152,0.9778387636723637,0.022161236327636336,0.27350121131183336,97.07949795345884,-2.5631523320797944
0.156325,15.632499999999999,0.02532222823041313,25.32222823041313,6.944032258064516,0.3882431125633928,0.27966507382593914,0.9778387636723637,0.022161236327636336,0.27346735003229666,96.94099756597075,-2.563090722069052
0.1564175,15.641749999999998,0.02534707211320662,25.347072113206618,6.944629032258065,0.38817638948452304,0.2796304507301598,0.9778387636723637,0.022161236327636336,0.27343349422712526,96.8023162023263,-2.5630291264602647
0.15651,15.651000000000002,0.025371948549967778,25.37194854996778,6.945225806451613,0.38810968360461934,0.27959583323184,0.9778387636723637,0.022161236327636336,0.2733996438953668,96.6634530808135,-2.5629675452489895
0.1566025,15.660250000000001,0.025396857681699858,25.396857681699856,6.945822580645161,0.38804299491777106,0.27956122133000577,0.9778387636723637,0.022161236327636336,0.2733657990360689,96.52440741419856,-2.562905978430828
0.156695,15.6695,0.025421799650404895,25.421799650404896,6.946419354838709,0.38797632341807015,0.2795266150236832,0.9778387636723637,0.022161236327636336,0.2733319596482791,96.38517840967135,-2.5628444260013725
0.1567875,15.678749999999999,0.025446774599093648,25.446774599093647,6.947016129032258,0.38790966909961105,0.2794920143118987,0.9778387636723637,0.022161236327636336,0.27329812573104556,96.24576526879004,-2.56278288795616
0.15688,15.687999999999999,0.025471782671795628,25.471782671795626,6.9476129032258065,0.387843031956491,0.2794574191936786,0.9778387636723637,0.022161236327636336,0.27326429728341617,96.10616718742484,-2.5627213642908266
0.1569725,15.697249999999999,0.025496824013569265,25.496824013569267,6.948209677419356,0.3877764119828092,0.2794228296680494,0.9778387636723637,0.022161236327636336,0.27323047430443886,95.96638335570158,-2.5626598550009354
0.157065,15.706500000000002,0.02552189877051219,25.52189877051219,6.948806451612904,0.3877098091726683,0.2793882457340379,0.9778387636723637,0.022161236327636336,0.2731966567931622,95.82641295794392,-2.562598360082084
0.1571575,15.71575,0.02554700708977171,25.54700708977171,6.949403225806451,0.3876432235201725,0.27935366739067075,0.9778387636723637,0.022161236327636336,0.27316284474863417,95.68625517261523,-2.5625368795298797
0.15725,15.725,0.025572149119555354,25.572149119555355,6.949999999999999,0.387576655019429,0.2793190946369749,0.9778387636723637,0.022161236327636336,0.27312903816990347,95.54590917225958,-2.5624754133398833
0.1573425,15.73425,0.02559732500914155,25.59732500914155,6.950596774193548,0.3875101036645476,0.2792845274719774,0.9778387636723637,0.022161236327636336,0.2730952370560187,95.4053741234419,-2.5624139615076906
0.157435,15.7435,0.02562253490889053,25.622534908890533,6.951193548387097,0.38744356944964053,0.27924996589470547,0.9778387636723637,0.022161236327636336,0.2730614414060285,95.26464918668745,-2.5623525240289258
0.1575275,15.752749999999999,0.02564777897025526,25.64777897025526,6.951790322580646,0.38737705236882247,0.27921540990418625,0.9778387636723637,0.022161236327636336,0.2730276512189817,95.12373351642067,-2.562291100899183
0.15762,15.762,0.02567305734579263,25.67305734579263,6.952387096774194,0.3873105524162109,0.2791808594994474,0.9778387636723637,0.022161236327636336,0.2729938664939275,94.9826262609026,-2.56222969211402
0.1577125,15.77125,0.025698370189174615,25.698370189174614,6.952983870967742,0.3872440695859253,0.2791463146795161,0.9778387636723637,0.022161236327636336,0.2729600872299146,94.84132656216862,-2.5621682976690954
0.157805,15.7805,0.025723717655199867,25.723717655199867,6.95358064516129,0.3871776038720881,0.2791117754434203,0.9778387636723637,0.022161236327636336,0.2729263134259925,94.69983355596385,-2.562106917559965
0.1578975,15.78975,0.02574909989980513,25.74909989980513,6.9541774193548385,0.38711115526882434,0.2790772417901877,0.9778387636723637,0.022161236327636336,0.27289254508121047,94.55814637167924,-2.562045551782266
0.15799,15.799,0.025774517080077098,25.774517080077096,6.9547741935483876,0.3870447237702611,0.27904271371884626,0.9778387636723637,0.022161236327636336,0.27285878219461795,94.4162641322856,-2.5619842003315823
0.1580825,15.80825,0.025799969354264197,25.799969354264196,6.955370967741936,0.3869783093705286,0.27900819122842396,0.9778387636723637,0.022161236327636336,0.2728250247652645,94.27418595426747,-2.5619228632035407
0.158175,15.8175,0.02582545688178867,25.82545688178867,6.955967741935484,0.38691191206375886,0.27897367431794895,0.9778387636723637,0.022161236327636336,0.27279127279219983,94.1319109475559,-2.5618615403937404
0.1582675,15.82675,0.02585097982325879,25.85097982325879,6.956564516129032,0.3868455318440871,0.27893916298644955,0.9778387636723637,0.022161236327636336,0.27275752627447375,93.98943821546032,-2.5618002318977986
0.15836,15.836,0.02587653834048122,25.876538340481222,6.957161290322581,0.38677916870565066,0.2789046572329542,0.9778387636723637,0.022161236327636336,0.2727237852111363,93.84676685459941,-2.5617389377113136
0.1584525,15.84525,0.025902132596473535,25.902132596473535,6.957758064516129,0.38671282264258944,0.27887015705649143,0.9778387636723637,0.022161236327636336,0.27269004960123744,93.70389595483105,-2.561677657829919
0.158545,15.8545,0.02592776275547692,25.92776275547692,6.958354838709677,0.3866464936490459,0.27883566245608987,0.9778387636723637,0.022161236327636336,0.27265631944382746,93.56082459918176,-2.5616163922492023
0.1586375,15.86375,0.025953428982969075,25.953428982969076,6.958951612903226,0.38658018171916514,0.27880117343077837,0.9778387636723637,0.022161236327636336,0.2726225947379566,93.41755186377438,-2.561555140964823
0.15873,15.873000000000001,0.025979131445677223,25.979131445677222,6.959548387096774,0.3865138868470945,0.27876668997958576,0.9778387636723637,0.022161236327636336,0.27258887548267524,93.27407681775551,-2.5614939039723774
0.1588225,15.88225,0.026004870311591346,26.004870311591347,6.960145161290322,0.38644760902698405,0.27873221210154125,0.9778387636723637,0.022161236327636336,0.27255516167703414,93.1303985232217,-2.5614326812674775
0.158915,15.8915,0.02603064574997763,26.03064574997763,6.96074193548387,0.3863813482529863,0.27869773979567386,0.9778387636723637,0.022161236327636336,0.2725214533200838,92.98651603514432,-2.5613714728457633
0.1590075,15.90075,0.02605645793139197,26.056457931391968,6.96133870967742,0.38631510451925605,0.27866327306101285,0.9778387636723637,0.022161236327636336,0.2724877504108751,92.8424284012941,-2.5613102787028463
0.1591,15.909999999999998,0.026082307027693853,26.082307027693854,6.961935483870968,0.38624887781995126,0.2786288118965879,0.9778387636723637,0.022161236327636336,0.2724540529484591,92.69813466216375,-2.561249098834356
0.1591925,15.919249999999998,0.02610819321206022,26.10819321206022,6.962532258064517,0.38618266814923147,0.27859435630142826,0.9778387636723637,0.022161236327636336,0.2724203609318866,92.55363385089044,-2.56118793323592
0.159285,15.928500000000001,0.02613411665899971,26.134116658999712,6.963129032258064,0.38611647550125955,0.2785599062745638,0.9778387636723637,0.022161236327636336,0.27238667436020897,92.40892499317638,-2.5611267819031847
0.1593775,15.937750000000001,0.026160077544366944,26.160077544366946,6.963725806451612,0.3860502998702003,0.2785254618150242,0.9778387636723637,0.022161236327636336,0.2723529932324774,92.26400710720908,-2.5610656448317592
0.15947,15.947,0.026186076045377107,26.186076045377106,6.964322580645161,0.3859841412502213,0.2784910229218394,0.9778387636723637,0.022161236327636336,0.27231931754774336,92.11887920357972,-2.5610045220172792
0.1595625,15.956249999999999,0.02621211234062072,26.212112340620717,6.96491935483871,0.3859179996354926,0.2784565895940395,0.9778387636723637,0.022161236327636336,0.2722856473050584,91.97354028520097,-2.5609434134553974
0.159655,15.965499999999999,0.026238186610078578,26.23818661007858,6.965516129032259,0.3858518750201867,0.2784221618306547,0.9778387636723637,0.022161236327636336,0.27225198250347415,91.82798934722337,-2.5608823191417294
0.1597475,15.974749999999998,0.02626429903513696,26.26429903513696,6.966112903225807,0.3857857673984786,0.2783877396307152,0.9778387636723637,0.022161236327636336,0.2722183231420425,91.68222537695058,-2.5608212390719185
0.15984,15.984000000000002,0.026290449798602945,26.290449798602946,6.966709677419355,0.3857196767645458,0.2783533229932516,0.9778387636723637,0.022161236327636336,0.27218466921981527,91.5362473537538,-2.5607601732416065
0.1599325,15.99325,0.026316639084720074,26.316639084720073,6.967306451612902,0.3856536031125684,0.2783189119172943,0.9778387636723637,0.022161236327636336,0.2721510207358445,91.39005424898421,-2.5606991216464436
0.160025,16.0025,0.02634286707918416,26.342867079184163,6.967903225806452,0.38558754643672855,0.2782845064018739,0.9778387636723637,0.022161236327636336,0.27211737768918237,91.24364502588487,-2.5606380842820444
0.1601175,16.01175,0.026369133969159315,26.369133969159314,6.9685,0.3855215067312118,0.2782501064460215,0.9778387636723637,0.022161236327636336,0.27208374007888125,91.09701863950117,-2.560577061144083
0.16021,16.021,0.026395439943294255,26.395439943294257,6.969096774193549,0.3854554839902052,0.2782157120487678,0.9778387636723637,0.022161236327636336,0.2720501079039935,90.95017403658979,-2.560516052228182
0.1603025,16.03025,0.02642178519173882,26.42178519173882,6.969693548387097,0.3853894782078988,0.27818132320914396,0.9778387636723637,0.022161236327636336,0.2720164811635715,90.80311015552658,-2.560455057530016
0.160395,16.0395,0.026448169906160647,26.448169906160647,6.970290322580645,0.38532348937848504,0.2781469399261811,0.9778387636723637,0.022161236327636336,0.27198285985666815,90.65582592621318,-2.560394077045205
0.1604875,16.048750000000002,0.026474594279762224,26.474594279762226,6.970887096774193,0.385257517496159,0.2781125621989106,0.9778387636723637,0.022161236327636336,0.2719492439823361,90.50832026998212,-2.5603331107694047
0.16058,16.058,0.026501058507298145,26.501058507298147,6.9714838709677425,0.3851915625551178,0.27807819002636375,0.9778387636723637,0.022161236327636336,0.2719156335396281,90.36059209950051,-2.560272158698306
0.1606725,16.06725,0.026527562785092468,26.527562785092467,6.972080645161291,0.38512562454956156,0.2780438234075723,0.9778387636723637,0.022161236327636336,0.27188202852759746,90.21264031867258,-2.5602112208275174
0.160765,16.0765,0.02655410731105661,26.55410731105661,6.972677419354839,0.38505970347369267,0.2780094623415678,0.9778387636723637,0.022161236327636336,0.2718484289452972,90.06446382254062,-2.5601502971527115
0.1608575,16.085749999999997,0.02658069228470721,26.580692284707208,6.973274193548387,0.38499379932171607,0.27797510682738225,0.9778387636723637,0.022161236327636336,0.27181483479178065,89.91606149718447,-2.560089387669549
0.16095,16.095000000000002,0.026607317907184482,26.60731790718448,6.973870967741935,0.3849279120878389,0.27794075686404746,0.9778387636723637,0.022161236327636336,0.2717812460661012,89.7674322196196,-2.5600284923736654
0.1610425,16.10425,0.02663398438127063,26.63398438127063,6.974467741935484,0.3848620417662709,0.2779064124505954,0.9778387636723637,0.022161236327636336,0.27174766276731216,89.61857485769389,-2.559967611260766
0.161135,16.1135,0.026660691911408758,26.660691911408758,6.9750645161290326,0.38479618835122475,0.2778720735860584,0.9778387636723637,0.022161236327636336,0.2717140848944674,89.46948826998242,-2.5599067443264913
0.1612275,16.12275,0.026687440703721872,26.687440703721872,6.975661290322582,0.38473035183691484,0.2778377402694687,0.9778387636723637,0.022161236327636336,0.27168051244662056,89.32017130568114,-2.5598458915664946
0.16132,16.131999999999998,0.026714230966032263,26.714230966032265,6.976258064516129,0.38466453221755875,0.27780341249985896,0.9778387636723637,0.022161236327636336,0.27164694542282575,89.17062280449868,-2.559785052976441
0.1614125,16.14125,0.026741062907881138,26.741062907881137,6.976854838709677,0.38459872948737595,0.27776909027626157,0.9778387636723637,0.022161236327636336,0.2716133838221368,89.02084159654683,-2.5597242285519997
0.161505,16.1505,0.02676793674054856,26.76793674054856,6.977451612903225,0.3845329436405887,0.27773477359770915,0.9778387636723637,0.022161236327636336,0.2715798276436077,88.87082650222916,-2.559663418288871
0.1615975,16.15975,0.026794852677073662,26.794852677073663,6.9780483870967736,0.38446717467142183,0.2777004624632347,0.9778387636723637,0.022161236327636336,0.27154627688629307,88.72057633212815,-2.5596026221826866
0.16169,16.169,0.02682181093227524,26.82181093227524,6.978645161290323,0.38440142257410204,0.2776661568718711,0.9778387636723637,0.022161236327636336,0.271512731549247,88.57008988689023,-2.559541840229129
0.1617825,16.17825,0.026848811722772543,26.848811722772542,6.979241935483872,0.38433568734285933,0.2776318568226513,0.9778387636723637,0.022161236327636336,0.271479191631524,88.41936595710978,-2.559481072423899
0.161875,16.1875,0.026875855267006473,26.87585526700647,6.97983870967742,0.3842699689719257,0.2775975623146088,0.9778387636723637,0.022161236327636336,0.271445657132179,88.26840332321069,-2.559420318762615
0.1619675,16.196749999999998,0.026902941785261026,26.902941785261024,6.980435483870968,0.3842042674555357,0.2775632733467767,0.9778387636723637,0.022161236327636336,0.2714121280502665,88.11720075532659,-2.5593595792410126
0.16206,16.206,0.026930071499685137,26.930071499685138,6.981032258064516,0.38413858278792606,0.27752898991818853,0.9778387636723637,0.022161236327636336,0.27137860438484135,87.96575701317906,-2.559298853854737
0.1621525,16.21525,0.026957244634314797,26.957244634314797,6.9816290322580645,0.3840729149633366,0.2774947120278779,0.9778387636723637,0.022161236327636336,0.2713450861349587,87.81407084595402,-2.5592381425994772
0.162245,16.2245,0.026984461415095546,26.984461415095545,6.982225806451614,0.38400726397600904,0.27746043967487843,0.9778387636723637,0.022161236327636336,0.2713115732996736,87.6621409921761,-2.55917744547093
0.1623375,16.23375,0.027011722069905302,27.011722069905304,6.982822580645161,0.3839416298201879,0.2774261728582242,0.9778387636723637,0.022161236327636336,0.2712780658780414,87.50996617958138,-2.5591167624647473
0.16243,16.243,0.02703902682857755,27.03902682857755,6.98341935483871,0.3838760124901199,0.2773919115769488,0.9778387636723637,0.022161236327636336,0.27124456386911727,87.35754512498785,-2.5590560935766438
0.1625225,16.25225,0.027066375922924824,27.066375922924824,6.984016129032258,0.38381041198005433,0.27735765583008665,0.9778387636723637,0.022161236327636336,0.2712110672719569,87.20487653416407,-2.5589954388022966
0.162615,16.2615,0.02709376958676268,27.09376958676268,6.984612903225806,0.38374482828424306,0.27732340561667185,0.9778387636723637,0.022161236327636336,0.2711775760856158,87.0519591016957,-2.558934798137383
0.1627075,16.27075,0.027121208055933897,27.1212080559339,6.985209677419354,0.38367926139694014,0.27728916093573863,0.9778387636723637,0.022161236327636336,0.27114409030914977,86.89879151085009,-2.558874171577606
0.1628,16.28,0.027148691568333175,27.148691568333174,6.985806451612904,0.38361371131240224,0.2772549217863216,0.9778387636723637,0.022161236327636336,0.2711106099416146,86.7453724334386,-2.558813559118642
0.1628925,16.28925,0.027176220363932187,27.176220363932188,6.986403225806452,0.3835481780248887,0.2772206881674554,0.9778387636723637,0.022161236327636336,0.2710771349820664,86.59170052967664,-2.5587529607562187
0.162985,16.2985,0.027203794684804966,27.203794684804965,6.987,0.38348266152866095,0.2771864600781746,0.9778387636723637,0.022161236327636336,0.27104366542956126,86.43777444804185,-2.5586923764859932
0.1630775,16.30775,0.027231414775153746,27.231414775153745,6.987596774193548,0.383417161817983,0.27715223751751417,0.9778387636723637,0.022161236327636336,0.27101020128315534,86.28359282512989,-2.5586318063036932
0.16317,16.317,0.02725908088133526,27.259080881335258,6.9881935483870965,0.38335167888712135,0.27711802048450906,0.9778387636723637,0.022161236327636336,0.27097674254190507,86.12915428550772,-2.5585712502050018
0.1632625,16.32625,0.027286793251887334,27.286793251887335,6.988790322580646,0.3832862127303448,0.27708380897819435,0.9778387636723637,0.022161236327636336,0.27094328920486693,85.97445744156501,-2.558510708185599
0.163355,16.3355,0.027314552137555997,27.314552137555996,6.989387096774194,0.3832207633419249,0.27704960299760534,0.9778387636723637,0.022161236327636336,0.2709098412710976,85.81950089336281,-2.558450180241212
0.1634475,16.34475,0.027342357791323036,27.342357791323035,6.989983870967742,0.38315533071613533,0.2770154025417773,0.9778387636723637,0.022161236327636336,0.2708763987396537,85.66428322847966,-2.558389666367538
0.16354,16.354,0.027370210468433877,27.37021046843388,6.99058064516129,0.38308991484725236,0.2769812076097457,0.9778387636723637,0.022161236327636336,0.27084296160959204,85.50880302185598,-2.5583291665602936
0.1636325,16.363249999999997,0.027398110426426096,27.398110426426097,6.991177419354838,0.3830245157295548,0.27694701820054635,0.9778387636723637,0.022161236327636336,0.2708095298799698,85.35305883563498,-2.558268680815167
0.163725,16.372500000000002,0.02742605792515822,27.426057925158222,6.991774193548387,0.38295913335732373,0.27691283431321484,0.9778387636723637,0.022161236327636336,0.2707761035498441,85.1970492190016,-2.5582082091278617
0.1638175,16.38175,0.027454053226839078,27.45405322683908,6.992370967741937,0.38289376772484246,0.27687865594678684,0.9778387636723637,0.022161236327636336,0.2707426826182718,85.04077270801893,-2.55814775149413
0.16391,16.391,0.02748209659605766,27.48209659605766,6.992967741935485,0.38282841882639745,0.27684448310029874,0.9778387636723637,0.022161236327636336,0.2707092670843107,84.88422782546134,-2.558087307909621
0.1640025,16.40025,0.027510188299813394,27.510188299813393,6.993564516129033,0.38276308665627695,0.2768103157727865,0.9778387636723637,0.022161236327636336,0.2706758569470181,84.72741308064542,-2.5580268783700917
0.164095,16.409499999999998,0.027538328607546958,27.53832860754696,6.99416129032258,0.38269777120877185,0.2767761539632863,0.9778387636723637,0.022161236327636336,0.27064245220545163,84.57032696925815,-2.557966462871246
0.1641875,16.41875,0.027566517791171592,27.56651779117159,6.9947580645161285,0.38263247247817544,0.27674199767083457,0.9778387636723637,0.022161236327636336,0.27060905285866904,84.41296797318176,-2.5579060614087767
0.16428,16.428,0.02759475612510495,27.594756125104947,6.995354838709678,0.3825671904587834,0.2767078468944677,0.9778387636723637,0.022161236327636336,0.270575658905728,84.2553345603163,-2.557845673978449
0.1643725,16.43725,0.0276230438863014,27.6230438863014,6.995951612903226,0.38250192514489423,0.2766737016332225,0.9778387636723637,0.022161236327636336,0.27054227034568673,84.09742518439882,-2.5577853005759454
0.164465,16.4465,0.027651381354285024,27.651381354285025,6.996548387096775,0.38243667653080826,0.2766395618861357,0.9778387636723637,0.022161236327636336,0.27050888717760324,83.9392382848197,-2.557724941196993
0.1645575,16.45575,0.027679768811182955,27.679768811182953,6.997145161290323,0.3823714446108287,0.2766054276522441,0.9778387636723637,0.022161236327636336,0.27047550940053583,83.78077228643595,-2.5576645958373105
0.16465,16.465,0.027708206541759484,27.708206541759484,6.997741935483871,0.38230622937926106,0.27657129893058474,0.9778387636723637,0.022161236327636336,0.2704421370135427,83.62202559938116,-2.557604264492642
0.1647425,16.474249999999998,0.027736694833450575,27.736694833450574,6.9983387096774194,0.38224103083041316,0.2765371757201948,0.9778387636723637,0.022161236327636336,0.2704087700156825,83.46299661887274,-2.557543947158704
0.164835,16.4835,0.0277652339763991,27.765233976399102,6.998935483870968,0.38217584895859524,0.27650305802011144,0.9778387636723637,0.022161236327636336,0.2703754084060136,83.30368372501509,-2.557483643831221
0.1649275,16.49275,0.02779382426349052,27.79382426349052,6.999532258064517,0.38211068375812013,0.2764689458293721,0.9778387636723637,0.022161236327636336,0.2703420521835949,83.14408528260053,-2.557423354505909
0.16502,16.502,0.027822465990389348,27.822465990389347,7.000129032258065,0.3820455352233032,0.2764348391470144,0.9778387636723637,0.022161236327636336,0.27030870134748525,82.98419964090556,-2.5573630791785282
0.1651125,16.51125,0.02785115945557611,27.85115945557611,7.000725806451613,0.381980403348462,0.2764007379720759,0.9778387636723637,0.022161236327636336,0.2702753558967437,82.82402513348468,-2.5573028178447825
0.165205,16.5205,0.02787990496038495,27.87990496038495,7.001322580645161,0.3819152881279164,0.27636664230359437,0.9778387636723637,0.022161236327636336,0.27024201583042906,82.66356007796024,-2.5572425705004216
0.16529749999999999,16.52975,0.02790870280904194,27.90870280904194,7.0019193548387095,0.3818501895559891,0.27633255214060776,0.9778387636723637,0.022161236327636336,0.2702086811476009,82.5028027758087,-2.5571823371411777
0.16539,16.539,0.02793755330870409,27.93755330870409,7.002516129032258,0.38178510762700474,0.2762984674821541,0.9778387636723637,0.022161236327636336,0.27017535184731833,82.34175151214288,-2.5571221177627885
0.1654825,16.54825,0.027966456769498816,27.966456769498816,7.003112903225807,0.3817200423352905,0.27626438832727135,0.9778387636723637,0.022161236327636336,0.2701420279286408,82.18040455549145,-2.557061912360994
0.165575,16.5575,0.02799541350456439,27.99541350456439,7.003709677419355,0.38165499367517647,0.27623031467499803,0.9778387636723637,0.022161236327636336,0.27010870939062803,82.0187601575731,-2.55700172093154
0.1656675,16.56675,0.028024423830090926,28.024423830090925,7.004306451612903,0.38158996164099457,0.2761962465243726,0.9778387636723637,0.022161236327636336,0.27007539623233984,81.85681655306793,-2.5569415434701375
0.16576,16.576,0.028053488065362064,28.053488065362064,7.004903225806451,0.3815249462270794,0.27616218387443336,0.9778387636723637,0.022161236327636336,0.2700420884528359,81.69457195938446,-2.556881379972569
0.16585249999999999,16.58525,0.028082606532797493,28.08260653279749,7.0055,0.3814599474277678,0.27612812672421916,0.9778387636723637,0.022161236327636336,0.27000878605117623,81.53202457642226,-2.556821230434552
0.165945,16.5945,0.0281117795579962,28.1117795579962,7.006096774193549,0.3813949652373992,0.2760940750727687,0.9778387636723637,0.022161236327636336,0.2699754890264209,81.36917258633072,-2.556761094851867
0.1660375,16.60375,0.028141007469780394,28.141007469780394,7.006693548387098,0.3813299996503153,0.2760600289191209,0.9778387636723637,0.022161236327636336,0.26994219737763014,81.20601415326354,-2.556700973220213
0.16613,16.613,0.02817029060024037,28.170290600240367,7.007290322580646,0.3812650506608604,0.2760259882623149,0.9778387636723637,0.022161236327636336,0.26990891110386434,81.04254742312843,-2.5566408655353885
0.1662225,16.62225,0.02819962928478003,28.19962928478003,7.007887096774193,0.38120011826338107,0.27599195310138974,0.9778387636723637,0.022161236327636336,0.2698756302041839,80.87877052333279,-2.556580771793117
0.166315,16.6315,0.028229023862163312,28.229023862163313,7.0084838709677415,0.3811352024522263,0.27595792343538494,0.9778387636723637,0.022161236327636336,0.2698423546776496,80.7146815625247,-2.5565206919891406
0.16640749999999999,16.640749999999997,0.028258474674561447,28.258474674561448,7.00908064516129,0.3810703032217475,0.2759238992633397,0.9778387636723637,0.022161236327636336,0.2698090845233219,80.55027863032896,-2.556460626119256
0.1665,16.650000000000002,0.028287982067601046,28.287982067601046,7.009677419354839,0.3810054205662983,0.2758898805842937,0.9778387636723637,0.022161236327636336,0.2697758197402618,80.38555979707857,-2.5564005741791855
0.1665925,16.65925,0.028317546390413045,28.317546390413046,7.010274193548388,0.3809405544802351,0.27585586739728657,0.9778387636723637,0.022161236327636336,0.2697425603275302,80.22052311354159,-2.556340536164696
0.166685,16.6685,0.028347167995682647,28.347167995682646,7.010870967741936,0.3808757049579165,0.27582185970135814,0.9778387636723637,0.022161236327636336,0.2697093062841882,80.05516661064219,-2.5562805120715546
0.1667775,16.67775,0.028376847239700045,28.376847239700044,7.011467741935484,0.38081087199370356,0.27578785749554846,0.9778387636723637,0.022161236327636336,0.26967605760929714,79.88948829917753,-2.5562205018955098
0.16687,16.686999999999998,0.02840658448241218,28.406584482412182,7.012064516129032,0.38074605558195956,0.2757538607788975,0.9778387636723637,0.022161236327636336,0.2696428143019182,79.72348616952875,-2.5561605056323353
0.16696249999999999,16.69625,0.028436380087475437,28.436380087475438,7.01266129032258,0.3806812557170504,0.2757198695504455,0.9778387636723637,0.022161236327636336,0.269609576361113,79.55715819136694,-2.5561005232777783
0.167055,16.7055,0.02846623442230925,28.46623442230925,7.013258064516129,0.3806164723933441,0.27568588380923265,0.9778387636723637,0.022161236327636336,0.269576343785943,79.39050231335345,-2.5560405548276215
0.1671475,16.714750000000002,0.028496147858150814,28.496147858150813,7.013854838709678,0.3805517056052115,0.2756519035542996,0.9778387636723637,0.022161236327636336,0.2695431165754699,79.22351646283491,-2.5559806002776284
0.16724,16.724,0.02852612077011073,28.52612077011073,7.014451612903226,0.3804869553470255,0.27561792878468677,0.9778387636723637,0.022161236327636336,0.2695098947287557,79.05619854553213,-2.5559206596235713
0.1673325,16.733249999999998,0.028556153537229803,28.556153537229804,7.015048387096774,0.3804222216131616,0.275583959499435,0.9778387636723637,0.022161236327636336,0.26947667824486227,78.88854644522326,-2.5558607328612113
0.167425,16.7425,0.0285862465425368,28.5862465425368,7.015645161290323,0.3803575043979975,0.2755499956975851,0.9778387636723637,0.022161236327636336,0.2694434671228517,78.72055802342135,-2.5558008199863393
0.16751749999999999,16.751749999999998,0.02861640017310739,28.61640017310739,7.016241935483871,0.38029280369591323,0.2755160373781779,0.9778387636723637,0.022161236327636336,0.26941026136178625,78.55223111904512,-2.5557409209946975
0.16761,16.761,0.02864661482012412,28.646614820124118,7.01683870967742,0.3802281195012914,0.2754820845402546,0.9778387636723637,0.022161236327636336,0.2693770609607281,78.38356354808414,-2.5556810358820914
0.1677025,16.77025,0.02867689087893761,28.67689087893761,7.017435483870968,0.3801634518085172,0.2754481371828565,0.9778387636723637,0.022161236327636336,0.26934386591874,78.21455310325719,-2.5556211646442812
0.167795,16.7795,0.028707228749128955,28.707228749128955,7.018032258064516,0.38009880061197776,0.2754141953050248,0.9778387636723637,0.022161236327636336,0.26931067623488436,78.04519755366393,-2.5555613072770536
0.1678875,16.78875,0.02873762883457323,28.737628834573233,7.0186290322580644,0.3800341659060629,0.27538025890580115,0.9778387636723637,0.022161236327636336,0.26927749190822403,77.87549464443022,-2.5555014637761757
0.16798,16.798,0.028768091543504282,28.768091543504283,7.019225806451613,0.37996954768516467,0.2753463279842269,0.9778387636723637,0.022161236327636336,0.2692443129378216,77.70544209634652,-2.5554416341374604
0.16807249999999999,16.80725,0.02879861728858082,28.79861728858082,7.019822580645162,0.3799049459436776,0.2753124025393441,0.9778387636723637,0.022161236327636336,0.2692111393227403,77.53503760549884,-2.5553818183566475
0.168165,16.8165,0.028829206486953727,28.829206486953726,7.02041935483871,0.3798403606759986,0.2752784825701944,0.9778387636723637,0.022161236327636336,0.26917797106204316,77.36427884289289,-2.555322016429557
0.1682575,16.82575,0.028859859560334662,28.859859560334662,7.021016129032258,0.37977579187652677,0.27524456807581976,0.9778387636723637,0.022161236327636336,0.26914480815479336,77.19316345407103,-2.5552622283519537
0.16835,16.835,0.028890576935066237,28.89057693506624,7.021612903225806,0.3797112395396639,0.2752106590552624,0.9778387636723637,0.022161236327636336,0.26911165060005415,77.02168905872068,-2.5552024541196476
0.1684425,16.84425,0.02892135904219328,28.92135904219328,7.0222096774193545,0.379646703659814,0.27517675550756454,0.9778387636723637,0.022161236327636336,0.2690784983968892,76.84985325027624,-2.555142693728413
0.168535,16.8535,0.028952206317535725,28.952206317535726,7.022806451612903,0.37958218423138346,0.2751428574317686,0.9778387636723637,0.022161236327636336,0.269045351544362,76.67765359551215,-2.5550829471740384
0.16862749999999999,16.86275,0.028983119201762903,28.983119201762904,7.023403225806451,0.37951768124878094,0.275108964826917,0.9778387636723637,0.022161236327636336,0.2690122100415363,76.50508763412826,-2.5550232144523246
0.16872,16.872,0.02901409814046929,29.01409814046929,7.024000000000001,0.3794531947064175,0.27507507769205225,0.9778387636723637,0.022161236327636336,0.2689790738874758,76.3321528783268,-2.5549634955590608
0.1688125,16.88125,0.029045143584251806,29.045143584251807,7.024596774193549,0.379388724598707,0.2750411960262174,0.9778387636723637,0.022161236327636336,0.26894594308124464,76.1588468123808,-2.554903790490062
0.168905,16.8905,0.029076255988788734,29.076255988788734,7.025193548387097,0.37932427092006515,0.2750073198284552,0.9778387636723637,0.022161236327636336,0.26891281762190694,75.98516689219359,-2.5548440992410995
0.1689975,16.89975,0.029107435814920146,29.107435814920144,7.025790322580645,0.37925983366491034,0.27497344909780874,0.9778387636723637,0.022161236327636336,0.2688796975085269,75.81111054484964,-2.5547844218079776
0.16909,16.909,0.029138683528730072,29.138683528730073,7.026387096774194,0.37919541282766284,0.2749395838333209,0.9778387636723637,0.022161236327636336,0.2688465827401687,75.63667516815596,-2.5547247581865022
0.16918249999999999,16.918249999999997,0.029169999601630248,29.16999960163025,7.026983870967741,0.37913100840274616,0.2749057240340353,0.9778387636723637,0.022161236327636336,0.26881347331589706,75.4618581301743,-2.5546651083724874
0.169275,16.927500000000002,0.029201384510445693,29.201384510445692,7.027580645161291,0.3790666203845851,0.274871869698995,0.9778387636723637,0.022161236327636336,0.26878036923477633,75.28665676874361,-2.5546054723617084
0.1693675,16.93675,0.029232838737502015,29.232838737502014,7.028177419354839,0.3790022487676079,0.27483802082724385,0.9778387636723637,0.022161236327636336,0.26874727049587144,75.11106839099246,-2.5545458501500056
0.16946,16.946,0.029264362770714532,29.264362770714534,7.028774193548387,0.3789378935462444,0.27480417741782526,0.9778387636723637,0.022161236327636336,0.26871417709824713,74.93509027284144,-2.5544862417331626
0.1695525,16.95525,0.029295957103679274,29.295957103679275,7.029370967741936,0.37887355471492723,0.2747703394697832,0.9778387636723637,0.022161236327636336,0.26868108904096843,74.75871965849527,-2.554426647106992
0.169645,16.964499999999997,0.02932762223576587,29.32762223576587,7.029967741935483,0.37880923226809105,0.27473650698216145,0.9778387636723637,0.022161236327636336,0.2686480063231005,74.58195375992392,-2.554367066267294
0.16973749999999999,16.97375,0.029359358672212447,29.359358672212448,7.030564516129032,0.378744926200173,0.27470267995400405,0.9778387636723637,0.022161236327636336,0.2686149289437083,74.40478975633306,-2.5543074992099144
0.16983,16.983,0.029391166924222466,29.391166924222464,7.031161290322581,0.37868063650561284,0.2746688583843552,0.9778387636723637,0.022161236327636336,0.26858185690185743,74.22722479362325,-2.554247945930627
0.1699225,16.992250000000002,0.029423047509063653,29.423047509063654,7.031758064516129,0.37861636317885244,0.27463504227225927,0.9778387636723637,0.022161236327636336,0.2685487901966133,74.04925598383753,-2.5541884064252764
0.170015,17.0015,0.02945500095016919,29.45500095016919,7.0323548387096775,0.37855210621433616,0.27460123161676064,0.9778387636723637,0.022161236327636336,0.2685157288270416,73.87088040459685,-2.554128880689662
0.1701075,17.010749999999998,0.029487027777240785,29.487027777240783,7.032951612903227,0.37848786560651027,0.2745674264169038,0.9778387636723637,0.022161236327636336,0.2684826727922079,73.69209509852406,-2.554069368719608
0.1702,17.02,0.02951912852635422,29.51912852635422,7.033548387096774,0.37842364134982415,0.27453362667173353,0.9778387636723637,0.022161236327636336,0.2684496220911782,73.51289707265495,-2.5540098705109315
0.17029249999999999,17.029249999999998,0.029551303740067154,29.551303740067155,7.034145161290323,0.37835943343872874,0.2744998323802945,0.9778387636723637,0.022161236327636336,0.2684165767230183,73.3332832978365,-2.553950386059447
0.170385,17.0385,0.02958355396752916,29.58355396752916,7.034741935483871,0.37829524186767804,0.2744660435416318,0.9778387636723637,0.022161236327636336,0.2683835366867944,73.15325070811213,-2.5538909153610154
0.1704775,17.04775,0.02961587976459429,29.61587976459429,7.035338709677419,0.37823106663112815,0.2744322601547905,0.9778387636723637,0.022161236327636336,0.2683505019815728,72.97279620009371,-2.553831458411413
0.17057,17.057,0.029648281693936084,29.648281693936084,7.035935483870968,0.37816690772353717,0.27439848221881563,0.9778387636723637,0.022161236327636336,0.26831747260641975,72.79191663231897,-2.5537720152064725
0.1706625,17.06625,0.029680760325165124,29.680760325165124,7.036532258064516,0.37810276513936614,0.27436470973275273,0.9778387636723637,0.022161236327636336,0.26828444856040184,72.61060882459562,-2.5537125857420513
0.170755,17.075499999999998,0.029713316234949244,29.713316234949243,7.037129032258065,0.3780386388730778,0.27433094269564706,0.9778387636723637,0.022161236327636336,0.26825142984258554,72.42886955732988,-2.5536531700139533
0.17084749999999999,17.08475,0.0297459500071363,29.745950007136297,7.037725806451613,0.377974528919138,0.2742971811065444,0.9778387636723637,0.022161236327636336,0.2682184164520378,72.2466955708412,-2.553593768018008
0.17094,17.094,0.02977866223287996,29.77866223287996,7.038322580645162,0.3779104352720142,0.27426342496449024,0.9778387636723637,0.022161236327636336,0.26818540838782523,72.06408356466004,-2.5535343797500616
0.1710325,17.10325,0.02981145351076797,29.811453510767972,7.0389193548387095,0.3778463579261767,0.2742296742685307,0.9778387636723637,0.022161236327636336,0.26815240564901505,71.88103019681151,-2.5534750052059354
0.171125,17.1125,0.029844324446953695,29.844324446953696,7.039516129032258,0.377782296876098,0.27419592901771145,0.9778387636723637,0.022161236327636336,0.2681194082346742,71.69753208308116,-2.5534156443814733
0.1712175,17.12175,0.029877275655290438,29.87727565529044,7.040112903225806,0.3777182521162529,0.27416218921107877,0.9778387636723637,0.022161236327636336,0.2680864161438699,71.51358579626496,-2.5533562972725226
0.17131,17.131,0.02991030775746892,29.91030775746892,7.040709677419355,0.3776542236411183,0.2741284548476788,0.9778387636723637,0.022161236327636336,0.26805342937566956,71.32918786540185,-2.5532969638749177
0.17140249999999999,17.140249999999998,0.02994342138315791,29.943421383157908,7.041306451612902,0.3775902114451741,0.274094725926558,0.9778387636723637,0.022161236327636336,0.2680204479291408,71.14433477498842,-2.5532376441844673
0.171495,17.1495,0.029976617170148132,29.97661717014813,7.041903225806452,0.37752621552290166,0.2740610024467626,0.9778387636723637,0.022161236327636336,0.267987471803351,70.95902296417563,-2.5531783381970423
0.1715875,17.15875,0.03000989576449945,30.00989576449945,7.0425,0.37746223586878574,0.27402728440733964,0.9778387636723637,0.022161236327636336,0.2679545009973682,70.77324882594691,-2.553119045908476
0.17168,17.168,0.030043257820691713,30.043257820691714,7.043096774193549,0.37739827247731256,0.2739935718073356,0.9778387636723637,0.022161236327636336,0.26792153551026004,70.58700870627618,-2.5530597673146205
0.1717725,17.17725,0.030076704001778844,30.076704001778843,7.043693548387096,0.37733432534297084,0.2739598646457973,0.9778387636723637,0.022161236327636336,0.2678885753410945,70.4002989032673,-2.5530005024113263
0.171865,17.1865,0.030110234979546822,30.11023497954682,7.044290322580645,0.3772703944602519,0.27392616292177185,0.9778387636723637,0.022161236327636336,0.26785562048893985,70.21311566627219,-2.5529412511944165
0.17195749999999999,17.195749999999997,0.030143851434675312,30.143851434675312,7.044887096774193,0.37720647982364935,0.27389246663430633,0.9778387636723637,0.022161236327636336,0.2678226709528642,70.0254551949885,-2.552882013659759
0.17205,17.205000000000002,0.0301775540569032,30.1775540569032,7.045483870967742,0.37714258142765883,0.273858775782448,0.9778387636723637,0.022161236327636336,0.267789726731936,69.83731363853524,-2.5528227898032028
0.1721425,17.21425,0.03021134354519806,30.21134354519806,7.0460806451612905,0.3770786992667787,0.2738250903652443,0.9778387636723637,0.022161236327636336,0.2677567878252237,69.64868709450677,-2.5527635796206143
0.172235,17.2235,0.030245220607929748,30.24522060792975,7.046677419354839,0.3770148333355094,0.27379141038174265,0.9778387636723637,0.022161236327636336,0.267723854231796,69.4595716080034,-2.5527043831078147
0.1723275,17.23275,0.030279185963048294,30.279185963048295,7.047274193548388,0.3769509836283537,0.2737577358309907,0.9778387636723637,0.022161236327636336,0.2676909259507215,69.26996317063856,-2.552645200260696
0.17242,17.241999999999997,0.030313240338265983,30.313240338265985,7.047870967741935,0.37688715013981694,0.2737240667120364,0.9778387636723637,0.022161236327636336,0.2676580029810693,69.07985771952194,-2.552586031075087
0.17251249999999999,17.25125,0.03034738447124401,30.34738447124401,7.048467741935484,0.37682333286440634,0.2736904030239274,0.9778387636723637,0.022161236327636336,0.2676250853219081,68.88925113621734,-2.55252687554687
0.172605,17.2605,0.03038161910978378,30.38161910978378,7.049064516129032,0.37675953179663196,0.27365674476571195,0.9778387636723637,0.022161236327636336,0.26759217297230736,68.69813924567488,-2.5524677336718815
0.1726975,17.269750000000002,0.030415945012022775,30.415945012022775,7.049661290322581,0.37669574693100594,0.2736230919364381,0.9778387636723637,0.022161236327636336,0.2675592659313361,68.50651781513726,-2.5524086054460025
0.17279,17.279,0.03045036294663562,30.450362946635618,7.050258064516129,0.3766319782620426,0.2735894445351541,0.9778387636723637,0.022161236327636336,0.2675263641980638,68.31438255301717,-2.552349490865077
0.1728825,17.288249999999998,0.0304848736930399,30.484873693039898,7.050854838709678,0.3765682257842587,0.27355580256090845,0.9778387636723637,0.022161236327636336,0.2674934677715599,68.1217291077483,-2.5522903899249854
0.172975,17.2975,0.03051947804160738,30.51947804160738,7.051451612903226,0.37650448949217347,0.27352216601274965,0.9778387636723637,0.022161236327636336,0.2674605766508941,67.9285530666061,-2.5522313026215886
0.17306749999999999,17.306749999999997,0.030554176793880443,30.554176793880444,7.052048387096774,0.3764407693803084,0.27348853488972646,0.9778387636723637,0.022161236327636336,0.26742769083513623,67.73484995449925,-2.5521722289507562
0.17316,17.316000000000003,0.030588970762794158,30.58897076279416,7.0526451612903225,0.376377065443187,0.27345490919088755,0.9778387636723637,0.022161236327636336,0.26739481032335594,67.5406152327298,-2.5521131689083663
0.1732525,17.32525,0.030623860772904046,30.623860772904045,7.053241935483871,0.3763133776753354,0.27342128891528195,0.9778387636723637,0.022161236327636336,0.2673619351146235,67.34584429772187,-2.5520541224902606
0.173345,17.3345,0.030658847660619677,30.658847660619678,7.053838709677419,0.37624970607128216,0.2733876740619587,0.9778387636723637,0.022161236327636336,0.2673290652080088,67.15053247971704,-2.5519950896923524
0.1734375,17.34375,0.030693932274444353,30.693932274444354,7.054435483870967,0.37618605062555777,0.27335406462996703,0.9778387636723637,0.022161236327636336,0.26729620060258236,66.95467504143636,-2.551936070510481
0.17353,17.352999999999998,0.030729115475221124,30.729115475221125,7.055032258064517,0.37612241133269514,0.27332046061835613,0.9778387636723637,0.022161236327636336,0.2672633412974143,66.75826717670687,-2.55187706494055
0.17362249999999999,17.36225,0.03076439813638517,30.764398136385168,7.055629032258065,0.3760587881872299,0.2732868620261756,0.9778387636723637,0.022161236327636336,0.26723048729157534,66.56130400905244,-2.5518180729784157
0.173715,17.3715,0.030799781144222924,30.799781144222923,7.0562258064516135,0.3759951811836994,0.2732532688524749,0.9778387636723637,0.022161236327636336,0.2671976385841361,66.363780590247,-2.5517590946199626
0.1738075,17.38075,0.03083526539813807,30.835265398138073,7.056822580645161,0.3759315903166437,0.27321968109630396,0.9778387636723637,0.022161236327636336,0.26716479517416736,66.1656918988297,-2.5517001298610733
0.1739,17.39,0.03087085181092463,30.87085181092463,7.057419354838709,0.37586801558060506,0.27318609875671235,0.9778387636723637,0.022161236327636336,0.26713195706073983,65.9670328385799,-2.5516411786976394
0.1739925,17.39925,0.03090654130904749,30.90654130904749,7.058016129032258,0.3758044569701279,0.2731525218327502,0.9778387636723637,0.022161236327636336,0.26709912424292476,65.7677982369512,-2.5515822411255242
0.174085,17.4085,0.030942334832930452,30.942334832930452,7.058612903225806,0.3757409144797592,0.27311895032346756,0.9778387636723637,0.022161236327636336,0.2670662967197932,65.56798284346317,-2.551523317140637
0.17417749999999999,17.417749999999998,0.03097823333725206,30.97823333725206,7.059209677419355,0.375677388104048,0.2730853842279146,0.9778387636723637,0.022161236327636336,0.2670334744904164,65.36758132804961,-2.551464406738831
0.17427,17.427,0.03101423779124978,31.01423779124978,7.0598064516129035,0.3756138778375459,0.27305182354514185,0.9778387636723637,0.022161236327636336,0.2670006575538659,65.16658827936051,-2.5514055099160124
0.1743625,17.43625,0.031050349179032204,31.050349179032203,7.060403225806452,0.3755503836748067,0.2730182682741997,0.9778387636723637,0.022161236327636336,0.2669678459092132,64.96499820301868,-2.5513466266680798
0.174455,17.4455,0.03108656849990034,31.086568499900338,7.061,0.3754869056103862,0.2729847184141387,0.9778387636723637,0.022161236327636336,0.2669350395555297,64.76280551982627,-2.5512877569909125
0.1745475,17.45475,0.031122896768677515,31.122896768677514,7.061596774193548,0.37542344363884295,0.27295117396400953,0.9778387636723637,0.022161236327636336,0.2669022384918873,64.56000456392265,-2.551228900880433
0.17464,17.464,0.031159335016048728,31.15933501604873,7.062193548387096,0.3753599977547376,0.27291763492286336,0.9778387636723637,0.022161236327636336,0.2668694427173582,64.35658958088989,-2.5511700583324832
0.17473249999999999,17.47325,0.031195884288909577,31.19588428890958,7.062790322580645,0.37529656795263305,0.2728841012897509,0.9778387636723637,0.022161236327636336,0.26683665223101405,64.15255472580459,-2.551111229342986
0.174825,17.4825,0.031232545650725054,31.232545650725054,7.063387096774194,0.3752331542270948,0.27285057306372346,0.9778387636723637,0.022161236327636336,0.26680386703192727,63.9478940612348,-2.5510524139078448
0.1749175,17.49175,0.0312693201818987,31.2693201818987,7.063983870967742,0.37516975657269014,0.27281705024383224,0.9778387636723637,0.022161236327636336,0.26677108711917,63.742601555178865,-2.550993612022944
0.17501,17.501,0.03130620898015227,31.306208980152267,7.064580645161291,0.37510637498398886,0.27278353282912854,0.9778387636723637,0.022161236327636336,0.2667383124918147,63.53667107894575,-2.550934823684196
0.1751025,17.51025,0.03134321316091658,31.34321316091658,7.065177419354839,0.3750430094555635,0.2727500208186641,0.9778387636723637,0.022161236327636336,0.26670554314893397,63.330096404972956,-2.550876048887512
0.175195,17.5195,0.031380333857733644,31.380333857733646,7.065774193548387,0.3749796599819881,0.2727165142114904,0.9778387636723637,0.022161236327636336,0.26667277908960035,63.12287120458142,-2.550817287628765
0.17528749999999998,17.52875,0.031417572222670595,31.417572222670596,7.0663709677419355,0.3749163265578395,0.27268301300665926,0.9778387636723637,0.022161236327636336,0.26664002031288675,62.91498904566428,-2.5507585399038843
0.17538,17.538,0.03145492942674596,31.454929426745956,7.066967741935484,0.3748530091776968,0.2726495172032226,0.9778387636723637,0.022161236327636336,0.26660726681786606,62.706443390307165,-2.55069980570876
0.1754725,17.547250000000002,0.03149240666036852,31.492406660368516,7.067564516129032,0.37478970783614124,0.27261602680023245,0.9778387636723637,0.022161236327636336,0.26657451860361125,62.49722759233797,-2.5506410850393193
0.175565,17.5565,0.03153000513378942,31.530005133789416,7.06816129032258,0.3747264225277565,0.2725825417967411,0.9778387636723637,0.022161236327636336,0.2665417756691957,62.28733489480262,-2.5505823778914523
0.1756575,17.565749999999998,0.0315677260775678,31.567726077567798,7.068758064516129,0.3746631532471283,0.2725490621918006,0.9778387636723637,0.022161236327636336,0.2665090380136924,62.07675842736539,-2.5505236842610937
0.17575,17.575,0.03160557074305068,31.605570743050684,7.069354838709678,0.37459989998884474,0.2725155879844635,0.9778387636723637,0.022161236327636336,0.266476305636175,61.86549120362971,-2.550465004144123
0.17584249999999998,17.584249999999997,0.03164354040286745,31.64354040286745,7.0699516129032265,0.37453666274749664,0.27248211917378246,0.9778387636723637,0.022161236327636336,0.2664435785357171,61.65352611837752,-2.550406337536483
0.175935,17.593500000000002,0.03168163635143957,31.681636351439572,7.070548387096774,0.37447344151767653,0.27244865575881017,0.9778387636723637,0.022161236327636336,0.2664108567113923,61.44085594472324,-2.5503476844340787
0.1760275,17.60275,0.03171985990550609,31.71985990550609,7.071145161290322,0.3744102362939793,0.2724151977385993,0.9778387636723637,0.022161236327636336,0.2663781401622744,61.2274733311799,-2.5502890448328164
0.17612,17.612,0.03175821240466564,31.75821240466564,7.071741935483871,0.3743470470710023,0.27238174511220276,0.9778387636723637,0.022161236327636336,0.26634542888743723,61.01337079863322,-2.5502304187286358
0.1762125,17.62125,0.03179669521193537,31.796695211935372,7.072338709677419,0.3742838738433452,0.2723482978786739,0.9778387636723637,0.022161236327636336,0.2663127228859551,60.79854073722093,-2.550171806117442
0.176305,17.630499999999998,0.03183530971432752,31.83530971432752,7.072935483870968,0.37422071660560974,0.2723148560370656,0.9778387636723637,0.022161236327636336,0.26628002215690194,60.58297540311373,-2.5501132069951735
0.17639749999999998,17.63975,0.03187405732344458,31.874057323444582,7.073532258064517,0.37415757535240013,0.27228141958643143,0.9778387636723637,0.022161236327636336,0.2662473266993522,60.36666691519239,-2.5500546213577344
0.17649,17.649,0.03191293947609331,31.91293947609331,7.074129032258065,0.3740944500783228,0.2722479885258248,0.9778387636723637,0.022161236327636336,0.2662146365123804,60.14960725161968,-2.549996049201062
0.1765825,17.65825,0.03195195763491877,31.951957634918774,7.074725806451613,0.37403134077798633,0.27221456285429935,0.9778387636723637,0.022161236327636336,0.26618195159506103,59.93178824630057,-2.549937490521068
0.176675,17.6675,0.031991113289058945,31.991113289058944,7.075322580645161,0.37396824744600166,0.27218114257090864,0.9778387636723637,0.022161236327636336,0.26614927194646865,59.71320158522727,-2.5498789453137163
0.1767675,17.67675,0.032030407954820886,32.03040795482089,7.07591935483871,0.37390517007698193,0.2721477276747066,0.9778387636723637,0.022161236327636336,0.2661165975656782,59.49383880270431,-2.5498204135748894
0.17686,17.686,0.03206984317637907,32.069843176379074,7.076516129032258,0.3738421086655431,0.27211431816474746,0.9778387636723637,0.022161236327636336,0.2660839284517649,59.27369127744953,-2.549761895300532
0.17695249999999998,17.695249999999998,0.03210942052649719,32.109420526497196,7.077112903225807,0.3737790632063024,0.272080914040085,0.9778387636723637,0.022161236327636336,0.26605126460380335,59.05275022856437,-2.5497033904865907
0.177045,17.7045,0.03214914160727395,32.149141607273954,7.077709677419355,0.3737160336938801,0.2720475152997736,0.9778387636723637,0.022161236327636336,0.2660186060208691,58.83100671136968,-2.549644899128998
0.1771375,17.71375,0.03218900805091422,32.189008050914225,7.078306451612903,0.3736530201228986,0.27201412194286767,0.9778387636723637,0.022161236327636336,0.2659859527020373,58.60845161310081,-2.54958642122369
0.17723,17.723,0.032229021520526376,32.22902152052637,7.078903225806452,0.37359002248798207,0.2719807339684216,0.9778387636723637,0.022161236327636336,0.2659533046463834,58.38507564845543,-2.5495279567665907
0.1773225,17.73225,0.03226918371094694,32.26918371094694,7.0794999999999995,0.3735270407837578,0.27194735137549014,0.9778387636723637,0.022161236327636336,0.26592066185298313,58.160869354989764,-2.5494695057536427
0.177415,17.7415,0.03230949634959388,32.30949634959388,7.0800967741935485,0.3734640750048547,0.2719139741631281,0.9778387636723637,0.022161236327636336,0.26588802432091224,57.9358230883546,-2.549411068180779
0.17750749999999998,17.75075,0.03234996119734941,32.34996119734941,7.080693548387097,0.37340112514590407,0.27188060233039024,0.9778387636723637,0.022161236327636336,0.26585539204924635,57.70992701736646,-2.5493526440439576
0.1776,17.76,0.03239058004947396,32.39058004947396,7.081290322580645,0.3733381912015396,0.27184723587633164,0.9778387636723637,0.022161236327636336,0.26582276503706154,57.48317111890455,-2.54929423333913
0.1776925,17.76925,0.032431354736552356,32.43135473655236,7.081887096774193,0.37327527316639725,0.2718138748000075,0.9778387636723637,0.022161236327636336,0.265790143283434,57.25554517262856,-2.549235836062217
0.177785,17.7785,0.03247228712547392,32.47228712547392,7.082483870967743,0.37321237103511495,0.2717805191004731,0.9778387636723637,0.022161236327636336,0.2657575267874398,57.02703875550648,-2.5491774522091584
0.1778775,17.78775,0.03251337912044754,32.513379120447546,7.08308064516129,0.3731494848023334,0.2717471687767838,0.9778387636723637,0.022161236327636336,0.2657249155481554,56.79764123614718,-2.5491190817759293
0.17797,17.797,0.0325546326640537,32.5546326640537,7.083677419354839,0.373086614462695,0.27171382382799514,0.9778387636723637,0.022161236327636336,0.26569230956465717,56.56734176892718,-2.5490607247584673
0.17806249999999998,17.80625,0.03259604973833498,32.596049738334976,7.084274193548387,0.37302376001084486,0.27168048425316293,0.9778387636723637,0.022161236327636336,0.2656597088360219,56.33612928790205,-2.5490023811527114
0.178155,17.8155,0.03263763236592646,32.637632365926464,7.084870967741935,0.37296092144143,0.2716471500513428,0.9778387636723637,0.022161236327636336,0.2656271133613261,56.1039925004951,-2.5489440509546344
0.1782475,17.82475,0.03267938261122838,32.67938261122838,7.085467741935483,0.37289809874909996,0.27161382122159083,0.9778387636723637,0.022161236327636336,0.2655945231396468,55.870919880950794,-2.548885734160163
0.17834,17.834,0.032721302581622536,32.72130258162254,7.086064516129032,0.37283529192850634,0.271580497762963,0.9778387636723637,0.022161236327636336,0.26556193817006085,55.636899663542884,-2.548827430765298
0.1784325,17.843249999999998,0.03276339442873467,32.763394428734664,7.086661290322581,0.372772500974303,0.2715471796745154,0.9778387636723637,0.022161236327636336,0.2655293584516454,55.40191983552688,-2.5487691407659465
0.178525,17.8525,0.03280566034974485,32.805660349744855,7.08725806451613,0.3727097258811463,0.27151386695530466,0.9778387636723637,0.022161236327636336,0.26549678398347776,55.165968129823696,-2.5487108641580987
0.17861749999999998,17.861749999999997,0.03284810258874824,32.84810258874824,7.087854838709678,0.3726469666436947,0.2714805596043871,0.9778387636723637,0.022161236327636336,0.26546421476463533,54.92903201742257,-2.548652600937679
0.17871,17.871000000000002,0.032890723438168505,32.89072343816851,7.088451612903225,0.3725842232566087,0.2714472576208192,0.9778387636723637,0.022161236327636336,0.26543165079419545,54.691098699489736,-2.548594351100703
0.1788025,17.88025,0.032933525240226386,32.93352524022639,7.089048387096774,0.37252149571455123,0.2714139610036578,0.9778387636723637,0.022161236327636336,0.26539909207123585,54.45215509916921,-2.5485361146430767
0.178895,17.889499999999998,0.03297651038846636,32.97651038846636,7.089645161290322,0.3724587840121876,0.2713806697519597,0.9778387636723637,0.022161236327636336,0.2653665385948343,54.21218785305953,-2.5484778915608053
0.1789875,17.89875,0.03301968132934366,33.01968132934366,7.0902419354838715,0.3723960881441851,0.2713473838647818,0.9778387636723637,0.022161236327636336,0.2653339903640685,53.97118330235285,-2.5484196818498477
0.17908,17.907999999999998,0.03306304056387522,33.06304056387522,7.09083870967742,0.3723334081052136,0.2713141033411814,0.9778387636723637,0.022161236327636336,0.2653014473780167,53.72912748361792,-2.548361485506144
0.17917249999999998,17.91725,0.03310659064935729,33.10659064935729,7.091435483870968,0.37227074388994486,0.27128082818021565,0.9778387636723637,0.022161236327636336,0.265268909635757,53.48600611921034,-2.5483033025256803
0.179265,17.9265,0.03315033420115316,33.15033420115316,7.092032258064516,0.37220809549305295,0.2712475583809419,0.9778387636723637,0.022161236327636336,0.2652363771363675,53.241804607291364,-2.5482451329044404
0.1793575,17.93575,0.033194273894554635,33.194273894554634,7.092629032258064,0.3721454629092144,0.27121429394241764,0.9778387636723637,0.022161236327636336,0.2652038498789267,52.99650801143542,-2.548186976638373
0.17945,17.945,0.03323841246672092,33.23841246672092,7.093225806451613,0.37208284613310755,0.27118103486370043,0.9778387636723637,0.022161236327636336,0.26517132786251296,52.75010104980471,-2.54812883372347
0.1795425,17.95425,0.03328275271869878,33.28275271869878,7.093822580645162,0.37202024515941373,0.27114778114384824,0.9778387636723637,0.022161236327636336,0.2651388110862052,52.50256808387082,-2.548070704155706
0.179635,17.9635,0.033327297517528456,33.32729751752846,7.09441935483871,0.3719576599828157,0.2711145327819188,0.9778387636723637,0.022161236327636336,0.265106299549082,52.25389310665696,-2.5480125879310345
0.17972749999999998,17.972749999999998,0.03337204979843945,33.37204979843945,7.095016129032258,0.371895090597999,0.27108128977697027,0.9778387636723637,0.022161236327636336,0.26507379325022234,52.0040597304788,-2.5479544850454485
0.17982,17.982,0.03341701256714134,33.417012567141335,7.095612903225807,0.3718325369996511,0.2710480521280606,0.9778387636723637,0.022161236327636336,0.26504129218870515,51.753051174154415,-2.547896395494937
0.1799125,17.99125,0.03346218890221429,33.462188902214294,7.096209677419355,0.3717699991824617,0.27101481983424824,0.9778387636723637,0.022161236327636336,0.2650087963636097,51.500850249657994,-2.5478383192754532
0.180005,18.0005,0.033507581957605,33.507581957605,7.096806451612904,0.37170747714112296,0.2709815928945915,0.9778387636723637,0.022161236327636336,0.2649763057740151,51.24743934818489,-2.547780256383015
0.1800975,18.00975,0.033553194965233395,33.553194965233395,7.097403225806451,0.3716449708703293,0.2709483713081491,0.9778387636723637,0.022161236327636336,0.26494382041900105,50.992800425597636,-2.5477222068135736
0.18019,18.019,0.03359903123771657,33.599031237716574,7.098,0.371582480364777,0.2709151550739795,0.9778387636723637,0.022161236327636336,0.2649113402976468,50.73691498721841,-2.5476641705631353
0.18028249999999998,18.02825,0.03364509417121616,33.64509417121616,7.098596774193548,0.37152000561916476,0.2708819441911416,0.9778387636723637,0.022161236327636336,0.2648788654090321,50.47976407193175,-2.547606147627669
0.180375,18.0375,0.033691387248416235,33.691387248416234,7.099193548387096,0.3714575466281938,0.27084873865869435,0.9778387636723637,0.022161236327636336,0.26484639575223684,50.22132823555836,-2.54754813800319
0.1804675,18.04675,0.03373791404163901,33.737914041639016,7.099790322580646,0.3713951033865668,0.27081553847569667,0.9778387636723637,0.022161236327636336,0.2648139313263407,49.961587533460346,-2.5474901416856564
0.18056,18.056,0.03378467821610627,33.78467821610627,7.100387096774194,0.3713326758889898,0.27078234364120807,0.9778387636723637,0.022161236327636336,0.264781472130424,49.70052150233182,-2.547432158671081
0.1806525,18.06525,0.03383168353335496,33.83168353335496,7.100983870967743,0.3712702641301701,0.2707491541542876,0.9778387636723637,0.022161236327636336,0.2647490181635668,49.438109141129544,-2.547374188955459
0.180745,18.0745,0.03387893385481593,33.878933854815934,7.101580645161291,0.3712078681048176,0.27071597001399483,0.9778387636723637,0.022161236327636336,0.2647165694248494,49.174328891092415,-2.547316232534765
0.18083749999999998,18.08375,0.03392643314556537,33.92643314556537,7.102177419354838,0.37114548780764445,0.27068279121938943,0.9778387636723637,0.022161236327636336,0.2646841259133523,48.90915861479691,-2.5472582894050113
0.18093,18.093,0.033974185478259394,33.97418547825939,7.102774193548386,0.37108312323336484,0.2706496177695309,0.9778387636723637,0.022161236327636336,0.2646516876281559,48.642575574189706,-2.5472003595621806
0.1810225,18.10225,0.03402219503726255,34.022195037262556,7.103370967741935,0.3710207743766953,0.27061644966347925,0.9778387636723637,0.022161236327636336,0.264619254568341,48.374556407537916,-2.5471424430022744
0.181115,18.1115,0.03407046612298258,34.07046612298258,7.103967741935484,0.37095844123235466,0.27058328690029443,0.9778387636723637,0.022161236327636336,0.2645868267329884,48.10507710522763,-2.5470845397213195
0.1812075,18.12075,0.034119003156423564,34.11900315642357,7.104564516129033,0.37089612379506365,0.27055012947903645,0.9778387636723637,0.022161236327636336,0.2645544041211789,47.83411298434332,-2.547026649715272
0.1813,18.13,0.03416781068397127,34.16781068397127,7.105161290322581,0.37083382205954585,0.27051697739876573,0.9778387636723637,0.022161236327636336,0.26452198673199384,47.56163866195065,-2.5469687729801755
0.18139249999999998,18.139249999999997,0.03421689338242563,34.21689338242563,7.105758064516129,0.37077153602052654,0.27048383065854265,0.9778387636723637,0.022161236327636336,0.26448957456451433,47.28762802699966,-2.546910909512011
0.181485,18.148500000000002,0.034266256064295765,34.26625606429577,7.106354838709676,0.37070926567273305,0.27045068925742755,0.9778387636723637,0.022161236327636336,0.26445716761782156,47.012054210762315,-2.546853059306795
0.1815775,18.15775,0.034315903683374394,34.315903683374394,7.106951612903226,0.3706470110108953,0.27041755319448113,0.9778387636723637,0.022161236327636336,0.26442476589099706,46.73488955570952,-2.5467952223605255
0.18167,18.167,0.0343658413406106,34.3658413406106,7.107548387096775,0.3705847720297455,0.27038442246876415,0.9778387636723637,0.022161236327636336,0.2643923693831224,46.456105582723424,-2.5467373986692254
0.1817625,18.17625,0.03441607429029961,34.41607429029961,7.108145161290323,0.37052254872401785,0.2703512970793376,0.9778387636723637,0.022161236327636336,0.2643599780932794,46.17567295653894,-2.546679588228893
0.181855,18.185499999999998,0.034466607946611626,34.466607946611624,7.108741935483871,0.3704603410884488,0.2703181770252624,0.9778387636723637,0.022161236327636336,0.26432759202054973,45.89356144929259,-2.5466217910355415
0.18194749999999998,18.19475,0.03451744789048238,34.51744789048238,7.109338709677419,0.3703981491177769,0.27028506230559973,0.9778387636723637,0.022161236327636336,0.26429521116401544,45.60973990205196,-2.546564007085194
0.18204,18.204,0.03456859987689018,34.568599876890175,7.109935483870968,0.370335972806743,0.2702519529194109,0.9778387636723637,0.022161236327636336,0.2642628355227586,45.32417618418731,-2.5465062363738533
0.1821325,18.21325,0.03462006984254614,34.62006984254614,7.1105322580645165,0.37027381215009036,0.2702188488657573,0.9778387636723637,0.022161236327636336,0.2642304650958614,45.03683715043577,-2.546448478897552
0.182225,18.2225,0.034671863914027136,34.671863914027135,7.111129032258065,0.3702116671425641,0.27018575014370044,0.9778387636723637,0.022161236327636336,0.26419809988240617,44.74768859549487,-2.546390734652301
0.1823175,18.231749999999998,0.034723988416382384,34.72398841638238,7.111725806451613,0.37014953777891185,0.27015265675230216,0.9778387636723637,0.022161236327636336,0.26416573988147557,44.4566952059706,-2.5463330036341016
0.18241,18.241,0.0347764498822483,34.7764498822483,7.112322580645161,0.3700874240538833,0.27011956869062415,0.9778387636723637,0.022161236327636336,0.264133385092152,44.16382050948841,-2.5462752858390028
0.18250249999999998,18.250249999999998,0.03482925506150863,34.829255061508626,7.112919354838709,0.3700253259622303,0.2700864859577285,0.9778387636723637,0.022161236327636336,0.26410103551351843,43.86902682075995,-2.5462175812629946
0.182595,18.2595,0.03488241093154004,34.88241093154004,7.113516129032258,0.36996324349870674,0.27005340855267695,0.9778387636723637,0.022161236327636336,0.26406869114465736,43.572275184380324,-2.546159889902133
0.1826875,18.26875,0.034935924708087596,34.9359247080876,7.1141129032258075,0.36990117665806926,0.27002033647453205,0.9778387636723637,0.022161236327636336,0.2640363519846521,43.27352531410982,-2.546102211752428
0.18278,18.278,0.03498980385681778,34.98980385681779,7.114709677419356,0.3698391254350762,0.26998726972235604,0.9778387636723637,0.022161236327636336,0.2640040180325856,42.97273552837178,-2.5460445468099135
0.1828725,18.28725,0.03504405610560128,35.04405610560128,7.115306451612903,0.36977708982448826,0.2699542082952113,0.9778387636723637,0.022161236327636336,0.2639716892875411,42.6698626816768,-2.5459868950706173
0.182965,18.296499999999998,0.03509868945758305,35.09868945758305,7.115903225806451,0.36971506982106833,0.2699211521921605,0.9778387636723637,0.022161236327636336,0.26393936574860216,42.36486209165097,-2.545929256530546
0.18305749999999998,18.30575,0.035153712205101835,35.15371220510183,7.116499999999999,0.3696530654195815,0.2698881014122663,0.9778387636723637,0.022161236327636336,0.263907047414852,42.05768746132215,-2.54587163118577
0.18315,18.315,0.03520913294452786,35.209132944527866,7.117096774193548,0.36959107661479507,0.2698550559545917,0.9778387636723637,0.022161236327636336,0.26387473428537445,41.748290796279186,-2.5458140190322958
0.1832425,18.32425,0.03526496059209372,35.26496059209372,7.117693548387098,0.36952910340147826,0.26982201581819953,0.9778387636723637,0.022161236327636336,0.2638424263592532,41.43662231628691,-2.5457564200661467
0.183335,18.3335,0.035321204400800894,35.321204400800895,7.118290322580646,0.3694671457744032,0.26978898100215304,0.9778387636723637,0.022161236327636336,0.26381012363557216,41.122630360894746,-2.5456988342833835
0.1834275,18.34275,0.03537787397849282,35.37787397849282,7.118887096774194,0.36940520372834357,0.26975595150551546,0.9778387636723637,0.022161236327636336,0.2637778261134153,40.80626128853357,-2.5456412616800552
0.18352,18.352,0.035434979307193956,35.434979307193956,7.119483870967742,0.36934327725807525,0.2697229273273501,0.9778387636723637,0.022161236327636336,0.2637455337918668,40.487459368543234,-2.5455837022521575
0.18361249999999998,18.36125,0.03549253076382546,35.492530763825464,7.12008064516129,0.3692813663583766,0.26968990846672053,0.9778387636723637,0.022161236327636336,0.26371324667001095,40.16616666551495,-2.545526155995766
0.183705,18.3705,0.035550539142418916,35.55053914241891,7.1206774193548386,0.36921947102402813,0.2696568949226904,0.9778387636723637,0.022161236327636336,0.2636809647469321,39.84232291527009,-2.5454686229069017
0.1837975,18.37975,0.035609015677962444,35.60901567796245,7.121274193548388,0.3691575912498123,0.2696238866943235,0.9778387636723637,0.022161236327636336,0.26364868802171476,39.51586539172441,-2.545411102981622
0.18389,18.389,0.03566797207202889,35.66797207202889,7.121870967741936,0.369095727030514,0.26959088378068374,0.9778387636723637,0.022161236327636336,0.2636164164934437,39.186728763803515,-2.5453535962159557
0.1839825,18.39825,0.03572742052035088,35.72742052035088,7.122467741935484,0.3690338783609203,0.26955788618083515,0.9778387636723637,0.022161236327636336,0.26358415016120357,38.854844941488665,-2.545296102605967
0.184075,18.4075,0.03578737374252698,35.78737374252698,7.123064516129032,0.36897204523582017,0.2695248938938419,0.9778387636723637,0.022161236327636336,0.26355188902407933,38.520142909964015,-2.545238622147694
0.18416749999999998,18.416749999999997,0.035847845014063816,35.847845014063815,7.12366129032258,0.3689102276500051,0.2694919069187683,0.9778387636723637,0.022161236327636336,0.2635196330811561,38.18254855072216,-2.545181154837173
0.18426,18.426000000000002,0.035908848200982474,35.908848200982476,7.124258064516129,0.36884842559826847,0.26945892525467874,0.9778387636723637,0.022161236327636336,0.2634873823315189,37.84198444835336,-2.5451237006704757
0.1843525,18.43525,0.035970397797244605,35.97039779724461,7.124854838709678,0.36878663907540604,0.26942594890063776,0.9778387636723637,0.022161236327636336,0.26345513677425303,37.498369681591456,-2.5450662596436655
0.184445,18.4445,0.036032508965284205,36.03250896528421,7.125451612903226,0.36872486807621585,0.2693929778557102,0.9778387636723637,0.022161236327636336,0.26342289640844413,37.15161959702101,-2.5450088317527397
0.1845375,18.45375,0.036095197579966,36.095197579966005,7.126048387096774,0.36866311259549794,0.26936001211896077,0.9778387636723637,0.022161236327636336,0.2633906612331775,36.801645563653,-2.5449514169938157
0.18463,18.462999999999997,0.036158480276331256,36.158480276331254,7.126645161290322,0.3686013726280544,0.26932705168945453,0.9778387636723637,0.022161236327636336,0.263358431247539,36.44835470635522,-2.5448940153629076
0.18472249999999998,18.47225,0.036222374501537584,36.22237450153759,7.1272419354838705,0.3685396481686899,0.26929409656625647,0.9778387636723637,0.022161236327636336,0.26332620645061433,36.09164961586707,-2.5448366268561045
0.184815,18.4815,0.03628689857145202,36.28689857145202,7.12783870967742,0.3684779392122107,0.26926114674843193,0.9778387636723637,0.022161236327636336,0.2632939868414896,35.73142803283436,-2.5447792514694196
0.1849075,18.49075,0.036352071732417036,36.35207173241704,7.128435483870969,0.36841624575342574,0.269228202235046,0.9778387636723637,0.022161236327636336,0.2632617724192505,35.36758250296362,-2.544721889198986
0.185,18.5,0.03641791422878005,36.417914228780056,7.129032258064516,0.3683545677871461,0.2691952630251645,0.9778387636723637,0.022161236327636336,0.26322956318298363,34.999999999998025,-2.5446645400407886
