z_m,z_cm,B_T,B_mT,beam_radius_mm,s_local,eta_design,v_design_m_s,delta_eff_MHz
0.000000000000000000e+00,0.000000000000000000e+00,-1.181869780994021339e-02,-1.181869780994021291e+01,5.935483870967741993e+00,1.062783874897725189e+00,5.152182387262548291e-01,3.053249965316502994e+02,0.000000000000000000e+00
9.249999999999999867e-05,9.249999999999999542e-03,-1.180384777987937735e-02,-1.180384777987937817e+01,5.936080645161290192e+00,1.062570195149579177e+00,5.151680159290388250e-01,3.052420872976706505e+02,0.000000000000000000e+00
1.849999999999999973e-04,1.849999999999999908e-02,-1.178899516334126242e-02,-1.178899516334126218e+01,5.936677419354838392e+00,1.062356579837552051e+00,5.151177978743287644e-01,3.051591636231243001e+02,0.000000000000000000e+00
2.774999999999999689e-04,2.774999999999999689e-02,-1.177413995807995682e-02,-1.177413995807995661e+01,5.937274193548386592e+00,1.062143028935737865e+00,5.150675845622137983e-01,3.050762254954720447e+02,0.000000000000000000e+00
3.699999999999999947e-04,3.699999999999999817e-02,-1.175928216184674024e-02,-1.175928216184674113e+01,5.937870967741935679e+00,1.061929542418244221e+00,5.150173759927831885e-01,3.049932729021591058e+02,0.000000000000000000e+00
4.625000000000000205e-04,4.624999999999999944e-02,-1.174442177239007692e-02,-1.174442177239007634e+01,5.938467741935483879e+00,1.061716120259192264e+00,5.149671721661256418e-01,3.049103058306148455e+02,0.000000000000000000e+00
5.549999999999999378e-04,5.549999999999999378e-02,-1.172955878745558962e-02,-1.172955878745558955e+01,5.939064516129032967e+00,1.061502762432714908e+00,5.149169730823297542e-01,3.048273242682529371e+02,0.000000000000000000e+00
6.474999999999999636e-04,6.475000000000000200e-02,-1.171469320478610472e-02,-1.171469320478610499e+01,5.939661290322581166e+00,1.061289468912959277e+00,5.148667787414837882e-01,3.047443282024713085e+02,0.000000000000000000e+00
7.399999999999999894e-04,7.399999999999999634e-02,-1.169982502212159152e-02,-1.169982502212159226e+01,5.940258064516128478e+00,1.061076239674084931e+00,5.148165891436754515e-01,3.046613176206519711e+02,0.000000000000000000e+00
8.325000000000000152e-04,8.325000000000000455e-02,-1.168495423719917437e-02,-1.168495423719917525e+01,5.940854838709677566e+00,1.060863074690264085e+00,5.147664042889922298e-01,3.045782925101611340e+02,0.000000000000000000e+00
9.250000000000000409e-04,9.249999999999999889e-02,-1.167008084775318297e-02,-1.167008084775318366e+01,5.941451612903225765e+00,1.060649973935682944e+00,5.147162241775216085e-01,3.044952528583492040e+02,0.000000000000000000e+00
1.017499999999999958e-03,1.017499999999999932e-01,-1.165520485151503791e-02,-1.165520485151503749e+01,5.942048387096773965e+00,1.060436937384539702e+00,5.146660488093501851e-01,3.044121986525505577e+02,0.000000000000000000e+00
1.109999999999999876e-03,1.109999999999999876e-01,-1.164032624621335298e-02,-1.164032624621335366e+01,5.942645161290323053e+00,1.060223965011045211e+00,5.146158781845648900e-01,3.043291298800837694e+02,0.000000000000000000e+00
1.202500000000000010e-03,1.202499999999999958e-01,-1.162544502957385539e-02,-1.162544502957385539e+01,5.943241935483871252e+00,1.060011056789424755e+00,5.145657123032516544e-01,3.042460465282513837e+02,0.000000000000000000e+00
1.294999999999999927e-03,1.295000000000000040e-01,-1.161056119931942396e-02,-1.161056119931942376e+01,5.943838709677419452e+00,1.059798212693915609e+00,5.145155511654969649e-01,3.041629485843399721e+02,0.000000000000000000e+00
1.387500000000000061e-03,1.387500000000000122e-01,-1.159567475317005956e-02,-1.159567475317006036e+01,5.944435483870967651e+00,1.059585432698767482e+00,5.144653947713860864e-01,3.040798360356200760e+02,0.000000000000000000e+00
1.479999999999999979e-03,1.479999999999999927e-01,-1.158078568884291122e-02,-1.158078568884291037e+01,5.945032258064515851e+00,1.059372716778243406e+00,5.144152431210042842e-01,3.039967088693463211e+02,0.000000000000000000e+00
1.572499999999999896e-03,1.572500000000000009e-01,-1.156589400405222574e-02,-1.156589400405222534e+01,5.945629032258064051e+00,1.059160064906620624e+00,5.143650962144371563e-01,3.039135670727570755e+02,0.000000000000000000e+00
1.665000000000000030e-03,1.665000000000000091e-01,-1.155099969650939459e-02,-1.155099969650939506e+01,5.946225806451613138e+00,1.058947477058187037e+00,5.143149540517689688e-01,3.038304106330747913e+02,0.000000000000000000e+00
1.757499999999999948e-03,1.757499999999999896e-01,-1.153610276392288102e-02,-1.153610276392288014e+01,5.946822580645161338e+00,1.058734953207245422e+00,5.142648166330843207e-01,3.037472395375056635e+02,0.000000000000000000e+00
1.850000000000000082e-03,1.849999999999999978e-01,-1.152120320399828597e-02,-1.152120320399828657e+01,5.947419354838709538e+00,1.058522493328110103e+00,5.142146839584672557e-01,3.036640537732398002e+02,0.000000000000000000e+00
1.942499999999999999e-03,1.942500000000000060e-01,-1.150630101443831516e-02,-1.150630101443831599e+01,5.948016129032258625e+00,1.058310097395108951e+00,5.141645560280015959e-01,3.035808533274511092e+02,0.000000000000000000e+00
2.034999999999999917e-03,2.034999999999999865e-01,-1.149139619294274779e-02,-1.149139619294274794e+01,5.948612903225806825e+00,1.058097765382582267e+00,5.141144328417708298e-01,3.034976381872972979e+02,0.000000000000000000e+00
2.127500000000000051e-03,2.127499999999999947e-01,-1.147648873720848520e-02,-1.147648873720848606e+01,5.949209677419355025e+00,1.057885497264883679e+00,5.140643143998582243e-01,3.034144083399198735e+02,0.000000000000000000e+00
2.219999999999999751e-03,2.219999999999999751e-01,-1.146157864492949353e-02,-1.146157864492949408e+01,5.949806451612903224e+00,1.057673293016379690e+00,5.140142007023466020e-01,3.033311637724440857e+02,0.000000000000000000e+00
2.312499999999999886e-03,2.312499999999999833e-01,-1.144666591379683157e-02,-1.144666591379683140e+01,5.950403225806451424e+00,1.057461152611449684e+00,5.139640917493184524e-01,3.032479044719787566e+02,0.000000000000000000e+00
2.405000000000000020e-03,2.404999999999999916e-01,-1.143175054149860904e-02,-1.143175054149860870e+01,5.950999999999999623e+00,1.057249076024485035e+00,5.139139875408561542e-01,3.031646304256165081e+02,0.000000000000000000e+00
2.497500000000000154e-03,2.497500000000000275e-01,-1.141683252572003697e-02,-1.141683252572003759e+01,5.951596774193548711e+00,1.057037063229890661e+00,5.138638880770414197e-01,3.030813416204335908e+02,0.000000000000000000e+00
2.589999999999999854e-03,2.590000000000000080e-01,-1.140191186414340335e-02,-1.140191186414340407e+01,5.952193548387096911e+00,1.056825114202085025e+00,5.138137933579562944e-01,3.029980380434899416e+02,0.000000000000000000e+00
2.682499999999999989e-03,2.682499999999999885e-01,-1.138698855444802115e-02,-1.138698855444802049e+01,5.952790322580645110e+00,1.056613228915497693e+00,5.137637033836817135e-01,3.029147196818289558e+02,0.000000000000000000e+00
2.775000000000000123e-03,2.775000000000000244e-01,-1.137206259431027509e-02,-1.137206259431027533e+01,5.953387096774194198e+00,1.056401407344571997e+00,5.137136181542987234e-01,3.028313865224776578e+02,0.000000000000000000e+00
2.867499999999999823e-03,2.867500000000000049e-01,-1.135713398140361478e-02,-1.135713398140361541e+01,5.953983870967741510e+00,1.056189649463765035e+00,5.136635376698882594e-01,3.027480385524466442e+02,0.000000000000000000e+00
2.959999999999999958e-03,2.959999999999999853e-01,-1.134220271339850435e-02,-1.134220271339850505e+01,5.954580645161289709e+00,1.055977955247544564e+00,5.136134619305304794e-01,3.026646757587299135e+02,0.000000000000000000e+00
3.052500000000000092e-03,3.052500000000000213e-01,-1.132726878796248143e-02,-1.132726878796248116e+01,5.955177419354838797e+00,1.055766324670392997e+00,5.135633909363055416e-01,3.025812981283050931e+02,0.000000000000000000e+00
3.144999999999999792e-03,3.145000000000000018e-01,-1.131233220276009824e-02,-1.131233220276009810e+01,5.955774193548386997e+00,1.055554757706804736e+00,5.135133246872931601e-01,3.024979056481330986e+02,0.000000000000000000e+00
3.237499999999999926e-03,3.237499999999999822e-01,-1.129739295545294057e-02,-1.129739295545294020e+01,5.956370967741936084e+00,1.055343254331286840e+00,5.134632631835729377e-01,3.024144983051583608e+02,0.000000000000000000e+00
3.330000000000000061e-03,3.330000000000000182e-01,-1.128245104369961921e-02,-1.128245104369961993e+01,5.956967741935484284e+00,1.055131814518359690e+00,5.134132064252239225e-01,3.023310760863087125e+02,0.000000000000000000e+00
3.422499999999999761e-03,3.422499999999999987e-01,-1.126750646515576465e-02,-1.126750646515576548e+01,5.957564516129032484e+00,1.054920438242556102e+00,5.133631544123250512e-01,3.022476389784952175e+02,0.000000000000000000e+00
3.514999999999999895e-03,3.514999999999999791e-01,-1.125255921747405664e-02,-1.125255921747405630e+01,5.958161290322579795e+00,1.054709125478421328e+00,5.133131071449548166e-01,3.021641869686125119e+02,0.000000000000000000e+00
3.607500000000000030e-03,3.607500000000000151e-01,-1.123760929830409407e-02,-1.123760929830409339e+01,5.958758064516127995e+00,1.054497876200513717e+00,5.132630646231914895e-01,3.020807200435382356e+02,0.000000000000000000e+00
3.700000000000000164e-03,3.699999999999999956e-01,-1.122265670529259442e-02,-1.122265670529259474e+01,5.959354838709677082e+00,1.054286690383404057e+00,5.132130268471125634e-01,3.019972381901336007e+02,0.000000000000000000e+00
3.792499999999999864e-03,3.792499999999999760e-01,-1.120770143608318219e-02,-1.120770143608318214e+01,5.959951612903225282e+00,1.054075568001676677e+00,5.131629938167961980e-01,3.019137413952427664e+02,0.000000000000000000e+00
3.884999999999999998e-03,3.885000000000000120e-01,-1.119274348831651028e-02,-1.119274348831651089e+01,5.960548387096774370e+00,1.053864509029927676e+00,5.131129655323195538e-01,3.018302296456932936e+02,0.000000000000000000e+00
3.977500000000000133e-03,3.977499999999999925e-01,-1.117778285963020625e-02,-1.117778285963020579e+01,5.961145161290322569e+00,1.053653513442766920e+00,5.130629419937595692e-01,3.017467029282958606e+02,0.000000000000000000e+00
4.069999999999999833e-03,4.069999999999999729e-01,-1.116281954765893820e-02,-1.116281954765893758e+01,5.961741935483871657e+00,1.053442581214814933e+00,5.130129232011927387e-01,3.016631612298444338e+02,0.000000000000000000e+00
4.162499999999999534e-03,4.162499999999999534e-01,-1.114785355003425175e-02,-1.114785355003425238e+01,5.962338709677419857e+00,1.053231712320707780e+00,5.129629091546958897e-01,3.015796045371158129e+02,0.000000000000000000e+00
4.255000000000000102e-03,4.254999999999999893e-01,-1.113288486438475909e-02,-1.113288486438475822e+01,5.962935483870968056e+00,1.053020906735092188e+00,5.129128998543446283e-01,3.014960328368702562e+02,0.000000000000000000e+00
4.347499999999999802e-03,4.347499999999999698e-01,-1.111791348833595684e-02,-1.111791348833595627e+01,5.963532258064516256e+00,1.052810164432628648e+00,5.128628953002152269e-01,3.014124461158506847e+02,0.000000000000000000e+00
4.439999999999999503e-03,4.439999999999999503e-01,-1.110293941951038567e-02,-1.110293941951038654e+01,5.964129032258064456e+00,1.052599485387988976e+00,5.128128954923825145e-01,3.013288443607834779e+02,0.000000000000000000e+00
4.532500000000000070e-03,4.532499999999999862e-01,-1.108796265552746720e-02,-1.108796265552746796e+01,5.964725806451612655e+00,1.052388869575858976e+00,5.127629004309220973e-01,3.012452275583776213e+02,0.000000000000000000e+00
4.624999999999999771e-03,4.624999999999999667e-01,-1.107298319400361851e-02,-1.107298319400361919e+01,5.965322580645160855e+00,1.052178316970936445e+00,5.127129101159086932e-01,3.011615956953253317e+02,0.000000000000000000e+00
4.717500000000000339e-03,4.717500000000000582e-01,-1.105800103255218277e-02,-1.105800103255218225e+01,5.965919354838709943e+00,1.051967827547932055e+00,5.126629245474167984e-01,3.010779487583017158e+02,0.000000000000000000e+00
4.810000000000000039e-03,4.809999999999999831e-01,-1.104301616878345348e-02,-1.104301616878345271e+01,5.966516129032258142e+00,1.051757401281569804e+00,5.126129437255205756e-01,3.009942867339647137e+02,0.000000000000000000e+00
4.902499999999999740e-03,4.902499999999999636e-01,-1.102802860030464675e-02,-1.102802860030464593e+01,5.967112903225806342e+00,1.051547038146584123e+00,5.125629676502940768e-01,3.009106096089552125e+02,0.000000000000000000e+00
4.995000000000000308e-03,4.995000000000000551e-01,-1.101303832471992733e-02,-1.101303832471992727e+01,5.967709677419354541e+00,1.051336738117725655e+00,5.125129963218110207e-01,3.008269173698969894e+02,0.000000000000000000e+00
5.087500000000000008e-03,5.087500000000000355e-01,-1.099804533963035479e-02,-1.099804533963035524e+01,5.968306451612902741e+00,1.051126501169753924e+00,5.124630297401444601e-01,3.007432100033965412e+02,0.000000000000000000e+00
5.179999999999999709e-03,5.180000000000000160e-01,-1.098304964263391997e-02,-1.098304964263392058e+01,5.968903225806451829e+00,1.050916327277442885e+00,5.124130679053673365e-01,3.006594874960432549e+02,0.000000000000000000e+00
5.272500000000000277e-03,5.272499999999999964e-01,-1.096805123132553288e-02,-1.096805123132553206e+01,5.969500000000000028e+00,1.050706216415580041e+00,5.123631108175527027e-01,3.005757498344091800e+02,0.000000000000000000e+00
5.364999999999999977e-03,5.364999999999999769e-01,-1.095305010329699485e-02,-1.095305010329699513e+01,5.970096774193549116e+00,1.050496168558963328e+00,5.123131584767727231e-01,3.004919970050491429e+02,0.000000000000000000e+00
5.457499999999999678e-03,5.457499999999999574e-01,-1.093804625613703681e-02,-1.093804625613703685e+01,5.970693548387097316e+00,1.050286183682404895e+00,5.122632108830993403e-01,3.004082289945007460e+02,0.000000000000000000e+00
5.550000000000000246e-03,5.550000000000000488e-01,-1.092303968743124111e-02,-1.092303968743124187e+01,5.971290322580645515e+00,1.050076261760729324e+00,5.122132680366048296e-01,3.003244457892840842e+02,0.000000000000000000e+00
5.642499999999999946e-03,5.642500000000000293e-01,-1.090803039476211447e-02,-1.090803039476211467e+01,5.971887096774192827e+00,1.049866402768772300e+00,5.121633299373601345e-01,3.002406473759020287e+02,0.000000000000000000e+00
5.734999999999999647e-03,5.735000000000000098e-01,-1.089301837570903937e-02,-1.089301837570903864e+01,5.972483870967741026e+00,1.049656606681384385e+00,5.121133965854367531e-01,3.001568337408400566e+02,0.000000000000000000e+00
5.827500000000000215e-03,5.827499999999999902e-01,-1.087800362784827578e-02,-1.087800362784827612e+01,5.973080645161290114e+00,1.049446873473426356e+00,5.120634679809052958e-01,3.000730048705661375e+02,0.000000000000000000e+00
5.919999999999999915e-03,5.919999999999999707e-01,-1.086298614875294555e-02,-1.086298614875294533e+01,5.973677419354839202e+00,1.049237203119773199e+00,5.120135441238364837e-01,2.999891607515307896e+02,0.000000000000000000e+00
6.012499999999999616e-03,6.012499999999999512e-01,-1.084796593599306365e-02,-1.084796593599306291e+01,5.974274193548387402e+00,1.049027595595312334e+00,5.119636250143005940e-01,2.999053013701671375e+02,0.000000000000000000e+00
6.105000000000000183e-03,6.105000000000000426e-01,-1.083294298713549826e-02,-1.083294298713549786e+01,5.974870967741935601e+00,1.048818050874942731e+00,5.119137106523673486e-01,2.998214267128907409e+02,0.000000000000000000e+00
6.197499999999999884e-03,6.197500000000000231e-01,-1.081791729974393781e-02,-1.081791729974393768e+01,5.975467741935484689e+00,1.048608568933576901e+00,5.118638010381066916e-01,2.997375367660995380e+02,0.000000000000000000e+00
6.289999999999999584e-03,6.290000000000000036e-01,-1.080288887137897252e-02,-1.080288887137897191e+01,5.976064516129032000e+00,1.048399149746139125e+00,5.118138961715877899e-01,2.996536315161739026e+02,0.000000000000000000e+00
6.382500000000000152e-03,6.382499999999999840e-01,-1.078785769959802326e-02,-1.078785769959802288e+01,5.976661290322581088e+00,1.048189793287566784e+00,5.117639960528795884e-01,2.995697109494767574e+02,0.000000000000000000e+00
6.474999999999999853e-03,6.474999999999999645e-01,-1.077282378195533637e-02,-1.077282378195533674e+01,5.977258064516129288e+00,1.047980499532809473e+00,5.117141006820511429e-01,2.994857750523531763e+02,0.000000000000000000e+00
6.567499999999999553e-03,6.567499999999999449e-01,-1.075778711600200964e-02,-1.075778711600201021e+01,5.977854838709677487e+00,1.047771268456829441e+00,5.116642100591706210e-01,2.994018238111306687e+02,0.000000000000000000e+00
6.660000000000000121e-03,6.660000000000000364e-01,-1.074274769928593339e-02,-1.074274769928593365e+01,5.978451612903225687e+00,1.047562100034601151e+00,5.116143241843061906e-01,2.993178572121189518e+02,0.000000000000000000e+00
6.752499999999999822e-03,6.752500000000000169e-01,-1.072770552935187541e-02,-1.072770552935187460e+01,5.979048387096773887e+00,1.047352994241111945e+00,5.115644430575256862e-01,2.992338752416100647e+02,0.000000000000000000e+00
6.844999999999999522e-03,6.844999999999999973e-01,-1.071266060374136825e-02,-1.071266060374136764e+01,5.979645161290322974e+00,1.047143951051360711e+00,5.115145666788964984e-01,2.991498778858783112e+02,0.000000000000000000e+00
6.937500000000000090e-03,6.937499999999999778e-01,-1.069761291999280460e-02,-1.069761291999280495e+01,5.980241935483871174e+00,1.046934970440360768e+00,5.114646950484860177e-01,2.990658651311800895e+02,0.000000000000000000e+00
7.029999999999999791e-03,7.029999999999999583e-01,-1.068256247564133149e-02,-1.068256247564133155e+01,5.980838709677419374e+00,1.046726052383135652e+00,5.114148281663609685e-01,2.989818369637540627e+02,0.000000000000000000e+00
7.122499999999999491e-03,7.122499999999999387e-01,-1.066750926821894048e-02,-1.066750926821894119e+01,5.981435483870967573e+00,1.046517196854722886e+00,5.113649660325881863e-01,2.988977933698209313e+02,0.000000000000000000e+00
7.215000000000000059e-03,7.215000000000000302e-01,-1.065245329525438094e-02,-1.065245329525438045e+01,5.982032258064515773e+00,1.046308403830171985e+00,5.113151086472338402e-01,2.988137343355835469e+02,0.000000000000000000e+00
7.307499999999999760e-03,7.307500000000000107e-01,-1.063739455427320166e-02,-1.063739455427320202e+01,5.982629032258063972e+00,1.046099673284544895e+00,5.112652560103639887e-01,2.987296598472267988e+02,0.000000000000000000e+00
7.400000000000000328e-03,7.399999999999999911e-01,-1.062233304279776649e-02,-1.062233304279776647e+01,5.983225806451613060e+00,1.045891005192915335e+00,5.112154081220441348e-01,2.986455698909177272e+02,0.000000000000000000e+00
7.492500000000000028e-03,7.492499999999999716e-01,-1.060726875834716240e-02,-1.060726875834716232e+01,5.983822580645162148e+00,1.045682399530370565e+00,5.111655649823397818e-01,2.985614644528051258e+02,0.000000000000000000e+00
7.584999999999999729e-03,7.584999999999999520e-01,-1.059220169843727404e-02,-1.059220169843727355e+01,5.984419354838710348e+00,1.045473856272009838e+00,5.111157265913162107e-01,2.984773435190200530e+02,0.000000000000000000e+00
7.677500000000000296e-03,7.677500000000000435e-01,-1.057713186058075079e-02,-1.057713186058075117e+01,5.985016129032257659e+00,1.045265375392944840e+00,5.110658929490380364e-01,2.983932070756752637e+02,0.000000000000000000e+00
7.769999999999999997e-03,7.770000000000000240e-01,-1.056205924228701548e-02,-1.056205924228701498e+01,5.985612903225805859e+00,1.045056956868299691e+00,5.110160640555697631e-01,2.983090551088656071e+02,0.000000000000000000e+00
7.862499999999999697e-03,7.862500000000000044e-01,-1.054698384106220535e-02,-1.054698384106220566e+01,5.986209677419354946e+00,1.044848600673209837e+00,5.109662399109754505e-01,2.982248876046676855e+02,0.000000000000000000e+00
7.955000000000000265e-03,7.954999999999999849e-01,-1.053190565440922932e-02,-1.053190565440922910e+01,5.986806451612903146e+00,1.044640306782825157e+00,5.109164205153191585e-01,2.981407045491399117e+02,0.000000000000000000e+00
8.047499999999999098e-03,8.047499999999998543e-01,-1.051682467982772984e-02,-1.051682467982772984e+01,5.987403225806452234e+00,1.044432075172306185e+00,5.108666058686643918e-01,2.980565059283225651e+02,0.000000000000000000e+00
8.139999999999999666e-03,8.139999999999999458e-01,-1.050174091481411581e-02,-1.050174091481411587e+01,5.988000000000000433e+00,1.044223905816827225e+00,5.108167959710744332e-01,2.979722917282377921e+02,0.000000000000000000e+00
8.232500000000000234e-03,8.232500000000000373e-01,-1.048665435686147243e-02,-1.048665435686147163e+01,5.988596774193548633e+00,1.044015798691573904e+00,5.107669908226123434e-01,2.978880619348892651e+02,0.000000000000000000e+00
8.324999999999999067e-03,8.324999999999999067e-01,-1.047156500345964615e-02,-1.047156500345964680e+01,5.989193548387096833e+00,1.043807753771744062e+00,5.107171904233407389e-01,2.978038165342625803e+02,0.000000000000000000e+00
8.417499999999999635e-03,8.417499999999999982e-01,-1.045647285209519439e-02,-1.045647285209519417e+01,5.989790322580645032e+00,1.043599771032548418e+00,5.106673947733217922e-01,2.977195555123248596e+02,0.000000000000000000e+00
8.510000000000000203e-03,8.509999999999999787e-01,-1.044137790025136993e-02,-1.044137790025136958e+01,5.990387096774194120e+00,1.043391850449210345e+00,5.106176038726177868e-01,2.976352788550249215e+02,0.000000000000000000e+00
8.602499999999999036e-03,8.602499999999999591e-01,-1.042628014540815905e-02,-1.042628014540815862e+01,5.990983870967742320e+00,1.043183991996965432e+00,5.105678177212905622e-01,2.975509865482931673e+02,0.000000000000000000e+00
8.694999999999999604e-03,8.694999999999999396e-01,-1.041117958504220870e-02,-1.041117958504220908e+01,5.991580645161290519e+00,1.042976195651061255e+00,5.105180363194016246e-01,2.974666785780415807e+02,0.000000000000000000e+00
8.787500000000000172e-03,8.787500000000000311e-01,-1.039607621662690107e-02,-1.039607621662690029e+01,5.992177419354838719e+00,1.042768461386757162e+00,5.104682596670118144e-01,2.973823549301637286e+02,0.000000000000000000e+00
8.879999999999999005e-03,8.879999999999999005e-01,-1.038097003763229290e-02,-1.038097003763229331e+01,5.992774193548386918e+00,1.042560789179326264e+00,5.104184877641821938e-01,2.972980155905346464e+02,0.000000000000000000e+00
8.972499999999999573e-03,8.972499999999999920e-01,-1.036586104552510330e-02,-1.036586104552510257e+01,5.993370967741935118e+00,1.042353179004052555e+00,5.103687206109732699e-01,2.972136605450108391e+02,0.000000000000000000e+00
9.065000000000000141e-03,9.064999999999999725e-01,-1.035074923776874503e-02,-1.035074923776874556e+01,5.993967741935483318e+00,1.042145630836232906e+00,5.103189582074455499e-01,2.971292897794302803e+02,0.000000000000000000e+00
9.157500000000000709e-03,9.157500000000000639e-01,-1.033563461182329841e-02,-1.033563461182329846e+01,5.994564516129032405e+00,1.041938144651177067e+00,5.102692005536585418e-01,2.970449032796122424e+02,0.000000000000000000e+00
9.249999999999999542e-03,9.249999999999999334e-01,-1.032051716514550445e-02,-1.032051716514550499e+01,5.995161290322580605e+00,1.041730720424206336e+00,5.102194476496724196e-01,2.969605010313575804e+02,0.000000000000000000e+00
9.342500000000000110e-03,9.342500000000000249e-01,-1.030539689518875784e-02,-1.030539689518875868e+01,5.995758064516128805e+00,1.041523358130654664e+00,5.101696994955463582e-01,2.968760830204482772e+02,0.000000000000000000e+00
9.435000000000000678e-03,9.435000000000001164e-01,-1.029027379940311571e-02,-1.029027379940311526e+01,5.996354838709677892e+00,1.041316057745867774e+00,5.101199560913391995e-01,2.967916492326477282e+02,0.000000000000000000e+00
9.527499999999999511e-03,9.527499999999999858e-01,-1.027514787523527151e-02,-1.027514787523527140e+01,5.996951612903226980e+00,1.041108819245204486e+00,5.100702174371101183e-01,2.967071996537005703e+02,0.000000000000000000e+00
9.620000000000000079e-03,9.619999999999999662e-01,-1.026001912012856204e-02,-1.026001912012856288e+01,5.997548387096775180e+00,1.040901642604034949e+00,5.100204835329172903e-01,2.966227342693326818e+02,0.000000000000000000e+00
9.712500000000000647e-03,9.712500000000000577e-01,-1.024488753152296219e-02,-1.024488753152296283e+01,5.998145161290323379e+00,1.040694527797742186e+00,5.099707543788188913e-01,2.965382530652511832e+02,0.000000000000000000e+00
9.804999999999999480e-03,9.804999999999999272e-01,-1.022975310685504506e-02,-1.022975310685504446e+01,5.998741935483870691e+00,1.040487474801721435e+00,5.099210299748729858e-01,2.964537560271442658e+02,0.000000000000000000e+00
9.897500000000000048e-03,9.897500000000000187e-01,-1.021461584355804093e-02,-1.021461584355804142e+01,5.999338709677418890e+00,1.040280483591380145e+00,5.098713103211369724e-01,2.963692431406813057e+02,0.000000000000000000e+00
9.990000000000000616e-03,9.990000000000001101e-01,-1.019947573906179739e-02,-1.019947573906179805e+01,5.999935483870967090e+00,1.040073554142137091e+00,5.098215954176682496e-01,2.962847143915128640e+02,0.000000000000000000e+00
1.008249999999999945e-02,1.008249999999999869e+00,-1.018433279079270296e-02,-1.018433279079270370e+01,6.000532258064516178e+00,1.039866686429424592e+00,5.097718852645236609e-01,2.962001697652703456e+02,0.000000000000000000e+00
1.017500000000000002e-02,1.017500000000000071e+00,-1.016918699617385020e-02,-1.016918699617385080e+01,6.001129032258065266e+00,1.039659880428686511e+00,5.097221798617598276e-01,2.961156092475664536e+02,0.000000000000000000e+00
1.026750000000000058e-02,1.026750000000000052e+00,-1.015403835262483623e-02,-1.015403835262483589e+01,6.001725806451613465e+00,1.039453136115379817e+00,5.096724792094334822e-01,2.960310328239946216e+02,0.000000000000000000e+00
1.035999999999999942e-02,1.036000000000000032e+00,-1.013888685756190143e-02,-1.013888685756190178e+01,6.002322580645161665e+00,1.039246453464971687e+00,5.096227833076002467e-01,2.959464404801294677e+02,0.000000000000000000e+00
1.045249999999999999e-02,1.045250000000000012e+00,-1.012373250839785493e-02,-1.012373250839785577e+01,6.002919354838709864e+00,1.039039832452943513e+00,5.095730921563161875e-01,2.958618322015263971e+02,0.000000000000000000e+00
1.054500000000000055e-02,1.054499999999999993e+00,-1.010857530254209366e-02,-1.010857530254209280e+01,6.003516129032258064e+00,1.038833273054787787e+00,5.095234057556368157e-01,2.957772079737217723e+02,0.000000000000000000e+00
1.063749999999999939e-02,1.063749999999999973e+00,-1.009341523740054161e-02,-1.009341523740054214e+01,6.004112903225806264e+00,1.038626775246009659e+00,5.094737241056173094e-01,2.956925677822327430e+02,0.000000000000000000e+00
1.072999999999999995e-02,1.072999999999999954e+00,-1.007825231037576090e-02,-1.007825231037576152e+01,6.004709677419355351e+00,1.038420339002126047e+00,5.094240472063121805e-01,2.956079116125573591e+02,0.000000000000000000e+00
1.082250000000000052e-02,1.082250000000000156e+00,-1.006308651886680082e-02,-1.006308651886680039e+01,6.005306451612903551e+00,1.038213964298666303e+00,5.093743750577763851e-01,2.955232394501744011e+02,0.000000000000000000e+00
1.091499999999999936e-02,1.091499999999999915e+00,-1.004791786026929500e-02,-1.004791786026929579e+01,6.005903225806451751e+00,1.038007651111172214e+00,5.093247076600643242e-01,2.954385512805433791e+02,0.000000000000000000e+00
1.100749999999999992e-02,1.100749999999999895e+00,-1.003274633197543016e-02,-1.003274633197542975e+01,6.006499999999999950e+00,1.037801399415197112e+00,5.092750450132298434e-01,2.953538470891045904e+02,0.000000000000000000e+00
1.110000000000000049e-02,1.110000000000000098e+00,-1.001757193137391838e-02,-1.001757193137391866e+01,6.007096774193548150e+00,1.037595209186306322e+00,5.092253871173263446e-01,2.952691268612789486e+02,0.000000000000000000e+00
1.119249999999999932e-02,1.119249999999999856e+00,-1.000239465585000577e-02,-1.000239465585000609e+01,6.007693548387096349e+00,1.037389080400078267e+00,5.091757339724075626e-01,2.951843905824679837e+02,0.000000000000000000e+00
1.128499999999999989e-02,1.128500000000000059e+00,-9.987214502785463771e-03,-9.987214502785464632e+00,6.008290322580644549e+00,1.037183013032103363e+00,5.091260855785266770e-01,2.950996382380539558e+02,0.000000000000000000e+00
1.137750000000000046e-02,1.137750000000000039e+00,-9.972031469558589184e-03,-9.972031469558588768e+00,6.008887096774193637e+00,1.036977007057982458e+00,5.090764419357360904e-01,2.950148698133995140e+02,0.000000000000000000e+00
1.146999999999999929e-02,1.147000000000000020e+00,-9.956845553544192012e-03,-9.956845553544191318e+00,6.009483870967741836e+00,1.036771062453330838e+00,5.090268030440886493e-01,2.949300852938480375e+02,0.000000000000000000e+00
1.156249999999999986e-02,1.156250000000000000e+00,-9.941656752113590262e-03,-9.941656752113591011e+00,6.010080645161290036e+00,1.036565179193774888e+00,5.089771689036366453e-01,2.948452846647232946e+02,0.000000000000000000e+00
1.165500000000000043e-02,1.165499999999999980e+00,-9.926465062634582184e-03,-9.926465062634582281e+00,6.010677419354839124e+00,1.036359357254952096e+00,5.089275395144315928e-01,2.947604679113294424e+02,0.000000000000000000e+00
1.174749999999999926e-02,1.174749999999999961e+00,-9.911270482471503523e-03,-9.911270482471502774e+00,6.011274193548388212e+00,1.036153596612514161e+00,5.088779148765254501e-01,2.946756350189512546e+02,0.000000000000000000e+00
1.183999999999999983e-02,1.183999999999999941e+00,-9.896073008985123431e-03,-9.896073008985123209e+00,6.011870967741935523e+00,1.035947897242122995e+00,5.088282949899695096e-01,2.945907859728537233e+02,0.000000000000000000e+00
1.193250000000000040e-02,1.193250000000000144e+00,-9.880872639532748553e-03,-9.880872639532748636e+00,6.012467741935483723e+00,1.035742259119453834e+00,5.087786798548147305e-01,2.945059207582823433e+02,0.000000000000000000e+00
1.202499999999999923e-02,1.202499999999999902e+00,-9.865669371468110266e-03,-9.865669371468110072e+00,6.013064516129031922e+00,1.035536682220192795e+00,5.087290694711117389e-01,2.944210393604627711e+02,0.000000000000000000e+00
1.211749999999999980e-02,1.211749999999999883e+00,-9.850463202141427135e-03,-9.850463202141426677e+00,6.013661290322580122e+00,1.035331166520039314e+00,5.086794638389111611e-01,2.943361417646009954e+02,0.000000000000000000e+00
1.221000000000000037e-02,1.221000000000000085e+00,-9.835254128899408380e-03,-9.835254128899407533e+00,6.014258064516129210e+00,1.035125711994703712e+00,5.086298629582630682e-01,2.942512279558833939e+02,0.000000000000000000e+00
1.230249999999999920e-02,1.230249999999999844e+00,-9.820042149085161931e-03,-9.820042149085161043e+00,6.014854838709677409e+00,1.034920318619909407e+00,5.085802668292171980e-01,2.941662979194763352e+02,0.000000000000000000e+00
1.239499999999999977e-02,1.239500000000000046e+00,-9.804827260038307193e-03,-9.804827260038306846e+00,6.015451612903226497e+00,1.034714986371391143e+00,5.085306754518233996e-01,2.940813516405265204e+02,0.000000000000000000e+00
1.248750000000000034e-02,1.248750000000000027e+00,-9.789609459094841468e-03,-9.789609459094840815e+00,6.016048387096774697e+00,1.034509715224896098e+00,5.084810888261306339e-01,2.939963891041606985e+02,0.000000000000000000e+00
1.257999999999999917e-02,1.258000000000000007e+00,-9.774388743587233627e-03,-9.774388743587232753e+00,6.016645161290322008e+00,1.034304505156183440e+00,5.084315069521880837e-01,2.939114102954856662e+02,0.000000000000000000e+00
1.267249999999999974e-02,1.267249999999999988e+00,-9.759165110844385954e-03,-9.759165110844385538e+00,6.017241935483870208e+00,1.034099356141023884e+00,5.083819298300441547e-01,2.938264151995884959e+02,0.000000000000000000e+00
1.276500000000000030e-02,1.276499999999999968e+00,-9.743938558191609853e-03,-9.743938558191610255e+00,6.017838709677419295e+00,1.033894268155200580e+00,5.083323574597473637e-01,2.937414038015360234e+02,0.000000000000000000e+00
1.285749999999999914e-02,1.285749999999999948e+00,-9.728709082950631054e-03,-9.728709082950631526e+00,6.018435483870968383e+00,1.033689241174508444e+00,5.082827898413456724e-01,2.936563760863752464e+02,0.000000000000000000e+00
1.294999999999999971e-02,1.294999999999999929e+00,-9.713476682439587881e-03,-9.713476682439587506e+00,6.019032258064516583e+00,1.033484275174755496e+00,5.082332269748871534e-01,2.935713320391330967e+02,0.000000000000000000e+00
1.304250000000000027e-02,1.304250000000000131e+00,-9.698241353973031248e-03,-9.698241353973031664e+00,6.019629032258064782e+00,1.033279370131759745e+00,5.081836688604191021e-01,2.934862716448162701e+02,0.000000000000000000e+00
1.313499999999999911e-02,1.313499999999999890e+00,-9.683003094861886498e-03,-9.683003094861886595e+00,6.020225806451612982e+00,1.033074526021352968e+00,5.081341154979888142e-01,2.934011948884115668e+02,0.000000000000000000e+00
1.322749999999999967e-02,1.322749999999999870e+00,-9.667761902413472483e-03,-9.667761902413472441e+00,6.020822580645161182e+00,1.032869742819377379e+00,5.080845668876429189e-01,2.933161017548853806e+02,0.000000000000000000e+00
1.332000000000000024e-02,1.332000000000000073e+00,-9.652517773931499831e-03,-9.652517773931499789e+00,6.021419354838709381e+00,1.032665020501688735e+00,5.080350230294282676e-01,2.932309922291840962e+02,0.000000000000000000e+00
1.341249999999999908e-02,1.341249999999999831e+00,-9.637270706716057067e-03,-9.637270706716057234e+00,6.022016129032258469e+00,1.032460359044153675e+00,5.079854839233910457e-01,2.931458662962338053e+02,0.000000000000000000e+00
1.350499999999999964e-02,1.350500000000000034e+00,-9.622020698063588062e-03,-9.622020698063588284e+00,6.022612903225806669e+00,1.032255758422651493e+00,5.079359495695775495e-01,2.930607239409402496e+02,0.000000000000000000e+00
1.359750000000000021e-02,1.359750000000000014e+00,-9.606767745266904177e-03,-9.606767745266903802e+00,6.023209677419354868e+00,1.032051218613072585e+00,5.078864199680331870e-01,2.929755651481889913e+02,0.000000000000000000e+00
1.368999999999999904e-02,1.368999999999999995e+00,-9.591511845615163442e-03,-9.591511845615164233e+00,6.023806451612903068e+00,1.031846739591320006e+00,5.078368951188034774e-01,2.928903899028450724e+02,0.000000000000000000e+00
1.378249999999999961e-02,1.378249999999999975e+00,-9.576252996393898320e-03,-9.576252996393899153e+00,6.024403225806451267e+00,1.031642321333308576e+00,5.077873750219336069e-01,2.928051981897533551e+02,0.000000000000000000e+00
1.387500000000000018e-02,1.387499999999999956e+00,-9.560991194884937636e-03,-9.560991194884937983e+00,6.025000000000001243e+00,1.031437963814964220e+00,5.077378596774683173e-01,2.927199899937380110e+02,0.000000000000000000e+00
1.396749999999999901e-02,1.396749999999999936e+00,-9.545726438366491581e-03,-9.545726438366491706e+00,6.025596774193548555e+00,1.031233667012226851e+00,5.076883490854522396e-01,2.926347652996030320e+02,0.000000000000000000e+00
1.405999999999999958e-02,1.405999999999999917e+00,-9.530458724113061511e-03,-9.530458724113062274e+00,6.026193548387096754e+00,1.031029430901046373e+00,5.076388432459297828e-01,2.925495240921316054e+02,0.000000000000000000e+00
1.415250000000000015e-02,1.415250000000000119e+00,-9.515188049395504125e-03,-9.515188049395504777e+00,6.026790322580644954e+00,1.030825255457385126e+00,5.075893421589448007e-01,2.924642663560867391e+02,0.000000000000000000e+00
1.424499999999999898e-02,1.424499999999999877e+00,-9.499914411480944731e-03,-9.499914411480943954e+00,6.027387096774193154e+00,1.030621140657217438e+00,5.075398458245408140e-01,2.923789920762104657e+02,0.000000000000000000e+00
1.433749999999999955e-02,1.433749999999999858e+00,-9.484637807632855314e-03,-9.484637807632855910e+00,6.027983870967742241e+00,1.030417086476529409e+00,5.074903542427613434e-01,2.922937012372244681e+02,0.000000000000000000e+00
1.443000000000000012e-02,1.443000000000000060e+00,-9.469358235110988606e-03,-9.469358235110988176e+00,6.028580645161290441e+00,1.030213092891319349e+00,5.074408674136495767e-01,2.922083938238297378e+02,0.000000000000000000e+00
1.452249999999999895e-02,1.452249999999999819e+00,-9.454075691171409321e-03,-9.454075691171409446e+00,6.029177419354839529e+00,1.030009159877597114e+00,5.073913853372480354e-01,2.921230698207064620e+02,0.000000000000000000e+00
1.461499999999999952e-02,1.461500000000000021e+00,-9.438790173066417821e-03,-9.438790173066417211e+00,6.029774193548387728e+00,1.029805287411384551e+00,5.073419080135994630e-01,2.920377292125140798e+02,0.000000000000000000e+00
1.470750000000000009e-02,1.470750000000000002e+00,-9.423501678044652469e-03,-9.423501678044653218e+00,6.030370967741935040e+00,1.029601475468715721e+00,5.072924354427461591e-01,2.919523719838914531e+02,0.000000000000000000e+00
1.480000000000000066e-02,1.479999999999999982e+00,-9.408210203351018500e-03,-9.408210203351018208e+00,6.030967741935483240e+00,1.029397724025635563e+00,5.072429676247297570e-01,2.918669981194564684e+02,0.000000000000000000e+00
1.489249999999999949e-02,1.489249999999999963e+00,-9.392915746226627310e-03,-9.392915746226627505e+00,6.031564516129031439e+00,1.029194033058202340e+00,5.071935045595920011e-01,2.917816076038061510e+02,0.000000000000000000e+00
1.498500000000000006e-02,1.498499999999999943e+00,-9.377618303908921357e-03,-9.377618303908921149e+00,6.032161290322581415e+00,1.028990402542483862e+00,5.071440462473741917e-01,2.916962004215167212e+02,0.000000000000000000e+00
1.507750000000000062e-02,1.507750000000000146e+00,-9.362317873631530174e-03,-9.362317873631530674e+00,6.032758064516129615e+00,1.028786832454562816e+00,5.070945926881176291e-01,2.916107765571433674e+02,0.000000000000000000e+00
1.516999999999999946e-02,1.516999999999999904e+00,-9.347014452624383130e-03,-9.347014452624383907e+00,6.033354838709677814e+00,1.028583322770531439e+00,5.070451438818628365e-01,2.915253359952203596e+02,0.000000000000000000e+00
1.526250000000000002e-02,1.526250000000000107e+00,-9.331708038113614018e-03,-9.331708038113614379e+00,6.033951612903226014e+00,1.028379873466494399e+00,5.069956998286502259e-01,2.914398787202610492e+02,0.000000000000000000e+00
1.535500000000000059e-02,1.535500000000000087e+00,-9.316398627321571466e-03,-9.316398627321571979e+00,6.034548387096774213e+00,1.028176484518568357e+00,5.069462605285200985e-01,2.913544047167574718e+02,0.000000000000000000e+00
1.544749999999999943e-02,1.544749999999999845e+00,-9.301086217466876180e-03,-9.301086217466876249e+00,6.035145161290322413e+00,1.027973155902881741e+00,5.068968259815124222e-01,2.912689139691809146e+02,0.000000000000000000e+00
1.553999999999999999e-02,1.554000000000000048e+00,-9.285770805764308189e-03,-9.285770805764308022e+00,6.035741935483871501e+00,1.027769887595574749e+00,5.068473961876667211e-01,2.911834064619812352e+02,0.000000000000000000e+00
1.563250000000000056e-02,1.563250000000000028e+00,-9.270452389424926540e-03,-9.270452389424926665e+00,6.036338709677419700e+00,1.027566679572799124e+00,5.067979711470221860e-01,2.910978821795873728e+02,0.000000000000000000e+00
1.572499999999999939e-02,1.572500000000000009e+00,-9.255130965655897560e-03,-9.255130965655897768e+00,6.036935483870967900e+00,1.027363531810719044e+00,5.067485508596180077e-01,2.910123411064068364e+02,0.000000000000000000e+00
1.581749999999999823e-02,1.581749999999999767e+00,-9.239806531660659655e-03,-9.239806531660660127e+00,6.037532258064516100e+00,1.027160444285509566e+00,5.066991353254928221e-01,2.909267832268259895e+02,0.000000000000000000e+00
1.591000000000000053e-02,1.590999999999999970e+00,-9.224479084638810555e-03,-9.224479084638810278e+00,6.038129032258064299e+00,1.026957416973358406e+00,5.066497245446850428e-01,2.908412085252099359e+02,0.000000000000000000e+00
1.600249999999999936e-02,1.600249999999999950e+00,-9.209148621786119454e-03,-9.209148621786120259e+00,6.038725806451613387e+00,1.026754449850463935e+00,5.066003185172327505e-01,2.907556169859024067e+02,0.000000000000000000e+00
1.609499999999999820e-02,1.609499999999999709e+00,-9.193815140294528745e-03,-9.193815140294528732e+00,6.039322580645161587e+00,1.026551542893037627e+00,5.065509172431739149e-01,2.906700085932257025e+02,0.000000000000000000e+00
1.618750000000000050e-02,1.618750000000000133e+00,-9.178478637352171371e-03,-9.178478637352171177e+00,6.039919354838709786e+00,1.026348696077302280e+00,5.065015207225462834e-01,2.905843833314808649e+02,0.000000000000000000e+00
1.627999999999999933e-02,1.627999999999999892e+00,-9.163139110143289287e-03,-9.163139110143289301e+00,6.040516129032257986e+00,1.026145909379491572e+00,5.064521289553868266e-01,2.904987411849472778e+02,0.000000000000000000e+00
1.637249999999999817e-02,1.637249999999999872e+00,-9.147796555848330610e-03,-9.147796555848330513e+00,6.041112903225806186e+00,1.025943182775851836e+00,5.064027419417324039e-01,2.904130821378830660e+02,0.000000000000000000e+00
1.646500000000000047e-02,1.646500000000000075e+00,-9.132450971643849003e-03,-9.132450971643848447e+00,6.041709677419354385e+00,1.025740516242640954e+00,5.063533596816202076e-01,2.903274061745245831e+02,0.000000000000000000e+00
1.655749999999999930e-02,1.655749999999999833e+00,-9.117102354702534897e-03,-9.117102354702534939e+00,6.042306451612903473e+00,1.025537909756128130e+00,5.063039821750862091e-01,2.902417132790868095e+02,0.000000000000000000e+00
1.664999999999999813e-02,1.664999999999999813e+00,-9.101750702193232845e-03,-9.101750702193232456e+00,6.042903225806452561e+00,1.025335363292595003e+00,5.062546094221667126e-01,2.901560034357629547e+02,0.000000000000000000e+00
1.674250000000000044e-02,1.674250000000000016e+00,-9.086396011280879065e-03,-9.086396011280879037e+00,6.043499999999999872e+00,1.025132876828334094e+00,5.062052414228976893e-01,2.900702766287247414e+02,0.000000000000000000e+00
1.683499999999999927e-02,1.683499999999999996e+00,-9.071038279126544812e-03,-9.071038279126545589e+00,6.044096774193548072e+00,1.024930450339650578e+00,5.061558781773144444e-01,2.899845328421220074e+02,0.000000000000000000e+00
1.692749999999999810e-02,1.692749999999999755e+00,-9.055677502887399949e-03,-9.055677502887400365e+00,6.044693548387096271e+00,1.024728083802860512e+00,5.061065196854523940e-01,2.898987720600829334e+02,0.000000000000000000e+00
1.702000000000000041e-02,1.701999999999999957e+00,-9.040313679716706005e-03,-9.040313679716705408e+00,6.045290322580645359e+00,1.024525777194291498e+00,5.060571659473460659e-01,2.898129942667139858e+02,0.000000000000000000e+00
1.711249999999999924e-02,1.711249999999999938e+00,-9.024946806763807505e-03,-9.024946806763807672e+00,6.045887096774193559e+00,1.024323530490284240e+00,5.060078169630308764e-01,2.897271994460996325e+02,0.000000000000000000e+00
1.720499999999999807e-02,1.720499999999999918e+00,-9.009576881174166663e-03,-9.009576881174167440e+00,6.046483870967742646e+00,1.024121343667188988e+00,5.059584727325406872e-01,2.896413875823026842e+02,0.000000000000000000e+00
1.729750000000000038e-02,1.729750000000000121e+00,-8.994203900089306133e-03,-8.994203900089306813e+00,6.047080645161290846e+00,1.023919216701369983e+00,5.059091332559098042e-01,2.895555586593639532e+02,0.000000000000000000e+00
1.738999999999999921e-02,1.738999999999999879e+00,-8.978827860646809017e-03,-8.978827860646809711e+00,6.047677419354839046e+00,1.023717149569201457e+00,5.058597985331720892e-01,2.894697126613022533e+02,0.000000000000000000e+00
1.748249999999999804e-02,1.748249999999999860e+00,-8.963448759980324060e-03,-8.963448759980323644e+00,6.048274193548386357e+00,1.023515142247069409e+00,5.058104685643608489e-01,2.893838495721145136e+02,0.000000000000000000e+00
1.757500000000000034e-02,1.757500000000000062e+00,-8.948066595219544839e-03,-8.948066595219545505e+00,6.048870967741935445e+00,1.023313194711371610e+00,5.057611433495093900e-01,2.892979693757754944e+02,0.000000000000000000e+00
1.766749999999999918e-02,1.766749999999999821e+00,-8.932681363490232312e-03,-8.932681363490232229e+00,6.049467741935484533e+00,1.023111306938518705e+00,5.057118228886506861e-01,2.892120720562380143e+02,0.000000000000000000e+00
1.775999999999999801e-02,1.775999999999999801e+00,-8.917293061914173188e-03,-8.917293061914172370e+00,6.050064516129032732e+00,1.022909478904931779e+00,5.056625071818174888e-01,2.891261575974327229e+02,0.000000000000000000e+00
1.785250000000000031e-02,1.785250000000000004e+00,-8.901901687609186861e-03,-8.901901687609186098e+00,6.050661290322580932e+00,1.022707710587043461e+00,5.056131962290422166e-01,2.890402259832681011e+02,0.000000000000000000e+00
1.794499999999999915e-02,1.794499999999999984e+00,-8.886507237689111535e-03,-8.886507237689110994e+00,6.051258064516129132e+00,1.022506001961298150e+00,5.055638900303567329e-01,2.889542771976304607e+02,0.000000000000000000e+00
1.803750000000000145e-02,1.803750000000000187e+00,-8.871109709263809429e-03,-8.871109709263809151e+00,6.051854838709677331e+00,1.022304353004152677e+00,5.055145885857931232e-01,2.888683112243837741e+02,0.000000000000000000e+00
1.813000000000000028e-02,1.812999999999999945e+00,-8.855709099439149426e-03,-8.855709099439149412e+00,6.052451612903224643e+00,1.022102763692073646e+00,5.054652918953825846e-01,2.887823280473699015e+02,0.000000000000000000e+00
1.822249999999999912e-02,1.822249999999999925e+00,-8.840305405316996670e-03,-8.840305405316996712e+00,6.053048387096773730e+00,1.021901234001541203e+00,5.054159999591563146e-01,2.886963276504082501e+02,0.000000000000000000e+00
1.831500000000000142e-02,1.831500000000000128e+00,-8.824898623995207358e-03,-8.824898623995206748e+00,6.053645161290322818e+00,1.021699763909046377e+00,5.053667127771457324e-01,2.886103100172958307e+02,0.000000000000000000e+00
1.840750000000000025e-02,1.840750000000000108e+00,-8.809488752567633946e-03,-8.809488752567633085e+00,6.054241935483871018e+00,1.021498353391091962e+00,5.053174303493812580e-01,2.885242751318073147e+02,0.000000000000000000e+00
1.849999999999999908e-02,1.849999999999999867e+00,-8.794075788124107798e-03,-8.794075788124107618e+00,6.054838709677419217e+00,1.021297002424191414e+00,5.052681526758932007e-01,2.884382229776949202e+02,0.000000000000000000e+00
1.859250000000000139e-02,1.859250000000000069e+00,-8.778659727750401029e-03,-8.778659727750401487e+00,6.055435483870967417e+00,1.021095710984870619e+00,5.052188797567114253e-01,2.883521535386882988e+02,0.000000000000000000e+00
1.868500000000000022e-02,1.868500000000000050e+00,-8.763240568528287214e-03,-8.763240568528287255e+00,6.056032258064517393e+00,1.020894479049666570e+00,5.051696115918660190e-01,2.882660667984945917e+02,0.000000000000000000e+00
1.877749999999999905e-02,1.877749999999999808e+00,-8.747818307535482410e-03,-8.747818307535482063e+00,6.056629032258065592e+00,1.020693306595128913e+00,5.051203481813866247e-01,2.881799627407984303e+02,0.000000000000000000e+00
1.887000000000000136e-02,1.887000000000000233e+00,-8.732392941845615666e-03,-8.732392941845615653e+00,6.057225806451612904e+00,1.020492193597817732e+00,5.050710895253022192e-01,2.880938413492615950e+02,0.000000000000000000e+00
1.896250000000000019e-02,1.896249999999999991e+00,-8.716964468528301882e-03,-8.716964468528301424e+00,6.057822580645161104e+00,1.020291140034304878e+00,5.050218356236418904e-01,2.880077026075234699e+02,0.000000000000000000e+00
1.905499999999999902e-02,1.905499999999999972e+00,-8.701532884649068947e-03,-8.701532884649068933e+00,6.058419354838709303e+00,1.020090145881173305e+00,5.049725864764340599e-01,2.879215464992005309e+02,0.000000000000000000e+00
1.914750000000000132e-02,1.914750000000000174e+00,-8.686098187269354273e-03,-8.686098187269355009e+00,6.059016129032257503e+00,1.019889211115018401e+00,5.049233420837074826e-01,2.878353730078865738e+02,0.000000000000000000e+00
1.924000000000000016e-02,1.923999999999999932e+00,-8.670660373446534286e-03,-8.670660373446533953e+00,6.059612903225806591e+00,1.019688335712446658e+00,5.048741024454898030e-01,2.877491821171525430e+02,0.000000000000000000e+00
1.933249999999999899e-02,1.933249999999999913e+00,-8.655219440233887992e-03,-8.655219440233887340e+00,6.060209677419355678e+00,1.019487519650075891e+00,5.048248675618091097e-01,2.876629738105465890e+02,0.000000000000000000e+00
1.942500000000000129e-02,1.942500000000000115e+00,-8.639775384680550147e-03,-8.639775384680550729e+00,6.060806451612903878e+00,1.019286762904536570e+00,5.047756374326929363e-01,2.875767480715938405e+02,0.000000000000000000e+00
1.951750000000000013e-02,1.951750000000000096e+00,-8.624328203831613596e-03,-8.624328203831613138e+00,6.061403225806451189e+00,1.019086065452468715e+00,5.047264120581683722e-01,2.874905048837966319e+02,0.000000000000000000e+00
1.960999999999999896e-02,1.960999999999999854e+00,-8.608877894728025199e-03,-8.608877894728024671e+00,6.061999999999999389e+00,1.018885427270525224e+00,5.046771914382625068e-01,2.874042442306343332e+02,0.000000000000000000e+00
1.970250000000000126e-02,1.970250000000000057e+00,-8.593424454406582355e-03,-8.593424454406582313e+00,6.062596774193548477e+00,1.018684848335369653e+00,5.046279755730017635e-01,2.873179660955631221e+02,0.000000000000000000e+00
1.979500000000000010e-02,1.979500000000000037e+00,-8.577967879899986783e-03,-8.577967879899986769e+00,6.063193548387096676e+00,1.018484328623678437e+00,5.045787644624127877e-01,2.872316704620161545e+02,0.000000000000000000e+00
1.988749999999999893e-02,1.988749999999999796e+00,-8.562508168236797682e-03,-8.562508168236798056e+00,6.063790322580645764e+00,1.018283868112138002e+00,5.045295581065215584e-01,2.871453573134036219e+02,0.000000000000000000e+00
1.998000000000000123e-02,1.998000000000000220e+00,-8.547045316441409177e-03,-8.547045316441408858e+00,6.064387096774193964e+00,1.018083466777446988e+00,5.044803565053539440e-01,2.870590266331124099e+02,0.000000000000000000e+00
2.007250000000000006e-02,2.007249999999999979e+00,-8.531579321534050325e-03,-8.531579321534049853e+00,6.064983870967742163e+00,1.017883124596315136e+00,5.044311596589353686e-01,2.869726784045062118e+02,0.000000000000000000e+00
2.016499999999999890e-02,2.016499999999999737e+00,-8.516110180530809398e-03,-8.516110180530809259e+00,6.065580645161290363e+00,1.017682841545464179e+00,5.043819675672911451e-01,2.868863126109254722e+02,0.000000000000000000e+00
2.025750000000000120e-02,2.025749999999999940e+00,-8.500637890443599187e-03,-8.500637890443599076e+00,6.066177419354837674e+00,1.017482617601626282e+00,5.043327802304462537e-01,2.867999292356873866e+02,0.000000000000000000e+00
2.035000000000000003e-02,2.035000000000000142e+00,-8.485162448280136188e-03,-8.485162448280135550e+00,6.066774193548386762e+00,1.017282452741546273e+00,5.042835976484252303e-01,2.867135282620857879e+02,0.000000000000000000e+00
2.044249999999999887e-02,2.044249999999999901e+00,-8.469683851043957948e-03,-8.469683851043958711e+00,6.067370967741934962e+00,1.017082346941980076e+00,5.042344198212526107e-01,2.866271096733911463e+02,0.000000000000000000e+00
2.053500000000000117e-02,2.053500000000000103e+00,-8.454202095734398778e-03,-8.454202095734398625e+00,6.067967741935484050e+00,1.016882300179693832e+00,5.041852467489524869e-01,2.865406734528502852e+02,0.000000000000000000e+00
2.062750000000000000e-02,2.062749999999999861e+00,-8.438717179346593225e-03,-8.438717179346593156e+00,6.068564516129032249e+00,1.016682312431467228e+00,5.041360784315487287e-01,2.864542195836869496e+02,0.000000000000000000e+00
2.071999999999999884e-02,2.072000000000000064e+00,-8.423229098871483009e-03,-8.423229098871482634e+00,6.069161290322581337e+00,1.016482383674089496e+00,5.040869148690646506e-01,2.863677480491010670e+02,0.000000000000000000e+00
2.081250000000000114e-02,2.081250000000000266e+00,-8.407737851295742429e-03,-8.407737851295742360e+00,6.069758064516129537e+00,1.016282513884362748e+00,5.040377560615239005e-01,2.862812588322690317e+02,0.000000000000000000e+00
2.090499999999999997e-02,2.090500000000000025e+00,-8.392243433601842550e-03,-8.392243433601842995e+00,6.070354838709677736e+00,1.016082703039098867e+00,5.039886020089491270e-01,2.861947519163436482e+02,0.000000000000000000e+00
2.099749999999999880e-02,2.099749999999999783e+00,-8.376745842768025183e-03,-8.376745842768025696e+00,6.070951612903225936e+00,1.015882951115123056e+00,5.039394527113633115e-01,2.861082272844541308e+02,0.000000000000000000e+00
2.109000000000000111e-02,2.108999999999999986e+00,-8.361245075768254306e-03,-8.361245075768254154e+00,6.071548387096774135e+00,1.015683258089270291e+00,5.038903081687886587e-01,2.860216849197058195e+02,0.000000000000000000e+00
2.118249999999999994e-02,2.118250000000000188e+00,-8.345741129572280259e-03,-8.345741129572280315e+00,6.072145161290322335e+00,1.015483623938387536e+00,5.038411683812471509e-01,2.859351248051805783e+02,0.000000000000000000e+00
2.127499999999999877e-02,2.127499999999999947e+00,-8.330234001145570347e-03,-8.330234001145569778e+00,6.072741935483870535e+00,1.015284048639333081e+00,5.037920333487611035e-01,2.858485469239361692e+02,0.000000000000000000e+00
2.136750000000000108e-02,2.136750000000000149e+00,-8.314723687449293230e-03,-8.314723687449292910e+00,6.073338709677419622e+00,1.015084532168976539e+00,5.037429030713516109e-01,2.857619512590065938e+02,0.000000000000000000e+00
2.145999999999999991e-02,2.145999999999999908e+00,-8.299210185440391782e-03,-8.299210185440392351e+00,6.073935483870967822e+00,1.014885074504199514e+00,5.036937775490401004e-01,2.856753377934020932e+02,0.000000000000000000e+00
2.155249999999999874e-02,2.155249999999999666e+00,-8.283693492071491152e-03,-8.283693492071490638e+00,6.074532258064516910e+00,1.014685675621893823e+00,5.036446567818478881e-01,2.855887065101088638e+02,0.000000000000000000e+00
2.164500000000000104e-02,2.164500000000000313e+00,-8.268173604290888351e-03,-8.268173604290888434e+00,6.075129032258064221e+00,1.014486335498963943e+00,5.035955407697952912e-01,2.855020573920890570e+02,0.000000000000000000e+00
2.173749999999999988e-02,2.173750000000000071e+00,-8.252650519042656341e-03,-8.252650519042656896e+00,6.075725806451612421e+00,1.014287054112324560e+00,5.035464295129028489e-01,2.854153904222809501e+02,0.000000000000000000e+00
2.182999999999999871e-02,2.182999999999999829e+00,-8.237124233266489640e-03,-8.237124233266490236e+00,6.076322580645160620e+00,1.014087831438901910e+00,5.034973230111909892e-01,2.853287055835986052e+02,0.000000000000000000e+00
2.192250000000000101e-02,2.192250000000000032e+00,-8.221594743897765040e-03,-8.221594743897764346e+00,6.076919354838709708e+00,1.013888667455633774e+00,5.034482212646792521e-01,2.852420028589319259e+02,0.000000000000000000e+00
2.201499999999999985e-02,2.201499999999999790e+00,-8.206062047867555484e-03,-8.206062047867556331e+00,6.077516129032258796e+00,1.013689562139469480e+00,5.033991242733871774e-01,2.851552822311468276e+02,0.000000000000000000e+00
2.210749999999999868e-02,2.210749999999999993e+00,-8.190526142102581494e-03,-8.190526142102582341e+00,6.078112903225806996e+00,1.013490515467369901e+00,5.033500320373345271e-01,2.850685436830848403e+02,0.000000000000000000e+00
2.220000000000000098e-02,2.220000000000000195e+00,-8.174987023525212906e-03,-8.174987023525213559e+00,6.078709677419355195e+00,1.013291527416306126e+00,5.033009445565400641e-01,2.849817871975632215e+02,0.000000000000000000e+00
2.229249999999999982e-02,2.229249999999999954e+00,-8.159444689053479277e-03,-8.159444689053479749e+00,6.079306451612902507e+00,1.013092597963261454e+00,5.032518618310225511e-01,2.848950127573750137e+02,0.000000000000000000e+00
2.238499999999999865e-02,2.238499999999999712e+00,-8.143899135601023048e-03,-8.143899135601023076e+00,6.079903225806450706e+00,1.012893727085230289e+00,5.032027838608005288e-01,2.848082203452887597e+02,0.000000000000000000e+00
2.247750000000000095e-02,2.247749999999999915e+00,-8.128350360077120362e-03,-8.128350360077121195e+00,6.080499999999999794e+00,1.012694914759217468e+00,5.031537106458919828e-01,2.847214099440487303e+02,0.000000000000000000e+00
2.256999999999999978e-02,2.257000000000000117e+00,-8.112798359386696675e-03,-8.112798359386696134e+00,6.081096774193548882e+00,1.012496160962240710e+00,5.031046421863150098e-01,2.846345815363746397e+02,0.000000000000000000e+00
2.266249999999999862e-02,2.266249999999999876e+00,-8.097243130430234817e-03,-8.097243130430234359e+00,6.081693548387097081e+00,1.012297465671328167e+00,5.030555784820872622e-01,2.845477351049617027e+02,0.000000000000000000e+00
2.275500000000000092e-02,2.275500000000000078e+00,-8.081684670103849583e-03,-8.081684670103848944e+00,6.082290322580645281e+00,1.012098828863519095e+00,5.030065195332260597e-01,2.844608706324805780e+02,0.000000000000000000e+00
2.284749999999999975e-02,2.284749999999999837e+00,-8.066122975299253040e-03,-8.066122975299252928e+00,6.082887096774193481e+00,1.011900250515864075e+00,5.029574653397486106e-01,2.843739881015773676e+02,0.000000000000000000e+00
2.293999999999999859e-02,2.294000000000000039e+00,-8.050558042903721567e-03,-8.050558042903722011e+00,6.083483870967742568e+00,1.011701730605425009e+00,5.029084159016713462e-01,2.842870874948734468e+02,0.000000000000000000e+00
2.303250000000000089e-02,2.303250000000000242e+00,-8.034989869800132287e-03,-8.034989869800131856e+00,6.084080645161290768e+00,1.011503269109275571e+00,5.028593712190111420e-01,2.842001687949655206e+02,0.000000000000000000e+00
2.312499999999999972e-02,2.312500000000000000e+00,-8.019418452866886732e-03,-8.019418452866887037e+00,6.084677419354838968e+00,1.011304866004499647e+00,5.028103312917839851e-01,2.841132319844254539e+02,0.000000000000000000e+00
2.321749999999999856e-02,2.321749999999999758e+00,-8.003843788978001056e-03,-8.003843788978000973e+00,6.085274193548387167e+00,1.011106521268193559e+00,5.027612961200059738e-01,2.840262770458005548e+02,0.000000000000000000e+00
2.331000000000000086e-02,2.330999999999999961e+00,-7.988265875002988070e-03,-7.988265875002988459e+00,6.085870967741935367e+00,1.010908234877463840e+00,5.027122657036929843e-01,2.839393039616129499e+02,0.000000000000000000e+00
2.340249999999999969e-02,2.340250000000000163e+00,-7.972684707806924898e-03,-7.972684707806925175e+00,6.086467741935483566e+00,1.010710006809428574e+00,5.026632400428600045e-01,2.838523127143600959e+02,0.000000000000000000e+00
2.349499999999999852e-02,2.349499999999999922e+00,-7.957100284250425218e-03,-7.957100284250425482e+00,6.087064516129032654e+00,1.010511837041217165e+00,5.026142191375224666e-01,2.837653032865144382e+02,0.000000000000000000e+00
2.358750000000000083e-02,2.358750000000000124e+00,-7.941512601189606307e-03,-7.941512601189606002e+00,6.087661290322580854e+00,1.010313725549970121e+00,5.025652029876949145e-01,2.836782756605234113e+02,0.000000000000000000e+00
2.367999999999999966e-02,2.367999999999999883e+00,-7.925921655476109856e-03,-7.925921655476109606e+00,6.088258064516129053e+00,1.010115672312839274e+00,5.025161915933923362e-01,2.835912298188093814e+02,0.000000000000000000e+00
2.377249999999999849e-02,2.377249999999999641e+00,-7.910327443957079416e-03,-7.910327443957079652e+00,6.088854838709677253e+00,1.009917677306987560e+00,5.024671849546286095e-01,2.835041657437695903e+02,0.000000000000000000e+00
2.386500000000000080e-02,2.386500000000000288e+00,-7.894729963475163870e-03,-7.894729963475163537e+00,6.089451612903225453e+00,1.009719740509589458e+00,5.024181830714179453e-01,2.834170834177762686e+02,0.000000000000000000e+00
2.395749999999999963e-02,2.395750000000000046e+00,-7.879129210868474065e-03,-7.879129210868473621e+00,6.090048387096773652e+00,1.009521861897829886e+00,5.023691859437739993e-01,2.833299828231762945e+02,0.000000000000000000e+00
2.404999999999999846e-02,2.404999999999999805e+00,-7.863525182970646996e-03,-7.863525182970646732e+00,6.090645161290322740e+00,1.009324041448905307e+00,5.023201935717103161e-01,2.832428639422914216e+02,0.000000000000000000e+00
2.414250000000000076e-02,2.414250000000000007e+00,-7.847917876610705293e-03,-7.847917876610705612e+00,6.091241935483870940e+00,1.009126279140023952e+00,5.022712059552398856e-01,2.831557267574179377e+02,0.000000000000000000e+00
2.423499999999999960e-02,2.423499999999999766e+00,-7.832307288613222021e-03,-7.832307288613222340e+00,6.091838709677420027e+00,1.008928574948403822e+00,5.022222230943759191e-01,2.830685712508269489e+02,0.000000000000000000e+00
2.432749999999999843e-02,2.432749999999999968e+00,-7.816693415798161085e-03,-7.816693415798161126e+00,6.092435483870968227e+00,1.008730928851276021e+00,5.021732449891308514e-01,2.829813974047640954e+02,0.000000000000000000e+00
2.442000000000000073e-02,2.442000000000000171e+00,-7.801076254980966566e-03,-7.801076254980966240e+00,6.093032258064515538e+00,1.008533340825880753e+00,5.021242716395167838e-01,2.828942052014495516e+02,0.000000000000000000e+00
2.451249999999999957e-02,2.451249999999999929e+00,-7.785455802972483796e-03,-7.785455802972483852e+00,6.093629032258064626e+00,1.008335810849470437e+00,5.020753030455461507e-01,2.828069946230780829e+02,0.000000000000000000e+00
2.460499999999999840e-02,2.460499999999999687e+00,-7.769832056578968894e-03,-7.769832056578969137e+00,6.094225806451612826e+00,1.008138338899309261e+00,5.020263392072306097e-01,2.827197656518186477e+02,0.000000000000000000e+00
2.469750000000000070e-02,2.469749999999999890e+00,-7.754205012602158158e-03,-7.754205012602158220e+00,6.094822580645161914e+00,1.007940924952670736e+00,5.019773801245815958e-01,2.826325182698149661e+02,0.000000000000000000e+00
2.478999999999999954e-02,2.479000000000000092e+00,-7.738574667839124080e-03,-7.738574667839124288e+00,6.095419354838710113e+00,1.007743568986841476e+00,5.019284257976105446e-01,2.825452524591848373e+02,0.000000000000000000e+00
2.488249999999999837e-02,2.488249999999999851e+00,-7.722941019082372495e-03,-7.722941019082372627e+00,6.096016129032258313e+00,1.007546270979117642e+00,5.018794762263280029e-01,2.824579682020204245e+02,0.000000000000000000e+00
2.497500000000000067e-02,2.497500000000000053e+00,-7.707304063119780994e-03,-7.707304063119781112e+00,6.096612903225806512e+00,1.007349030906807608e+00,5.018305314107451842e-01,2.823706654803881406e+02,0.000000000000000000e+00
2.506749999999999950e-02,2.506749999999999812e+00,-7.691663796734616275e-03,-7.691663796734616199e+00,6.097209677419354712e+00,1.007151848747229961e+00,5.017815913508720804e-01,2.822833442763286484e+02,0.000000000000000000e+00
2.515999999999999834e-02,2.516000000000000014e+00,-7.676020216705503781e-03,-7.676020216705503607e+00,6.097806451612902912e+00,1.006954724477715279e+00,5.017326560467190166e-01,2.821960045718566903e+02,0.000000000000000000e+00
2.525250000000000064e-02,2.525250000000000217e+00,-7.660373319806418162e-03,-7.660373319806418557e+00,6.098403225806451999e+00,1.006757658075604134e+00,5.016837254982956518e-01,2.821086463489610310e+02,0.000000000000000000e+00
2.534499999999999947e-02,2.534499999999999975e+00,-7.644723102806700622e-03,-7.644723102806700865e+00,6.099000000000000199e+00,1.006560649518249528e+00,5.016347997056118668e-01,2.820212695896045716e+02,0.000000000000000000e+00
2.543749999999999831e-02,2.543749999999999734e+00,-7.629069562471032899e-03,-7.629069562471032739e+00,6.099596774193548399e+00,1.006363698783014682e+00,5.015858786686766546e-01,2.819338742757241789e+02,0.000000000000000000e+00
2.553000000000000061e-02,2.552999999999999936e+00,-7.613412695559431190e-03,-7.613412695559430787e+00,6.100193548387096598e+00,1.006166805847274137e+00,5.015369623874994520e-01,2.818464603892307423e+02,0.000000000000000000e+00
2.562249999999999944e-02,2.562250000000000139e+00,-7.597752498827205388e-03,-7.597752498827205159e+00,6.100790322580644798e+00,1.005969970688412429e+00,5.014880508620882527e-01,2.817590279120087757e+02,0.000000000000000000e+00
2.571499999999999828e-02,2.571499999999999897e+00,-7.582088969025013725e-03,-7.582088969025013725e+00,6.101387096774193886e+00,1.005773193283827416e+00,5.014391440924522714e-01,2.816715768259168726e+02,0.000000000000000000e+00
2.580750000000000058e-02,2.580750000000000099e+00,-7.566422102898785577e-03,-7.566422102898785695e+00,6.101983870967741197e+00,1.005576473610925836e+00,5.013902420785993908e-01,2.815841071127872510e+02,0.000000000000000000e+00
2.589999999999999941e-02,2.589999999999999858e+00,-7.550751897189756159e-03,-7.550751897189756257e+00,6.102580645161290285e+00,1.005379811647126642e+00,5.013413448205373824e-01,2.814966187544259242e+02,0.000000000000000000e+00
2.599249999999999824e-02,2.599249999999999616e+00,-7.535078348634451778e-03,-7.535078348634451473e+00,6.103177419354838484e+00,1.005183207369860110e+00,5.012924523182743508e-01,2.814091117326125300e+02,0.000000000000000000e+00
2.608500000000000055e-02,2.608500000000000263e+00,-7.519401453964682895e-03,-7.519401453964682958e+00,6.103774193548387572e+00,1.004986660756566064e+00,5.012435645718172905e-01,2.813215860291004446e+02,0.000000000000000000e+00
2.617749999999999938e-02,2.617750000000000021e+00,-7.503721209907499891e-03,-7.503721209907499912e+00,6.104370967741935772e+00,1.004790171784696762e+00,5.011946815811733069e-01,2.812340416256164417e+02,0.000000000000000000e+00
2.626999999999999821e-02,2.626999999999999780e+00,-7.488037613185190462e-03,-7.488037613185190899e+00,6.104967741935484860e+00,1.004593740431714899e+00,5.011458033463492834e-01,2.811464785038608056e+02,0.000000000000000000e+00
2.636250000000000052e-02,2.636249999999999982e+00,-7.472350660515370696e-03,-7.472350660515370890e+00,6.105564516129033059e+00,1.004397366675094716e+00,5.010969298673518812e-01,2.810588966455075024e+02,0.000000000000000000e+00
2.645499999999999935e-02,2.645499999999999741e+00,-7.456660348610785576e-03,-7.456660348610785860e+00,6.106161290322580371e+00,1.004201050492320224e+00,5.010480611441872068e-01,2.809712960322036110e+02,0.000000000000000000e+00
2.654749999999999818e-02,2.654749999999999943e+00,-7.440966674179484187e-03,-7.440966674179484208e+00,6.106758064516128570e+00,1.004004791860887869e+00,5.009991971768612551e-01,2.808836766455697216e+02,0.000000000000000000e+00
2.664000000000000049e-02,2.664000000000000146e+00,-7.425269633924714771e-03,-7.425269633924714618e+00,6.107354838709676770e+00,1.003808590758304309e+00,5.009503379653800215e-01,2.807960384671997645e+02,0.000000000000000000e+00
2.673249999999999932e-02,2.673249999999999904e+00,-7.409569224544916913e-03,-7.409569224544917176e+00,6.107951612903225858e+00,1.003612447162086863e+00,5.009014835097485019e-01,2.807083814786607832e+02,0.000000000000000000e+00
2.682499999999999815e-02,2.682499999999999662e+00,-7.393865442733729351e-03,-7.393865442733729587e+00,6.108548387096774057e+00,1.003416361049764838e+00,5.008526338099721364e-01,2.806207056614930480e+02,0.000000000000000000e+00
2.691750000000000045e-02,2.691749999999999865e+00,-7.378158285180007325e-03,-7.378158285180007603e+00,6.109145161290323145e+00,1.003220332398877757e+00,5.008037888660558101e-01,2.805330109972100558e+02,0.000000000000000000e+00
2.700999999999999929e-02,2.701000000000000068e+00,-7.362447748567725429e-03,-7.362447748567725547e+00,6.109741935483871345e+00,1.003024361186976687e+00,5.007549486780041859e-01,2.804452974672981895e+02,0.000000000000000000e+00
2.710249999999999812e-02,2.710249999999999826e+00,-7.346733829576099044e-03,-7.346733829576098884e+00,6.110338709677419544e+00,1.002828447391622690e+00,5.007061132458215935e-01,2.803575650532170584e+02,0.000000000000000000e+00
2.719500000000000042e-02,2.719500000000000028e+00,-7.331016524879440353e-03,-7.331016524879440333e+00,6.110935483870967744e+00,1.002632590990389039e+00,5.006572825695119189e-01,2.802698137363991009e+02,0.000000000000000000e+00
2.728749999999999926e-02,2.728749999999999787e+00,-7.315295831147258961e-03,-7.315295831147259342e+00,6.111532258064515943e+00,1.002436791960858997e+00,5.006084566490792698e-01,2.801820434982498114e+02,0.000000000000000000e+00
2.737999999999999809e-02,2.737999999999999989e+00,-7.299571745044161272e-03,-7.299571745044160842e+00,6.112129032258065031e+00,1.002241050280626933e+00,5.005596354845268658e-01,2.800942543201473427e+02,0.000000000000000000e+00
2.747250000000000039e-02,2.747250000000000192e+00,-7.283844263229928562e-03,-7.283844263229928728e+00,6.112725806451613231e+00,1.002045365927298759e+00,5.005108190758582598e-01,2.800064461834429039e+02,0.000000000000000000e+00
2.756499999999999923e-02,2.756499999999999950e+00,-7.268113382359418090e-03,-7.268113382359418395e+00,6.113322580645161430e+00,1.001849738878490825e+00,5.004620074230764493e-01,2.799186190694601919e+02,0.000000000000000000e+00
2.765749999999999806e-02,2.765749999999999709e+00,-7.252379099082609075e-03,-7.252379099082609137e+00,6.113919354838709630e+00,1.001654169111829917e+00,5.004132005261838767e-01,2.798307729594957891e+02,0.000000000000000000e+00
2.775000000000000036e-02,2.774999999999999911e+00,-7.236641410044598356e-03,-7.236641410044597933e+00,6.114516129032257830e+00,1.001458656604955033e+00,5.003643983851830956e-01,2.797429078348188796e+02,0.000000000000000000e+00
2.784249999999999919e-02,2.784250000000000114e+00,-7.220900311885538811e-03,-7.220900311885539047e+00,6.115112903225806029e+00,1.001263201335514275e+00,5.003156010000762155e-01,2.796550236766710782e+02,0.000000000000000000e+00
2.793499999999999803e-02,2.793499999999999872e+00,-7.205155801240713948e-03,-7.205155801240714197e+00,6.115709677419355117e+00,1.001067803281168622e+00,5.002668083708652347e-01,2.795671204662668288e+02,0.000000000000000000e+00
2.802750000000000033e-02,2.802750000000000075e+00,-7.189407874740419077e-03,-7.189407874740418869e+00,6.116306451612903317e+00,1.000872462419589048e+00,5.002180204975518185e-01,2.794791981847927218e+02,0.000000000000000000e+00
2.811999999999999916e-02,2.811999999999999833e+00,-7.173656529010036774e-03,-7.173656529010036920e+00,6.116903225806451516e+00,1.000677178728456518e+00,5.001692373801371883e-01,2.793912568134080061e+02,0.000000000000000000e+00
2.821249999999999800e-02,2.821249999999999591e+00,-7.157901760670014324e-03,-7.157901760670013935e+00,6.117499999999999716e+00,1.000481952185465095e+00,5.001204590186225651e-01,2.793032963332441909e+02,0.000000000000000000e+00
2.830500000000000030e-02,2.830500000000000238e+00,-7.142143566335791734e-03,-7.142143566335791505e+00,6.118096774193548804e+00,1.000286782768316840e+00,5.000716854130086153e-01,2.792153167254049322e+02,0.000000000000000000e+00
2.839749999999999913e-02,2.839749999999999996e+00,-7.126381942617893671e-03,-7.126381942617893372e+00,6.118693548387097891e+00,1.000091670454727133e+00,5.000229165632958939e-01,2.791273179709665442e+02,0.000000000000000000e+00
2.848999999999999796e-02,2.848999999999999755e+00,-7.110616886121823646e-03,-7.110616886121823299e+00,6.119290322580646091e+00,9.998966152224212367e-01,4.999741524694847339e-01,2.790393000509771468e+02,0.000000000000000000e+00
2.858250000000000027e-02,2.858249999999999957e+00,-7.094848393448099574e-03,-7.094848393448099699e+00,6.119887096774193402e+00,9.997016170491357379e-01,4.999253931315751354e-01,2.789512629464570637e+02,0.000000000000000000e+00
2.867499999999999910e-02,2.867499999999999716e+00,-7.079076461192270256e-03,-7.079076461192269853e+00,6.120483870967741602e+00,9.995066759126169931e-01,4.998766385495667652e-01,2.788632066383988786e+02,0.000000000000000000e+00
2.876749999999999793e-02,2.876749999999999918e+00,-7.063301085944832108e-03,-7.063301085944831748e+00,6.121080645161289802e+00,9.993117917906232384e-01,4.998278887234590684e-01,2.787751311077670380e+02,0.000000000000000000e+00
2.886000000000000024e-02,2.886000000000000121e+00,-7.047522264291257790e-03,-7.047522264291258054e+00,6.121677419354838889e+00,9.991169646609229238e-01,4.997791436532511566e-01,2.786870363354979077e+02,0.000000000000000000e+00
2.895249999999999907e-02,2.895249999999999879e+00,-7.031739992812036100e-03,-7.031739992812036100e+00,6.122274193548387089e+00,9.989221945012961568e-01,4.997304033389421418e-01,2.785989223024999433e+02,0.000000000000000000e+00
2.904499999999999790e-02,2.904499999999999638e+00,-7.015954268082567023e-03,-7.015954268082566614e+00,6.122870967741936177e+00,9.987274812895325926e-01,4.996816677805304141e-01,2.785107889896532924e+02,0.000000000000000000e+00
2.913750000000000021e-02,2.913749999999999840e+00,-7.000165086673206839e-03,-7.000165086673207249e+00,6.123467741935484376e+00,9.985328250034345432e-01,4.996329369780146412e-01,2.784226363778098516e+02,0.000000000000000000e+00
2.922999999999999904e-02,2.923000000000000043e+00,-6.984372445149261178e-03,-6.984372445149261033e+00,6.124064516129031688e+00,9.983382256208133132e-01,4.995842109313926582e-01,2.783344644477934366e+02,0.000000000000000000e+00
2.932249999999999787e-02,2.932249999999999801e+00,-6.968576340070947728e-03,-6.968576340070947950e+00,6.124661290322579887e+00,9.981436831194917536e-01,4.995354896406623002e-01,2.782462731803993847e+02,0.000000000000000000e+00
2.941500000000000017e-02,2.941500000000000004e+00,-6.952776767993419649e-03,-6.952776767993420037e+00,6.125258064516128975e+00,9.979491974773035956e-01,4.994867731058212357e-01,2.781580625563947251e+02,0.000000000000000000e+00
2.950749999999999901e-02,2.950749999999999762e+00,-6.936973725466711801e-03,-6.936973725466711649e+00,6.125854838709678063e+00,9.977547686720933395e-01,4.994380613268666891e-01,2.780698325565180085e+02,0.000000000000000000e+00
2.960000000000000131e-02,2.959999999999999964e+00,-6.921167209035774572e-03,-6.921167209035774981e+00,6.126451612903226263e+00,9.975603966817164769e-01,4.993893543037957738e-01,2.779815831614792501e+02,0.000000000000000000e+00
2.969250000000000014e-02,2.969250000000000167e+00,-6.905357215240415757e-03,-6.905357215240416124e+00,6.127048387096774462e+00,9.973660814840388245e-01,4.993406520366051038e-01,2.778933143519599298e+02,0.000000000000000000e+00
2.978499999999999898e-02,2.978499999999999925e+00,-6.889543740615358680e-03,-6.889543740615359013e+00,6.127645161290322662e+00,9.971718230569373009e-01,4.992919545252912372e-01,2.778050261086129922e+02,0.000000000000000000e+00
2.987750000000000128e-02,2.987750000000000128e+00,-6.873726781690141577e-03,-6.873726781690141507e+00,6.128241935483871750e+00,9.969776213782990393e-01,4.992432617698502328e-01,2.777167184120625620e+02,0.000000000000000000e+00
2.997000000000000011e-02,2.996999999999999886e+00,-6.857906334989195656e-03,-6.857906334989195329e+00,6.128838709677419061e+00,9.967834764260232738e-01,4.991945737702783159e-01,2.776283912429041152e+02,0.000000000000000000e+00
3.006249999999999895e-02,3.006250000000000089e+00,-6.842082397031769639e-03,-6.842082397031769680e+00,6.129435483870968149e+00,9.965893881780176766e-01,4.991458905265707680e-01,2.775400445817043078e+02,0.000000000000000000e+00
3.015500000000000125e-02,3.015500000000000291e+00,-6.826254964331959253e-03,-6.826254964331959663e+00,6.130032258064516348e+00,9.963953566122036865e-01,4.990972120387233146e-01,2.774516784090009196e+02,0.000000000000000000e+00
3.024750000000000008e-02,3.024750000000000050e+00,-6.810424033398656055e-03,-6.810424033398655652e+00,6.130629032258064548e+00,9.962013817065110688e-01,4.990485383067310154e-01,2.773632927053028538e+02,0.000000000000000000e+00
3.033999999999999891e-02,3.033999999999999808e+00,-6.794589600735610746e-03,-6.794589600735610802e+00,6.131225806451612748e+00,9.960074634388814685e-01,4.989998693305885968e-01,2.772748874510900805e+02,0.000000000000000000e+00
3.043250000000000122e-02,3.043250000000000011e+00,-6.778751662841314349e-03,-6.778751662841314030e+00,6.131822580645161835e+00,9.958136017872664114e-01,4.989512051102907297e-01,2.771864626268133520e+02,0.000000000000000000e+00
3.052500000000000005e-02,3.052500000000000213e+00,-6.762910216209085806e-03,-6.762910216209085945e+00,6.132419354838710923e+00,9.956197967296289697e-01,4.989025456458316410e-01,2.770980182128944875e+02,0.000000000000000000e+00
3.061749999999999888e-02,3.061749999999999972e+00,-6.747065257327005197e-03,-6.747065257327005128e+00,6.133016129032258235e+00,9.954260482439432067e-01,4.988538909372056129e-01,2.770095541897261455e+02,0.000000000000000000e+00
3.071000000000000119e-02,3.071000000000000174e+00,-6.731216782677915469e-03,-6.731216782677915234e+00,6.133612903225806434e+00,9.952323563081927338e-01,4.988052409844062063e-01,2.769210705376716533e+02,0.000000000000000000e+00
3.080250000000000002e-02,3.080249999999999932e+00,-6.715364788739443258e-03,-6.715364788739443647e+00,6.134209677419354634e+00,9.950387209003729305e-01,4.987565957874271483e-01,2.768325672370652342e+02,0.000000000000000000e+00
3.089499999999999885e-02,3.089499999999999691e+00,-6.699509271983933832e-03,-6.699509271983933978e+00,6.134806451612902833e+00,9.948451419984891686e-01,4.987079553462615000e-01,2.767440442682116100e+02,0.000000000000000000e+00
3.098750000000000115e-02,3.098749999999999893e+00,-6.683650228878473647e-03,-6.683650228878473598e+00,6.135403225806451033e+00,9.946516195805576999e-01,4.986593196609022671e-01,2.766555016113861711e+02,0.000000000000000000e+00
3.107999999999999999e-02,3.108000000000000096e+00,-6.667787655884875597e-03,-6.667787655884875875e+00,6.136000000000000121e+00,9.944581536246056563e-01,4.986106887313421221e-01,2.765669392468348633e+02,0.000000000000000000e+00
3.117249999999999882e-02,3.117249999999999854e+00,-6.651921549459676418e-03,-6.651921549459676619e+00,6.136596774193549209e+00,9.942647441086706062e-01,4.985620625575736820e-01,2.764783571547741303e+02,0.000000000000000000e+00
3.126500000000000112e-02,3.126500000000000057e+00,-6.636051906054073364e-03,-6.636051906054073690e+00,6.137193548387097408e+00,9.940713910108015527e-01,4.985134411395890086e-01,2.763897553153907438e+02,0.000000000000000000e+00
3.135749999999999649e-02,3.135749999999999815e+00,-6.620178722113983193e-03,-6.620178722113982950e+00,6.137790322580644720e+00,9.938780943090571585e-01,4.984648244773800529e-01,2.763011337088418600e+02,0.000000000000000000e+00
3.144999999999999879e-02,3.145000000000000018e+00,-6.604301994080021346e-03,-6.604301994080021387e+00,6.138387096774192919e+00,9.936848539815071879e-01,4.984162125709383773e-01,2.762124923152550195e+02,0.000000000000000000e+00
3.154250000000000109e-02,3.154250000000000220e+00,-6.588421718387444705e-03,-6.588421718387444947e+00,6.138983870967741119e+00,9.934916700062318418e-01,4.983676054202554329e-01,2.761238311147279205e+02,0.000000000000000000e+00
3.163499999999999646e-02,3.163499999999999535e+00,-6.572537891466184549e-03,-6.572537891466184945e+00,6.139580645161291095e+00,9.932985423613219789e-01,4.983190030253222269e-01,2.760351500873284749e+02,0.000000000000000000e+00
3.172749999999999876e-02,3.172749999999999737e+00,-6.556650509740764160e-03,-6.556650509740764576e+00,6.140177419354839294e+00,9.931054710248800044e-01,4.982704053861297666e-01,2.759464492130945246e+02,0.000000000000000000e+00
3.182000000000000106e-02,3.181999999999999940e+00,-6.540759569630442798e-03,-6.540759569630442805e+00,6.140774193548387494e+00,9.929124559750180934e-01,4.982218125026685041e-01,2.758577284720342959e+02,0.000000000000000000e+00
3.191249999999999643e-02,3.191249999999999698e+00,-6.524865067548996263e-03,-6.524865067548995867e+00,6.141370967741935694e+00,9.927194971898587461e-01,4.981732243749287803e-01,2.757689878441256610e+02,0.000000000000000000e+00
3.200499999999999873e-02,3.200499999999999901e+00,-6.508966999904873887e-03,-6.508966999904873596e+00,6.141967741935483005e+00,9.925265946475360090e-01,4.981246410029006588e-01,2.756802273093165923e+02,0.000000000000000000e+00
3.209750000000000103e-02,3.209750000000000103e+00,-6.493065363101146494e-03,-6.493065363101146126e+00,6.142564516129032093e+00,9.923337483261935876e-01,4.980760623865737591e-01,2.755914468475249919e+02,0.000000000000000000e+00
3.218999999999999639e-02,3.218999999999999417e+00,-6.477160153535396238e-03,-6.477160153535396425e+00,6.143161290322581181e+00,9.921409582039866226e-01,4.980274885259377560e-01,2.755026464386382941e+02,0.000000000000000000e+00
3.228249999999999870e-02,3.228250000000000064e+00,-6.461251367599851053e-03,-6.461251367599850859e+00,6.143758064516129380e+00,9.919482242590809129e-01,4.979789194209819359e-01,2.754138260625139196e+02,0.000000000000000000e+00
3.237500000000000100e-02,3.237500000000000266e+00,-6.445339001681292708e-03,-6.445339001681293034e+00,6.144354838709677580e+00,9.917555464696521383e-01,4.979303550716951965e-01,2.753249856989788213e+02,0.000000000000000000e+00
3.246749999999999636e-02,3.246749999999999581e+00,-6.429423052161058541e-03,-6.429423052161058472e+00,6.144951612903225779e+00,9.915629248138867480e-01,4.978817954780661026e-01,2.752361253278296545e+02,0.000000000000000000e+00
3.255999999999999867e-02,3.255999999999999783e+00,-6.413503515414990287e-03,-6.413503515414990197e+00,6.145548387096773979e+00,9.913703592699825151e-01,4.978332406400833854e-01,2.751472449288324924e+02,0.000000000000000000e+00
3.265250000000000097e-02,3.265249999999999986e+00,-6.397580387813516477e-03,-6.397580387813516900e+00,6.146145161290323067e+00,9.911778498161464279e-01,4.977846905577349435e-01,2.750583444817229406e+02,0.000000000000000000e+00
3.274499999999999633e-02,3.274499999999999744e+00,-6.381653665721556158e-03,-6.381653665721556123e+00,6.146741935483870378e+00,9.909853964305975760e-01,4.977361452310088419e-01,2.749694239662060227e+02,0.000000000000000000e+00
3.283749999999999863e-02,3.283749999999999947e+00,-6.365723345498575277e-03,-6.365723345498575547e+00,6.147338709677419466e+00,9.907929990915644858e-01,4.976876046598925907e-01,2.748804833619562373e+02,0.000000000000000000e+00
3.293000000000000094e-02,3.293000000000000149e+00,-6.349789423498474784e-03,-6.349789423498474861e+00,6.147935483870967666e+00,9.906006577772868971e-01,4.976390688443736998e-01,2.747915226486171036e+02,0.000000000000000000e+00
3.302249999999999630e-02,3.302249999999999464e+00,-6.333851896069703398e-03,-6.333851896069703002e+00,6.148532258064515865e+00,9.904083724660152077e-01,4.975905377844393462e-01,2.747025418058015589e+02,0.000000000000000000e+00
3.311499999999999860e-02,3.311499999999999666e+00,-6.317910759555143106e-03,-6.317910759555142697e+00,6.149129032258064065e+00,9.902161431360096966e-01,4.975420114800763183e-01,2.746135408130916176e+02,0.000000000000000000e+00
3.320750000000000091e-02,3.320750000000000313e+00,-6.301966010292181161e-03,-6.301966010292181508e+00,6.149725806451613153e+00,9.900239697655414117e-01,4.974934899312710157e-01,2.745245196500384282e+02,0.000000000000000000e+00
3.329999999999999627e-02,3.329999999999999627e+00,-6.286017644612617271e-03,-6.286017644612617694e+00,6.150322580645161352e+00,9.898318523328926144e-01,4.974449731380100603e-01,2.744354782961621595e+02,0.000000000000000000e+00
3.339249999999999857e-02,3.339249999999999829e+00,-6.270065658842700028e-03,-6.270065658842700174e+00,6.150919354838709552e+00,9.896397908163548918e-01,4.973964611002792413e-01,2.743464167309518871e+02,0.000000000000000000e+00
3.348500000000000087e-02,3.348500000000000032e+00,-6.254110049303137318e-03,-6.254110049303137409e+00,6.151516129032257751e+00,9.894477851942315993e-01,4.973479538180646253e-01,2.742573349338656499e+02,0.000000000000000000e+00
3.357749999999999624e-02,3.357749999999999790e+00,-6.238150812309017391e-03,-6.238150812309017468e+00,6.152112903225805951e+00,9.892558354448359736e-01,4.972994512913515019e-01,2.741682328843302798e+02,0.000000000000000000e+00
3.366999999999999854e-02,3.366999999999999993e+00,-6.222187944169834013e-03,-6.222187944169833784e+00,6.152709677419355039e+00,9.890639415464914652e-01,4.972509535201252162e-01,2.740791105617412882e+02,0.000000000000000000e+00
3.376250000000000084e-02,3.376250000000000195e+00,-6.206221441189508151e-03,-6.206221441189508248e+00,6.153306451612903238e+00,9.888721034775330709e-01,4.972024605043708356e-01,2.739899679454631496e+02,0.000000000000000000e+00
3.385499999999999621e-02,3.385499999999999510e+00,-6.190251299666319450e-03,-6.190251299666319262e+00,6.153903225806452326e+00,9.886803212163047805e-01,4.971539722440729281e-01,2.739008050148286202e+02,0.000000000000000000e+00
3.394749999999999851e-02,3.394749999999999712e+00,-6.174277515892898430e-03,-6.174277515892898194e+00,6.154500000000000526e+00,9.884885947411627960e-01,4.971054887392161170e-01,2.738116217491392490e+02,0.000000000000000000e+00
3.404000000000000081e-02,3.403999999999999915e+00,-6.158300086156280259e-03,-6.158300086156279995e+00,6.155096774193548725e+00,9.882969240304726455e-01,4.970570099897845817e-01,2.737224181276650938e+02,0.000000000000000000e+00
3.413249999999999618e-02,3.413249999999999673e+00,-6.142319006737805877e-03,-6.142319006737805509e+00,6.155693548387096037e+00,9.881053090626105151e-01,4.970085359957622240e-01,2.736331941296444938e+02,0.000000000000000000e+00
3.422499999999999848e-02,3.422499999999999876e+00,-6.126334273913155819e-03,-6.126334273913156103e+00,6.156290322580645125e+00,9.879137498159630271e-01,4.969600667571327790e-01,2.735439497342842401e+02,0.000000000000000000e+00
3.431750000000000078e-02,3.431750000000000078e+00,-6.110345883952361494e-03,-6.110345883952361667e+00,6.156887096774193324e+00,9.877222462689280169e-01,4.969116022738795380e-01,2.734546849207594619e+02,0.000000000000000000e+00
3.440999999999999615e-02,3.440999999999999837e+00,-6.094353833119727989e-03,-6.094353833119727781e+00,6.157483870967742412e+00,9.875307983999127570e-01,4.968631425459857365e-01,2.733653996682134562e+02,0.000000000000000000e+00
3.450249999999999845e-02,3.450250000000000039e+00,-6.078358117673854019e-03,-6.078358117673854366e+00,6.158080645161290612e+00,9.873394061873358440e-01,4.968146875734343881e-01,2.732760939557576307e+02,0.000000000000000000e+00
3.459500000000000075e-02,3.459500000000000242e+00,-6.062358733867681364e-03,-6.062358733867680982e+00,6.158677419354838811e+00,9.871480696096259777e-01,4.967662373562080069e-01,2.731867677624716748e+02,0.000000000000000000e+00
3.468749999999999611e-02,3.468749999999999556e+00,-6.046355677948357828e-03,-6.046355677948358043e+00,6.159274193548387011e+00,9.869567886452217387e-01,4.967177918942888293e-01,2.730974210674031042e+02,0.000000000000000000e+00
3.477999999999999842e-02,3.477999999999999758e+00,-6.030348946157317036e-03,-6.030348946157316981e+00,6.159870967741935210e+00,9.867655632725732540e-01,4.966693511876592582e-01,2.730080538495674318e+02,0.000000000000000000e+00
3.487250000000000072e-02,3.487249999999999961e+00,-6.014338534730278435e-03,-6.014338534730278241e+00,6.160467741935484298e+00,9.865743934701397544e-01,4.966209152363007528e-01,2.729186660879482815e+02,0.000000000000000000e+00
3.496499999999999608e-02,3.496499999999999719e+00,-5.998324439897125861e-03,-5.998324439897126048e+00,6.161064516129031610e+00,9.863832792163931273e-01,4.965724840401952722e-01,2.728292577614967627e+02,0.000000000000000000e+00
3.505749999999999839e-02,3.505749999999999922e+00,-5.982306657882028970e-03,-5.982306657882029199e+00,6.161661290322580697e+00,9.861922204898124766e-01,4.965240575993237759e-01,2.727398288491319818e+02,0.000000000000000000e+00
3.515000000000000069e-02,3.515000000000000124e+00,-5.966285184903328750e-03,-5.966285184903329153e+00,6.162258064516128897e+00,9.860012172688904508e-01,4.964756359136676678e-01,2.726503793297405878e+02,0.000000000000000000e+00
3.524249999999999605e-02,3.524249999999999439e+00,-5.950260017173594762e-03,-5.950260017173595095e+00,6.162854838709677097e+00,9.858102695321282471e-01,4.964272189832075743e-01,2.725609091821769425e+02,0.000000000000000000e+00
3.533499999999999835e-02,3.533499999999999641e+00,-5.934231150899581773e-03,-5.934231150899582197e+00,6.163451612903226184e+00,9.856193772580372769e-01,4.963788068079237892e-01,2.724714183852629503e+02,0.000000000000000000e+00
3.542750000000000066e-02,3.542749999999999844e+00,-5.918198582282196800e-03,-5.918198582282196973e+00,6.164048387096775272e+00,9.854285404251408309e-01,4.963303993877968834e-01,2.723819069177879442e+02,0.000000000000000000e+00
3.551999999999999602e-02,3.551999999999999602e+00,-5.902162307516535533e-03,-5.902162307516535478e+00,6.164645161290322584e+00,9.852377590119720807e-01,4.962819967228069284e-01,2.722923747585086858e+02,0.000000000000000000e+00
3.561249999999999832e-02,3.561249999999999805e+00,-5.886122322791815555e-03,-5.886122322791815797e+00,6.165241935483870783e+00,9.850470329970736350e-01,4.962335988129333852e-01,2.722028218861492519e+02,0.000000000000000000e+00
3.570500000000000063e-02,3.570500000000000007e+00,-5.870078624291414499e-03,-5.870078624291414471e+00,6.165838709677418983e+00,9.848563623589995375e-01,4.961852056581559922e-01,2.721132482794010343e+02,0.000000000000000000e+00
3.579750000000000293e-02,3.579750000000000210e+00,-5.854031208192837961e-03,-5.854031208192838065e+00,6.166435483870967182e+00,9.846657470763137132e-01,4.961368172584537661e-01,2.720236539169226262e+02,0.000000000000000000e+00
3.588999999999999829e-02,3.588999999999999968e+00,-5.837980070667687406e-03,-5.837980070667687649e+00,6.167032258064516270e+00,9.844751871275904120e-01,4.960884336138057238e-01,2.719340387773397083e+02,0.000000000000000000e+00
3.598250000000000060e-02,3.598250000000000171e+00,-5.821925207881663636e-03,-5.821925207881663233e+00,6.167629032258064470e+00,9.842846824914149861e-01,4.960400547241907154e-01,2.718444028392449923e+02,0.000000000000000000e+00
3.607500000000000290e-02,3.607500000000000373e+00,-5.805866615994578935e-03,-5.805866615994578872e+00,6.168225806451613558e+00,9.840942331463814474e-01,4.959916805895869252e-01,2.717547460811983342e+02,0.000000000000000000e+00
3.616749999999999826e-02,3.616749999999999687e+00,-5.789804291160298953e-03,-5.789804291160298710e+00,6.168822580645160869e+00,9.839038390710963533e-01,4.959433112099727037e-01,2.716650684817263368e+02,0.000000000000000000e+00
3.626000000000000056e-02,3.625999999999999890e+00,-5.773738229526728834e-03,-5.773738229526728993e+00,6.169419354838709069e+00,9.837135002441753651e-01,4.958949465853260130e-01,2.715753700193224063e+02,0.000000000000000000e+00
3.635250000000000287e-02,3.635250000000000092e+00,-5.757668427235890403e-03,-5.757668427235890007e+00,6.170016129032258156e+00,9.835232166442441359e-01,4.958465867156242046e-01,2.714856506724470364e+02,0.000000000000000000e+00
3.644499999999999823e-02,3.644499999999999851e+00,-5.741594880423766915e-03,-5.741594880423766867e+00,6.170612903225806356e+00,9.833329882499398655e-01,4.957982316008450741e-01,2.713959104195270129e+02,0.000000000000000000e+00
3.653750000000000053e-02,3.653750000000000053e+00,-5.725517585220413208e-03,-5.725517585220413430e+00,6.171209677419355444e+00,9.831428150399087462e-01,4.957498812409654732e-01,2.713061492389560385e+02,0.000000000000000000e+00
3.663000000000000284e-02,3.663000000000000256e+00,-5.709436537749892383e-03,-5.709436537749892793e+00,6.171806451612903643e+00,9.829526969928085167e-01,4.957015356359624758e-01,2.712163671090943922e+02,0.000000000000000000e+00
3.672249999999999820e-02,3.672250000000000014e+00,-5.693351734130219430e-03,-5.693351734130219555e+00,6.172403225806451843e+00,9.827626340873063526e-01,4.956531947858124898e-01,2.711265640082685309e+02,0.000000000000000000e+00
3.681500000000000050e-02,3.681500000000000217e+00,-5.677263170473446224e-03,-5.677263170473445975e+00,6.173000000000000043e+00,9.825726263020803097e-01,4.956048586904921449e-01,2.710367399147716583e+02,0.000000000000000000e+00
3.690750000000000280e-02,3.690750000000000419e+00,-5.661170842885591276e-03,-5.661170842885590915e+00,6.173596774193547354e+00,9.823826736158179918e-01,4.955565273499771273e-01,2.709468948068632699e+02,0.000000000000000000e+00
3.699999999999999817e-02,3.699999999999999734e+00,-5.645074747466591152e-03,-5.645074747466590992e+00,6.174193548387096442e+00,9.821927760072181046e-01,4.955082007642436781e-01,2.708570286627689256e+02,0.000000000000000000e+00
3.709250000000000047e-02,3.709249999999999936e+00,-5.628974880310367267e-03,-5.628974880310367190e+00,6.174790322580645530e+00,9.820029334549891242e-01,4.954598789332670949e-01,2.707671414606805342e+02,0.000000000000000000e+00
3.718500000000000277e-02,3.718500000000000139e+00,-5.612871237504761697e-03,-5.612871237504761801e+00,6.175387096774193729e+00,9.818131459378506287e-01,4.954115618570228974e-01,2.706772331787561825e+02,0.000000000000000000e+00
3.727749999999999814e-02,3.727749999999999897e+00,-5.596763815131530241e-03,-5.596763815131530428e+00,6.175983870967741929e+00,9.816234134345314111e-01,4.953632495354860499e-01,2.705873037951199080e+02,0.000000000000000000e+00
3.737000000000000044e-02,3.737000000000000099e+00,-5.580652609266348492e-03,-5.580652609266348207e+00,6.176580645161291017e+00,9.814337359237707004e-01,4.953149419686312394e-01,2.704973532878617561e+02,0.000000000000000000e+00
3.746250000000000274e-02,3.746250000000000302e+00,-5.564537615978753723e-03,-5.564537615978753848e+00,6.177177419354839216e+00,9.812441133843191610e-01,4.952666391564333193e-01,2.704073816350376092e+02,0.000000000000000000e+00
3.755499999999999811e-02,3.755499999999999616e+00,-5.548418831332222086e-03,-5.548418831332222467e+00,6.177774193548387416e+00,9.810545457949361170e-01,4.952183410988661438e-01,2.703173888146694139e+02,0.000000000000000000e+00
3.764750000000000041e-02,3.764750000000000263e+00,-5.532296251384026357e-03,-5.532296251384026142e+00,6.178370967741935615e+00,9.808650331343924389e-01,4.951700477959041780e-01,2.702273748047445565e+02,0.000000000000000000e+00
3.774000000000000271e-02,3.774000000000000465e+00,-5.516169872185340030e-03,-5.516169872185339607e+00,6.178967741935483815e+00,9.806755753814681009e-01,4.951217592475208873e-01,2.701373395832163169e+02,0.000000000000000000e+00
3.783249999999999807e-02,3.783249999999999780e+00,-5.500039689781164448e-03,-5.500039689781164753e+00,6.179564516129032015e+00,9.804861725149545126e-01,4.950734754536898485e-01,2.700472831280035280e+02,0.000000000000000000e+00
3.792500000000000038e-02,3.792499999999999982e+00,-5.483905700210321005e-03,-5.483905700210320866e+00,6.180161290322580214e+00,9.802968245136525205e-01,4.950251964143843608e-01,2.699572054169905186e+02,0.000000000000000000e+00
3.801750000000000268e-02,3.801750000000000185e+00,-5.467767899505444201e-03,-5.467767899505444618e+00,6.180758064516129302e+00,9.801075313563730740e-01,4.949769221295773347e-01,2.698671064280271139e+02,0.000000000000000000e+00
3.810999999999999804e-02,3.810999999999999943e+00,-5.451626283692992056e-03,-5.451626283692991848e+00,6.181354838709677502e+00,9.799182930219382248e-01,4.949286525992415142e-01,2.697769861389285779e+02,0.000000000000000000e+00
3.820250000000000035e-02,3.820250000000000146e+00,-5.435480848793175848e-03,-5.435480848793176278e+00,6.181951612903226589e+00,9.797291094891792396e-01,4.948803878233494213e-01,2.696868445274753867e+02,0.000000000000000000e+00
3.829500000000000265e-02,3.829500000000000348e+00,-5.419331590819988741e-03,-5.419331590819989053e+00,6.182548387096773901e+00,9.795399807369385980e-01,4.948321278018732450e-01,2.695966815714132281e+02,0.000000000000000000e+00
3.838749999999999801e-02,3.838749999999999662e+00,-5.403178505781204045e-03,-5.403178505781204066e+00,6.183145161290322100e+00,9.793509067440681060e-01,4.947838725347850075e-01,2.695064972484531154e+02,0.000000000000000000e+00
3.848000000000000032e-02,3.847999999999999865e+00,-5.387021589678310171e-03,-5.387021589678310463e+00,6.183741935483870300e+00,9.791618874894304492e-01,4.947356220220563428e-01,2.694162915362709327e+02,0.000000000000000000e+00
3.857250000000000262e-02,3.857250000000000068e+00,-5.370860838506538379e-03,-5.370860838506538393e+00,6.184338709677419388e+00,9.789729229518975284e-01,4.946873762636585514e-01,2.693260644125076624e+02,0.000000000000000000e+00
3.866499999999999798e-02,3.866499999999999826e+00,-5.354696248254853241e-03,-5.354696248254853685e+00,6.184935483870968476e+00,9.787840131103529018e-01,4.946391352595631008e-01,2.692358158547692710e+02,0.000000000000000000e+00
3.875750000000000028e-02,3.875750000000000028e+00,-5.338527814905911009e-03,-5.338527814905910773e+00,6.185532258064516675e+00,9.785951579436894532e-01,4.945908990097407920e-01,2.691455458406265393e+02,0.000000000000000000e+00
3.885000000000000259e-02,3.885000000000000231e+00,-5.322355534436058744e-03,-5.322355534436058910e+00,6.186129032258064875e+00,9.784063574308097255e-01,4.945426675141622042e-01,2.690552543476149481e+02,0.000000000000000000e+00
3.894249999999999795e-02,3.894249999999999989e+00,-5.306179402815318705e-03,-5.306179402815319079e+00,6.186725806451613074e+00,9.782176115506273639e-01,4.944944407727978608e-01,2.689649413532347921e+02,0.000000000000000000e+00
3.903500000000000025e-02,3.903500000000000192e+00,-5.289999416007371870e-03,-5.289999416007371558e+00,6.187322580645161274e+00,9.780289202820658945e-01,4.944462187856178970e-01,2.688746068349508391e+02,0.000000000000000000e+00
3.912750000000000256e-02,3.912750000000000394e+00,-5.273815569969574416e-03,-5.273815569969574568e+00,6.187919354838709474e+00,9.778402836040589463e-01,4.943980015525922256e-01,2.687842507701926138e+02,0.000000000000000000e+00
3.921999999999999792e-02,3.921999999999999709e+00,-5.257627860652879653e-03,-5.257627860652879903e+00,6.188516129032258561e+00,9.776517014955502516e-01,4.943497890736904266e-01,2.686938731363538864e+02,0.000000000000000000e+00
3.931250000000000022e-02,3.931249999999999911e+00,-5.241436284001898746e-03,-5.241436284001898649e+00,6.189112903225806761e+00,9.774631739354938675e-01,4.943015813488820243e-01,2.686034739107929568e+02,0.000000000000000000e+00
3.940500000000000252e-02,3.940500000000000114e+00,-5.225240835954824380e-03,-5.225240835954824803e+00,6.189709677419354961e+00,9.772747009028537324e-01,4.942533783781359324e-01,2.685130530708324272e+02,0.000000000000000000e+00
3.949749999999999789e-02,3.949749999999999872e+00,-5.209041512443455917e-03,-5.209041512443455701e+00,6.190306451612903160e+00,9.770862823766044425e-01,4.942051801614212869e-01,2.684226105937590319e+02,0.000000000000000000e+00
3.959000000000000019e-02,3.959000000000000075e+00,-5.192838309393162967e-03,-5.192838309393162710e+00,6.190903225806452248e+00,9.768979183357294760e-01,4.941569866987064463e-01,2.683321464568237502e+02,0.000000000000000000e+00
3.968250000000000249e-02,3.968250000000000277e+00,-5.176631222722875847e-03,-5.176631222722876124e+00,6.191500000000000448e+00,9.767096087592240794e-01,4.941087979899598803e-01,2.682416606372415231e+02,0.000000000000000000e+00
3.977499999999999786e-02,3.977499999999999591e+00,-5.160420248345109866e-03,-5.160420248345110039e+00,6.192096774193548647e+00,9.765213536260931582e-01,4.940606140351498365e-01,2.681511531121915368e+02,0.000000000000000000e+00
3.986750000000000016e-02,3.986749999999999794e+00,-5.144205382165879456e-03,-5.144205382165879747e+00,6.192693548387096847e+00,9.763331529153507216e-01,4.940124348342440075e-01,2.680606238588165979e+02,0.000000000000000000e+00
3.996000000000000246e-02,3.996000000000000441e+00,-5.127986620084734604e-03,-5.127986620084734604e+00,6.193290322580645046e+00,9.761450066060221031e-01,4.939642603872100857e-01,2.679700728542235311e+02,0.000000000000000000e+00
4.005249999999999783e-02,4.005250000000000199e+00,-5.111763957994731357e-03,-5.111763957994731378e+00,6.193887096774193246e+00,9.759569146771419623e-01,4.939160906940153195e-01,2.678795000754828379e+02,0.000000000000000000e+00
4.014500000000000013e-02,4.014499999999999957e+00,-5.095537391782422286e-03,-5.095537391782422709e+00,6.194483870967741446e+00,9.757688771077553946e-01,4.938679257546268464e-01,2.677889054996286973e+02,0.000000000000000000e+00
4.023750000000000243e-02,4.023750000000000604e+00,-5.079306917327859952e-03,-5.079306917327859772e+00,6.195080645161290533e+00,9.755808938769172656e-01,4.938197655690114152e-01,2.676982891036590217e+02,0.000000000000000000e+00
4.032999999999999780e-02,4.032999999999999474e+00,-5.063072530504513641e-03,-5.063072530504513225e+00,6.195677419354838733e+00,9.753929649636932098e-01,4.937716101371356636e-01,2.676076508645350032e+02,0.000000000000000000e+00
4.042250000000000010e-02,4.042250000000000121e+00,-5.046834227179358701e-03,-5.046834227179358479e+00,6.196274193548386933e+00,9.752050903471585208e-01,4.937234594589659520e-01,2.675169907591815104e+02,0.000000000000000000e+00
4.051500000000000240e-02,4.051499999999999879e+00,-5.030592003212753377e-03,-5.030592003212753127e+00,6.196870967741935132e+00,9.750172700063987064e-01,4.936753135344683630e-01,2.674263087644865209e+02,0.000000000000000000e+00
4.060749999999999776e-02,4.060749999999999638e+00,-5.014345854458537692e-03,-5.014345854458537310e+00,6.197467741935483332e+00,9.748295039205087109e-01,4.936271723636087017e-01,2.673356048573015755e+02,0.000000000000000000e+00
4.070000000000000007e-02,4.070000000000000284e+00,-4.998095776763901606e-03,-4.998095776763901377e+00,6.198064516129032420e+00,9.746417920685940262e-01,4.935790359463522736e-01,2.672448790144411532e+02,0.000000000000000000e+00
4.079250000000000237e-02,4.079250000000000043e+00,-4.981841765969465680e-03,-4.981841765969465818e+00,6.198661290322580619e+00,9.744541344297709129e-01,4.935309042826647175e-01,2.671541312126829553e+02,0.000000000000000000e+00
4.088499999999999773e-02,4.088499999999999801e+00,-4.965583817909209954e-03,-4.965583817909210218e+00,6.199258064516129707e+00,9.742665309831642917e-01,4.934827773725109501e-01,2.670633614287677347e+02,0.000000000000000000e+00
4.097750000000000004e-02,4.097749999999999559e+00,-4.949321928410488694e-03,-4.949321928410488347e+00,6.199854838709677907e+00,9.740789817079102964e-01,4.934346552158557220e-01,2.669725696393991257e+02,0.000000000000000000e+00
4.107000000000000234e-02,4.107000000000000206e+00,-4.933056093293989620e-03,-4.933056093293989974e+00,6.200451612903225218e+00,9.738914865831544976e-01,4.933865378126636725e-01,2.668817558212436438e+02,0.000000000000000000e+00
4.116249999999999770e-02,4.116249999999999964e+00,-4.916786308373773812e-03,-4.916786308373773728e+00,6.201048387096773418e+00,9.737040455880526801e-01,4.933384251628991080e-01,2.667909199509307427e+02,0.000000000000000000e+00
4.125500000000000000e-02,4.125499999999999723e+00,-4.900512569457156874e-03,-4.900512569457156964e+00,6.201645161290322505e+00,9.735166587017702877e-01,4.932903172665258351e-01,2.667000620050522457e+02,0.000000000000000000e+00
4.134750000000000231e-02,4.134750000000000369e+00,-4.884234872344812156e-03,-4.884234872344812572e+00,6.202241935483871593e+00,9.733293259034830891e-01,4.932422141235078272e-01,2.666091819601628572e+02,0.000000000000000000e+00
4.143999999999999767e-02,4.144000000000000128e+00,-4.867953212830701364e-03,-4.867953212830701482e+00,6.202838709677419793e+00,9.731420471723778443e-01,4.931941157338086690e-01,2.665182797927798788e+02,0.000000000000000000e+00
4.153249999999999997e-02,4.153249999999999886e+00,-4.851667586702016442e-03,-4.851667586702016699e+00,6.203435483870967992e+00,9.729548224876494178e-01,4.931460220973914454e-01,2.664273554793827543e+02,0.000000000000000000e+00
4.162500000000000228e-02,4.162500000000000533e+00,-4.835377989739261979e-03,-4.835377989739262361e+00,6.204032258064516192e+00,9.727676518285038876e-01,4.930979332142193527e-01,2.663364089964135815e+02,0.000000000000000000e+00
4.171749999999999764e-02,4.171749999999999403e+00,-4.819084417716139844e-03,-4.819084417716140045e+00,6.204629032258065280e+00,9.725805351741567684e-01,4.930498490842549209e-01,2.662454403202765434e+02,0.000000000000000000e+00
4.180999999999999994e-02,4.181000000000000050e+00,-4.802786866399625515e-03,-4.802786866399625154e+00,6.205225806451612591e+00,9.723934725038348992e-01,4.930017697074609573e-01,2.661544494273382497e+02,0.000000000000000000e+00
4.190250000000000224e-02,4.190249999999999808e+00,-4.786485331549864865e-03,-4.786485331549864775e+00,6.205822580645161679e+00,9.722064637967725576e-01,4.929536950837994924e-01,2.660634362939271114e+02,0.000000000000000000e+00
4.199499999999999761e-02,4.199499999999999567e+00,-4.770179808920263498e-03,-4.770179808920263831e+00,6.206419354838709879e+00,9.720195090322168996e-01,4.929056252132326676e-01,2.659724008963339656e+02,0.000000000000000000e+00
4.208749999999999991e-02,4.208750000000000213e+00,-4.753870294257339299e-03,-4.753870294257339424e+00,6.207016129032258078e+00,9.718326081894232971e-01,4.928575600957221803e-01,2.658813432108112238e+02,0.000000000000000000e+00
4.218000000000000221e-02,4.217999999999999972e+00,-4.737556783300833456e-03,-4.737556783300833629e+00,6.207612903225806278e+00,9.716457612476571137e-01,4.928094997312295611e-01,2.657902632135733825e+02,0.000000000000000000e+00
4.227249999999999758e-02,4.227249999999999730e+00,-4.721239271783601171e-03,-4.721239271783601588e+00,6.208209677419354477e+00,9.714589681861943715e-01,4.927614441197159523e-01,2.656991608807965690e+02,0.000000000000000000e+00
4.236499999999999988e-02,4.236500000000000377e+00,-4.704917755431670644e-03,-4.704917755431671011e+00,6.208806451612903565e+00,9.712722289843204182e-01,4.927133932611425515e-01,2.656080361886187688e+02,0.000000000000000000e+00
4.245750000000000218e-02,4.245750000000000135e+00,-4.688592229964184087e-03,-4.688592229964184455e+00,6.209403225806450877e+00,9.710855436213312597e-01,4.926653471554698904e-01,2.655168891131394844e+02,0.000000000000000000e+00
4.254999999999999755e-02,4.254999999999999893e+00,-4.672262691093375178e-03,-4.672262691093375331e+00,6.209999999999999964e+00,9.708989120765322278e-01,4.926173058026586116e-01,2.654257196304196782e+02,0.000000000000000000e+00
4.264249999999999985e-02,4.264249999999999652e+00,-4.655929134524580335e-03,-4.655929134524580348e+00,6.210596774193548164e+00,9.707123343292390905e-01,4.925692692026689135e-01,2.653345277164818299e+02,0.000000000000000000e+00
4.273500000000000215e-02,4.273500000000000298e+00,-4.639591555956213559e-03,-4.639591555956213753e+00,6.211193548387097252e+00,9.705258103587769414e-01,4.925212373554608281e-01,2.652433133473097655e+02,0.000000000000000000e+00
4.282749999999999752e-02,4.282750000000000057e+00,-4.623249951079751695e-03,-4.623249951079751341e+00,6.211790322580645451e+00,9.703393401444811994e-01,4.924732102609939988e-01,2.651520764988484871e+02,0.000000000000000000e+00
4.291999999999999982e-02,4.291999999999999815e+00,-4.606904315579710141e-03,-4.606904315579710030e+00,6.212387096774194539e+00,9.701529236656976085e-01,4.924251879192280135e-01,2.650608171470042862e+02,0.000000000000000000e+00
4.301250000000000212e-02,4.301250000000000462e+00,-4.590554645133637646e-03,-4.590554645133638090e+00,6.212983870967742739e+00,9.699665609017809054e-01,4.923771703301220160e-01,2.649695352676444031e+02,0.000000000000000000e+00
4.310499999999999748e-02,4.310499999999999332e+00,-4.574200935412098094e-03,-4.574200935412098268e+00,6.213580645161290938e+00,9.697802518320963738e-01,4.923291574936350945e-01,2.648782308365971971e+02,0.000000000000000000e+00
4.319749999999999979e-02,4.319749999999999979e+00,-4.557843182078660967e-03,-4.557843182078660682e+00,6.214177419354838250e+00,9.695939964360190677e-01,4.922811494097258933e-01,2.647869038296519193e+02,0.000000000000000000e+00
4.329000000000000209e-02,4.329000000000000625e+00,-4.541481380789863173e-03,-4.541481380789862854e+00,6.214774193548386449e+00,9.694077946929339218e-01,4.922331460783529455e-01,2.646955542225585987e+02,0.000000000000000000e+00
4.338249999999999745e-02,4.338249999999999496e+00,-4.525115527195229873e-03,-4.525115527195230136e+00,6.215370967741935537e+00,9.692216465822354188e-01,4.921851474994743958e-01,2.646041819910280424e+02,0.000000000000000000e+00
4.347499999999999976e-02,4.347500000000000142e+00,-4.508745616937200745e-03,-4.508745616937201106e+00,6.215967741935483737e+00,9.690355520833291436e-01,4.921371536730484442e-01,2.645127871107316082e+02,0.000000000000000000e+00
4.356750000000000206e-02,4.356749999999999901e+00,-4.492371645651182036e-03,-4.492371645651181744e+00,6.216564516129032825e+00,9.688495111756287859e-01,4.920891645990325691e-01,2.644213695573012615e+02,0.000000000000000000e+00
4.365999999999999742e-02,4.365999999999999659e+00,-4.475993608965497979e-03,-4.475993608965498360e+00,6.217161290322581024e+00,9.686635238385594704e-01,4.920411802773844157e-01,2.643299293063295181e+02,0.000000000000000000e+00
4.375249999999999972e-02,4.375250000000000306e+00,-4.459611502501360444e-03,-4.459611502501360292e+00,6.217758064516129224e+00,9.684775900515552038e-01,4.919932007080610736e-01,2.642384663333691606e+02,0.000000000000000000e+00
4.384500000000000203e-02,4.384500000000000064e+00,-4.443225321872887150e-03,-4.443225321872887434e+00,6.218354838709676535e+00,9.682917097940605400e-01,4.919452258910196885e-01,2.641469806139333514e+02,0.000000000000000000e+00
4.393749999999999739e-02,4.393749999999999822e+00,-4.426835062687056559e-03,-4.426835062687056954e+00,6.218951612903225623e+00,9.681058830455291364e-01,4.918972558262169059e-01,2.640554721234954059e+02,0.000000000000000000e+00
4.402999999999999969e-02,4.402999999999999581e+00,-4.410440720543699206e-03,-4.410440720543698845e+00,6.219548387096774711e+00,9.679201097854250868e-01,4.918492905136090942e-01,2.639639408374887353e+02,0.000000000000000000e+00
4.412250000000000200e-02,4.412250000000000227e+00,-4.394042291035473412e-03,-4.394042291035473724e+00,6.220145161290322910e+00,9.677343899932224769e-01,4.918013299531527327e-01,2.638723867313066762e+02,0.000000000000000000e+00
4.421499999999999736e-02,4.421499999999999986e+00,-4.377639769747887835e-03,-4.377639769747887932e+00,6.220741935483871110e+00,9.675487236484049403e-01,4.917533741448036344e-01,2.637808097803027181e+02,0.000000000000000000e+00
4.430749999999999966e-02,4.430749999999999744e+00,-4.361233152259249429e-03,-4.361233152259249124e+00,6.221338709677419310e+00,9.673631107304657695e-01,4.917054230885175570e-01,2.636892099597900483e+02,0.000000000000000000e+00
4.440000000000000197e-02,4.440000000000000391e+00,-4.344822434140645229e-03,-4.344822434140644951e+00,6.221935483870967509e+00,9.671775512189083601e-01,4.916574767842500915e-01,2.635975872450416091e+02,0.000000000000000000e+00
4.449249999999999733e-02,4.449250000000000149e+00,-4.328407610955924134e-03,-4.328407610955924412e+00,6.222532258064516597e+00,9.669920450932455447e-01,4.916095352319562739e-01,2.635059416112899271e+02,0.000000000000000000e+00
4.458499999999999963e-02,4.458499999999999908e+00,-4.311988678261722933e-03,-4.311988678261722718e+00,6.223129032258064797e+00,9.668065923330002587e-01,4.915615984315910292e-01,2.634142730337272837e+02,0.000000000000000000e+00
4.467750000000000193e-02,4.467750000000000554e+00,-4.295565631607409056e-03,-4.295565631607408896e+00,6.223725806451612996e+00,9.666211929177062068e-01,4.915136663831094488e-01,2.633225814875052606e+02,0.000000000000000000e+00
4.476999999999999730e-02,4.476999999999999424e+00,-4.279138466535050214e-03,-4.279138466535050256e+00,6.224322580645161196e+00,9.664358468269053093e-01,4.914657390864658471e-01,2.632308669477348531e+02,0.000000000000000000e+00
4.486249999999999960e-02,4.486250000000000071e+00,-4.262707178579464712e-03,-4.262707178579464795e+00,6.224919354838709395e+00,9.662505540401499227e-01,4.914178165416143718e-01,2.631391293894864134e+02,0.000000000000000000e+00
4.495500000000000190e-02,4.495499999999999829e+00,-4.246271763268112155e-03,-4.246271763268111954e+00,6.225516129032258483e+00,9.660653145370022843e-01,4.913698987485090042e-01,2.630473687877893667e+02,0.000000000000000000e+00
4.504749999999999727e-02,4.504749999999999588e+00,-4.229832216121177588e-03,-4.229832216121177879e+00,6.226112903225807571e+00,9.658801282970342905e-01,4.913219857071035590e-01,2.629555851176323813e+02,0.000000000000000000e+00
4.513999999999999957e-02,4.514000000000000234e+00,-4.213388532651457866e-03,-4.213388532651458185e+00,6.226709677419355771e+00,9.656949952998282738e-01,4.912740774173515179e-01,2.628637783539630277e+02,0.000000000000000000e+00
4.523250000000000187e-02,4.523249999999999993e+00,-4.196940708364428445e-03,-4.196940708364428119e+00,6.227306451612903082e+00,9.655099155249755594e-01,4.912261738792061960e-01,2.627719484716878355e+02,0.000000000000000000e+00
4.532499999999999724e-02,4.532499999999999751e+00,-4.180488738758165318e-03,-4.180488738758165290e+00,6.227903225806451282e+00,9.653248889520772424e-01,4.911782750926205199e-01,2.626800954456721229e+02,0.000000000000000000e+00
4.541749999999999954e-02,4.541750000000000398e+00,-4.164032619323360628e-03,-4.164032619323360329e+00,6.228499999999999481e+00,9.651399155607446323e-01,4.911303810575471940e-01,2.625882192507399964e+02,0.000000000000000000e+00
4.551000000000000184e-02,4.551000000000000156e+00,-4.147572345543273226e-03,-4.147572345543273364e+00,6.229096774193548569e+00,9.649549953305982530e-01,4.910824917739387008e-01,2.624963198616740101e+02,0.000000000000000000e+00
4.560249999999999720e-02,4.560249999999999915e+00,-4.131107912893785920e-03,-4.131107912893785539e+00,6.229693548387096769e+00,9.647701282412695090e-01,4.910346072417474117e-01,2.624043972532155635e+02,0.000000000000000000e+00
4.569499999999999951e-02,4.569499999999999673e+00,-4.114639316843297055e-03,-4.114639316843296868e+00,6.230290322580645856e+00,9.645853142723980200e-01,4.909867274609252541e-01,2.623124514000642193e+02,0.000000000000000000e+00
4.578750000000000181e-02,4.578750000000000320e+00,-4.098166552852755204e-03,-4.098166552852755551e+00,6.230887096774194056e+00,9.644005534036345084e-01,4.909388524314239888e-01,2.622204822768780446e+02,0.000000000000000000e+00
4.587999999999999717e-02,4.588000000000000078e+00,-4.081689616375630547e-03,-4.081689616375630436e+00,6.231483870967742256e+00,9.642158456146386891e-01,4.908909821531951545e-01,2.621284898582732694e+02,0.000000000000000000e+00
4.597249999999999948e-02,4.597249999999999837e+00,-4.065208502857903597e-03,-4.065208502857903916e+00,6.232080645161289567e+00,9.640311908850802691e-01,4.908431166261900125e-01,2.620364741188243443e+02,0.000000000000000000e+00
4.606500000000000178e-02,4.606500000000000483e+00,-4.048723207738038309e-03,-4.048723207738038177e+00,6.232677419354838655e+00,9.638465891946380593e-01,4.907952558503593798e-01,2.619444350330637690e+02,0.000000000000000000e+00
4.615749999999999714e-02,4.615749999999999353e+00,-4.032233726446963866e-03,-4.032233726446963651e+00,6.233274193548386855e+00,9.636620405230018616e-01,4.907473998256543513e-01,2.618523725754819225e+02,0.000000000000000000e+00
4.624999999999999944e-02,4.625000000000000000e+00,-4.015740054408065141e-03,-4.015740054408064807e+00,6.233870967741935942e+00,9.634775448498701378e-01,4.906995485520251887e-01,2.617602867205271195e+02,0.000000000000000000e+00
4.634250000000000175e-02,4.634249999999999758e+00,-3.999242187037193100e-03,-3.999242187037193030e+00,6.234467741935484142e+00,9.632931021549517858e-01,4.906517020294224318e-01,2.616681774426055540e+02,0.000000000000000000e+00
4.643499999999999711e-02,4.643499999999999517e+00,-3.982740119742560723e-03,-3.982740119742560925e+00,6.235064516129032341e+00,9.631087124179645853e-01,4.906038602577957874e-01,2.615760447160808440e+02,0.000000000000000000e+00
4.652749999999999941e-02,4.652750000000000163e+00,-3.966233847924824536e-03,-3.966233847924824474e+00,6.235661290322581429e+00,9.629243756186368630e-01,4.905560232370953511e-01,2.614838885152743728e+02,0.000000000000000000e+00
4.662000000000000172e-02,4.661999999999999922e+00,-3.949723366976999606e-03,-3.949723366976999550e+00,6.236258064516128741e+00,9.627400917367057165e-01,4.905081909672703300e-01,2.613917088144648915e+02,0.000000000000000000e+00
4.671249999999999708e-02,4.671249999999999680e+00,-3.933208672284489900e-03,-3.933208672284489893e+00,6.236854838709677828e+00,9.625558607519189014e-01,4.904603634482702090e-01,2.612995055878886319e+02,0.000000000000000000e+00
4.680499999999999938e-02,4.680500000000000327e+00,-3.916689759225048389e-03,-3.916689759225048473e+00,6.237451612903226028e+00,9.623716826440338323e-01,4.904125406800440845e-01,2.612072788097390799e+02,0.000000000000000000e+00
4.689750000000000169e-02,4.689750000000000085e+00,-3.900166623168732378e-03,-3.900166623168732194e+00,6.238048387096774228e+00,9.621875573928165837e-01,4.903647226625406641e-01,2.611150284541668043e+02,0.000000000000000000e+00
4.698999999999999705e-02,4.698999999999999844e+00,-3.883639259477927354e-03,-3.883639259477927208e+00,6.238645161290322427e+00,9.620034849780436659e-01,4.903169093957084335e-01,2.610227544952795711e+02,0.000000000000000000e+00
4.708249999999999935e-02,4.708249999999999602e+00,-3.867107663507320103e-03,-3.867107663507320048e+00,6.239241935483870627e+00,9.618194653795012483e-01,4.902691008794957672e-01,2.609304569071421156e+02,0.000000000000000000e+00
4.717500000000000165e-02,4.717500000000000249e+00,-3.850571830603870087e-03,-3.850571830603870094e+00,6.239838709677419715e+00,9.616354985769849373e-01,4.902212971138508180e-01,2.608381356637759723e+02,0.000000000000000000e+00
4.726749999999999702e-02,4.726750000000000007e+00,-3.834031756106782551e-03,-3.834031756106782485e+00,6.240435483870968802e+00,9.614515845502996649e-01,4.901734980987210721e-01,2.607457907391595313e+02,0.000000000000000000e+00
4.735999999999999932e-02,4.735999999999999766e+00,-3.817487435347526308e-03,-3.817487435347526326e+00,6.241032258064516114e+00,9.612677232792619098e-01,4.901257038340545158e-01,2.606534221072278683e+02,0.000000000000000000e+00
4.745250000000000162e-02,4.745250000000000412e+00,-3.800938863649798612e-03,-3.800938863649798716e+00,6.241629032258064314e+00,9.610839147436950336e-01,4.900779143197982468e-01,2.605610297418726873e+02,0.000000000000000000e+00
4.754499999999999699e-02,4.754499999999999282e+00,-3.784386036329457498e-03,-3.784386036329457692e+00,6.242225806451612513e+00,9.609001589234339447e-01,4.900301295558993075e-01,2.604686136169419797e+02,0.000000000000000000e+00
4.763749999999999929e-02,4.763749999999999929e+00,-3.767828948694601152e-03,-3.767828948694601277e+00,6.242822580645160713e+00,9.607164557983224329e-01,4.899823495423047404e-01,2.603761737062403654e+02,0.000000000000000000e+00
4.773000000000000159e-02,4.773000000000000576e+00,-3.751267596045465558e-03,-3.751267596045465780e+00,6.243419354838709801e+00,9.605328053482139472e-01,4.899345742789608105e-01,2.602837099835285812e+02,0.000000000000000000e+00
4.782249999999999696e-02,4.782249999999999446e+00,-3.734701973674446184e-03,-3.734701973674446229e+00,6.244016129032258000e+00,9.603492075529721506e-01,4.898868037658141716e-01,2.601912224225235946e+02,0.000000000000000000e+00
4.791499999999999926e-02,4.791500000000000092e+00,-3.718132076866076299e-03,-3.718132076866076385e+00,6.244612903225807088e+00,9.601656623924691436e-01,4.898390380028105895e-01,2.600987109968984896e+02,0.000000000000000000e+00
4.800750000000000156e-02,4.800749999999999851e+00,-3.701557900896999646e-03,-3.701557900896999431e+00,6.245209677419354399e+00,9.599821698465882402e-01,4.897912769898962737e-01,2.600061756802822401e+02,0.000000000000000000e+00
4.809999999999999692e-02,4.809999999999999609e+00,-3.684979441035954838e-03,-3.684979441035954650e+00,6.245806451612902599e+00,9.597987298952211921e-01,4.897435207270166568e-01,2.599136164462597662e+02,0.000000000000000000e+00
4.819249999999999923e-02,4.819250000000000256e+00,-3.668396692543768843e-03,-3.668396692543768989e+00,6.246403225806451687e+00,9.596153425182694097e-01,4.896957692141170604e-01,2.598210332683717638e+02,0.000000000000000000e+00
4.828500000000000153e-02,4.828500000000000014e+00,-3.651809650673298012e-03,-3.651809650673297991e+00,6.247000000000000774e+00,9.594320076956442955e-01,4.896480224511426393e-01,2.597284261201144773e+02,0.000000000000000000e+00
4.837749999999999689e-02,4.837749999999999773e+00,-3.635218310669471441e-03,-3.635218310669471542e+00,6.247596774193548974e+00,9.592487254072671332e-01,4.896002804380382711e-01,2.596357949749398131e+02,0.000000000000000000e+00
4.846999999999999920e-02,4.846999999999999531e+00,-3.618622667769242837e-03,-3.618622667769242796e+00,6.248193548387097174e+00,9.590654956330681991e-01,4.895525431747487777e-01,2.595431398062552262e+02,0.000000000000000000e+00
4.856250000000000150e-02,4.856250000000000178e+00,-3.602022717201523293e-03,-3.602022717201523339e+00,6.248790322580645373e+00,9.588823183529874283e-01,4.895048106612182592e-01,2.594504605874232652e+02,0.000000000000000000e+00
4.865499999999999686e-02,4.865499999999999936e+00,-3.585418454187276269e-03,-3.585418454187276449e+00,6.249387096774193573e+00,9.586991935469744153e-01,4.894570828973910381e-01,2.593577572917620273e+02,0.000000000000000000e+00
4.874749999999999917e-02,4.874749999999999694e+00,-3.568809873939380109e-03,-3.568809873939380317e+00,6.249983870967741773e+00,9.585161211949879689e-01,4.894093598832108261e-01,2.592650298925445327e+02,0.000000000000000000e+00
4.884000000000000147e-02,4.884000000000000341e+00,-3.552196971662677488e-03,-3.552196971662677338e+00,6.250580645161289972e+00,9.583331012769980006e-01,4.893616416186215567e-01,2.591722783629989522e+02,0.000000000000000000e+00
4.893249999999999683e-02,4.893250000000000099e+00,-3.535579742553931169e-03,-3.535579742553931037e+00,6.251177419354839060e+00,9.581501337729814161e-01,4.893139281035663313e-01,2.590795026763083229e+02,0.000000000000000000e+00
4.902499999999999913e-02,4.902499999999999858e+00,-3.518958181801831384e-03,-3.518958181801831397e+00,6.251774193548387260e+00,9.579672186629272224e-01,4.892662193379885838e-01,2.589867028056106051e+02,0.000000000000000000e+00
4.911750000000000144e-02,4.911750000000000504e+00,-3.502332284586945083e-03,-3.502332284586945121e+00,6.252370967741935459e+00,9.577843559268323093e-01,4.892185153218311378e-01,2.588938787239983981e+02,0.000000000000000000e+00
4.920999999999999680e-02,4.920999999999999375e+00,-3.485702046081717680e-03,-3.485702046081717853e+00,6.252967741935483659e+00,9.576015455447042246e-01,4.891708160550367612e-01,2.588010304045189969e+02,0.000000000000000000e+00
4.930249999999999910e-02,4.930250000000000021e+00,-3.469067461450437914e-03,-3.469067461450437762e+00,6.253564516129031858e+00,9.574187874965585099e-01,4.891231215375477226e-01,2.587081578201741081e+02,0.000000000000000000e+00
4.939500000000000141e-02,4.939499999999999780e+00,-3.452428525849235257e-03,-3.452428525849235097e+00,6.254161290322580946e+00,9.572360817624213647e-01,4.890754317693062347e-01,2.586152609439199068e+02,0.000000000000000000e+00
4.948749999999999677e-02,4.948749999999999538e+00,-3.435785234426046077e-03,-3.435785234426046220e+00,6.254758064516129146e+00,9.570534283223288696e-01,4.890277467502543440e-01,2.585223397486668659e+02,0.000000000000000000e+00
4.957999999999999907e-02,4.958000000000000185e+00,-3.419137582320608010e-03,-3.419137582320607827e+00,6.255354838709677345e+00,9.568708271563266532e-01,4.889800664803339303e-01,2.584293942072795858e+02,0.000000000000000000e+00
4.967250000000000137e-02,4.967249999999999943e+00,-3.402485564664444340e-03,-3.402485564664444517e+00,6.255951612903225545e+00,9.566882782444682265e-01,4.889323909594862072e-01,2.583364242925769076e+02,0.000000000000000000e+00
4.976499999999999674e-02,4.976499999999999702e+00,-3.385829176580814129e-03,-3.385829176580814170e+00,6.256548387096773745e+00,9.565057815668183139e-01,4.888847201876524995e-01,2.582434299773314592e+02,0.000000000000000000e+00
4.985749999999999904e-02,4.985749999999999460e+00,-3.369168413184719154e-03,-3.369168413184719046e+00,6.257145161290322832e+00,9.563233371034500774e-01,4.888370541647736878e-01,2.581504112342698249e+02,0.000000000000000000e+00
4.995000000000000134e-02,4.995000000000000107e+00,-3.352503269582881359e-03,-3.352503269582881362e+00,6.257741935483871032e+00,9.561409448344471151e-01,4.887893928907907082e-01,2.580573680360723188e+02,0.000000000000000000e+00
5.004249999999999671e-02,5.004249999999999865e+00,-3.335833740873720733e-03,-3.335833740873720643e+00,6.258338709677420120e+00,9.559586047399015740e-01,4.887417363656438307e-01,2.579643003553729272e+02,0.000000000000000000e+00
5.013499999999999901e-02,5.013499999999999623e+00,-3.319159822147345340e-03,-3.319159822147345285e+00,6.258935483870967431e+00,9.557763167999162590e-01,4.886940845892736029e-01,2.578712081647591958e+02,0.000000000000000000e+00
5.022750000000000131e-02,5.022750000000000270e+00,-3.302481508485485395e-03,-3.302481508485485495e+00,6.259532258064515631e+00,9.555940809946027459e-01,4.886464375616200173e-01,2.577780914367719447e+02,0.000000000000000000e+00
5.031999999999999668e-02,5.032000000000000028e+00,-3.285798794961554848e-03,-3.285798794961555025e+00,6.260129032258063830e+00,9.554118973040814922e-01,4.885987952826225666e-01,2.576849501439055530e+02,0.000000000000000000e+00
5.041249999999999898e-02,5.041249999999999787e+00,-3.269111676640561182e-03,-3.269111676640561015e+00,6.260725806451613806e+00,9.552297657084825033e-01,4.885511577522207993e-01,2.575917842586074471e+02,0.000000000000000000e+00
5.050500000000000128e-02,5.050500000000000433e+00,-3.252420148579103672e-03,-3.252420148579103554e+00,6.261322580645162006e+00,9.550476861879477752e-01,4.885035249703544302e-01,2.574985937532781008e+02,0.000000000000000000e+00
5.059749999999999664e-02,5.059749999999999304e+00,-3.235724205825392039e-03,-3.235724205825392108e+00,6.261919354838710206e+00,9.548656587226252990e-01,4.884558969369621750e-01,2.574053786002711490e+02,0.000000000000000000e+00
5.068999999999999895e-02,5.068999999999999950e+00,-3.219023843419172720e-03,-3.219023843419172692e+00,6.262516129032258405e+00,9.546836832926743899e-01,4.884082736519829160e-01,2.573121387718930464e+02,0.000000000000000000e+00
5.078250000000000125e-02,5.078249999999999709e+00,-3.202319056391711525e-03,-3.202319056391711438e+00,6.263112903225805717e+00,9.545017598782636892e-01,4.883606551153553132e-01,2.572188742404027835e+02,0.000000000000000000e+00
5.087499999999999661e-02,5.087499999999999467e+00,-3.185609839765837868e-03,-3.185609839765837670e+00,6.263709677419354804e+00,9.543198884595703868e-01,4.883130413270175274e-01,2.571255849780123413e+02,0.000000000000000000e+00
5.096749999999999892e-02,5.096750000000000114e+00,-3.168896188555845022e-03,-3.168896188555844873e+00,6.264306451612903004e+00,9.541380690167826639e-01,4.882654322869078301e-01,2.570322709568860091e+02,0.000000000000000000e+00
5.106000000000000122e-02,5.105999999999999872e+00,-3.152178097767520479e-03,-3.152178097767520448e+00,6.264903225806452092e+00,9.539563015300961402e-01,4.882178279949637711e-01,2.569389321491405553e+02,0.000000000000000000e+00
5.115249999999999658e-02,5.115249999999999631e+00,-3.135455562398105182e-03,-3.135455562398105300e+00,6.265500000000000291e+00,9.537745859797180925e-01,4.881702284511234002e-01,2.568455685268451134e+02,0.000000000000000000e+00
5.124499999999999889e-02,5.124500000000000277e+00,-3.118728577436267937e-03,-3.118728577436268079e+00,6.266096774193548491e+00,9.535929223458636805e-01,4.881226336553239342e-01,2.567521800620208978e+02,0.000000000000000000e+00
5.133750000000000119e-02,5.133750000000000036e+00,-3.101997137862137505e-03,-3.101997137862137599e+00,6.266693548387096691e+00,9.534113106087578338e-01,4.880750436075023679e-01,2.566587667266414314e+02,0.000000000000000000e+00
5.142999999999999655e-02,5.142999999999999794e+00,-3.085261238647172503e-03,-3.085261238647172721e+00,6.267290322580644890e+00,9.532297507486350296e-01,4.880274583075956962e-01,2.565653284926318634e+02,0.000000000000000000e+00
5.152249999999999885e-02,5.152249999999999552e+00,-3.068520874754258974e-03,-3.068520874754259165e+00,6.267887096774193090e+00,9.530482427457386274e-01,4.879798777555404699e-01,2.564718653318694805e+02,0.000000000000000000e+00
5.161500000000000116e-02,5.161500000000000199e+00,-3.051776041137634066e-03,-3.051776041137634010e+00,6.268483870967742178e+00,9.528667865803224224e-01,4.879323019512731840e-01,2.563783772161832530e+02,0.000000000000000000e+00
5.170749999999999652e-02,5.170749999999999957e+00,-3.035026732742827481e-03,-3.035026732742827527e+00,6.269080645161290377e+00,9.526853822326488697e-01,4.878847308947300010e-01,2.562848641173536066e+02,0.000000000000000000e+00
5.179999999999999882e-02,5.179999999999999716e+00,-3.018272944506741710e-03,-3.018272944506741773e+00,6.269677419354838577e+00,9.525040296829900832e-01,4.878371645858468608e-01,2.561913260071127070e+02,0.000000000000000000e+00
5.189250000000000113e-02,5.189250000000000362e+00,-3.001514671357527995e-03,-3.001514671357528030e+00,6.270274193548386776e+00,9.523227289116276140e-01,4.877896030245595371e-01,2.560977628571438913e+02,0.000000000000000000e+00
5.198499999999999649e-02,5.198499999999999233e+00,-2.984751908214640110e-03,-2.984751908214640093e+00,6.270870967741935864e+00,9.521414798988515615e-01,4.877420462108033039e-01,2.560041746390820094e+02,0.000000000000000000e+00
5.207749999999999879e-02,5.207749999999999879e+00,-2.967984649988758897e-03,-2.967984649988758772e+00,6.271467741935484952e+00,9.519602826249626837e-01,4.876944941445134352e-01,2.559105613245128268e+02,0.000000000000000000e+00
5.217000000000000109e-02,5.217000000000000526e+00,-2.951212891581818723e-03,-2.951212891581818543e+00,6.272064516129032263e+00,9.517791370702703979e-01,4.876469468256249828e-01,2.558169228849733372e+02,0.000000000000000000e+00
5.226249999999999646e-02,5.226249999999999396e+00,-2.934436627886953704e-03,-2.934436627886953808e+00,6.272661290322580463e+00,9.515980432150937807e-01,4.875994042540726658e-01,2.557232592919513650e+02,0.000000000000000000e+00
5.235499999999999876e-02,5.235500000000000043e+00,-2.917655853788482089e-03,-2.917655853788482023e+00,6.273258064516128663e+00,9.514170010397611232e-01,4.875518664297910920e-01,2.556295705168855648e+02,0.000000000000000000e+00
5.244750000000000106e-02,5.244749999999999801e+00,-2.900870564161888484e-03,-2.900870564161888598e+00,6.273854838709676862e+00,9.512360105246095987e-01,4.875043333527142586e-01,2.555358565311652512e+02,0.000000000000000000e+00
5.253999999999999643e-02,5.253999999999999559e+00,-2.884080753873814306e-03,-2.884080753873814462e+00,6.274451612903225950e+00,9.510550716499860391e-01,4.874568050227762739e-01,2.554421173061303421e+02,0.000000000000000000e+00
5.263249999999999873e-02,5.263250000000000206e+00,-2.867286417782018756e-03,-2.867286417782018759e+00,6.275048387096775038e+00,9.508741843962472684e-01,4.874092814399109685e-01,2.553483528130711875e+02,0.000000000000000000e+00
5.272500000000000103e-02,5.272499999999999964e+00,-2.850487550735374912e-03,-2.850487550735374853e+00,6.275645161290323237e+00,9.506933487437592145e-01,4.873617626040520068e-01,2.552545630232284850e+02,0.000000000000000000e+00
5.281749999999999640e-02,5.281749999999999723e+00,-2.833684147573813789e-03,-2.833684147573813927e+00,6.276241935483871437e+00,9.505125646728962430e-01,4.873142485151324976e-01,2.551607479077931089e+02,0.000000000000000000e+00
5.290999999999999870e-02,5.290999999999999481e+00,-2.816876203128346884e-03,-2.816876203128346745e+00,6.276838709677418748e+00,9.503318321640428223e-01,4.872667391730856057e-01,2.550669074379060248e+02,0.000000000000000000e+00
5.300250000000000100e-02,5.300250000000000128e+00,-2.800063712221028886e-03,-2.800063712221029011e+00,6.277435483870966948e+00,9.501511511975927471e-01,4.872192345778441624e-01,2.549730415846582332e+02,0.000000000000000000e+00
5.309499999999999637e-02,5.309499999999999886e+00,-2.783246669664918207e-03,-2.783246669664918294e+00,6.278032258064516036e+00,9.499705217539485824e-01,4.871717347293406664e-01,2.548791503190905132e+02,0.000000000000000000e+00
5.318749999999999867e-02,5.318749999999999645e+00,-2.766425070264067008e-03,-2.766425070264066921e+00,6.278629032258065124e+00,9.497899438135229966e-01,4.871242396275075603e-01,2.547852336121933945e+02,0.000000000000000000e+00
5.328000000000000097e-02,5.328000000000000291e+00,-2.749598908813515995e-03,-2.749598908813516207e+00,6.279225806451613323e+00,9.496094173567375396e-01,4.870767492722768988e-01,2.546912914349070149e+02,0.000000000000000000e+00
5.337249999999999633e-02,5.337250000000000050e+00,-2.732768180099250620e-03,-2.732768180099250710e+00,6.279822580645161523e+00,9.494289423640233094e-01,4.870292636635807360e-01,2.545973237581210071e+02,0.000000000000000000e+00
5.346499999999999864e-02,5.346499999999999808e+00,-2.715932878898179824e-03,-2.715932878898180025e+00,6.280419354838709722e+00,9.492485188158199527e-01,4.869817828013505712e-01,2.545033305526743277e+02,0.000000000000000000e+00
5.355750000000000094e-02,5.355750000000000455e+00,-2.699092999978129105e-03,-2.699092999978129015e+00,6.281016129032257922e+00,9.490681466925774412e-01,4.869343066855178481e-01,2.544093117893552005e+02,0.000000000000000000e+00
5.364999999999999630e-02,5.364999999999999325e+00,-2.682248538097810591e-03,-2.682248538097810719e+00,6.281612903225806122e+00,9.488878259747537403e-01,4.868868353160136220e-01,2.543152674389010031e+02,0.000000000000000000e+00
5.374249999999999861e-02,5.374249999999999972e+00,-2.665399488006793983e-03,-2.665399488006793938e+00,6.282209677419354321e+00,9.487075566428179174e-01,4.868393686927690589e-01,2.542211974719980105e+02,0.000000000000000000e+00
5.383500000000000091e-02,5.383499999999999730e+00,-2.648545844445490943e-03,-2.648545844445490793e+00,6.282806451612903409e+00,9.485273386772463677e-01,4.867919068157145479e-01,2.541271018592814528e+02,0.000000000000000000e+00
5.392749999999999627e-02,5.392749999999999488e+00,-2.631687602145137746e-03,-2.631687602145137639e+00,6.283403225806451609e+00,9.483471720585266995e-01,4.867444496847809221e-01,2.540329805713352584e+02,0.000000000000000000e+00
5.401999999999999857e-02,5.402000000000000135e+00,-2.614824755827770998e-03,-2.614824755827771074e+00,6.283999999999999808e+00,9.481670567671536265e-01,4.866969972998980154e-01,2.539388335786919981e+02,0.000000000000000000e+00
5.411250000000000088e-02,5.411249999999999893e+00,-2.597957300206191200e-03,-2.597957300206191089e+00,6.284596774193548896e+00,9.479869927836329646e-01,4.866495496609961058e-01,2.538446608518327423e+02,0.000000000000000000e+00
5.420499999999999624e-02,5.420499999999999652e+00,-2.581085229983961019e-03,-2.581085229983961060e+00,6.285193548387097984e+00,9.478069800884786344e-01,4.866021067680046386e-01,2.537504623611869192e+02,0.000000000000000000e+00
5.429749999999999854e-02,5.429750000000000298e+00,-2.564208539855370155e-03,-2.564208539855370006e+00,6.285790322580645295e+00,9.476270186622147707e-01,4.865546686208535587e-01,2.536562380771321727e+02,0.000000000000000000e+00
5.439000000000000085e-02,5.439000000000000057e+00,-2.547327224505404122e-03,-2.547327224505404164e+00,6.286387096774193495e+00,9.474471084853742786e-01,4.865072352194718119e-01,2.535619879699942771e+02,0.000000000000000000e+00
5.448249999999999621e-02,5.448249999999999815e+00,-2.530441278609759422e-03,-2.530441278609759426e+00,6.286983870967741694e+00,9.472672495384987235e-01,4.864598065637885660e-01,2.534677120100471086e+02,0.000000000000000000e+00
5.457499999999999851e-02,5.457499999999999574e+00,-2.513550696834758545e-03,-2.513550696834758735e+00,6.287580645161289894e+00,9.470874418021397734e-01,4.864123826537326556e-01,2.533734101675121622e+02,0.000000000000000000e+00
5.466750000000000081e-02,5.466750000000000220e+00,-2.496655473837397238e-03,-2.496655473837397388e+00,6.288177419354838982e+00,9.469076852568575342e-01,4.863649634892324713e-01,2.532790824125589495e+02,0.000000000000000000e+00
5.475999999999999618e-02,5.475999999999999979e+00,-2.479755604265269486e-03,-2.479755604265269309e+00,6.288774193548387181e+00,9.467279798832225479e-01,4.863175490702164594e-01,2.531847287153043737e+02,0.000000000000000000e+00
5.485249999999999848e-02,5.485249999999999737e+00,-2.462851082756565765e-03,-2.462851082756565724e+00,6.289370967741936269e+00,9.465483256618130170e-01,4.862701393966127883e-01,2.530903490458129568e+02,0.000000000000000000e+00
5.494500000000000078e-02,5.494500000000000384e+00,-2.445941903940038360e-03,-2.445941903940038298e+00,6.289967741935483581e+00,9.463687225732176911e-01,4.862227344683491825e-01,2.529959433740964698e+02,0.000000000000000000e+00
5.503749999999999615e-02,5.503749999999999254e+00,-2.429028062435003524e-03,-2.429028062435003577e+00,6.290564516129031780e+00,9.461891705980339795e-01,4.861753342853534776e-01,2.529015116701139902e+02,0.000000000000000000e+00
5.512999999999999845e-02,5.512999999999999901e+00,-2.412109552851283371e-03,-2.412109552851283478e+00,6.291161290322579980e+00,9.460096697168687285e-01,4.861279388475529539e-01,2.528070539037716173e+02,0.000000000000000000e+00
5.522250000000000075e-02,5.522249999999999659e+00,-2.395186369789216712e-03,-2.395186369789216840e+00,6.291758064516129068e+00,9.458302199103364449e-01,4.860805481548745033e-01,2.527125700449225008e+02,0.000000000000000000e+00
5.531499999999999612e-02,5.531499999999999417e+00,-2.378258507839610490e-03,-2.378258507839610569e+00,6.292354838709677267e+00,9.456508211590636259e-01,4.860331622072455726e-01,2.526180600633665279e+02,0.000000000000000000e+00
5.540749999999999842e-02,5.540750000000000064e+00,-2.361325961583727630e-03,-2.361325961583727651e+00,6.292951612903226355e+00,9.454714734436839851e-01,4.859857810045924431e-01,2.525235239288503521e+02,0.000000000000000000e+00
5.550000000000000072e-02,5.549999999999999822e+00,-2.344388725593261457e-03,-2.344388725593261391e+00,6.293548387096774555e+00,9.452921767448407842e-01,4.859384045468417290e-01,2.524289616110671943e+02,0.000000000000000000e+00
5.559249999999999609e-02,5.559249999999999581e+00,-2.327446794430307938e-03,-2.327446794430307886e+00,6.294145161290322754e+00,9.451129310431866104e-01,4.858910328339196560e-01,2.523343730796566717e+02,0.000000000000000000e+00
5.568499999999999839e-02,5.568500000000000227e+00,-2.310500162647348334e-03,-2.310500162647348255e+00,6.294741935483870954e+00,9.449337363193830441e-01,4.858436658657520613e-01,2.522397583042047415e+02,0.000000000000000000e+00
5.577750000000000069e-02,5.577749999999999986e+00,-2.293548824787230555e-03,-2.293548824787230433e+00,6.295338709677419153e+00,9.447545925541014356e-01,4.857963036422648928e-01,2.521451172542435586e+02,0.000000000000000000e+00
5.586999999999999605e-02,5.586999999999999744e+00,-2.276592775383132292e-03,-2.276592775383132317e+00,6.295935483870968241e+00,9.445754997280210175e-01,4.857489461633834327e-01,2.520504498992513049e+02,0.000000000000000000e+00
5.596249999999999836e-02,5.596249999999999503e+00,-2.259632008958533268e-03,-2.259632008958533333e+00,6.296532258064516441e+00,9.443964578218321249e-01,4.857015934290333514e-01,2.519557562086519908e+02,0.000000000000000000e+00
5.605500000000000066e-02,5.605500000000000149e+00,-2.242666520027221735e-03,-2.242666520027221555e+00,6.297129032258064640e+00,9.442174668162324203e-01,4.856542454391394315e-01,2.518610361518155401e+02,0.000000000000000000e+00
5.614749999999999602e-02,5.614749999999999908e+00,-2.225696303093243310e-03,-2.225696303093243511e+00,6.297725806451612840e+00,9.440385266919294471e-01,4.856069021936263996e-01,2.517662896980574772e+02,0.000000000000000000e+00
5.623999999999999833e-02,5.623999999999999666e+00,-2.208721352650861499e-03,-2.208721352650861558e+00,6.298322580645161928e+00,9.438596374296397418e-01,4.855595636924190384e-01,2.516715168166387286e+02,0.000000000000000000e+00
5.633250000000000063e-02,5.633250000000000313e+00,-2.191741663184585028e-03,-2.191741663184584965e+00,6.298919354838709239e+00,9.436807990100890553e-01,4.855122299354415194e-01,2.515767174767657366e+02,0.000000000000000000e+00
5.642499999999999599e-02,5.642499999999999183e+00,-2.174757229169103651e-03,-2.174757229169103745e+00,6.299516129032258327e+00,9.435020114140129088e-01,4.854649009226181811e-01,2.514818916475901176e+02,0.000000000000000000e+00
5.651749999999999829e-02,5.651749999999999829e+00,-2.157768045069269509e-03,-2.157768045069269558e+00,6.300112903225806527e+00,9.433232746221547060e-01,4.854175766538726955e-01,2.513870392982086059e+02,0.000000000000000000e+00
5.661000000000000060e-02,5.661000000000000476e+00,-2.140774105340079777e-03,-2.140774105340079725e+00,6.300709677419354726e+00,9.431445886152678426e-01,4.853702571291288459e-01,2.512921603976628546e+02,0.000000000000000000e+00
5.670249999999999596e-02,5.670249999999999346e+00,-2.123775404426654981e-03,-2.123775404426655022e+00,6.301306451612902926e+00,9.429659533741143740e-01,4.853229423483099159e-01,2.511972549149394069e+02,0.000000000000000000e+00
5.679499999999999826e-02,5.679499999999999993e+00,-2.106771936764210811e-03,-2.106771936764210817e+00,6.301903225806451125e+00,9.427873688794659035e-01,4.852756323113392445e-01,2.511023228189694976e+02,0.000000000000000000e+00
5.688750000000000057e-02,5.688749999999999751e+00,-2.089763696778013449e-03,-2.089763696778013546e+00,6.302500000000000213e+00,9.426088351121026943e-01,4.852283270181396713e-01,2.510073640786288536e+02,0.000000000000000000e+00
5.697999999999999593e-02,5.697999999999999510e+00,-2.072750678883399523e-03,-2.072750678883399367e+00,6.303096774193548413e+00,9.424303520528143352e-01,4.851810264686338692e-01,2.509123786627376944e+02,0.000000000000000000e+00
5.707249999999999823e-02,5.707250000000000156e+00,-2.055732877485702374e-03,-2.055732877485702215e+00,6.303693548387096612e+00,9.422519196823995191e-01,4.851337306627444002e-01,2.508173665400604477e+02,0.000000000000000000e+00
5.716500000000000054e-02,5.716499999999999915e+00,-2.038710286980268110e-03,-2.038710286980268016e+00,6.304290322580644812e+00,9.420735379816664867e-01,4.850864396003936596e-01,2.507223276793057494e+02,0.000000000000000000e+00
5.725749999999999590e-02,5.725749999999999673e+00,-2.021682901752400521e-03,-2.021682901752400507e+00,6.304887096774193012e+00,9.418952069314313613e-01,4.850391532815034323e-01,2.506272620491261875e+02,0.000000000000000000e+00
5.734999999999999820e-02,5.734999999999999432e+00,-2.004650716177355015e-03,-2.004650716177355019e+00,6.305483870967742099e+00,9.417169265125199251e-01,4.849918717059954476e-01,2.505321696181182176e+02,0.000000000000000000e+00
5.744250000000000050e-02,5.744250000000000078e+00,-1.987613724620308688e-03,-1.987613724620308719e+00,6.306080645161290299e+00,9.415386967057679524e-01,4.849445948737916012e-01,2.504370503548220483e+02,0.000000000000000000e+00
5.753499999999999587e-02,5.753499999999999837e+00,-1.970571921436329969e-03,-1.970571921436329976e+00,6.306677419354839387e+00,9.413605174920190999e-01,4.848973227848129564e-01,2.503419042277214714e+02,0.000000000000000000e+00
5.762749999999999817e-02,5.762749999999999595e+00,-1.953525300970349130e-03,-1.953525300970349043e+00,6.307274193548387586e+00,9.411823888521264614e-01,4.848500554389806871e-01,2.502467312052436341e+02,0.000000000000000000e+00
5.772000000000000047e-02,5.772000000000000242e+00,-1.936473857557145057e-03,-1.936473857557144962e+00,6.307870967741935786e+00,9.410043107669523454e-01,4.848027928362156347e-01,2.501515312557590676e+02,0.000000000000000000e+00
5.781249999999999584e-02,5.781250000000000000e+00,-1.919417585521335711e-03,-1.919417585521335790e+00,6.308467741935483097e+00,9.408262832173677204e-01,4.847555349764384180e-01,2.500563043475814879e+02,0.000000000000000000e+00
5.790499999999999814e-02,5.790499999999999758e+00,-1.902356479177296595e-03,-1.902356479177296666e+00,6.309064516129032185e+00,9.406483061842527693e-01,4.847082818595694342e-01,2.499610504489674838e+02,0.000000000000000000e+00
5.799750000000000044e-02,5.799750000000000405e+00,-1.885290532829198050e-03,-1.885290532829198007e+00,6.309661290322580385e+00,9.404703796484973344e-01,4.846610334855288582e-01,2.498657695281166582e+02,0.000000000000000000e+00
5.808999999999999581e-02,5.808999999999999275e+00,-1.868219740770941288e-03,-1.868219740770941328e+00,6.310258064516129473e+00,9.402925035909989182e-01,4.846137898542365319e-01,2.497704615531712875e+02,0.000000000000000000e+00
5.818249999999999811e-02,5.818249999999999922e+00,-1.851144097286135624e-03,-1.851144097286135715e+00,6.310854838709677672e+00,9.401146779926661257e-01,4.845665509656125192e-01,2.496751264922162079e+02,0.000000000000000000e+00
5.827500000000000041e-02,5.827499999999999680e+00,-1.834063596648104763e-03,-1.834063596648104699e+00,6.311451612903225872e+00,9.399369028344142230e-01,4.845193168195758293e-01,2.495797643132787300e+02,0.000000000000000000e+00
5.836749999999999577e-02,5.836749999999999439e+00,-1.816978233119815678e-03,-1.816978233119815656e+00,6.312048387096774960e+00,9.397591780971686903e-01,4.844720874160458601e-01,2.494843749843284684e+02,0.000000000000000000e+00
5.845999999999999808e-02,5.846000000000000085e+00,-1.799888000953878825e-03,-1.799888000953878908e+00,6.312645161290322271e+00,9.395815037618647780e-01,4.844248627549417319e-01,2.493889584732771425e+02,0.000000000000000000e+00
5.855250000000000038e-02,5.855249999999999844e+00,-1.782792894392521473e-03,-1.782792894392521532e+00,6.313241935483871359e+00,9.394038798094452858e-01,4.843776428361820652e-01,2.492935147479785201e+02,0.000000000000000000e+00
5.864499999999999574e-02,5.864499999999999602e+00,-1.765692907667548890e-03,-1.765692907667548939e+00,6.313838709677419558e+00,9.392263062208633384e-01,4.843304276596856472e-01,2.491980437762281895e+02,0.000000000000000000e+00
5.873749999999999805e-02,5.873749999999999361e+00,-1.748588035000334150e-03,-1.748588035000334218e+00,6.314435483870967758e+00,9.390487829770794992e-01,4.842832172253705991e-01,2.491025455257634746e+02,0.000000000000000000e+00
5.883000000000000035e-02,5.883000000000000007e+00,-1.731478270601785607e-03,-1.731478270601785496e+00,6.315032258064515958e+00,9.388713100590647676e-01,4.842360115331550419e-01,2.490070199642632929e+02,0.000000000000000000e+00
5.892249999999999571e-02,5.892249999999999766e+00,-1.714363608672318925e-03,-1.714363608672318851e+00,6.315629032258064157e+00,9.386938874477984696e-01,4.841888105829568745e-01,2.489114670593479559e+02,0.000000000000000000e+00
5.901499999999999801e-02,5.901499999999999524e+00,-1.697244043401809803e-03,-1.697244043401809899e+00,6.316225806451613245e+00,9.385165151242687021e-01,4.841416143746936629e-01,2.488158867785789710e+02,0.000000000000000000e+00
5.910750000000000032e-02,5.910750000000000171e+00,-1.680119568969614145e-03,-1.680119568969614230e+00,6.316822580645161445e+00,9.383391930694733318e-01,4.840944229082828620e-01,2.487202790894590692e+02,0.000000000000000000e+00
5.920000000000000262e-02,5.919999999999999929e+00,-1.662990179544503871e-03,-1.662990179544503899e+00,6.317419354838709644e+00,9.381619212644185524e-01,4.840472361836415938e-01,2.486246439594319213e+02,0.000000000000000000e+00
5.929249999999999798e-02,5.929249999999999687e+00,-1.645855869284655864e-03,-1.645855869284655881e+00,6.318016129032257844e+00,9.379846996901198830e-01,4.840000542006868689e-01,2.485289813558820242e+02,0.000000000000000000e+00
5.938500000000000029e-02,5.938500000000000334e+00,-1.628716632337614233e-03,-1.628716632337614323e+00,6.318612903225806932e+00,9.378075283276012808e-01,4.839528769593353097e-01,2.484332912461345302e+02,0.000000000000000000e+00
5.947750000000000259e-02,5.947750000000000092e+00,-1.611572462840278391e-03,-1.611572462840278330e+00,6.319209677419355131e+00,9.376304071578963617e-01,4.839057044595034829e-01,2.483375735974551333e+02,0.000000000000000000e+00
5.956999999999999795e-02,5.956999999999999851e+00,-1.594423354918856218e-03,-1.594423354918856228e+00,6.319806451612904219e+00,9.374533361620469574e-01,4.838585367011075111e-01,2.482418283770498704e+02,0.000000000000000000e+00
5.966250000000000026e-02,5.966249999999999609e+00,-1.577269302688856685e-03,-1.577269302688856678e+00,6.320403225806452419e+00,9.372763153211048914e-01,4.838113736840635726e-01,2.481460555520650360e+02,0.000000000000000000e+00
5.975500000000000256e-02,5.975500000000000256e+00,-1.560110300255058632e-03,-1.560110300255058702e+00,6.321000000000000618e+00,9.370993446161297591e-01,4.837642154082874013e-01,2.480502550895869547e+02,0.000000000000000000e+00
5.984749999999999792e-02,5.984750000000000014e+00,-1.542946341711466532e-03,-1.542946341711466607e+00,6.321596774193547930e+00,9.369224240281909255e-01,4.837170618736946204e-01,2.479544269566419246e+02,0.000000000000000000e+00
5.994000000000000022e-02,5.993999999999999773e+00,-1.525777421141305719e-03,-1.525777421141305767e+00,6.322193548387096129e+00,9.367455535383661935e-01,4.836699130802004087e-01,2.478585711201959043e+02,0.000000000000000000e+00
6.003250000000000253e-02,6.003250000000000419e+00,-1.508603532616973383e-03,-1.508603532616973331e+00,6.322790322580645217e+00,9.365687331277423588e-01,4.836227690277199454e-01,2.477626875471545702e+02,0.000000000000000000e+00
6.012499999999999789e-02,6.012500000000000178e+00,-1.491424670200043340e-03,-1.491424670200043323e+00,6.323387096774193417e+00,9.363919627774155430e-01,4.835756297161681316e-01,2.476667762043630319e+02,0.000000000000000000e+00
6.021750000000000019e-02,6.021749999999999936e+00,-1.474240827941202285e-03,-1.474240827941202259e+00,6.323983870967742504e+00,9.362152424684900831e-01,4.835284951454595914e-01,2.475708370586056617e+02,0.000000000000000000e+00
6.031000000000000250e-02,6.031000000000000583e+00,-1.457051999880227232e-03,-1.457051999880227156e+00,6.324580645161290704e+00,9.360385721820804195e-01,4.834813653155087820e-01,2.474748700766059528e+02,0.000000000000000000e+00
6.040249999999999786e-02,6.040249999999999453e+00,-1.439858180045995714e-03,-1.439858180045995750e+00,6.325177419354838904e+00,9.358619518993086528e-01,4.834342402262298277e-01,2.473788752250264906e+02,0.000000000000000000e+00
6.049500000000000016e-02,6.049500000000000099e+00,-1.422659362456406631e-03,-1.422659362456406562e+00,6.325774193548387103e+00,9.356853816013062097e-01,4.833871198775367972e-01,2.472828524704686401e+02,0.000000000000000000e+00
6.058750000000000246e-02,6.058749999999999858e+00,-1.405455541118388278e-03,-1.405455541118388219e+00,6.326370967741935303e+00,9.355088612692133987e-01,4.833400042693433152e-01,2.471868017794724040e+02,0.000000000000000000e+00
6.067999999999999783e-02,6.067999999999999616e+00,-1.388246710027851716e-03,-1.388246710027851716e+00,6.326967741935484391e+00,9.353323908841799650e-01,4.832928934015629507e-01,2.470907231185163937e+02,0.000000000000000000e+00
6.077250000000000013e-02,6.077250000000000263e+00,-1.371032863169662809e-03,-1.371032863169662885e+00,6.327564516129032590e+00,9.351559704273640916e-01,4.832457872741090510e-01,2.469946164540174891e+02,0.000000000000000000e+00
6.086500000000000243e-02,6.086500000000000021e+00,-1.353813994517631594e-03,-1.353813994517631514e+00,6.328161290322580790e+00,9.349795998799325103e-01,4.831986858868945744e-01,2.468984817523308379e+02,0.000000000000000000e+00
6.095749999999999780e-02,6.095749999999999780e+00,-1.336590098034473898e-03,-1.336590098034473817e+00,6.328758064516128989e+00,9.348032792230611676e-01,4.831515892398323686e-01,2.468023189797496855e+02,0.000000000000000000e+00
6.105000000000000010e-02,6.105000000000000426e+00,-1.319361167671757569e-03,-1.319361167671757595e+00,6.329354838709677189e+00,9.346270084379347809e-01,4.831044973328350034e-01,2.467061281025050050e+02,0.000000000000000000e+00
6.114250000000000240e-02,6.114250000000000185e+00,-1.302127197369929356e-03,-1.302127197369929323e+00,6.329951612903225389e+00,9.344507875057475044e-01,4.830574101658148822e-01,2.466099090867656969e+02,0.000000000000000000e+00
6.123499999999999777e-02,6.123499999999999943e+00,-1.284888181058223191e-03,-1.284888181058223111e+00,6.330548387096774476e+00,9.342746164077012638e-01,4.830103277386841309e-01,2.465136618986380768e+02,0.000000000000000000e+00
6.132750000000000007e-02,6.132749999999999702e+00,-1.267644112654686423e-03,-1.267644112654686461e+00,6.331145161290322676e+00,9.340984951250078661e-01,4.829632500513546534e-01,2.464173865041659326e+02,0.000000000000000000e+00
6.142000000000000237e-02,6.142000000000000348e+00,-1.250394986066109999e-03,-1.250394986066110103e+00,6.331741935483870876e+00,9.339224236388877776e-01,4.829161771037381867e-01,2.463210828693302972e+02,0.000000000000000000e+00
6.151249999999999774e-02,6.151250000000000107e+00,-1.233140795188028462e-03,-1.233140795188028438e+00,6.332338709677419075e+00,9.337464019305699026e-01,4.828691088957463018e-01,2.462247509600493061e+02,0.000000000000000000e+00
6.160500000000000004e-02,6.160499999999999865e+00,-1.215881533904665307e-03,-1.215881533904665357e+00,6.332935483870968163e+00,9.335704299812916940e-01,4.828220454272899032e-01,2.461283907421779702e+02,0.000000000000000000e+00
6.169750000000000234e-02,6.169750000000000512e+00,-1.198617196088939052e-03,-1.198617196088939130e+00,6.333532258064517251e+00,9.333945077723003747e-01,4.827749866982802285e-01,2.460320021815081191e+02,0.000000000000000000e+00
6.178999999999999770e-02,6.178999999999999382e+00,-1.181347775602391900e-03,-1.181347775602391792e+00,6.334129032258065450e+00,9.332186352848519384e-01,4.827279327086281269e-01,2.459355852437681449e+02,0.000000000000000000e+00
6.188250000000000001e-02,6.188250000000000028e+00,-1.164073266295185182e-03,-1.164073266295185149e+00,6.334725806451613650e+00,9.330428125002103723e-01,4.826808834582440588e-01,2.458391398946228890e+02,0.000000000000000000e+00
6.197500000000000231e-02,6.197499999999999787e+00,-1.146793662006065969e-03,-1.146793662006065917e+00,6.335322580645160961e+00,9.328670393996493226e-01,4.826338389470384294e-01,2.457426660996734427e+02,0.000000000000000000e+00
6.206749999999999767e-02,6.206749999999999545e+00,-1.129508956562346031e-03,-1.129508956562345956e+00,6.335919354838709161e+00,9.326913159644503182e-01,4.825867991749211994e-01,2.456461638244570338e+02,0.000000000000000000e+00
6.215999999999999998e-02,6.216000000000000192e+00,-1.112219143779847848e-03,-1.112219143779847874e+00,6.336516129032257361e+00,9.325156421759045466e-01,4.825397641418023298e-01,2.455496330344467708e+02,0.000000000000000000e+00
6.225250000000000228e-02,6.225249999999999950e+00,-1.094924217462903311e-03,-1.094924217462903249e+00,6.337112903225806448e+00,9.323400180153116334e-01,4.824927338475913374e-01,2.454530736950516143e+02,0.000000000000000000e+00
6.234499999999999764e-02,6.234499999999999709e+00,-1.077624171404306663e-03,-1.077624171404306663e+00,6.337709677419355536e+00,9.321644434639804189e-01,4.824457082921979056e-01,2.453564857716161214e+02,0.000000000000000000e+00
6.243749999999999994e-02,6.243750000000000355e+00,-1.060318999385285879e-03,-1.060318999385285954e+00,6.338306451612903736e+00,9.319889185032280698e-01,4.823986874755311072e-01,2.452598692294202181e+02,0.000000000000000000e+00
6.253000000000000225e-02,6.253000000000000114e+00,-1.043008695175476428e-03,-1.043008695175476452e+00,6.338903225806451935e+00,9.318134431143806351e-01,4.823516713974999037e-01,2.451632240336791426e+02,0.000000000000000000e+00
6.262249999999999761e-02,6.262249999999999872e+00,-1.025693252532888311e-03,-1.025693252532888344e+00,6.339499999999999247e+00,9.316380172787730451e-01,4.823046600580130905e-01,2.450665501495432750e+02,0.000000000000000000e+00
6.271499999999999297e-02,6.271499999999999631e+00,-1.008372665203890670e-03,-1.008372665203890683e+00,6.340096774193548335e+00,9.314626409777486682e-01,4.822576534569790740e-01,2.449698475420979094e+02,0.000000000000000000e+00
6.280750000000000222e-02,6.280750000000000277e+00,-9.910469269231504154e-04,-9.910469269231504397e-01,6.340693548387096534e+00,9.312873141926608644e-01,4.822106515943063165e-01,2.448731161763630553e+02,0.000000000000000000e+00
6.289999999999999758e-02,6.290000000000000036e+00,-9.737160314136284389e-04,-9.737160314136283912e-01,6.341290322580645622e+00,9.311120369048698775e-01,4.821636544699027804e-01,2.447763560172933808e+02,0.000000000000000000e+00
6.299249999999999294e-02,6.299249999999998906e+00,-9.563799723865466481e-04,-9.563799723865465952e-01,6.341887096774193822e+00,9.309368090957461650e-01,4.821166620836763728e-01,2.446795670297779850e+02,0.000000000000000000e+00
6.308500000000000218e-02,6.308500000000000441e+00,-9.390387435413332165e-04,-9.390387435413332096e-01,6.342483870967742021e+00,9.307616307466687333e-01,4.820696744355347785e-01,2.445827491786401424e+02,0.000000000000000000e+00
6.317749999999999755e-02,6.317750000000000199e+00,-9.216923385656339675e-04,-9.216923385656339285e-01,6.343080645161290221e+00,9.305865018390248045e-01,4.820226915253851829e-01,2.444859024286373312e+02,0.000000000000000000e+00
6.326999999999999291e-02,6.326999999999999069e+00,-9.043407511352360463e-04,-9.043407511352360428e-01,6.343677419354839309e+00,9.304114223542105933e-01,4.819757133531349935e-01,2.443890267444608071e+02,0.000000000000000000e+00
6.336250000000000215e-02,6.336250000000000604e+00,-8.869839749140738831e-04,-8.869839749140738805e-01,6.344274193548387508e+00,9.302363922736313073e-01,4.819287399186910625e-01,2.442921220907356883e+02,0.000000000000000000e+00
6.345499999999999752e-02,6.345499999999999474e+00,-8.696220035541692367e-04,-8.696220035541691873e-01,6.344870967741935708e+00,9.300614115787009251e-01,4.818817712219600757e-01,2.441951884320205863e+02,0.000000000000000000e+00
6.354749999999999288e-02,6.354749999999999233e+00,-8.522548306956254484e-04,-8.522548306956254649e-01,6.345467741935483907e+00,9.298864802508416405e-01,4.818348072628486634e-01,2.440982257328074922e+02,0.000000000000000000e+00
6.364000000000000212e-02,6.363999999999999879e+00,-8.348824499665740990e-04,-8.348824499665741250e-01,6.346064516129032107e+00,9.297115982714849736e-01,4.817878480412630116e-01,2.440012339575216629e+02,0.000000000000000000e+00
6.373249999999999749e-02,6.373249999999999638e+00,-8.175048549831629742e-04,-8.175048549831629430e-01,6.346661290322581195e+00,9.295367656220703267e-01,4.817408935571090844e-01,2.439042130705213651e+02,0.000000000000000000e+00
6.382499999999999285e-02,6.382499999999999396e+00,-8.001220393495138894e-04,-8.001220393495138694e-01,6.347258064516128506e+00,9.293619822840475386e-01,4.816939438102930127e-01,2.438071630360977622e+02,0.000000000000000000e+00
6.391750000000000209e-02,6.391750000000000043e+00,-7.827339966576784538e-04,-7.827339966576783992e-01,6.347854838709678482e+00,9.291872482388725540e-01,4.816469988007199832e-01,2.437100838184746578e+02,0.000000000000000000e+00
6.400999999999999746e-02,6.400999999999999801e+00,-7.653407204876439256e-04,-7.653407204876438996e-01,6.348451612903225794e+00,9.290125634680129751e-01,4.816000585282958490e-01,2.436129753818084396e+02,0.000000000000000000e+00
6.410249999999999282e-02,6.410249999999999559e+00,-7.479422044072569923e-04,-7.479422044072570053e-01,6.349048387096773993e+00,9.288379279529426213e-01,4.815531229929253532e-01,2.435158376901877375e+02,0.000000000000000000e+00
6.419500000000000206e-02,6.419500000000000206e+00,-7.305384419722296251e-04,-7.305384419722296130e-01,6.349645161290322193e+00,9.286633416751457482e-01,4.815061921945136825e-01,2.434186707076334528e+02,0.000000000000000000e+00
6.428749999999999742e-02,6.428749999999999964e+00,-7.131294267260735939e-04,-7.131294267260736008e-01,6.350241935483870392e+00,9.284888046161142716e-01,4.814592661329654688e-01,2.433214743980983314e+02,0.000000000000000000e+00
6.437999999999999279e-02,6.437999999999998835e+00,-6.957151522001061043e-04,-6.957151522001061572e-01,6.350838709677419480e+00,9.283143167573486565e-01,4.814123448081851220e-01,2.432242487254670493e+02,0.000000000000000000e+00
6.447250000000000203e-02,6.447250000000000369e+00,-6.782956119133682661e-04,-6.782956119133682904e-01,6.351435483870967680e+00,9.281398780803596926e-01,4.813654282200771073e-01,2.431269936535557861e+02,0.000000000000000000e+00
6.456499999999999739e-02,6.456500000000000128e+00,-6.608707993726526319e-04,-6.608707993726525842e-01,6.352032258064516768e+00,9.279654885666647202e-01,4.813185163685453349e-01,2.430297091461122818e+02,0.000000000000000000e+00
6.465749999999999276e-02,6.465749999999998998e+00,-6.434407080724158104e-04,-6.434407080724158234e-01,6.352629032258064967e+00,9.277911481977910713e-01,4.812716092534936041e-01,2.429323951668154109e+02,0.000000000000000000e+00
6.475000000000000200e-02,6.475000000000000533e+00,-6.260053314947792253e-04,-6.260053314947792158e-01,6.353225806451612279e+00,9.276168569552748489e-01,4.812247068748256584e-01,2.428350516792752103e+02,0.000000000000000000e+00
6.484249999999999736e-02,6.484249999999999403e+00,-6.085646631094904094e-04,-6.085646631094904224e-01,6.353822580645160478e+00,9.274426148206602605e-01,4.811778092324447975e-01,2.427376786470325953e+02,0.000000000000000000e+00
6.493499999999999273e-02,6.493499999999999162e+00,-5.911186963738747574e-04,-5.911186963738747080e-01,6.354419354838710454e+00,9.272684217754990632e-01,4.811309163262538768e-01,2.426402760335591609e+02,0.000000000000000000e+00
6.502750000000000197e-02,6.502749999999999808e+00,-5.736674247328188295e-04,-5.736674247328188425e-01,6.355016129032258654e+00,9.270942778013550045e-01,4.810840281561564180e-01,2.425428438022570390e+02,0.000000000000000000e+00
6.511999999999999733e-02,6.511999999999999567e+00,-5.562108416187382587e-04,-5.562108416187382387e-01,6.355612903225806853e+00,9.269201828797972720e-01,4.810371447220547769e-01,2.424453819164587287e+02,0.000000000000000000e+00
6.521249999999999269e-02,6.521249999999999325e+00,-5.387489404515394785e-04,-5.387489404515394265e-01,6.356209677419355053e+00,9.267461369924049341e-01,4.809902660238514205e-01,2.423478903394268968e+02,0.000000000000000000e+00
6.530500000000000194e-02,6.530499999999999972e+00,-5.212817146385655132e-04,-5.212817146385655409e-01,6.356806451612903253e+00,9.265721401207654973e-01,4.809433920614486491e-01,2.422503690343540939e+02,0.000000000000000000e+00
6.539749999999999730e-02,6.539749999999999730e+00,-5.038091575746232991e-04,-5.038091575746233008e-01,6.357403225806451452e+00,9.263981922464756824e-01,4.808965228347485965e-01,2.421528179643628107e+02,0.000000000000000000e+00
6.548999999999999266e-02,6.548999999999999488e+00,-4.863312626418804150e-04,-4.863312626418804241e-01,6.357999999999999652e+00,9.262242933511400933e-01,4.808496583436529526e-01,2.420552370925050241e+02,0.000000000000000000e+00
6.558250000000000191e-02,6.558250000000000135e+00,-4.688480232098545647e-04,-4.688480232098545808e-01,6.358596774193548740e+00,9.260504434163724374e-01,4.808027985880634070e-01,2.419576263817620827e+02,0.000000000000000000e+00
6.567499999999999727e-02,6.567499999999999893e+00,-4.513594326354130899e-04,-4.513594326354131159e-01,6.359193548387096939e+00,9.258766424237947490e-01,4.807559435678813720e-01,2.418599857950447074e+02,0.000000000000000000e+00
6.576749999999999263e-02,6.576749999999999652e+00,-4.338654842626921419e-04,-4.338654842626921693e-01,6.359790322580645139e+00,9.257028903550380550e-01,4.807090932830079821e-01,2.417623152951925363e+02,0.000000000000000000e+00
6.586000000000000187e-02,6.586000000000000298e+00,-4.163661714231071454e-04,-4.163661714231071675e-01,6.360387096774193338e+00,9.255291871917418201e-01,4.806622477333442056e-01,2.416646148449741247e+02,0.000000000000000000e+00
6.595249999999999724e-02,6.595250000000000057e+00,-3.988614874352662781e-04,-3.988614874352662820e-01,6.360983870967742426e+00,9.253555329155535025e-01,4.806154069187904554e-01,2.415668844070866328e+02,0.000000000000000000e+00
6.604499999999999260e-02,6.604499999999998927e+00,-3.813514256049757838e-04,-3.813514256049757578e-01,6.361580645161290626e+00,9.251819275081302196e-01,4.805685708392476996e-01,2.414691239441557116e+02,0.000000000000000000e+00
6.613750000000000184e-02,6.613750000000000462e+00,-3.638359792252074463e-04,-3.638359792252074398e-01,6.362177419354838825e+00,9.250083709511369712e-01,4.805217394946157961e-01,2.413713334187352757e+02,0.000000000000000000e+00
6.622999999999999721e-02,6.622999999999999332e+00,-3.463151415760390124e-04,-3.463151415760389873e-01,6.362774193548387025e+00,9.248348632262479718e-01,4.804749128847951023e-01,2.412735127933073329e+02,0.000000000000000000e+00
6.632249999999999257e-02,6.632249999999999091e+00,-3.287889059246324537e-04,-3.287889059246324464e-01,6.363370967741935225e+00,9.246614043151455409e-01,4.804280910096853652e-01,2.411756620302818135e+02,0.000000000000000000e+00
6.641500000000000181e-02,6.641500000000000625e+00,-3.112572655252067531e-04,-3.112572655252067721e-01,6.363967741935483424e+00,9.244879941995203243e-01,4.803812738691860540e-01,2.410777810919962576e+02,0.000000000000000000e+00
6.650749999999999718e-02,6.650749999999999496e+00,-2.937202136189948076e-04,-2.937202136189948076e-01,6.364564516129032512e+00,9.243146328610721829e-01,4.803344614631966936e-01,2.409798699407158153e+02,0.000000000000000000e+00
6.659999999999999254e-02,6.659999999999999254e+00,-2.761777434341996813e-04,-2.761777434341997073e-01,6.365161290322580712e+00,9.241413202815094152e-01,4.802876537916164756e-01,2.408819285386328772e+02,0.000000000000000000e+00
6.669250000000000178e-02,6.669249999999999901e+00,-2.586298481859786668e-04,-2.586298481859786724e-01,6.365758064516129799e+00,9.239680564425482023e-01,4.802408508543441479e-01,2.407839568478669321e+02,0.000000000000000000e+00
6.678499999999999714e-02,6.678499999999999659e+00,-2.410765210764051762e-04,-2.410765210764051758e-01,6.366354838709677111e+00,9.237948413259148284e-01,4.801940526512787910e-01,2.406859548304644818e+02,0.000000000000000000e+00
6.687749999999999251e-02,6.687749999999999417e+00,-2.235177552944198976e-04,-2.235177552944198898e-01,6.366951612903225310e+00,9.236216749133426829e-01,4.801472591823186531e-01,2.405879224483986718e+02,0.000000000000000000e+00
6.697000000000000175e-02,6.697000000000000064e+00,-2.059535440157875079e-04,-2.059535440157874986e-01,6.367548387096774398e+00,9.234485571865739262e-01,4.801004704473620932e-01,2.404898596635691206e+02,0.000000000000000000e+00
6.706249999999999711e-02,6.706249999999999822e+00,-1.883838804031129095e-04,-1.883838804031129077e-01,6.368145161290322598e+00,9.232754881273599334e-01,4.800536864463071374e-01,2.403917664378019197e+02,0.000000000000000000e+00
6.715499999999999248e-02,6.715499999999999581e+00,-1.708087576057382303e-04,-1.708087576057382428e-01,6.368741935483871686e+00,9.231024677174599624e-01,4.800069071790516451e-01,2.402936427328491789e+02,0.000000000000000000e+00
6.724750000000000172e-02,6.724750000000000227e+00,-1.532281687597481911e-04,-1.532281687597481790e-01,6.369338709677419885e+00,9.229294959386424857e-01,4.799601326454933092e-01,2.401954885103889694e+02,0.000000000000000000e+00
6.733999999999999708e-02,6.733999999999999986e+00,-1.356421069879267644e-04,-1.356421069879267527e-01,6.369935483870968085e+00,9.227565727726837475e-01,4.799133628455295453e-01,2.400973037320250683e+02,0.000000000000000000e+00
6.743249999999999245e-02,6.743249999999998856e+00,-1.180505653997300828e-04,-1.180505653997300786e-01,6.370532258064516284e+00,9.225836982013694287e-01,4.798665977790574910e-01,2.399990883592868443e+02,0.000000000000000000e+00
6.752500000000000169e-02,6.752500000000000391e+00,-1.004535370912104636e-04,-1.004535370912104653e-01,6.371129032258064484e+00,9.224108722064925381e-01,4.798198374459741178e-01,2.399008423536288888e+02,0.000000000000000000e+00
6.761749999999999705e-02,6.761749999999999261e+00,-8.285101514502731879e-05,-8.285101514502732356e-02,6.371725806451612684e+00,9.222380947698559650e-01,4.797730818461761748e-01,2.398025656764309872e+02,0.000000000000000000e+00
6.770999999999999241e-02,6.770999999999999019e+00,-6.524299263040916690e-05,-6.524299263040916896e-02,6.372322580645161771e+00,9.220653658732699265e-01,4.797263309795603003e-01,2.397042582889978917e+02,0.000000000000000000e+00
6.780250000000000166e-02,6.780250000000000554e+00,-4.762946260306146265e-05,-4.762946260306145929e-02,6.372919354838709971e+00,9.218926854985542985e-01,4.796795848460227440e-01,2.396059201525589515e+02,0.000000000000000000e+00
6.789499999999999702e-02,6.789499999999999424e+00,-3.001041810520455738e-05,-3.001041810520455738e-02,6.373516129032258171e+00,9.217200536275362843e-01,4.796328434454595890e-01,2.395075512282681416e+02,0.000000000000000000e+00
6.798749999999999238e-02,6.798749999999999183e+00,-1.238585216549235006e-05,-1.238585216549235000e-02,6.374112903225806370e+00,9.215474702420523023e-01,4.795861067777666409e-01,2.394091514772036930e+02,0.000000000000000000e+00
6.808000000000000163e-02,6.807999999999999829e+00,5.244242201041923682e-06,5.244242201041924081e-03,6.374709677419354570e+00,9.213749353239473194e-01,4.795393748428397052e-01,2.393107208603678941e+02,0.000000000000000000e+00
6.817249999999999699e-02,6.817249999999999588e+00,2.287987199296400326e-05,2.287987199296400223e-02,6.375306451612902769e+00,9.212024488550740742e-01,4.794926476405740878e-01,2.392122593386870051e+02,0.000000000000000000e+00
6.826499999999999235e-02,6.826499999999999346e+00,4.052104422250367053e-05,4.052104422250366739e-02,6.375903225806450969e+00,9.210300108172952971e-01,4.794459251708652059e-01,2.391137668730110022e+02,0.000000000000000000e+00
6.835750000000000159e-02,6.835749999999999993e+00,5.816776591563066256e-05,5.816776591563066479e-02,6.376500000000000057e+00,9.208576211924802690e-01,4.793992074336077547e-01,2.390152434241132369e+02,0.000000000000000000e+00
6.844999999999999696e-02,6.844999999999999751e+00,7.582004411202214304e-05,7.582004411202214467e-02,6.377096774193548256e+00,9.206852799625083739e-01,4.793524944286968181e-01,2.389166889526904072e+02,0.000000000000000000e+00
6.854249999999999232e-02,6.854249999999999510e+00,9.347788586516029316e-05,9.347788586516028730e-02,6.377693548387096456e+00,9.205129871092666560e-01,4.793057861560268695e-01,2.388181034193622452e+02,0.000000000000000000e+00
6.863500000000000156e-02,6.863500000000000156e+00,1.111412982423268838e-04,1.111412982423268803e-01,6.378290322580645544e+00,9.203407426146505976e-01,4.792590826154922712e-01,2.387194867846714033e+02,0.000000000000000000e+00
6.872749999999999693e-02,6.872749999999999915e+00,1.288102883246737963e-04,1.288102883246737829e-01,6.378887096774194632e+00,9.201685464605644516e-01,4.792123838069870523e-01,2.386208390090830562e+02,0.000000000000000000e+00
6.881999999999999229e-02,6.881999999999999673e+00,1.464848632072338031e-04,1.464848632072338064e-01,6.379483870967742831e+00,9.199963986289212414e-01,4.791656897304052976e-01,2.385221600529849297e+02,0.000000000000000000e+00
6.891250000000000153e-02,6.891250000000000320e+00,1.641650299989857423e-04,1.641650299989857453e-01,6.380080645161290143e+00,9.198242991016416514e-01,4.791190003856405921e-01,2.384234498766868739e+02,0.000000000000000000e+00
6.900499999999999690e-02,6.900500000000000078e+00,1.818507958228543953e-04,1.818507958228544052e-01,6.380677419354838342e+00,9.196522478606553586e-01,4.790723157725865211e-01,2.383247084404208636e+02,0.000000000000000000e+00
6.909749999999999226e-02,6.909749999999998948e+00,1.995421678157973180e-04,1.995421678157973111e-01,6.381274193548386542e+00,9.194802448879000334e-01,4.790256358911361145e-01,2.382259357043405146e+02,0.000000000000000000e+00
6.919000000000000150e-02,6.919000000000000483e+00,2.172391531288102621e-04,2.172391531288102584e-01,6.381870967741935630e+00,9.193082901653226724e-01,4.789789607411827355e-01,2.381271316285211128e+02,0.000000000000000000e+00
6.928249999999999686e-02,6.928249999999999353e+00,2.349417589269650673e-04,2.349417589269650608e-01,6.382467741935483829e+00,9.191363836748778215e-01,4.789322903226190808e-01,2.380282961729593580e+02,0.000000000000000000e+00
6.937499999999999223e-02,6.937499999999999112e+00,2.526499923894585595e-04,2.526499923894585664e-01,6.383064516129032917e+00,9.189645253985282425e-01,4.788856246353375701e-01,2.379294292975729945e+02,0.000000000000000000e+00
6.946750000000000147e-02,6.946749999999999758e+00,2.703638607096720730e-04,2.703638607096720547e-01,6.383661290322581117e+00,9.187927153182466888e-01,4.788389636792308446e-01,2.378305309622006973e+02,0.000000000000000000e+00
6.955999999999999683e-02,6.955999999999999517e+00,2.880833710951444812e-04,2.880833710951444804e-01,6.384258064516128428e+00,9.186209534160126866e-01,4.787923074541910462e-01,2.377316011266019871e+02,0.000000000000000000e+00
6.965249999999999220e-02,6.965249999999999275e+00,3.058085307677022740e-04,3.058085307677022580e-01,6.384854838709676628e+00,9.184492396738154207e-01,4.787456559601102057e-01,2.376326397504567467e+02,0.000000000000000000e+00
6.974500000000000144e-02,6.974499999999999922e+00,3.235393469634215017e-04,3.235393469634215147e-01,6.385451612903225715e+00,9.182775740736508485e-01,4.786990091968797989e-01,2.375336467933651363e+02,0.000000000000000000e+00
6.983749999999999680e-02,6.983749999999999680e+00,3.412758269327092532e-04,3.412758269327092475e-01,6.386048387096773915e+00,9.181059565975252523e-01,4.786523671643915789e-01,2.374346222148474794e+02,0.000000000000000000e+00
6.992999999999999217e-02,6.992999999999999439e+00,3.590179779403143896e-04,3.590179779403143701e-01,6.386645161290323003e+00,9.179343872274520200e-01,4.786057298625367995e-01,2.373355659743438650e+02,0.000000000000000000e+00
7.002250000000000141e-02,7.002250000000000085e+00,3.767658072654144429e-04,3.767658072654144208e-01,6.387241935483871202e+00,9.177628659454538651e-01,4.785590972912067143e-01,2.372364780312139487e+02,0.000000000000000000e+00
7.011499999999999677e-02,7.011499999999999844e+00,3.945193222015991362e-04,3.945193222015991319e-01,6.387838709677419402e+00,9.175913927335609399e-01,4.785124694502919662e-01,2.371373583447368674e+02,0.000000000000000000e+00
7.020749999999999214e-02,7.020749999999999602e+00,4.122785300569410736e-04,4.122785300569410949e-01,6.388435483870967602e+00,9.174199675738125004e-01,4.784658463396834205e-01,2.370382068741108981e+02,0.000000000000000000e+00
7.030000000000000138e-02,7.030000000000000249e+00,4.300434381540336332e-04,4.300434381540336193e-01,6.389032258064514913e+00,9.172485904482557961e-01,4.784192279592713315e-01,2.369390235784532308e+02,0.000000000000000000e+00
7.039249999999999674e-02,7.039250000000000007e+00,4.478140538300288596e-04,4.478140538300288687e-01,6.389629032258064889e+00,9.170772613389461814e-01,4.783726143089460092e-01,2.368398084167998263e+02,0.000000000000000000e+00
7.048499999999999210e-02,7.048499999999998877e+00,4.655903844366754115e-04,4.655903844366753863e-01,6.390225806451613089e+00,9.169059802279484472e-01,4.783260053885974861e-01,2.367405613481051319e+02,0.000000000000000000e+00
7.057750000000000135e-02,7.057750000000000412e+00,4.833724373403729883e-04,4.833724373403729957e-01,6.390822580645161288e+00,9.167347470973356005e-01,4.782794011981158500e-01,2.366412823312417686e+02,0.000000000000000000e+00
7.066999999999999671e-02,7.066999999999999282e+00,5.011602199221721135e-04,5.011602199221720788e-01,6.391419354838709488e+00,9.165635619291871983e-01,4.782328017373901341e-01,2.365419713250005884e+02,0.000000000000000000e+00
7.076249999999999207e-02,7.076249999999999041e+00,5.189537395778662373e-04,5.189537395778662798e-01,6.392016129032258576e+00,9.163924247055934558e-01,4.781862070063100933e-01,2.364426282880900771e+02,0.000000000000000000e+00
7.085500000000000131e-02,7.085499999999999687e+00,5.367530037180030670e-04,5.367530037180030522e-01,6.392612903225806775e+00,9.162213354086518047e-01,4.781396170047648719e-01,2.363432531791364397e+02,0.000000000000000000e+00
7.094749999999999668e-02,7.094749999999999446e+00,5.545580197679433844e-04,5.545580197679433887e-01,6.393209677419354975e+00,9.160502940204680034e-01,4.780930317326432255e-01,2.362438459566831170e+02,0.000000000000000000e+00
7.103999999999999204e-02,7.103999999999999204e+00,5.723687951678728099e-04,5.723687951678727570e-01,6.393806451612903174e+00,9.158793005231565809e-01,4.780464511898340763e-01,2.361444065791908145e+02,0.000000000000000000e+00
7.113250000000000128e-02,7.113249999999999851e+00,5.901853373728717335e-04,5.901853373728717100e-01,6.394403225806451374e+00,9.157083548988406152e-01,4.779998753762259578e-01,2.360449350050369901e+02,0.000000000000000000e+00
7.122499999999999665e-02,7.122499999999999609e+00,6.080076538529531529e-04,6.080076538529531893e-01,6.394999999999999574e+00,9.155374571296501784e-01,4.779533042917069041e-01,2.359454311925158834e+02,0.000000000000000000e+00
7.131750000000000589e-02,7.131750000000000256e+00,6.258357520930958508e-04,6.258357520930958318e-01,6.395596774193547773e+00,9.153666071977253349e-01,4.779067379361652823e-01,2.358458950998380317e+02,0.000000000000000000e+00
7.141000000000000125e-02,7.141000000000000014e+00,6.436696395932653197e-04,6.436696395932652859e-01,6.396193548387097749e+00,9.151958050852132542e-01,4.778601763094887378e-01,2.357463266851303842e+02,0.000000000000000000e+00
7.150249999999999662e-02,7.150249999999999773e+00,6.615093238685118820e-04,6.615093238685119115e-01,6.396790322580645949e+00,9.150250507742705430e-01,4.778136194115651381e-01,2.356467259064356483e+02,0.000000000000000000e+00
7.159500000000000586e-02,7.159500000000000419e+00,6.793548124489597398e-04,6.793548124489597884e-01,6.397387096774194148e+00,9.148543442470612463e-01,4.777670672422819065e-01,2.355470927217123460e+02,0.000000000000000000e+00
7.168750000000000122e-02,7.168750000000000178e+00,6.972061128798880732e-04,6.972061128798880958e-01,6.397983870967741460e+00,9.146836854857581800e-01,4.777205198015261889e-01,2.354474270888344449e+02,0.000000000000000000e+00
7.177999999999999658e-02,7.177999999999999936e+00,7.150632327217261615e-04,7.150632327217261164e-01,6.398580645161289659e+00,9.145130744725421534e-01,4.776739770891849091e-01,2.353477289655913012e+02,0.000000000000000000e+00
7.187250000000000583e-02,7.187250000000000583e+00,7.329261795501555146e-04,7.329261795501554877e-01,6.399177419354838747e+00,9.143425111896021917e-01,4.776274391051450463e-01,2.352479983096870910e+02,0.000000000000000000e+00
7.196500000000000119e-02,7.196500000000000341e+00,7.507949609560998988e-04,7.507949609560998772e-01,6.399774193548386947e+00,9.141719956191363128e-01,4.775809058492931358e-01,2.351482350787409246e+02,0.000000000000000000e+00
7.205749999999999655e-02,7.205750000000000099e+00,7.686695845457901721e-04,7.686695845457901521e-01,6.400370967741936035e+00,9.140015277433500840e-01,4.775343773215154908e-01,2.350484392302864194e+02,0.000000000000000000e+00
7.215000000000000580e-02,7.215000000000000746e+00,7.865500579408289021e-04,7.865500579408288839e-01,6.400967741935484234e+00,9.138311075444578435e-01,4.774878535216983688e-01,2.349486107217714164e+02,0.000000000000000000e+00
7.224250000000000116e-02,7.224250000000000504e+00,8.044363887781854879e-04,8.044363887781854627e-01,6.401564516129032434e+00,9.136607350046823672e-01,4.774413344497277500e-01,2.348487495105579228e+02,0.000000000000000000e+00
7.233499999999999652e-02,7.233499999999999375e+00,8.223285847102882080e-04,8.223285847102882462e-01,6.402161290322579745e+00,9.134904101062538695e-01,4.773948201054892815e-01,2.347488555539216577e+02,0.000000000000000000e+00
7.242750000000000576e-02,7.242750000000000909e+00,8.402266534050238959e-04,8.402266534050238933e-01,6.402758064516129721e+00,9.133201328314108913e-01,4.773483104888682216e-01,2.346489288090519949e+02,0.000000000000000000e+00
7.252000000000000113e-02,7.251999999999999780e+00,8.581306025458251092e-04,8.581306025458250719e-01,6.403354838709677921e+00,9.131499031624021878e-01,4.773018055997503839e-01,2.345489692330515936e+02,0.000000000000000000e+00
7.261249999999999649e-02,7.261249999999999538e+00,8.760404398316699133e-04,8.760404398316699037e-01,6.403951612903226120e+00,9.129797210814822872e-01,4.772553054380205828e-01,2.344489767829362563e+02,0.000000000000000000e+00
7.270500000000000573e-02,7.270500000000000185e+00,8.939561729771688340e-04,8.939561729771687837e-01,6.404548387096774320e+00,9.128095865709154877e-01,4.772088100035637992e-01,2.343489514156345024e+02,0.000000000000000000e+00
7.279750000000000110e-02,7.279749999999999943e+00,9.118778097125645327e-04,9.118778097125644910e-01,6.405145161290322520e+00,9.126394996129735260e-01,4.771623192962646254e-01,2.342488930879875966e+02,0.000000000000000000e+00
7.288999999999999646e-02,7.288999999999999702e+00,9.298053577838187589e-04,9.298053577838187866e-01,6.405741935483871607e+00,9.124694601899370205e-01,4.771158333160075982e-01,2.341488017567490658e+02,0.000000000000000000e+00
7.298250000000000570e-02,7.298250000000000348e+00,9.477388249526449851e-04,9.477388249526449426e-01,6.406338709677419807e+00,9.122994682840944725e-01,4.770693520626768658e-01,2.340486773785845003e+02,0.000000000000000000e+00
7.307500000000000107e-02,7.307500000000000107e+00,9.656782189965191403e-04,9.656782189965191776e-01,6.406935483870968007e+00,9.121295238777427095e-01,4.770228755361565209e-01,2.339485199100713828e+02,0.000000000000000000e+00
7.316749999999999643e-02,7.316749999999999865e+00,9.836235477087660207e-04,9.836235477087660328e-01,6.407532258064516206e+00,9.119596269531871080e-01,4.769764037363304343e-01,2.338483293076988332e+02,0.000000000000000000e+00
7.326000000000000567e-02,7.326000000000000512e+00,1.001574818898603525e-03,1.001574818898603558e+00,6.408129032258064406e+00,9.117897774927408161e-01,4.769299366630821435e-01,2.337481055278672102e+02,0.000000000000000000e+00
7.335250000000000103e-02,7.335250000000000270e+00,1.019532040391130838e-03,1.019532040391130767e+00,6.408725806451612605e+00,9.116199754787253084e-01,4.768834743162950751e-01,2.336478485268881400e+02,0.000000000000000000e+00
7.344499999999999640e-02,7.344500000000000028e+00,1.037495220027465038e-03,1.037495220027464971e+00,6.409322580645160805e+00,9.114502208934704974e-01,4.768370166958523781e-01,2.335475582609838909e+02,0.000000000000000000e+00
7.353750000000000564e-02,7.353750000000000675e+00,1.055464365664706946e-03,1.055464365664706916e+00,6.409919354838709893e+00,9.112805137193145111e-01,4.767905638016370906e-01,2.334472346862874588e+02,0.000000000000000000e+00
7.363000000000000100e-02,7.363000000000000433e+00,1.073439485176035449e-03,1.073439485176035380e+00,6.410516129032258981e+00,9.111108539386032490e-01,4.767441156335318619e-01,2.333468777588420835e+02,0.000000000000000000e+00
7.372249999999999637e-02,7.372249999999999304e+00,1.091420586450710974e-03,1.091420586450710939e+00,6.411112903225806292e+00,9.109412415336916036e-01,4.766976721914193416e-01,2.332464874346011925e+02,0.000000000000000000e+00
7.381500000000000561e-02,7.381500000000000838e+00,1.109407677394185204e-03,1.109407677394185221e+00,6.411709677419354492e+00,9.107716764869420167e-01,4.766512334751818458e-01,2.331460636694279174e+02,0.000000000000000000e+00
7.390750000000000097e-02,7.390749999999999709e+00,1.127400765928062700e-03,1.127400765928062709e+00,6.412306451612902691e+00,9.106021587807257012e-01,4.766047994847015246e-01,2.330456064190950372e+02,0.000000000000000000e+00
7.399999999999999634e-02,7.399999999999999467e+00,1.145399859990225153e-03,1.145399859990225089e+00,6.412903225806450891e+00,9.104326883974217521e-01,4.765583702198604166e-01,2.329451156392846087e+02,0.000000000000000000e+00
7.409250000000000558e-02,7.409250000000000114e+00,1.163404967534842870e-03,1.163404967534842793e+00,6.413499999999999979e+00,9.102632653194165924e-01,4.765119456805398390e-01,2.328445912855876827e+02,0.000000000000000000e+00
7.418500000000000094e-02,7.418499999999999872e+00,1.181416096532402100e-03,1.181416096532402094e+00,6.414096774193549066e+00,9.100938895291065256e-01,4.764655258666216642e-01,2.327440333135042181e+02,0.000000000000000000e+00
7.427749999999999631e-02,7.427749999999999631e+00,1.199433254969796111e-03,1.199433254969796137e+00,6.414693548387097266e+00,9.099245610088950720e-01,4.764191107779870427e-01,2.326434416784425423e+02,0.000000000000000000e+00
7.437000000000000555e-02,7.437000000000000277e+00,1.217456450850337322e-03,1.217456450850337379e+00,6.415290322580645466e+00,9.097552797411939673e-01,4.763727004145170696e-01,2.325428163357193796e+02,0.000000000000000000e+00
7.446250000000000091e-02,7.446250000000000036e+00,1.235485692193810225e-03,1.235485692193810214e+00,6.415887096774192777e+00,9.095860457084234962e-01,4.763262947760925625e-01,2.324421572405594247e+02,0.000000000000000000e+00
7.455499999999999627e-02,7.455499999999999794e+00,1.253520987036554207e-03,1.253520987036554235e+00,6.416483870967741865e+00,9.094168588930116037e-01,4.762798938625942280e-01,2.323414643480950303e+02,0.000000000000000000e+00
7.464750000000000552e-02,7.464750000000000441e+00,1.271562343431440357e-03,1.271562343431440256e+00,6.417080645161290953e+00,9.092477192773945616e-01,4.762334976739023840e-01,2.322407376133661216e+02,0.000000000000000000e+00
7.474000000000000088e-02,7.474000000000000199e+00,1.289609769447997226e-03,1.289609769447997323e+00,6.417677419354839152e+00,9.090786268440176343e-01,4.761871062098975704e-01,2.321399769913197417e+02,0.000000000000000000e+00
7.483249999999999624e-02,7.483249999999999957e+00,1.307663273172399773e-03,1.307663273172399832e+00,6.418274193548387352e+00,9.089095815753328589e-01,4.761407194704595502e-01,2.320391824368099378e+02,0.000000000000000000e+00
7.492500000000000548e-02,7.492500000000000604e+00,1.325722862707555882e-03,1.325722862707555905e+00,6.418870967741935551e+00,9.087405834538012650e-01,4.760943374554681973e-01,2.319383539045973635e+02,0.000000000000000000e+00
7.501750000000000085e-02,7.501750000000000362e+00,1.343788546173122411e-03,1.343788546173122489e+00,6.419467741935483751e+00,9.085716324618916540e-01,4.760479601648030523e-01,2.318374913493491363e+02,0.000000000000000000e+00
7.510999999999999621e-02,7.510999999999999233e+00,1.361860331705581732e-03,1.361860331705581739e+00,6.420064516129031951e+00,9.084027285820812647e-01,4.760015875983434896e-01,2.317365947256384402e+02,0.000000000000000000e+00
7.520250000000000545e-02,7.520250000000000767e+00,1.379938227458268407e-03,1.379938227458268329e+00,6.420661290322581038e+00,9.082338717968557740e-01,4.759552197559688835e-01,2.316356639879443549e+02,0.000000000000000000e+00
7.529500000000000082e-02,7.529500000000000526e+00,1.398022241601429468e-03,1.398022241601429405e+00,6.421258064516129238e+00,9.080650620887082969e-01,4.759088566375579976e-01,2.315346990906515998e+02,0.000000000000000000e+00
7.538749999999999618e-02,7.538749999999999396e+00,1.416112382322282743e-03,1.416112382322282759e+00,6.421854838709677438e+00,9.078962994401406084e-01,4.758624982429897621e-01,2.314336999880500798e+02,0.000000000000000000e+00
7.548000000000000542e-02,7.548000000000000931e+00,1.434208657825045271e-03,1.434208657825045252e+00,6.422451612903225637e+00,9.077275838336621439e-01,4.758161445721426075e-01,2.313326666343347995e+02,0.000000000000000000e+00
7.557250000000000079e-02,7.557249999999999801e+00,1.452311076330992275e-03,1.452311076330992323e+00,6.423048387096773837e+00,9.075589152517912206e-01,4.757697956248950755e-01,2.312315989836055792e+02,0.000000000000000000e+00
7.566499999999999615e-02,7.566499999999999559e+00,1.470419646078506386e-03,1.470419646078506393e+00,6.423645161290322925e+00,9.073902936770530392e-01,4.757234514011249860e-01,2.311304969898666286e+02,0.000000000000000000e+00
7.575750000000000539e-02,7.575750000000000206e+00,1.488534375323131423e-03,1.488534375323131487e+00,6.424241935483871124e+00,9.072217190919824592e-01,4.756771119007105475e-01,2.310293606070264616e+02,0.000000000000000000e+00
7.585000000000000075e-02,7.584999999999999964e+00,1.506655272337604915e-03,1.506655272337604989e+00,6.424838709677419324e+00,9.070531914791211126e-01,4.756307771235293025e-01,2.309281897888975266e+02,0.000000000000000000e+00
7.594249999999999612e-02,7.594249999999999723e+00,1.524782345411945707e-03,1.524782345411945794e+00,6.425435483870967524e+00,9.068847108210195129e-01,4.755844470694588488e-01,2.308269844891957803e+02,0.000000000000000000e+00
7.603500000000000536e-02,7.603500000000000369e+00,1.542915602853463719e-03,1.542915602853463630e+00,6.426032258064515723e+00,9.067162771002362787e-01,4.755381217383765069e-01,2.307257446615406877e+02,0.000000000000000000e+00
7.612750000000000072e-02,7.612750000000000128e+00,1.561055052986814367e-03,1.561055052986814351e+00,6.426629032258064811e+00,9.065478902993372445e-01,4.754918011301593195e-01,2.306244702594548244e+02,0.000000000000000000e+00
7.621999999999999609e-02,7.621999999999999886e+00,1.579200704154086173e-03,1.579200704154086088e+00,6.427225806451613899e+00,9.063795504008971271e-01,4.754454852446840518e-01,2.305231612363634497e+02,0.000000000000000000e+00
7.631250000000000533e-02,7.631250000000000533e+00,1.597352564714821363e-03,1.597352564714821455e+00,6.427822580645162098e+00,9.062112573874995247e-01,4.753991740818276357e-01,2.304218175455944504e+02,0.000000000000000000e+00
7.640500000000000069e-02,7.640500000000000291e+00,1.615510643046049041e-03,1.615510643046049077e+00,6.428419354838710298e+00,9.060430112417343640e-01,4.753528676414665033e-01,2.303204391403779425e+02,0.000000000000000000e+00
7.649749999999999606e-02,7.649749999999999162e+00,1.633674947542388409e-03,1.633674947542388400e+00,6.429016129032257609e+00,9.058748119462005643e-01,4.753065659234766982e-01,2.302190259738459588e+02,0.000000000000000000e+00
7.659000000000000530e-02,7.659000000000000696e+00,1.651845486616053101e-03,1.651845486616053016e+00,6.429612903225805809e+00,9.057066594835050388e-01,4.752602689277344306e-01,2.301175779990321928e+02,0.000000000000000000e+00
7.668250000000000066e-02,7.668250000000000455e+00,1.670022268696939221e-03,1.670022268696939260e+00,6.430209677419354897e+00,9.055385538362626940e-01,4.752139766541155219e-01,2.300160951688717432e+02,0.000000000000000000e+00
7.677499999999999603e-02,7.677499999999999325e+00,1.688205302232635751e-03,1.688205302232635763e+00,6.430806451612903096e+00,9.053704949870970964e-01,4.751676891024955718e-01,2.299145774362008581e+02,0.000000000000000000e+00
7.686750000000000527e-02,7.686750000000000860e+00,1.706394595688505000e-03,1.706394595688504934e+00,6.431403225806452184e+00,9.052024829186385846e-01,4.751214062727500687e-01,2.298130247537564799e+02,0.000000000000000000e+00
7.696000000000000063e-02,7.695999999999999730e+00,1.724590157547733343e-03,1.724590157547733371e+00,6.432000000000000384e+00,9.050345176135268233e-01,4.750751281647541124e-01,2.297114370741761888e+02,0.000000000000000000e+00
7.705249999999999599e-02,7.705249999999999488e+00,1.742791996311388470e-03,1.742791996311388480e+00,6.432596774193548583e+00,9.048665990544089155e-01,4.750288547783829141e-01,2.296098143499976061e+02,0.000000000000000000e+00
7.714500000000000524e-02,7.714500000000000135e+00,1.761000120498454292e-03,1.761000120498454224e+00,6.433193548387096783e+00,9.046987272239402911e-01,4.749825861135111293e-01,2.295081565336584219e+02,0.000000000000000000e+00
7.723750000000000060e-02,7.723749999999999893e+00,1.779214538645877567e-03,1.779214538645877530e+00,6.433790322580644983e+00,9.045309021047837073e-01,4.749363221700133586e-01,2.294064635774959413e+02,0.000000000000000000e+00
7.732999999999999596e-02,7.732999999999999652e+00,1.797435259308656367e-03,1.797435259308656441e+00,6.434387096774193182e+00,9.043631236796113582e-01,4.748900629477640911e-01,2.293047354337467709e+02,0.000000000000000000e+00
7.742250000000000520e-02,7.742250000000000298e+00,1.815662291059866318e-03,1.815662291059866318e+00,6.434983870967742270e+00,9.041953919311018772e-01,4.748438084466374831e-01,2.292029720545465352e+02,0.000000000000000000e+00
7.751500000000000057e-02,7.751500000000000057e+00,1.833895642490715027e-03,1.833895642490715128e+00,6.435580645161290470e+00,9.040277068419431128e-01,4.747975586665074132e-01,2.291011733919296773e+02,0.000000000000000000e+00
7.760749999999999593e-02,7.760749999999999815e+00,1.852135322210590870e-03,1.852135322210590962e+00,6.436177419354838669e+00,9.038600683948303516e-01,4.747513136072478157e-01,2.289993393978290328e+02,0.000000000000000000e+00
7.770000000000000517e-02,7.770000000000000462e+00,1.870381338847160353e-03,1.870381338847160402e+00,6.436774193548386869e+00,9.036924765724669850e-01,4.747050732687320695e-01,2.288974700240755453e+02,0.000000000000000000e+00
7.779250000000000054e-02,7.779250000000000220e+00,1.888633701046352502e-03,1.888633701046352531e+00,6.437370967741935068e+00,9.035249313575647312e-01,4.746588376508337204e-01,2.287955652223980678e+02,0.000000000000000000e+00
7.788499999999999590e-02,7.788499999999999979e+00,1.906892417472456002e-03,1.906892417472455969e+00,6.437967741935484156e+00,9.033574327328423026e-01,4.746126067534257031e-01,2.286936249444229645e+02,0.000000000000000000e+00
7.797750000000000514e-02,7.797750000000000625e+00,1.925157496808178404e-03,1.925157496808178381e+00,6.438564516129032356e+00,9.031899806810285147e-01,4.745663805763811749e-01,2.285916491416738552e+02,0.000000000000000000e+00
7.807000000000000051e-02,7.807000000000000384e+00,1.943428947754674303e-03,1.943428947754674230e+00,6.439161290322580555e+00,9.030225751848579563e-01,4.745201591195727930e-01,2.284896377655712456e+02,0.000000000000000000e+00
7.816249999999999587e-02,7.816249999999999254e+00,1.961706779031625793e-03,1.961706779031625825e+00,6.439758064516128755e+00,9.028552162270742087e-01,4.744739423828730485e-01,2.283875907674323003e+02,0.000000000000000000e+00
7.825500000000000511e-02,7.825500000000000789e+00,1.979990999377274994e-03,1.979990999377275074e+00,6.440354838709677843e+00,9.026879037904289582e-01,4.744277303661543210e-01,2.282855080984705012e+02,0.000000000000000000e+00
7.834750000000000048e-02,7.834749999999999659e+00,1.998281617548500807e-03,1.998281617548500755e+00,6.440951612903226042e+00,9.025206378576815514e-01,4.743815230692886575e-01,2.281833897097953354e+02,0.000000000000000000e+00
7.843999999999999584e-02,7.843999999999999417e+00,2.016578642320839953e-03,2.016578642320840054e+00,6.441548387096775130e+00,9.023534184115995505e-01,4.743353204921481048e-01,2.280812355524120107e+02,0.000000000000000000e+00
7.853250000000000508e-02,7.853250000000000952e+00,2.034882082488601029e-03,2.034882082488600918e+00,6.442145161290323330e+00,9.021862454349585114e-01,4.742891226346042655e-01,2.279790455772210862e+02,0.000000000000000000e+00
7.862500000000000044e-02,7.862499999999999822e+00,2.053191946864852801e-03,2.053191946864852735e+00,6.442741935483870641e+00,9.020191189105418728e-01,4.742429294965287423e-01,2.278768197350182447e+02,0.000000000000000000e+00
7.871749999999999581e-02,7.871749999999999581e+00,2.071508244281534787e-03,2.071508244281534683e+00,6.443338709677418841e+00,9.018520388211409555e-01,4.741967410777928604e-01,2.277745579764938952e+02,0.000000000000000000e+00
7.881000000000000505e-02,7.881000000000000227e+00,2.089830983589476346e-03,2.089830983589476165e+00,6.443935483870967040e+00,9.016850051495548524e-01,4.741505573782674454e-01,2.276722602522329453e+02,0.000000000000000000e+00
7.890250000000000041e-02,7.890249999999999986e+00,2.108160173658473868e-03,2.108160173658474079e+00,6.444532258064516128e+00,9.015180178785910936e-01,4.741043783978236004e-01,2.275699265127144031e+02,0.000000000000000000e+00
7.899499999999999578e-02,7.899499999999999744e+00,2.126495823377341082e-03,2.126495823377341221e+00,6.445129032258064328e+00,9.013510769910653142e-01,4.740582041363320953e-01,2.274675567083111218e+02,0.000000000000000000e+00
7.908750000000000502e-02,7.908750000000000391e+00,2.144837941653965005e-03,2.144837941653964908e+00,6.445725806451613416e+00,9.011841824698000325e-01,4.740120345936631452e-01,2.273651507892894585e+02,0.000000000000000000e+00
7.918000000000000038e-02,7.918000000000000149e+00,2.163186537415369252e-03,2.163186537415369148e+00,6.446322580645161615e+00,9.010173342976273148e-01,4.739658697696872980e-01,2.272627087058089330e+02,0.000000000000000000e+00
7.927249999999999575e-02,7.927249999999999908e+00,2.181541619607760881e-03,2.181541619607760829e+00,6.446919354838708927e+00,9.008505324573855555e-01,4.739197096642744356e-01,2.271602304079219721e+02,0.000000000000000000e+00
7.936500000000000499e-02,7.936500000000000554e+00,2.199903197196601077e-03,2.199903197196601212e+00,6.447516129032258014e+00,9.006837769319222531e-01,4.738735542772944398e-01,2.270577158455734832e+02,0.000000000000000000e+00
7.945750000000000035e-02,7.945750000000000313e+00,2.218271279166632911e-03,2.218271279166633025e+00,6.448112903225806214e+00,9.005170677040922333e-01,4.738274036086169705e-01,2.269551649686006840e+02,0.000000000000000000e+00
7.954999999999999571e-02,7.954999999999999183e+00,2.236645874522000168e-03,2.236645874522000366e+00,6.448709677419355302e+00,9.003504047567586488e-01,4.737812576581116319e-01,2.268525777267325907e+02,0.000000000000000000e+00
7.964250000000000496e-02,7.964250000000000718e+00,2.255026992286236071e-03,2.255026992286236265e+00,6.449306451612903501e+00,9.001837880727924235e-01,4.737351164256475844e-01,2.267499540695898474e+02,0.000000000000000000e+00
7.973500000000000032e-02,7.973499999999999588e+00,2.273414641502356521e-03,2.273414641502356393e+00,6.449903225806451701e+00,9.000172176350721420e-01,4.736889799110938215e-01,2.266472939466843854e+02,0.000000000000000000e+00
7.982749999999999568e-02,7.982749999999999346e+00,2.291808831232935127e-03,2.291808831232934995e+00,6.450499999999999901e+00,8.998506934264846047e-01,4.736428481143192815e-01,2.265445973074189396e+02,0.000000000000000000e+00
7.992000000000000492e-02,7.992000000000000881e+00,2.310209570560120117e-03,2.310209570560119996e+00,6.451096774193548988e+00,8.996842154299243832e-01,4.735967210351925138e-01,2.264418641010869635e+02,0.000000000000000000e+00
8.001250000000000029e-02,8.001250000000000639e+00,2.328616868585720208e-03,2.328616868585720034e+00,6.451693548387096300e+00,8.995177836282943762e-01,4.735505986735820128e-01,2.263390942768720890e+02,0.000000000000000000e+00
8.010499999999999565e-02,8.010500000000000398e+00,2.347030734431259681e-03,2.347030734431259535e+00,6.452290322580645388e+00,8.993513980045043654e-01,4.735044810293558837e-01,2.262362877838479278e+02,0.000000000000000000e+00
8.019750000000000489e-02,8.019750000000000156e+00,2.365451177238048642e-03,2.365451177238048430e+00,6.452887096774193587e+00,8.991850585414735697e-01,4.734583681023823432e-01,2.261334445709776162e+02,0.000000000000000000e+00
8.029000000000000026e-02,8.028999999999999915e+00,2.383878206167215543e-03,2.383878206167215463e+00,6.453483870967741787e+00,8.990187652221277581e-01,4.734122598925291636e-01,2.260305645871136448e+02,0.000000000000000000e+00
8.038249999999999562e-02,8.038249999999999673e+00,2.402311830399799127e-03,2.402311830399799231e+00,6.454080645161289986e+00,8.988525180294010264e-01,4.733661563996638955e-01,2.259276477809973471e+02,0.000000000000000000e+00
8.047500000000000486e-02,8.047500000000001208e+00,2.420752059136781383e-03,2.420752059136781487e+00,6.454677419354839074e+00,8.986863169462354639e-01,4.733200576236539225e-01,2.258246941012587001e+02,0.000000000000000000e+00
8.056750000000000023e-02,8.056749999999999190e+00,2.439198901599151734e-03,2.439198901599151537e+00,6.455274193548388162e+00,8.985201619555809316e-01,4.732739635643665732e-01,2.257217034964159552e+02,0.000000000000000000e+00
8.065999999999999559e-02,8.065999999999998948e+00,2.457652367027989872e-03,2.457652367027989726e+00,6.455870967741935473e+00,8.983540530403956170e-01,4.732278742216688983e-01,2.256186759148752117e+02,0.000000000000000000e+00
8.075250000000000483e-02,8.075250000000000483e+00,2.476112464684518226e-03,2.476112464684518066e+00,6.456467741935483673e+00,8.981879901836449243e-01,4.731817895954275044e-01,2.255156113049301609e+02,0.000000000000000000e+00
8.084500000000000020e-02,8.084500000000000242e+00,2.494579203850135797e-03,2.494579203850135762e+00,6.457064516129031873e+00,8.980219733683026950e-01,4.731357096855092759e-01,2.254125096147617739e+02,0.000000000000000000e+00
8.093749999999999556e-02,8.093750000000000000e+00,2.513052593826516166e-03,2.513052593826516024e+00,6.457661290322580072e+00,8.978560025773498765e-01,4.730896344917803753e-01,2.253093707924378748e+02,0.000000000000000000e+00
8.103000000000000480e-02,8.102999999999999758e+00,2.531532643935653464e-03,2.531532643935653581e+00,6.458258064516129160e+00,8.976900777937761866e-01,4.730435640141071874e-01,2.252061947859128281e+02,0.000000000000000000e+00
8.112250000000000016e-02,8.112249999999999517e+00,2.550019363519915282e-03,2.550019363519915316e+00,6.458854838709677360e+00,8.975241990005782267e-01,4.729974982523554861e-01,2.251029815430271981e+02,0.000000000000000000e+00
8.121499999999999553e-02,8.121499999999999275e+00,2.568512761942126372e-03,2.568512761942126410e+00,6.459451612903226447e+00,8.973583661807612577e-01,4.729514372063911565e-01,2.249997310115074356e+02,0.000000000000000000e+00
8.130750000000000477e-02,8.130750000000000810e+00,2.587012848585612448e-03,2.587012848585612534e+00,6.460048387096774647e+00,8.971925793173383124e-01,4.729053808760799171e-01,2.248964431389654237e+02,0.000000000000000000e+00
8.140000000000000013e-02,8.140000000000000568e+00,2.605519632854272176e-03,2.605519632854272238e+00,6.460645161290321958e+00,8.970268383933300838e-01,4.728593292612870425e-01,2.247931178728982502e+02,0.000000000000000000e+00
8.149249999999999550e-02,8.149250000000000327e+00,2.624033124172629652e-03,2.624033124172629794e+00,6.461241935483870158e+00,8.968611433917649256e-01,4.728132823618777514e-01,2.246897551606878380e+02,0.000000000000000000e+00
8.158500000000000474e-02,8.158500000000000085e+00,2.642553331985922870e-03,2.642553331985922682e+00,6.461838709677420134e+00,8.966954942956787411e-01,4.727672401777169298e-01,2.245863549496004623e+02,0.000000000000000000e+00
8.167750000000000010e-02,8.167749999999999844e+00,2.661080265760139719e-03,2.661080265760139785e+00,6.462435483870968334e+00,8.965298910881169814e-01,4.727212027086696855e-01,2.244829171867865796e+02,0.000000000000000000e+00
8.176999999999999547e-02,8.176999999999999602e+00,2.679613934982079133e-03,2.679613934982079115e+00,6.463032258064516533e+00,8.963643337521307597e-01,4.726751699546002938e-01,2.243794418192803732e+02,0.000000000000000000e+00
8.186250000000000471e-02,8.186250000000001137e+00,2.698154349159448233e-03,2.698154349159448184e+00,6.463629032258064733e+00,8.961988222707800711e-01,4.726291419153732520e-01,2.242759287939993271e+02,0.000000000000000000e+00
8.195500000000000007e-02,8.195499999999999119e+00,2.716701517820900059e-03,2.716701517820899969e+00,6.464225806451612932e+00,8.960333566271327932e-01,4.725831185908526688e-01,2.241723780577440834e+02,0.000000000000000000e+00
8.204749999999999543e-02,8.204749999999998877e+00,2.735255450516087782e-03,2.735255450516087983e+00,6.464822580645161132e+00,8.958679368042637980e-01,4.725370999809024863e-01,2.240687895571978743e+02,0.000000000000000000e+00
8.214000000000000468e-02,8.214000000000000412e+00,2.753816156815780056e-03,2.753816156815779959e+00,6.465419354838709332e+00,8.957025627852572836e-01,4.724910860853867578e-01,2.239651632389261522e+02,0.000000000000000000e+00
8.223250000000000004e-02,8.223250000000000171e+00,2.772383646311841077e-03,2.772383646311840977e+00,6.466016129032258419e+00,8.955372345532033318e-01,4.724450769041686482e-01,2.238614990493765333e+02,0.000000000000000000e+00
8.232499999999999540e-02,8.232499999999999929e+00,2.790957928617392777e-03,2.790957928617392891e+00,6.466612903225806619e+00,8.953719520912017948e-01,4.723990724371118777e-01,2.237577969348780300e+02,0.000000000000000000e+00
8.241750000000000465e-02,8.241749999999999687e+00,2.809539013366816121e-03,2.809539013366816107e+00,6.467209677419354819e+00,8.952067153823591861e-01,4.723530726840796112e-01,2.236540568416408803e+02,0.000000000000000000e+00
8.251000000000000001e-02,8.250999999999999446e+00,2.828126910215823971e-03,2.828126910215824186e+00,6.467806451612903018e+00,8.950415244097895684e-01,4.723070776449345143e-01,2.235502787157562352e+02,0.000000000000000000e+00
8.260249999999999537e-02,8.260249999999999204e+00,2.846721628841551287e-03,2.846721628841551333e+00,6.468403225806451218e+00,8.948763791566155534e-01,4.722610873195396963e-01,2.234464625031957041e+02,0.000000000000000000e+00
8.269500000000000461e-02,8.269500000000000739e+00,2.865323178942600670e-03,2.865323178942600801e+00,6.469000000000001194e+00,8.947112796059666362e-01,4.722151017077573787e-01,2.233426081498109568e+02,0.000000000000000000e+00
8.278749999999999998e-02,8.278750000000000497e+00,2.883931570239101332e-03,2.883931570239101294e+00,6.469596774193548505e+00,8.945462257409818596e-01,4.721691208094503378e-01,2.232387156013335243e+02,0.000000000000000000e+00
8.287999999999999534e-02,8.288000000000000256e+00,2.902546812472821865e-03,2.902546812472821980e+00,6.470193548387096705e+00,8.943812175448058177e-01,4.721231446244805174e-01,2.231347848033741457e+02,0.000000000000000000e+00
8.297250000000000458e-02,8.297250000000000014e+00,2.921168915407187146e-03,2.921168915407187150e+00,6.470790322580644904e+00,8.942162550005922084e-01,4.720771731527098614e-01,2.230308157014225969e+02,0.000000000000000000e+00
8.306499999999999995e-02,8.306499999999999773e+00,2.939797888827360740e-03,2.939797888827360595e+00,6.471387096774193104e+00,8.940513380915021679e-01,4.720312063940002578e-01,2.229268082408473504e+02,0.000000000000000000e+00
8.315749999999999531e-02,8.315749999999999531e+00,2.958433742540313421e-03,2.958433742540313549e+00,6.471983870967741304e+00,8.938864668007048264e-01,4.719852443482131510e-01,2.228227623668950343e+02,0.000000000000000000e+00
8.325000000000000455e-02,8.325000000000001066e+00,2.977076486374906437e-03,2.977076486374906406e+00,6.472580645161290391e+00,8.937216411113764192e-01,4.719392870152100405e-01,2.227186780246901208e+02,0.000000000000000000e+00
8.334249999999999992e-02,8.334250000000000824e+00,2.995726130181938784e-03,2.995726130181938895e+00,6.473177419354839479e+00,8.935568610067016193e-01,4.718933343948519266e-01,2.226145551592346408e+02,0.000000000000000000e+00
8.343499999999999528e-02,8.343499999999998806e+00,3.014382683834213560e-03,3.014382683834213594e+00,6.473774193548386791e+00,8.933921264698730935e-01,4.718473864870000312e-01,2.225103937154076732e+02,0.000000000000000000e+00
8.352750000000000452e-02,8.352750000000000341e+00,3.033046157226633802e-03,3.033046157226633621e+00,6.474370967741934990e+00,8.932274374840903919e-01,4.718014432915150769e-01,2.224061936379650035e+02,0.000000000000000000e+00
8.361999999999999988e-02,8.362000000000000099e+00,3.051716560276237188e-03,3.051716560276237278e+00,6.474967741935483190e+00,8.930627940325610581e-01,4.717555048082573976e-01,2.223019548715387543e+02,0.000000000000000000e+00
8.371249999999999525e-02,8.371249999999999858e+00,3.070393902922291876e-03,3.070393902922291751e+00,6.475564516129033166e+00,8.928981960984998523e-01,4.717095710370873829e-01,2.221976773606370159e+02,0.000000000000000000e+00
8.380500000000000449e-02,8.380499999999999616e+00,3.089078195126363294e-03,3.089078195126363280e+00,6.476161290322581365e+00,8.927336436651314155e-01,4.716636419778655331e-01,2.220933610496433630e+02,0.000000000000000000e+00
8.389749999999999985e-02,8.389749999999999375e+00,3.107769446872344059e-03,3.107769446872344243e+00,6.476758064516129565e+00,8.925691367156860512e-01,4.716177176304516272e-01,2.219890058828166559e+02,0.000000000000000000e+00
8.398999999999999522e-02,8.398999999999999133e+00,3.126467668166592762e-03,3.126467668166592606e+00,6.477354838709677765e+00,8.924046752334019450e-01,4.715717979947053884e-01,2.218846118042903868e+02,0.000000000000000000e+00
8.408250000000000446e-02,8.408250000000000668e+00,3.145172869037953043e-03,3.145172869037953234e+00,6.477951612903225964e+00,8.922402592015257206e-01,4.715258830704865400e-01,2.217801787580725090e+02,0.000000000000000000e+00
8.417499999999999982e-02,8.417500000000000426e+00,3.163885059537830790e-03,3.163885059537830724e+00,6.478548387096773276e+00,8.920758886033113289e-01,4.714799728576543059e-01,2.216757066880450111e+02,0.000000000000000000e+00
8.426749999999999519e-02,8.426750000000000185e+00,3.182604249740285645e-03,3.182604249740285773e+00,6.479145161290322363e+00,8.919115634220203814e-01,4.714340673560677986e-01,2.215711955379633480e+02,0.000000000000000000e+00
8.436000000000000443e-02,8.435999999999999943e+00,3.201330449742086082e-03,3.201330449742086248e+00,6.479741935483871451e+00,8.917472836409224834e-01,4.713881665655862419e-01,2.214666452514562707e+02,0.000000000000000000e+00
8.445249999999999979e-02,8.445249999999999702e+00,3.220063669662779227e-03,3.220063669662779127e+00,6.480338709677419651e+00,8.915830492432953447e-01,4.713422704860683599e-01,2.213620557720253146e+02,0.000000000000000000e+00
8.454499999999999515e-02,8.454499999999999460e+00,3.238803919644772395e-03,3.238803919644772211e+00,6.480935483870967850e+00,8.914188602124227812e-01,4.712963791173725991e-01,2.212574270430443448e+02,0.000000000000000000e+00
8.463750000000000440e-02,8.463750000000000995e+00,3.257551209853408545e-03,3.257551209853408736e+00,6.481532258064516050e+00,8.912547165315982678e-01,4.712504924593575173e-01,2.211527590077592720e+02,0.000000000000000000e+00
8.472999999999999976e-02,8.473000000000000753e+00,3.276305550477005748e-03,3.276305550477005557e+00,6.482129032258065138e+00,8.910906181841212748e-01,4.712046105118810613e-01,2.210480516092876258e+02,0.000000000000000000e+00
8.482249999999999512e-02,8.482249999999998735e+00,3.295066951726973847e-03,3.295066951726973947e+00,6.482725806451612449e+00,8.909265651533005981e-01,4.711587332748015666e-01,2.209433047906180434e+02,0.000000000000000000e+00
8.491500000000000437e-02,8.491500000000000270e+00,3.313835423837876906e-03,3.313835423837876881e+00,6.483322580645161537e+00,8.907625574224505849e-01,4.711128607479763697e-01,2.208385184946099855e+02,0.000000000000000000e+00
8.500749999999999973e-02,8.500750000000000028e+00,3.332610977067469640e-03,3.332610977067469449e+00,6.483919354838709737e+00,8.905985949748957964e-01,4.710669929312634174e-01,2.207336926639933097e+02,0.000000000000000000e+00
8.509999999999999509e-02,8.509999999999999787e+00,3.351393621696827519e-03,3.351393621696827640e+00,6.484516129032257936e+00,8.904346777939666779e-01,4.710211298245200462e-01,2.206288272413677305e+02,0.000000000000000000e+00
8.519250000000000433e-02,8.519249999999999545e+00,3.370183368030368887e-03,3.370183368030368776e+00,6.485112903225806136e+00,8.902708058630021126e-01,4.709752714276034258e-01,2.205239221692026206e+02,0.000000000000000000e+00
8.528499999999999970e-02,8.528499999999999304e+00,3.388980226395963379e-03,3.388980226395963413e+00,6.485709677419355224e+00,8.901069791653477559e-01,4.709294177403704484e-01,2.204189773898364422e+02,0.000000000000000000e+00
8.537749999999999506e-02,8.537749999999999062e+00,3.407784207144996542e-03,3.407784207144996635e+00,6.486306451612904311e+00,8.899431976843580339e-01,4.708835687626780619e-01,2.203139928454763492e+02,0.000000000000000000e+00
8.547000000000000430e-02,8.547000000000000597e+00,3.426595320652440959e-03,3.426595320652440879e+00,6.486903225806452511e+00,8.897794614033947003e-01,4.708377244943828255e-01,2.202089684781978178e+02,0.000000000000000000e+00
8.556249999999999967e-02,8.556250000000000355e+00,3.445413577316926504e-03,3.445413577316926546e+00,6.487499999999999822e+00,8.896157703058268362e-01,4.707918849353411872e-01,2.201039042299442201e+02,0.000000000000000000e+00
8.565499999999999503e-02,8.565500000000000114e+00,3.464238987560837486e-03,3.464238987560837479e+00,6.488096774193548022e+00,8.894521243750311834e-01,4.707460500854092067e-01,2.199988000425263408e+02,0.000000000000000000e+00
8.574750000000000427e-02,8.574749999999999872e+00,3.483071561830352117e-03,3.483071561830352270e+00,6.488693548387097110e+00,8.892885235943925881e-01,4.707002199444429991e-01,2.198936558576220648e+02,0.000000000000000000e+00
8.583999999999999964e-02,8.583999999999999631e+00,3.501911310595558734e-03,3.501911310595558824e+00,6.489290322580644421e+00,8.891249679473033352e-01,4.706543945122984574e-01,2.197884716167758654e+02,0.000000000000000000e+00
8.593249999999999500e-02,8.593249999999999389e+00,3.520758244350503073e-03,3.520758244350503219e+00,6.489887096774194397e+00,8.889614574171627037e-01,4.706085737888310860e-01,2.196832472613983782e+02,0.000000000000000000e+00
8.602500000000000424e-02,8.602500000000000924e+00,3.539612373613282379e-03,3.539612373613282514e+00,6.490483870967742597e+00,8.887979919873788548e-01,4.705627577738964451e-01,2.195779827327660030e+02,0.000000000000000000e+00
8.611749999999999960e-02,8.611750000000000682e+00,3.558473708926097444e-03,3.558473708926097601e+00,6.491080645161290796e+00,8.886345716413662776e-01,4.705169464673494839e-01,2.194726779720205627e+02,0.000000000000000000e+00
8.620999999999999497e-02,8.620999999999998664e+00,3.577342260855368404e-03,3.577342260855368217e+00,6.491677419354838996e+00,8.884711963625481213e-01,4.704711398690455404e-01,2.193673329201686784e+02,0.000000000000000000e+00
8.630250000000000421e-02,8.630250000000000199e+00,3.596218039991775500e-03,3.596218039991775584e+00,6.492274193548386307e+00,8.883078661343546401e-01,4.704253379788392864e-01,2.192619475180814277e+02,0.000000000000000000e+00
8.639499999999999957e-02,8.639499999999999957e+00,3.615101056950355794e-03,3.615101056950355662e+00,6.492870967741935395e+00,8.881445809402235270e-01,4.703795407965853936e-01,2.191565217064940327e+02,0.000000000000000000e+00
8.648749999999999494e-02,8.648749999999999716e+00,3.633991322370583830e-03,3.633991322370583976e+00,6.493467741935483595e+00,8.879813407636005795e-01,4.703337483221383120e-01,2.190510554260052345e+02,0.000000000000000000e+00
8.658000000000000418e-02,8.658000000000001251e+00,3.652888846916442760e-03,3.652888846916442667e+00,6.494064516129032683e+00,8.878181455879387007e-01,4.702879605553522135e-01,2.189455486170768950e+02,0.000000000000000000e+00
8.667249999999999954e-02,8.667249999999999233e+00,3.671793641276484624e-03,3.671793641276484443e+00,6.494661290322580882e+00,8.876549953966990092e-01,4.702421774960812706e-01,2.188400012200337130e+02,0.000000000000000000e+00
8.676499999999999491e-02,8.676499999999998991e+00,3.690705716163958285e-03,3.690705716163958261e+00,6.495258064516129082e+00,8.874918901733498400e-01,4.701963991441792667e-01,2.187344131750625706e+02,0.000000000000000000e+00
8.685750000000000415e-02,8.685750000000000526e+00,3.709625082316850633e-03,3.709625082316850619e+00,6.495854838709677281e+00,8.873288299013668556e-01,4.701506254994998746e-01,2.186287844222121919e+02,0.000000000000000000e+00
8.694999999999999951e-02,8.695000000000000284e+00,3.728551750497959873e-03,3.728551750497959727e+00,6.496451612903225481e+00,8.871658145642337123e-01,4.701048565618964892e-01,2.185231149013927450e+02,0.000000000000000000e+00
8.704249999999999488e-02,8.704250000000000043e+00,3.747485731495003945e-03,3.747485731495003858e+00,6.497048387096773681e+00,8.870028441454417267e-01,4.700590923312225056e-01,2.184174045523753307e+02,0.000000000000000000e+00
8.713500000000000412e-02,8.713499999999999801e+00,3.766427036120688181e-03,3.766427036120687966e+00,6.497645161290322768e+00,8.868399186284895430e-01,4.700133328073309857e-01,2.183116533147914708e+02,0.000000000000000000e+00
8.722749999999999948e-02,8.722749999999999559e+00,3.785375675212784233e-03,3.785375675212784063e+00,6.498241935483870968e+00,8.866770379968833549e-01,4.699675779900746586e-01,2.182058611281328240e+02,0.000000000000000000e+00
8.731999999999999484e-02,8.731999999999999318e+00,3.804331659634211174e-03,3.804331659634211160e+00,6.498838709677419168e+00,8.865142022341372385e-01,4.699218278793063641e-01,2.181000279317505601e+02,0.000000000000000000e+00
8.741250000000000409e-02,8.741250000000000853e+00,3.823295000273129601e-03,3.823295000273129407e+00,6.499435483870968255e+00,8.863514113237720426e-01,4.698760824748784426e-01,2.179941536648549913e+02,0.000000000000000000e+00
8.750499999999999945e-02,8.750500000000000611e+00,3.842265708042994984e-03,3.842265708042995165e+00,6.500032258064516455e+00,8.861886652493176086e-01,4.698303417766433454e-01,2.178882382665152022e+02,0.000000000000000000e+00
8.759749999999999481e-02,8.759750000000000369e+00,3.861243793882660012e-03,3.861243793882660036e+00,6.500629032258064655e+00,8.860259639943095511e-01,4.697846057844529688e-01,2.177822816756584245e+02,0.000000000000000000e+00
8.769000000000000405e-02,8.769000000000000128e+00,3.880229268756478674e-03,3.880229268756478778e+00,6.501225806451612854e+00,8.858633075422929215e-01,4.697388744981593756e-01,2.176762838310695827e+02,0.000000000000000000e+00
8.778249999999999942e-02,8.778249999999999886e+00,3.899222143654331851e-03,3.899222143654331951e+00,6.501822580645161054e+00,8.857006958768190996e-01,4.696931479176142954e-01,2.175702446713910092e+02,0.000000000000000000e+00
8.787499999999999478e-02,8.787499999999999645e+00,3.918222429591765657e-03,3.918222429591765810e+00,6.502419354838709253e+00,8.855381289814469037e-01,4.696474260426691805e-01,2.174641641351218482e+02,0.000000000000000000e+00
8.796750000000000402e-02,8.796750000000001180e+00,3.937230137610036110e-03,3.937230137610036262e+00,6.503016129032258341e+00,8.853756068397430345e-01,4.696017088731751499e-01,2.173580421606175719e+02,0.000000000000000000e+00
8.805999999999999939e-02,8.805999999999999162e+00,3.956245278776222320e-03,3.956245278776222118e+00,6.503612903225806541e+00,8.852131294352826307e-01,4.695559964089837668e-01,2.172518786860895545e+02,0.000000000000000000e+00
8.815249999999999475e-02,8.815249999999998920e+00,3.975267864183292844e-03,3.975267864183293032e+00,6.504209677419355629e+00,8.850506967516464929e-01,4.695102886499455397e-01,2.171456736496046744e+02,0.000000000000000000e+00
8.824500000000000399e-02,8.824500000000000455e+00,3.994297904950205869e-03,3.994297904950205869e+00,6.504806451612903828e+00,8.848883087724248586e-01,4.694645855959114766e-01,2.170394269890846033e+02,0.000000000000000000e+00
8.833749999999999936e-02,8.833750000000000213e+00,4.013335412221956909e-03,4.013335412221956666e+00,6.505403225806451140e+00,8.847259654812140717e-01,4.694188872467319751e-01,2.169331386423057211e+02,0.000000000000000000e+00
8.842999999999999472e-02,8.842999999999999972e+00,4.032380397169721062e-03,4.032380397169720965e+00,6.505999999999999339e+00,8.845636668616185805e-01,4.693731936022573770e-01,2.168268085468982065e+02,0.000000000000000000e+00
8.852250000000000396e-02,8.852249999999999730e+00,4.051432870990892901e-03,4.051432870990892887e+00,6.506596774193548427e+00,8.844014128972504940e-01,4.693275046623379132e-01,2.167204366403458664e+02,0.000000000000000000e+00
8.861499999999999932e-02,8.861499999999999488e+00,4.070492844909183623e-03,4.070492844909183283e+00,6.507193548387096627e+00,8.842392035717293597e-01,4.692818204268235927e-01,2.166140228599855675e+02,0.000000000000000000e+00
8.870749999999999469e-02,8.870749999999999247e+00,4.089560330174719927e-03,4.089560330174720093e+00,6.507790322580645714e+00,8.840770388686814973e-01,4.692361408955638691e-01,2.165075671430066961e+02,0.000000000000000000e+00
8.880000000000000393e-02,8.880000000000000782e+00,4.108635338064129013e-03,4.108635338064129172e+00,6.508387096774193914e+00,8.839149187717423306e-01,4.691904660684088069e-01,2.164010694264507322e+02,0.000000000000000000e+00
8.889249999999999929e-02,8.889250000000000540e+00,4.127717879880593230e-03,4.127717879880592911e+00,6.508983870967742114e+00,8.837528432645532783e-01,4.691447959452075267e-01,2.162945296472107941e+02,0.000000000000000000e+00
8.898499999999999466e-02,8.898500000000000298e+00,4.146807966953986249e-03,4.146807966953986124e+00,6.509580645161290313e+00,8.835908123307635309e-01,4.690991305258090938e-01,2.161879477420310707e+02,0.000000000000000000e+00
8.907750000000000390e-02,8.907750000000000057e+00,4.165905610640943321e-03,4.165905610640943557e+00,6.510177419354838513e+00,8.834288259540301613e-01,4.690534698100625177e-01,2.160813236475063093e+02,0.000000000000000000e+00
8.916999999999999926e-02,8.916999999999999815e+00,4.185010822324915052e-03,4.185010822324914948e+00,6.510774193548387601e+00,8.832668841180181252e-01,4.690078137978168082e-01,2.159746573000815602e+02,0.000000000000000000e+00
8.926249999999999463e-02,8.926249999999999574e+00,4.204123613416314853e-03,4.204123613416315131e+00,6.511370967741935800e+00,8.831049868063990393e-01,4.689621624889204754e-01,2.158679486360512954e+02,0.000000000000000000e+00
8.935500000000000387e-02,8.935500000000001108e+00,4.223243995352564915e-03,4.223243995352564895e+00,6.511967741935484000e+00,8.829431340028521813e-01,4.689165158832219737e-01,2.157611975915592097e+02,0.000000000000000000e+00
8.944749999999999923e-02,8.944749999999999091e+00,4.242371979598194218e-03,4.242371979598194009e+00,6.512564516129032199e+00,8.827813256910649331e-01,4.688708739805695358e-01,2.156544041025977094e+02,0.000000000000000000e+00
8.953999999999999460e-02,8.953999999999998849e+00,4.261507577644939142e-03,4.261507577644938927e+00,6.513161290322581287e+00,8.826195618547305610e-01,4.688252367808108945e-01,2.155475681050072012e+02,0.000000000000000000e+00
8.963250000000000384e-02,8.963250000000000384e+00,4.280650801011827607e-03,4.280650801011828044e+00,6.513758064516129487e+00,8.824578424775521013e-01,4.687796042837942823e-01,2.154406895344758368e+02,0.000000000000000000e+00
8.972499999999999920e-02,8.972500000000000142e+00,4.299801661245262335e-03,4.299801661245262530e+00,6.514354838709677686e+00,8.822961675432381412e-01,4.687339764893672100e-01,2.153337683265388307e+02,0.000000000000000000e+00
8.981749999999999456e-02,8.981749999999999901e+00,4.318960169919122336e-03,4.318960169919122016e+00,6.514951612903225886e+00,8.821345370355057058e-01,4.686883533973770777e-01,2.152268044165780339e+02,0.000000000000000000e+00
8.991000000000000381e-02,8.990999999999999659e+00,4.338126338634858310e-03,4.338126338634858747e+00,6.515548387096774086e+00,8.819729509380789256e-01,4.686427350076711185e-01,2.151197977398213936e+02,0.000000000000000000e+00
9.000249999999999917e-02,9.000249999999999417e+00,4.357300179021552505e-03,4.357300179021552644e+00,6.516145161290322285e+00,8.818114092346897026e-01,4.685971213200965657e-01,2.150127482313424991e+02,0.000000000000000000e+00
9.009499999999999453e-02,9.009499999999999176e+00,4.376481702736065293e-03,4.376481702736064960e+00,6.516741935483870485e+00,8.816499119090764891e-01,4.685515123344999866e-01,2.149056558260599843e+02,0.000000000000000000e+00
9.018750000000000377e-02,9.018750000000000711e+00,4.395670921463073338e-03,4.395670921463072922e+00,6.517338709677419573e+00,8.814884589449863972e-01,4.685059080507283369e-01,2.147985204587370447e+02,0.000000000000000000e+00
9.027999999999999914e-02,9.028000000000000469e+00,4.414867846915187556e-03,4.414867846915187855e+00,6.517935483870967772e+00,8.813270503261734223e-01,4.684603084686280727e-01,2.146913420639810113e+02,0.000000000000000000e+00
9.037249999999999450e-02,9.037250000000000227e+00,4.434072490833059800e-03,4.434072490833059987e+00,6.518532258064516860e+00,8.811656860363984434e-01,4.684147135880453172e-01,2.145841205762426114e+02,0.000000000000000000e+00
9.046500000000000374e-02,9.046499999999999986e+00,4.453284864985442709e-03,4.453284864985442404e+00,6.519129032258064171e+00,8.810043660594312209e-01,4.683691234088265265e-01,2.144768559298156845e+02,0.000000000000000000e+00
9.055749999999999911e-02,9.055749999999999744e+00,4.472504981169313741e-03,4.472504981169313609e+00,6.519725806451612371e+00,8.808430903790477329e-01,4.683235379308173241e-01,2.143695480588365285e+02,0.000000000000000000e+00
9.064999999999999447e-02,9.064999999999999503e+00,4.491732851209957571e-03,4.491732851209957467e+00,6.520322580645160571e+00,8.806818589790315066e-01,4.682779571538636110e-01,2.142621968972833884e+02,0.000000000000000000e+00
9.074250000000000371e-02,9.074250000000001037e+00,4.510968486961046756e-03,4.510968486961046686e+00,6.520919354838709658e+00,8.805206718431732860e-01,4.682323810778106776e-01,2.141548023789759441e+02,0.000000000000000000e+00
9.083499999999999908e-02,9.083500000000000796e+00,4.530211900304762299e-03,4.530211900304762729e+00,6.521516129032258746e+00,8.803595289552722525e-01,4.681868097025040365e-01,2.140473644375747995e+02,0.000000000000000000e+00
9.092749999999999444e-02,9.092749999999998778e+00,4.549463103151882987e-03,4.549463103151882848e+00,6.522112903225806946e+00,8.801984302991340270e-01,4.681412430277888115e-01,2.139398830065808568e+02,0.000000000000000000e+00
9.102000000000000368e-02,9.102000000000000313e+00,4.568722107441870392e-03,4.568722107441870683e+00,6.522709677419355145e+00,8.800373758585725570e-01,4.680956810535101820e-01,2.138323580193348619e+02,0.000000000000000000e+00
9.111249999999999905e-02,9.111250000000000071e+00,4.587988925142973823e-03,4.587988925142973962e+00,6.523306451612902457e+00,8.798763656174081182e-01,4.680501237795125502e-01,2.137247894090169211e+02,0.000000000000000000e+00
9.120499999999999441e-02,9.120499999999999829e+00,4.607263568252310121e-03,4.607263568252309760e+00,6.523903225806451545e+00,8.797153995594686471e-01,4.680045712056406515e-01,2.136171771086458193e+02,0.000000000000000000e+00
9.129750000000000365e-02,9.129749999999999588e+00,4.626546048796010245e-03,4.626546048796010169e+00,6.524499999999999744e+00,8.795544776685901844e-01,4.679590233317389436e-01,2.135095210510785080e+02,0.000000000000000000e+00
9.138999999999999901e-02,9.138999999999999346e+00,4.645836378829247028e-03,4.645836378829247160e+00,6.525096774193548832e+00,8.793935999286154326e-01,4.679134801576514957e-01,2.134018211690097075e+02,0.000000000000000000e+00
9.148249999999999438e-02,9.148249999999999105e+00,4.665134570436386095e-03,4.665134570436386241e+00,6.525693548387097032e+00,8.792327663233950874e-01,4.678679416832225435e-01,2.132940773949711399e+02,0.000000000000000000e+00
9.157500000000000362e-02,9.157500000000000639e+00,4.684440635731057859e-03,4.684440635731057512e+00,6.526290322580645231e+00,8.790719768367863951e-01,4.678224079082956011e-01,2.131862896613311875e+02,0.000000000000000000e+00
9.166749999999999898e-02,9.166750000000000398e+00,4.703754586856280680e-03,4.703754586856280895e+00,6.526887096774193431e+00,8.789112314526550396e-01,4.677768788327145155e-01,2.130784579002941825e+02,0.000000000000000000e+00
9.175999999999999435e-02,9.176000000000000156e+00,4.723076435984525923e-03,4.723076435984525645e+00,6.527483870967742519e+00,8.787505301548729220e-01,4.677313544563225789e-01,2.129705820438998956e+02,0.000000000000000000e+00
9.185250000000000359e-02,9.185249999999999915e+00,4.742406195317861069e-03,4.742406195317861339e+00,6.528080645161289830e+00,8.785898729273202701e-01,4.676858347789632497e-01,2.128626620240230238e+02,0.000000000000000000e+00
9.194499999999999895e-02,9.194499999999999673e+00,4.761743877087995687e-03,4.761743877087996069e+00,6.528677419354838918e+00,8.784292597538840841e-01,4.676403198004793760e-01,2.127546977723725945e+02,0.000000000000000000e+00
9.203749999999999432e-02,9.203749999999999432e+00,4.781089493556440161e-03,4.781089493556439862e+00,6.529274193548387117e+00,8.782686906184590248e-01,4.675948095207138611e-01,2.126466892204914245e+02,0.000000000000000000e+00
9.213000000000000356e-02,9.213000000000000966e+00,4.800443057014570740e-03,4.800443057014570414e+00,6.529870967741935317e+00,8.781081655049475243e-01,4.675493039395095529e-01,2.125386362997554670e+02,0.000000000000000000e+00
9.222249999999999892e-02,9.222250000000000725e+00,4.819804579783727554e-03,4.819804579783727227e+00,6.530467741935483517e+00,8.779476843972583433e-01,4.675038030567089109e-01,2.124305389413734133e+02,0.000000000000000000e+00
9.231499999999999428e-02,9.231499999999998707e+00,4.839174074215332570e-03,4.839174074215332411e+00,6.531064516129031716e+00,8.777872472793083469e-01,4.674583068721540613e-01,2.123223970763860109e+02,0.000000000000000000e+00
9.240750000000000353e-02,9.240750000000000242e+00,4.858551552691020570e-03,4.858551552691020348e+00,6.531661290322581692e+00,8.776268541350207286e-01,4.674128153856870194e-01,2.122142106356653812e+02,0.000000000000000000e+00
9.249999999999999889e-02,9.250000000000000000e+00,4.877937027622644348e-03,4.877937027622643917e+00,6.532258064516129004e+00,8.774665049483282298e-01,4.673673285971501334e-01,2.121059795499147924e+02,0.000000000000000000e+00
9.259249999999999425e-02,9.259249999999999758e+00,4.897330511452514107e-03,4.897330511452514301e+00,6.532854838709677203e+00,8.773061997031686987e-01,4.673218465063848082e-01,2.119977037496676644e+02,0.000000000000000000e+00
9.268500000000000349e-02,9.268499999999999517e+00,4.916732016653374039e-03,4.916732016653374338e+00,6.533451612903225403e+00,8.771459383834884216e-01,4.672763691132326702e-01,2.118893831652872848e+02,0.000000000000000000e+00
9.277749999999999886e-02,9.277749999999999275e+00,4.936141555728610492e-03,4.936141555728610797e+00,6.534048387096774491e+00,8.769857209732404568e-01,4.672308964175350132e-01,2.117810177269660699e+02,0.000000000000000000e+00
9.286999999999999422e-02,9.286999999999999034e+00,4.955559141212271916e-03,4.955559141212272145e+00,6.534645161290322690e+00,8.768255474563857454e-01,4.671854284191331863e-01,2.116726073647250814e+02,0.000000000000000000e+00
9.296250000000000346e-02,9.296250000000000568e+00,4.974984785669227597e-03,4.974984785669227527e+00,6.535241935483871778e+00,8.766654178168922229e-01,4.671399651178679835e-01,2.115641520084133731e+02,0.000000000000000000e+00
9.305499999999999883e-02,9.305500000000000327e+00,4.994418501695251783e-03,4.994418501695252033e+00,6.535838709677419978e+00,8.765053320387352631e-01,4.670945065135803653e-01,2.114556515877074787e+02,0.000000000000000000e+00
9.314749999999999419e-02,9.314750000000000085e+00,5.013860301917146857e-03,5.013860301917146600e+00,6.536435483870968177e+00,8.763452901058972344e-01,4.670490526061106817e-01,2.113471060321106734e+02,0.000000000000000000e+00
9.324000000000000343e-02,9.323999999999999844e+00,5.033310198992837006e-03,5.033310198992836604e+00,6.537032258064515489e+00,8.761852920023686098e-01,4.670036033952996712e-01,2.112385152709524618e+02,0.000000000000000000e+00
9.333249999999999880e-02,9.333249999999999602e+00,5.052768205611453227e-03,5.052768205611453567e+00,6.537629032258063688e+00,8.760253377121463014e-01,4.669581588809872952e-01,2.111298792333881238e+02,0.000000000000000000e+00
9.342499999999999416e-02,9.342499999999999361e+00,5.072234334493487713e-03,5.072234334493487928e+00,6.538225806451612776e+00,8.758654272192346601e-01,4.669127190630136814e-01,2.110211978483978612e+02,0.000000000000000000e+00
9.351750000000000340e-02,9.351750000000000895e+00,5.091708598390880594e-03,5.091708598390880525e+00,6.538822580645161864e+00,8.757055605076455862e-01,4.668672839412186248e-01,2.109124710447862867e+02,0.000000000000000000e+00
9.360999999999999877e-02,9.361000000000000654e+00,5.111191010087111006e-03,5.111191010087111408e+00,6.539419354838710063e+00,8.755457375613987514e-01,4.668218535154418647e-01,2.108036987511819405e+02,0.000000000000000000e+00
9.370249999999999413e-02,9.370249999999998636e+00,5.130681582397330666e-03,5.130681582397330409e+00,6.540016129032258263e+00,8.753859583645202669e-01,4.667764277855229738e-01,2.106948808960364943e+02,0.000000000000000000e+00
9.379500000000000337e-02,9.379500000000000171e+00,5.150180328168463620e-03,5.150180328168463717e+00,6.540612903225806463e+00,8.752262229010437933e-01,4.667310067513010252e-01,2.105860174076242970e+02,0.000000000000000000e+00
9.388749999999999873e-02,9.388749999999999929e+00,5.169687260279309457e-03,5.169687260279309804e+00,6.541209677419354662e+00,8.750665311550100967e-01,4.666855904126151477e-01,2.104771082140416638e+02,0.000000000000000000e+00
9.397999999999999410e-02,9.397999999999999687e+00,5.189202391640675149e-03,5.189202391640675316e+00,6.541806451612902862e+00,8.749068831104681587e-01,4.666401787693044145e-01,2.103681532432062795e+02,0.000000000000000000e+00
9.407250000000000334e-02,9.407250000000001222e+00,5.208725735195458319e-03,5.208725735195458562e+00,6.542403225806451950e+00,8.747472787514727344e-01,4.665947718212072881e-01,2.102591524228565731e+02,0.000000000000000000e+00
9.416499999999999870e-02,9.416499999999999204e+00,5.228257303918778208e-03,5.228257303918778298e+00,6.543000000000000149e+00,8.745877180620874602e-01,4.665493695681625641e-01,2.101501056805511780e+02,0.000000000000000000e+00
9.425749999999999407e-02,9.425749999999998963e+00,5.247797110818084101e-03,5.247797110818083866e+00,6.543596774193548349e+00,8.744282010263818572e-01,4.665039720100085385e-01,2.100410129436681643e+02,0.000000000000000000e+00
9.435000000000000331e-02,9.435000000000000497e+00,5.267345168933258541e-03,5.267345168933258215e+00,6.544193548387096548e+00,8.742687276284336617e-01,4.664585791465832298e-01,2.099318741394044991e+02,0.000000000000000000e+00
9.444249999999999867e-02,9.444250000000000256e+00,5.286901491336737022e-03,5.286901491336736925e+00,6.544790322580644748e+00,8.741092978523271606e-01,4.664131909777248230e-01,2.098226891947754780e+02,0.000000000000000000e+00
9.453499999999999404e-02,9.453500000000000014e+00,5.306466091133631158e-03,5.306466091133630769e+00,6.545387096774194724e+00,8.739499116821541902e-01,4.663678075032707815e-01,2.097134580366139289e+02,0.000000000000000000e+00
9.462750000000000328e-02,9.462749999999999773e+00,5.326038981461832765e-03,5.326038981461833188e+00,6.545983870967742035e+00,8.737905691020142473e-01,4.663224287230590126e-01,2.096041805915696443e+02,0.000000000000000000e+00
9.471999999999999864e-02,9.471999999999999531e+00,5.345620175492107537e-03,5.345620175492107329e+00,6.546580645161290235e+00,8.736312700960136013e-01,4.662770546369268687e-01,2.094948567861088975e+02,0.000000000000000000e+00
9.481249999999999400e-02,9.481249999999999289e+00,5.365209686428248567e-03,5.365209686428248581e+00,6.547177419354838435e+00,8.734720146482659597e-01,4.662316852447115356e-01,2.093854865465135617e+02,0.000000000000000000e+00
9.490500000000000325e-02,9.490500000000000824e+00,5.384807527507183035e-03,5.384807527507183167e+00,6.547774193548387522e+00,8.733128027428915807e-01,4.661863205462499771e-01,2.092760697988805418e+02,0.000000000000000000e+00
9.499749999999999861e-02,9.499750000000000583e+00,5.404413711999057207e-03,5.404413711999056957e+00,6.548370967741935722e+00,8.731536343640192710e-01,4.661409605413791568e-01,2.091666064691212341e+02,0.000000000000000000e+00
9.508999999999999397e-02,9.508999999999998565e+00,5.424028253207383021e-03,5.424028253207382910e+00,6.548967741935484810e+00,8.729945094957840546e-01,4.660956052299357055e-01,2.090570964829607590e+02,0.000000000000000000e+00
9.518250000000000322e-02,9.518250000000000099e+00,5.443651164469161252e-03,5.443651164469160975e+00,6.549564516129033009e+00,8.728354281223285049e-01,4.660502546117561429e-01,2.089475397659373073e+02,0.000000000000000000e+00
9.527499999999999858e-02,9.527499999999999858e+00,5.463282459154957839e-03,5.463282459154958026e+00,6.550161290322580321e+00,8.726763902278025231e-01,4.660049086866767110e-01,2.088379362434016286e+02,0.000000000000000000e+00
9.536749999999999394e-02,9.536749999999999616e+00,5.482922150669073021e-03,5.482922150669073069e+00,6.550758064516128520e+00,8.725173957963628935e-01,4.659595674545335409e-01,2.087282858405161505e+02,0.000000000000000000e+00
9.546000000000000318e-02,9.546000000000001151e+00,5.502570252449639349e-03,5.502570252449639376e+00,6.551354838709676720e+00,8.723584448121743939e-01,4.659142309151627082e-01,2.086185884822544097e+02,0.000000000000000000e+00
9.555249999999999855e-02,9.555249999999999133e+00,5.522226777968709290e-03,5.522226777968708866e+00,6.551951612903225808e+00,8.721995372594073537e-01,4.658688990683996223e-01,2.085088440934005973e+02,0.000000000000000000e+00
9.564499999999999391e-02,9.564499999999998892e+00,5.541891740732423494e-03,5.541891740732423521e+00,6.552548387096774007e+00,8.720406731222414276e-01,4.658235719140801367e-01,2.083990525985484794e+02,0.000000000000000000e+00
9.573750000000000315e-02,9.573750000000000426e+00,5.561565154281113144e-03,5.561565154281113088e+00,6.553145161290323095e+00,8.718818523848617108e-01,4.657782494520393834e-01,2.082892139221010268e+02,0.000000000000000000e+00
9.582999999999999852e-02,9.583000000000000185e+00,5.581247032189408375e-03,5.581247032189408763e+00,6.553741935483871295e+00,8.717230750314618470e-01,4.657329316821127718e-01,2.081793279882697334e+02,0.000000000000000000e+00
9.592249999999999388e-02,9.592249999999999943e+00,5.600937388066376185e-03,5.600937388066376421e+00,6.554338709677419494e+00,8.715643410462419194e-01,4.656876186041352117e-01,2.080693947210737633e+02,0.000000000000000000e+00
9.601500000000000312e-02,9.601499999999999702e+00,5.620636235555629724e-03,5.620636235555629412e+00,6.554935483870966806e+00,8.714056504134091163e-01,4.656423102179414464e-01,2.079594140443394110e+02,0.000000000000000000e+00
9.610749999999999849e-02,9.610749999999999460e+00,5.640343588335476610e-03,5.640343588335476888e+00,6.555532258064515894e+00,8.712470031171777318e-01,4.655970065233660526e-01,2.078493858816993338e+02,0.000000000000000000e+00
9.619999999999999385e-02,9.619999999999999218e+00,5.660059460118983983e-03,5.660059460118984198e+00,6.556129032258064981e+00,8.710883991417703864e-01,4.655517075202436628e-01,2.077393101565920404e+02,0.000000000000000000e+00
9.629250000000000309e-02,9.629250000000000753e+00,5.679783864654179733e-03,5.679783864654179837e+00,6.556725806451613181e+00,8.709298384714158070e-01,4.655064132084085204e-01,2.076291867922608674e+02,0.000000000000000000e+00
9.638499999999999845e-02,9.638500000000000512e+00,5.699516815724120153e-03,5.699516815724120278e+00,6.557322580645161381e+00,8.707713210903500478e-01,4.654611235876945363e-01,2.075190157117536671e+02,0.000000000000000000e+00
9.647749999999999382e-02,9.647749999999998494e+00,5.719258327147029586e-03,5.719258327147029419e+00,6.557919354838709580e+00,8.706128469828161576e-01,4.654158386579356765e-01,2.074087968379218694e+02,0.000000000000000000e+00
9.657000000000000306e-02,9.657000000000000028e+00,5.739008412776426191e-03,5.739008412776426482e+00,6.558516129032258668e+00,8.704544161330647345e-01,4.653705584189656852e-01,2.072985300934198278e+02,0.000000000000000000e+00
9.666249999999999842e-02,9.666249999999999787e+00,5.758767086501256384e-03,5.758767086501256571e+00,6.559112903225805979e+00,8.702960285253535933e-01,4.653252828706179733e-01,2.071882154007041379e+02,0.000000000000000000e+00
9.675499999999999379e-02,9.675499999999999545e+00,5.778534362246022342e-03,5.778534362246022127e+00,6.559709677419355067e+00,8.701376841439476539e-01,4.652800120127260630e-01,2.070778526820329262e+02,0.000000000000000000e+00
9.684750000000000303e-02,9.684750000000001080e+00,5.798310253970890421e-03,5.798310253970890393e+00,6.560306451612903267e+00,8.699793829731187200e-01,4.652347458451229212e-01,2.069674418594651399e+02,0.000000000000000000e+00
9.693999999999999839e-02,9.693999999999999062e+00,5.818094775671810853e-03,5.818094775671810659e+00,6.560903225806451466e+00,8.698211249971462555e-01,4.651894843676417368e-01,2.068569828548599219e+02,0.000000000000000000e+00
9.703249999999999376e-02,9.703249999999998820e+00,5.837887941380704229e-03,5.837887941380704326e+00,6.561499999999999666e+00,8.696629102003158307e-01,4.651442275801149773e-01,2.067464755898757005e+02,0.000000000000000000e+00
9.712500000000000300e-02,9.712500000000000355e+00,5.857689765165522214e-03,5.857689765165522644e+00,6.562096774193548754e+00,8.695047385669212314e-01,4.650989754823754430e-01,2.066359199859695934e+02,0.000000000000000000e+00
9.721749999999999836e-02,9.721750000000000114e+00,5.877500261130414079e-03,5.877500261130413683e+00,6.562693548387097842e+00,8.693466100812631270e-01,4.650537280742555457e-01,2.065253159643967535e+02,0.000000000000000000e+00
9.730999999999999373e-02,9.730999999999999872e+00,5.897319443415849002e-03,5.897319443415849349e+00,6.563290322580646041e+00,8.691885247276491810e-01,4.650084853555874753e-01,2.064146634462094596e+02,0.000000000000000000e+00
9.740250000000000297e-02,9.740249999999999631e+00,5.917147326198742702e-03,5.917147326198742618e+00,6.563887096774193353e+00,8.690304824903942738e-01,4.649632473262033105e-01,2.063039623522565478e+02,0.000000000000000000e+00
9.749499999999999833e-02,9.749499999999999389e+00,5.936983923692586672e-03,5.936983923692586984e+00,6.564483870967741552e+00,8.688724833538202796e-01,4.649180139859349081e-01,2.061932126031826442e+02,0.000000000000000000e+00
9.758749999999999369e-02,9.758749999999999147e+00,5.956829250147599106e-03,5.956829250147599453e+00,6.565080645161289752e+00,8.687145273022561787e-01,4.648727853346138472e-01,2.060824141194273409e+02,0.000000000000000000e+00
9.768000000000000294e-02,9.768000000000000682e+00,5.976683319850833315e-03,5.976683319850833342e+00,6.565677419354838840e+00,8.685566143200380562e-01,4.648275613720717070e-01,2.059715668212245703e+02,0.000000000000000000e+00
9.777249999999999830e-02,9.777250000000000441e+00,5.996546147126317373e-03,5.996546147126317727e+00,6.566274193548387039e+00,8.683987443915096582e-01,4.647823420981398446e-01,2.058606706286017811e+02,0.000000000000000000e+00
9.786499999999999366e-02,9.786500000000000199e+00,6.016417746335188561e-03,6.016417746335188887e+00,6.566870967741936127e+00,8.682409175010210589e-01,4.647371275126493395e-01,2.057497254613793132e+02,0.000000000000000000e+00
9.795750000000000290e-02,9.795749999999999957e+00,6.036298131875846018e-03,6.036298131875845741e+00,6.567467741935484327e+00,8.680831336329301040e-01,4.646919176154312159e-01,2.056387312391694024e+02,0.000000000000000000e+00
9.804999999999999827e-02,9.804999999999999716e+00,6.056187318184058296e-03,6.056187318184058199e+00,6.568064516129031638e+00,8.679253927716014116e-01,4.646467124063161092e-01,2.055276878813757264e+02,0.000000000000000000e+00
9.814249999999999363e-02,9.814249999999999474e+00,6.076085319733099538e-03,6.076085319733099510e+00,6.568661290322579838e+00,8.677676949014064833e-01,4.646015118851347658e-01,2.054165953071924662e+02,0.000000000000000000e+00
9.823500000000000287e-02,9.823500000000001009e+00,6.095992151033912537e-03,6.095992151033912343e+00,6.569258064516129814e+00,8.676100400067240370e-01,4.645563160517172663e-01,2.053054534356035674e+02,0.000000000000000000e+00
9.832749999999999824e-02,9.832749999999998991e+00,6.115907826635223234e-03,6.115907826635223365e+00,6.569854838709678013e+00,8.674524280719407843e-01,4.645111249058943015e-01,2.051942621853820299e+02,0.000000000000000000e+00
9.841999999999999360e-02,9.841999999999998749e+00,6.135832361123674285e-03,6.135832361123674694e+00,6.570451612903226213e+00,8.672948590814492098e-01,4.644659384474955077e-01,2.050830214750890832e+02,0.000000000000000000e+00
9.851250000000000284e-02,9.851250000000000284e+00,6.155765769123999406e-03,6.155765769123999753e+00,6.571048387096774412e+00,8.671373330196493479e-01,4.644207566763509654e-01,2.049717312230734194e+02,0.000000000000000000e+00
9.860499999999999821e-02,9.860500000000000043e+00,6.175708065299094496e-03,6.175708065299094329e+00,6.571645161290322612e+00,8.669798498709488932e-01,4.643755795922902552e-01,2.048603913474705394e+02,0.000000000000000000e+00
9.869749999999999357e-02,9.869749999999999801e+00,6.195659264350228401e-03,6.195659264350227957e+00,6.572241935483871700e+00,8.668224096197613138e-01,4.643304071951427359e-01,2.047490017662017578e+02,0.000000000000000000e+00
9.879000000000000281e-02,9.878999999999999559e+00,6.215619381017150474e-03,6.215619381017150502e+00,6.572838709677419011e+00,8.666650122505088483e-01,4.642852394847379882e-01,2.046375623969735784e+02,0.000000000000000000e+00
9.888249999999999817e-02,9.888249999999999318e+00,6.235588430078214603e-03,6.235588430078214728e+00,6.573435483870968099e+00,8.665076577476193975e-01,4.642400764609049268e-01,2.045260731572769259e+02,0.000000000000000000e+00
9.897499999999999354e-02,9.897499999999999076e+00,6.255566426350560490e-03,6.255566426350560150e+00,6.574032258064516299e+00,8.663503460955285229e-01,4.641949181234725774e-01,2.044145339643862087e+02,0.000000000000000000e+00
9.906750000000000278e-02,9.906750000000000611e+00,6.275553384690220338e-03,6.275553384690220504e+00,6.574629032258064498e+00,8.661930772786792243e-01,4.641497644722697435e-01,2.043029447353586647e+02,0.000000000000000000e+00
9.915999999999999814e-02,9.916000000000000369e+00,6.295549319992269771e-03,6.295549319992269410e+00,6.575225806451612698e+00,8.660358512815207188e-01,4.641046155071249513e-01,2.041913053870335943e+02,0.000000000000000000e+00
9.925249999999999351e-02,9.925250000000000128e+00,6.315554247190982226e-03,6.315554247190982018e+00,6.575822580645161786e+00,8.658786680885093290e-01,4.640594712278664491e-01,2.040796158360313939e+02,0.000000000000000000e+00
9.934500000000000275e-02,9.934499999999999886e+00,6.335568181259985075e-03,6.335568181259985110e+00,6.576419354838709985e+00,8.657215276841095930e-01,4.640143316343227076e-01,2.039678759987527883e+02,0.000000000000000000e+00
9.943749999999999811e-02,9.943749999999999645e+00,6.355591137212353303e-03,6.355591137212353026e+00,6.577016129032258185e+00,8.655644300527918222e-01,4.639691967263215866e-01,2.038560857913782058e+02,0.000000000000000000e+00
9.952999999999999348e-02,9.952999999999999403e+00,6.375623130100814204e-03,6.375623130100814606e+00,6.577612903225806384e+00,8.654073751790340996e-01,4.639240665036911127e-01,2.037442451298668118e+02,0.000000000000000000e+00
9.962250000000000272e-02,9.962250000000000938e+00,6.395664175017858402e-03,6.395664175017858000e+00,6.578209677419354584e+00,8.652503630473210583e-01,4.638789409662587571e-01,2.036323539299556273e+02,0.000000000000000000e+00
9.971499999999999808e-02,9.971499999999998920e+00,6.415714287095885572e-03,6.415714287095885204e+00,6.578806451612902784e+00,8.650933936421448811e-01,4.638338201138522132e-01,2.035204121071589611e+02,0.000000000000000000e+00
9.980749999999999345e-02,9.980749999999998678e+00,6.435773481507370102e-03,6.435773481507370164e+00,6.579403225806450983e+00,8.649364669480040790e-01,4.637887039462986749e-01,2.034084195767673009e+02,0.000000000000000000e+00
9.990000000000000269e-02,9.990000000000000213e+00,6.455841773465010279e-03,6.455841773465010647e+00,6.580000000000000071e+00,8.647795829494046016e-01,4.637435924634251139e-01,2.032963762538466312e+02,0.000000000000000000e+00
9.999249999999999805e-02,9.999249999999999972e+00,6.475919178221843653e-03,6.475919178221843708e+00,6.580596774193548271e+00,8.646227416308600588e-01,4.636984856650588349e-01,2.031842820532376663e+02,0.000000000000000000e+00
1.000849999999999934e-01,1.000849999999999973e+01,6.496005711071447392e-03,6.496005711071447308e+00,6.581193548387097358e+00,8.644659429768895009e-01,4.636533835510261992e-01,2.030721368895547982e+02,0.000000000000000000e+00
1.001775000000000027e-01,1.001774999999999949e+01,6.516101387348038898e-03,6.516101387348038898e+00,6.581790322580644670e+00,8.643091869720210818e-01,4.636082861211542339e-01,2.029599406771855570e+02,0.000000000000000000e+00
1.002699999999999980e-01,1.002699999999999925e+01,6.536206222426660557e-03,6.536206222426660162e+00,6.582387096774193758e+00,8.641524736007880625e-01,4.635631933752689116e-01,2.028476933302894736e+02,0.000000000000000000e+00
1.003624999999999934e-01,1.003624999999999901e+01,6.556320231723319382e-03,6.556320231723319125e+00,6.582983870967741957e+00,8.639958028477318086e-01,4.635181053131968154e-01,2.027353947627974264e+02,0.000000000000000000e+00
1.004550000000000026e-01,1.004550000000000054e+01,6.576443430695138800e-03,6.576443430695138481e+00,6.583580645161291045e+00,8.638391746974002361e-01,4.634730219347638069e-01,2.026230448884107318e+02,0.000000000000000000e+00
1.005474999999999980e-01,1.005475000000000030e+01,6.596575834840510445e-03,6.596575834840510133e+00,6.584177419354839245e+00,8.636825891343485884e-01,4.634279432397958032e-01,2.025106436206002627e+02,0.000000000000000000e+00
1.006399999999999934e-01,1.006400000000000006e+01,6.616717459699242472e-03,6.616717459699242632e+00,6.584774193548387444e+00,8.635260461431386592e-01,4.633828692281184436e-01,2.023981908726056815e+02,0.000000000000000000e+00
1.007325000000000026e-01,1.007324999999999982e+01,6.636868320852758185e-03,6.636868320852758352e+00,6.585370967741935644e+00,8.633695457083397917e-01,4.633377998995573122e-01,2.022856865574343317e+02,0.000000000000000000e+00
1.008249999999999980e-01,1.008249999999999957e+01,6.657028433924161090e-03,6.657028433924160993e+00,6.585967741935483843e+00,8.632130878145281017e-01,4.632927352539377708e-01,2.021731305878608111e+02,0.000000000000000000e+00
1.009174999999999933e-01,1.009174999999999933e+01,6.677197814578501173e-03,6.677197814578501145e+00,6.586564516129032043e+00,8.630566724462860329e-01,4.632476752910847928e-01,2.020605228764255514e+02,0.000000000000000000e+00
1.010100000000000026e-01,1.010100000000000087e+01,6.697376478522830412e-03,6.697376478522830467e+00,6.587161290322580243e+00,8.629002995882040228e-01,4.632026200108234626e-01,2.019478633354345050e+02,0.000000000000000000e+00
1.011024999999999979e-01,1.011025000000000063e+01,6.717564441506431762e-03,6.717564441506431727e+00,6.587758064516129330e+00,8.627439692248788372e-01,4.631575694129784759e-01,2.018351518769577808e+02,0.000000000000000000e+00
1.011949999999999933e-01,1.011949999999999861e+01,6.737761719320944920e-03,6.737761719320944920e+00,6.588354838709677530e+00,8.625876813409153465e-01,4.631125234973747506e-01,2.017223884128290479e+02,0.000000000000000000e+00
1.012875000000000025e-01,1.012875000000000014e+01,6.757968327800532859e-03,6.757968327800532471e+00,6.588951612903225730e+00,8.624314359209230840e-01,4.630674822638362054e-01,2.016095728546445685e+02,0.000000000000000000e+00
1.013799999999999979e-01,1.013799999999999990e+01,6.778184282822034487e-03,6.778184282822034668e+00,6.589548387096773929e+00,8.622752329495211310e-01,4.630224457121875914e-01,2.014967051137623457e+02,0.000000000000000000e+00
1.014724999999999933e-01,1.014724999999999966e+01,6.798409600305149389e-03,6.798409600305149070e+00,6.590145161290323017e+00,8.621190724113334536e-01,4.629774138422526053e-01,2.013837851013010436e+02,0.000000000000000000e+00
1.015650000000000025e-01,1.015649999999999942e+01,6.818644296212554926e-03,6.818644296212554856e+00,6.590741935483871217e+00,8.619629542909922337e-01,4.629323866538552767e-01,2.012708127281393899e+02,0.000000000000000000e+00
1.016574999999999979e-01,1.016574999999999918e+01,6.838888386550120470e-03,6.838888386550120657e+00,6.591338709677419416e+00,8.618068785731367587e-01,4.628873641468194133e-01,2.011577879049150397e+02,0.000000000000000000e+00
1.017499999999999932e-01,1.017499999999999893e+01,6.859141887367031440e-03,6.859141887367031565e+00,6.591935483870967616e+00,8.616508452424123110e-01,4.628423463209684896e-01,2.010447105420236937e+02,0.000000000000000000e+00
1.018425000000000025e-01,1.018425000000000047e+01,6.879404814755977517e-03,6.879404814755977426e+00,6.592532258064515815e+00,8.614948542834715006e-01,4.627973331761258136e-01,2.009315805496182747e+02,0.000000000000000000e+00
1.019349999999999978e-01,1.019350000000000023e+01,6.899677184853284483e-03,6.899677184853284295e+00,6.593129032258064903e+00,8.613389056809740429e-01,4.627523247121145267e-01,2.008183978376079892e+02,0.000000000000000000e+00
1.020274999999999932e-01,1.020274999999999999e+01,6.919959013839124123e-03,6.919959013839124040e+00,6.593725806451613103e+00,8.611829994195866478e-01,4.627073209287577704e-01,2.007051623156572759e+02,0.000000000000000000e+00
1.021200000000000024e-01,1.021199999999999974e+01,6.940250317937652139e-03,6.940250317937652014e+00,6.594322580645162191e+00,8.610271354839827973e-01,4.626623218258782977e-01,2.005918738931850385e+02,0.000000000000000000e+00
1.022124999999999978e-01,1.022124999999999950e+01,6.960551113417179879e-03,6.960551113417180247e+00,6.594919354838709502e+00,8.608713138588430791e-01,4.626173274032987504e-01,2.004785324793636505e+02,0.000000000000000000e+00
1.023049999999999932e-01,1.023049999999999926e+01,6.980861416590346952e-03,6.980861416590347091e+00,6.595516129032257702e+00,8.607155345288545201e-01,4.625723376608415482e-01,2.003651379831179895e+02,0.000000000000000000e+00
1.023975000000000024e-01,1.023975000000000080e+01,7.001181243814270407e-03,7.001181243814269983e+00,6.596112903225805901e+00,8.605597974787116966e-01,4.625273525983290002e-01,2.002516903131245272e+02,0.000000000000000000e+00
1.024899999999999978e-01,1.024900000000000055e+01,7.021510611490737290e-03,7.021510611490737297e+00,6.596709677419354989e+00,8.604041026931156244e-01,4.624823722155831929e-01,2.001381893778104768e+02,0.000000000000000000e+00
1.025824999999999931e-01,1.025824999999999854e+01,7.041849536066385924e-03,7.041849536066385973e+00,6.597306451612903189e+00,8.602484501567747577e-01,4.624373965124261576e-01,2.000246350853525712e+02,0.000000000000000000e+00
1.026750000000000024e-01,1.026750000000000007e+01,7.062198034032849889e-03,7.062198034032849847e+00,6.597903225806452276e+00,8.600928398544041009e-01,4.623924254886796481e-01,1.999110273436763237e+02,0.000000000000000000e+00
1.027674999999999977e-01,1.027674999999999983e+01,7.082556121926906340e-03,7.082556121926906201e+00,6.598500000000000476e+00,8.599372717707252090e-01,4.623474591441650849e-01,1.997973660604552038e+02,0.000000000000000000e+00
1.028599999999999931e-01,1.028599999999999959e+01,7.102923816330730146e-03,7.102923816330729778e+00,6.599096774193548676e+00,8.597817458904676302e-01,4.623024974787039998e-01,1.996836511431092447e+02,0.000000000000000000e+00
1.029525000000000023e-01,1.029524999999999935e+01,7.123301133871984964e-03,7.123301133871985158e+00,6.599693548387095987e+00,8.596262621983670194e-01,4.622575404921176467e-01,1.995698824988045317e+02,0.000000000000000000e+00
1.030449999999999977e-01,1.030449999999999910e+01,7.143688091224053953e-03,7.143688091224054126e+00,6.600290322580645075e+00,8.594708206791651373e-01,4.622125881842267803e-01,1.994560600344518377e+02,0.000000000000000000e+00
1.031374999999999931e-01,1.031374999999999886e+01,7.164084705106171617e-03,7.164084705106171569e+00,6.600887096774193274e+00,8.593154213176131817e-01,4.621676405548527100e-01,1.993421836567059700e+02,0.000000000000000000e+00
1.032300000000000023e-01,1.032300000000000040e+01,7.184490992283643247e-03,7.184490992283643074e+00,6.601483870967742362e+00,8.591600640984661252e-01,4.621226976038156908e-01,1.992282532719645474e+02,0.000000000000000000e+00
1.033224999999999977e-01,1.033225000000000016e+01,7.204906969567975022e-03,7.204906969567974606e+00,6.602080645161290562e+00,8.590047490064884883e-01,4.620777593309366438e-01,1.991142687863671767e+02,0.000000000000000000e+00
1.034149999999999930e-01,1.034149999999999991e+01,7.225332653817089119e-03,7.225332653817089223e+00,6.602677419354838761e+00,8.588494760264497874e-01,4.620328257360356017e-01,1.990002301057943441e+02,0.000000000000000000e+00
1.035075000000000023e-01,1.035074999999999967e+01,7.245768061935504989e-03,7.245768061935504711e+00,6.603274193548386961e+00,8.586942451431274215e-01,4.619878968189328194e-01,1.988861371358664485e+02,0.000000000000000000e+00
1.035999999999999976e-01,1.035999999999999943e+01,7.266213210874471196e-03,7.266213210874471251e+00,6.603870967741935161e+00,8.585390563413054510e-01,4.619429725794483854e-01,1.987719897819428923e+02,0.000000000000000000e+00
1.036924999999999930e-01,1.036924999999999919e+01,7.286668117632209146e-03,7.286668117632209452e+00,6.604467741935484248e+00,8.583839096057741536e-01,4.618980530174017218e-01,1.986577879491208876e+02,0.000000000000000000e+00
1.037850000000000023e-01,1.037850000000000072e+01,7.307132799254050133e-03,7.307132799254049793e+00,6.605064516129032448e+00,8.582288049213323555e-01,4.618531381326129726e-01,1.985435315422346036e+02,0.000000000000000000e+00
1.038774999999999976e-01,1.038775000000000048e+01,7.327607272832643501e-03,7.327607272832643126e+00,6.605661290322580648e+00,8.580737422727842123e-01,4.618082279249012823e-01,1.984292204658540584e+02,0.000000000000000000e+00
1.039699999999999930e-01,1.039699999999999847e+01,7.348091555508105832e-03,7.348091555508105444e+00,6.606258064516128847e+00,8.579187216449410958e-01,4.617633223940860177e-01,1.983148546242841803e+02,0.000000000000000000e+00
1.040625000000000022e-01,1.040625000000000000e+01,7.368585664468257738e-03,7.368585664468257690e+00,6.606854838709677935e+00,8.577637430226211501e-01,4.617184215399862124e-01,1.982004339215636719e+02,0.000000000000000000e+00
1.041549999999999976e-01,1.041549999999999976e+01,7.389089616948755698e-03,7.389089616948755435e+00,6.607451612903226135e+00,8.576088063906502912e-01,4.616735253624209001e-01,1.980859582614640431e+02,0.000000000000000000e+00
1.042474999999999929e-01,1.042474999999999952e+01,7.409603430233318438e-03,7.409603430233318022e+00,6.608048387096775222e+00,8.574539117338597638e-01,4.616286338612086704e-01,1.979714275474885881e+02,0.000000000000000000e+00
1.043400000000000022e-01,1.043400000000000105e+01,7.430127121653884795e-03,7.430127121653884892e+00,6.608645161290322534e+00,8.572990590370890285e-01,4.615837470361682793e-01,1.978568416828712486e+02,0.000000000000000000e+00
1.044324999999999976e-01,1.044324999999999903e+01,7.450660708590825347e-03,7.450660708590825188e+00,6.609241935483870733e+00,8.571442482851837630e-01,4.615388648871179833e-01,1.977422005705757329e+02,0.000000000000000000e+00
1.045249999999999929e-01,1.045249999999999879e+01,7.471204208473103750e-03,7.471204208473103847e+00,6.609838709677418933e+00,8.569894794629963064e-01,4.614939874138760389e-01,1.976275041132942647e+02,0.000000000000000000e+00
1.046175000000000022e-01,1.046175000000000033e+01,7.491757638778512654e-03,7.491757638778512529e+00,6.610435483870967133e+00,8.568347525553864363e-01,4.614491146162605917e-01,1.975127522134466176e+02,0.000000000000000000e+00
1.047099999999999975e-01,1.047100000000000009e+01,7.512321017033811617e-03,7.512321017033811721e+00,6.611032258064517109e+00,8.566800675472194815e-01,4.614042464940892319e-01,1.973979447731790913e+02,0.000000000000000000e+00
1.048024999999999929e-01,1.048024999999999984e+01,7.532894360814935270e-03,7.532894360814935020e+00,6.611629032258064420e+00,8.565254244233700964e-01,4.613593830471799939e-01,1.972830816943634034e+02,0.000000000000000000e+00
1.048950000000000021e-01,1.048949999999999960e+01,7.553477687747213627e-03,7.553477687747213842e+00,6.612225806451613508e+00,8.563708231687169325e-01,4.613145242753502462e-01,1.971681628785955809e+02,0.000000000000000000e+00
1.049874999999999975e-01,1.049874999999999936e+01,7.574071015505536020e-03,7.574071015505536408e+00,6.612822580645161707e+00,8.562162637681475230e-01,4.612696701784173015e-01,1.970531882271948518e+02,0.000000000000000000e+00
1.050799999999999929e-01,1.050799999999999912e+01,7.594674361814560126e-03,7.594674361814560015e+00,6.613419354838709019e+00,8.560617462065548411e-01,4.612248207561984170e-01,1.969381576412027357e+02,0.000000000000000000e+00
1.051725000000000021e-01,1.051725000000000065e+01,7.615287744448900192e-03,7.615287744448900220e+00,6.614016129032257219e+00,8.559072704688396316e-01,4.611799760085105171e-01,1.968230710213816792e+02,0.000000000000000000e+00
1.052649999999999975e-01,1.052650000000000041e+01,7.635911181233316983e-03,7.635911181233317357e+00,6.614612903225806306e+00,8.557528365399085235e-01,4.611351359351702484e-01,1.967079282682142605e+02,0.000000000000000000e+00
1.053574999999999928e-01,1.053575000000000017e+01,7.656544690042939826e-03,7.656544690042939472e+00,6.615209677419355394e+00,8.555984444046759174e-01,4.610903005359945350e-01,1.965927292819017680e+02,0.000000000000000000e+00
1.054500000000000021e-01,1.054499999999999993e+01,7.677188288803435748e-03,7.677188288803435512e+00,6.615806451612903594e+00,8.554440940480629862e-01,4.610454698107998017e-01,1.964774739623634048e+02,0.000000000000000000e+00
1.055424999999999974e-01,1.055424999999999969e+01,7.697841995491231520e-03,7.697841995491231160e+00,6.616403225806451793e+00,8.552897854549968981e-01,4.610006437594022510e-01,1.963621622092349241e+02,0.000000000000000000e+00
1.056349999999999928e-01,1.056349999999999945e+01,7.718505828133706212e-03,7.718505828133706004e+00,6.616999999999999993e+00,8.551355186104120376e-01,4.609558223816180300e-01,1.962467939218676349e+02,0.000000000000000000e+00
1.057275000000000020e-01,1.057275000000000098e+01,7.739179804809392417e-03,7.739179804809392493e+00,6.617596774193549081e+00,8.549812934992492286e-01,4.609110056772630082e-01,1.961313689993272362e+02,0.000000000000000000e+00
1.058199999999999974e-01,1.058199999999999896e+01,7.759863943648165341e-03,7.759863943648165119e+00,6.618193548387096392e+00,8.548271101064576216e-01,4.608661936461533326e-01,1.960158873403927942e+02,0.000000000000000000e+00
1.059124999999999928e-01,1.059124999999999872e+01,7.780558262831494334e-03,7.780558262831494432e+00,6.618790322580645480e+00,8.546729684169904750e-01,4.608213862881039846e-01,1.959003488435553493e+02,0.000000000000000000e+00
1.060050000000000020e-01,1.060050000000000026e+01,7.801262780592573866e-03,7.801262780592574053e+00,6.619387096774193679e+00,8.545188684158103731e-01,4.607765836029308337e-01,1.957847534070170354e+02,0.000000000000000000e+00
1.060974999999999974e-01,1.060975000000000001e+01,7.821977515216595872e-03,7.821977515216596011e+00,6.619983870967741879e+00,8.543648100878855622e-01,4.607317855904490833e-01,1.956691009286898009e+02,0.000000000000000000e+00
1.061899999999999927e-01,1.061899999999999977e+01,7.842702485040922364e-03,7.842702485040922156e+00,6.620580645161290079e+00,8.542107934181906170e-01,4.606869922504736592e-01,1.955533913061942997e+02,0.000000000000000000e+00
1.062825000000000020e-01,1.062824999999999953e+01,7.863437708455300532e-03,7.863437708455300879e+00,6.621177419354839166e+00,8.540568183917076617e-01,4.606422035828195427e-01,1.954376244368586413e+02,0.000000000000000000e+00
1.063749999999999973e-01,1.063749999999999929e+01,7.884183203902075249e-03,7.884183203902074943e+00,6.621774193548387366e+00,8.539028849934252596e-01,4.605974195873013821e-01,1.953218002177173958e+02,0.000000000000000000e+00
1.064674999999999927e-01,1.064674999999999905e+01,7.904938989876387698e-03,7.904938989876387545e+00,6.622370967741935566e+00,8.537489932083389688e-01,4.605526402637338257e-01,1.952059185455102579e+02,0.000000000000000000e+00
1.065600000000000019e-01,1.065600000000000058e+01,7.925705084926419966e-03,7.925705084926420341e+00,6.622967741935483765e+00,8.535951430214508973e-01,4.605078656119312996e-01,1.950899793166808536e+02,0.000000000000000000e+00
1.066524999999999973e-01,1.066525000000000034e+01,7.946481507653533824e-03,7.946481507653533782e+00,6.623564516129031965e+00,8.534413344177702587e-01,4.604630956317080082e-01,1.949739824273758586e+02,0.000000000000000000e+00
1.067449999999999927e-01,1.067450000000000010e+01,7.967268276712589914e-03,7.967268276712589525e+00,6.624161290322580165e+00,8.532875673823119289e-01,4.604183303228777668e-01,1.948579277734433219e+02,0.000000000000000000e+00
1.068375000000000019e-01,1.068374999999999986e+01,7.988065410812060507e-03,7.988065410812060563e+00,6.624758064516128364e+00,8.531338419000988882e-01,4.603735696852546688e-01,1.947418152504318698e+02,0.000000000000000000e+00
1.069299999999999973e-01,1.069299999999999962e+01,8.008872928714320938e-03,8.008872928714321660e+00,6.625354838709678340e+00,8.529801579561600011e-01,4.603288137186522522e-01,1.946256447535893130e+02,0.000000000000000000e+00
1.070224999999999926e-01,1.070224999999999937e+01,8.029690849235809197e-03,8.029690849235809225e+00,6.625951612903226540e+00,8.528265155355315708e-01,4.602840624228841659e-01,1.945094161778615103e+02,0.000000000000000000e+00
1.071150000000000019e-01,1.071150000000000091e+01,8.050519191247291345e-03,8.050519191247291317e+00,6.626548387096773851e+00,8.526729146232560064e-01,4.602393157977637261e-01,1.943931294178910889e+02,0.000000000000000000e+00
1.072074999999999972e-01,1.072074999999999889e+01,8.071357973674036720e-03,8.071357973674036401e+00,6.627145161290322051e+00,8.525193552043827117e-01,4.601945738431039712e-01,1.942767843680162798e+02,0.000000000000000000e+00
1.072999999999999926e-01,1.072999999999999865e+01,8.092207215496085085e-03,8.092207215496085126e+00,6.627741935483870250e+00,8.523658372639677516e-01,4.601498365587181061e-01,1.941603809222696384e+02,0.000000000000000000e+00
1.073925000000000018e-01,1.073925000000000018e+01,8.113066935748423567e-03,8.113066935748424413e+00,6.628338709677419338e+00,8.522123607870736306e-01,4.601051039444186697e-01,1.940439189743768793e+02,0.000000000000000000e+00
1.074849999999999972e-01,1.074849999999999994e+01,8.133937153521222582e-03,8.133937153521221930e+00,6.628935483870968426e+00,8.520589257587704024e-01,4.600603760000185338e-01,1.939273984177555974e+02,0.000000000000000000e+00
1.075774999999999926e-01,1.075774999999999970e+01,8.154817887960083903e-03,8.154817887960083667e+00,6.629532258064516625e+00,8.519055321641342271e-01,4.600156527253302374e-01,1.938108191455139604e+02,0.000000000000000000e+00
1.076700000000000018e-01,1.076699999999999946e+01,8.175709158266238410e-03,8.175709158266238674e+00,6.630129032258064825e+00,8.517521799882480371e-01,4.599709341201658752e-01,1.936941810504495436e+02,0.000000000000000000e+00
1.077624999999999972e-01,1.077624999999999922e+01,8.196610983696768146e-03,8.196610983696768216e+00,6.630725806451613025e+00,8.515988692162015372e-01,4.599262201843377640e-01,1.935774840250480793e+02,0.000000000000000000e+00
1.078549999999999925e-01,1.078549999999999898e+01,8.217523383564864781e-03,8.217523383564865114e+00,6.631322580645160336e+00,8.514455998330909825e-01,4.598815109176577209e-01,1.934607279614820641e+02,0.000000000000000000e+00
1.079475000000000018e-01,1.079475000000000051e+01,8.238446377240027374e-03,8.238446377240027374e+00,6.631919354838710312e+00,8.512923718240195115e-01,4.598368063199375633e-01,1.933439127516096221e+02,0.000000000000000000e+00
1.080399999999999971e-01,1.080400000000000027e+01,8.259379984148294829e-03,8.259379984148294440e+00,6.632516129032258512e+00,8.511391851740972569e-01,4.597921063909889972e-01,1.932270382869731407e+02,0.000000000000000000e+00
1.081324999999999925e-01,1.081325000000000003e+01,8.280324223772499159e-03,8.280324223772499437e+00,6.633112903225806711e+00,8.509860398684403471e-01,4.597474111306233957e-01,1.931101044587980482e+02,0.000000000000000000e+00
1.082250000000000018e-01,1.082249999999999979e+01,8.301279115652463250e-03,8.301279115652462792e+00,6.633709677419354911e+00,8.508329358921723484e-01,4.597027205386521320e-01,1.929931111579914500e+02,0.000000000000000000e+00
1.083174999999999971e-01,1.083174999999999955e+01,8.322244679385269739e-03,8.322244679385269350e+00,6.634306451612903111e+00,8.506798732304231558e-01,4.596580346148863017e-01,1.928760582751408776e+02,0.000000000000000000e+00
1.084099999999999925e-01,1.084099999999999930e+01,8.343220934625458773e-03,8.343220934625458440e+00,6.634903225806452198e+00,8.505268518683287704e-01,4.596133533591366116e-01,1.927589457005129816e+02,0.000000000000000000e+00
1.085025000000000017e-01,1.085025000000000084e+01,8.364207901085314242e-03,8.364207901085313424e+00,6.635499999999999510e+00,8.503738717910329648e-01,4.595686767712139909e-01,1.926417733240521386e+02,0.000000000000000000e+00
1.085949999999999971e-01,1.085950000000000060e+01,8.385205598535033777e-03,8.385205598535033999e+00,6.636096774193548598e+00,8.502209329836855067e-01,4.595240048509289799e-01,1.925245410353792579e+02,0.000000000000000000e+00
1.086874999999999925e-01,1.086874999999999858e+01,8.406214046803025391e-03,8.406214046803025752e+00,6.636693548387096797e+00,8.500680354314432696e-01,4.594793375980921191e-01,1.924072487237903317e+02,0.000000000000000000e+00
1.087800000000000017e-01,1.087800000000000011e+01,8.427233265776113910e-03,8.427233265776113313e+00,6.637290322580644997e+00,8.499151791194693439e-01,4.594346750125136714e-01,1.922898962782552132e+02,0.000000000000000000e+00
1.088724999999999971e-01,1.088724999999999987e+01,8.448263275399776895e-03,8.448263275399776617e+00,6.637887096774193196e+00,8.497623640329338146e-01,4.593900170940035665e-01,1.921724835874162238e+02,0.000000000000000000e+00
1.089649999999999924e-01,1.089649999999999963e+01,8.469304095678427402e-03,8.469304095678428013e+00,6.638483870967741396e+00,8.496095901570133169e-01,4.593453638423717345e-01,1.920550105395866751e+02,0.000000000000000000e+00
1.090575000000000017e-01,1.090574999999999939e+01,8.490355746675620416e-03,8.490355746675620097e+00,6.639080645161290484e+00,8.494568574768905922e-01,4.593007152574278273e-01,1.919374770227497322e+02,0.000000000000000000e+00
1.091499999999999970e-01,1.091499999999999915e+01,8.511418248514295709e-03,8.511418248514296181e+00,6.639677419354839571e+00,8.493041659777563757e-01,4.592560713389816085e-01,1.918198829245569641e+02,0.000000000000000000e+00
1.092424999999999924e-01,1.092424999999999891e+01,8.532491621377044991e-03,8.532491621377044311e+00,6.640274193548386883e+00,8.491515156448069535e-01,4.592114320868423971e-01,1.917022281323268942e+02,0.000000000000000000e+00
1.093350000000000016e-01,1.093350000000000044e+01,8.553575885506337420e-03,8.553575885506337073e+00,6.640870967741935083e+00,8.489989064632456062e-01,4.591667975008193459e-01,1.915845125330437213e+02,0.000000000000000000e+00
1.094274999999999970e-01,1.094275000000000020e+01,8.574671061204781550e-03,8.574671061204782063e+00,6.641467741935484170e+00,8.488463384182820537e-01,4.591221675807216074e-01,1.914667360133559271e+02,0.000000000000000000e+00
1.095199999999999924e-01,1.095199999999999996e+01,8.595777168835394208e-03,8.595777168835393667e+00,6.642064516129032370e+00,8.486938114951331213e-01,4.590775423263580013e-01,1.913488984595747411e+02,0.000000000000000000e+00
1.096125000000000016e-01,1.096124999999999972e+01,8.616894228821786114e-03,8.616894228821786683e+00,6.642661290322581458e+00,8.485413256790219627e-01,4.590329217375372917e-01,1.912309997576730041e+02,0.000000000000000000e+00
1.097049999999999970e-01,1.097049999999999947e+01,8.638022261648489741e-03,8.638022261648488964e+00,6.643258064516129657e+00,8.483888809551782817e-01,4.589883058140679650e-01,1.911130397932835194e+02,0.000000000000000000e+00
1.097974999999999923e-01,1.097974999999999923e+01,8.659161287861179626e-03,8.659161287861179446e+00,6.643854838709677857e+00,8.482364773088386656e-01,4.589436945557584524e-01,1.909950184516976890e+02,0.000000000000000000e+00
1.098900000000000016e-01,1.098900000000000077e+01,8.680311328066904822e-03,8.680311328066904863e+00,6.644451612903225168e+00,8.480841147252461409e-01,4.588990879624169072e-01,1.908769356178642056e+02,0.000000000000000000e+00
1.099824999999999969e-01,1.099825000000000053e+01,8.701472402934389005e-03,8.701472402934388839e+00,6.645048387096773368e+00,8.479317931896505067e-01,4.588544860338514275e-01,1.907587911763875468e+02,0.000000000000000000e+00
1.100749999999999923e-01,1.100749999999999851e+01,8.722644533194250788e-03,8.722644533194250371e+00,6.645645161290322456e+00,8.477795126873076681e-01,4.588098887698696671e-01,1.906405850115264968e+02,0.000000000000000000e+00
1.101675000000000015e-01,1.101675000000000004e+01,8.743827739639309024e-03,8.743827739639309371e+00,6.646241935483871544e+00,8.476272732034810797e-01,4.587652961702796128e-01,1.905223170071926688e+02,0.000000000000000000e+00
1.102599999999999969e-01,1.102599999999999980e+01,8.765022043124770165e-03,8.765022043124769624e+00,6.646838709677419743e+00,8.474750747234400805e-01,4.587207082348885301e-01,1.904039870469492826e+02,0.000000000000000000e+00
1.103524999999999923e-01,1.103524999999999956e+01,8.786227464568561324e-03,8.786227464568561629e+00,6.647435483870967943e+00,8.473229172324612257e-01,4.586761249635040727e-01,1.902855950140094023e+02,0.000000000000000000e+00
1.104450000000000015e-01,1.104449999999999932e+01,8.807444024951559258e-03,8.807444024951559314e+00,6.648032258064516142e+00,8.471708007158268439e-01,4.586315463559331729e-01,1.901671407912346865e+02,0.000000000000000000e+00
1.105374999999999969e-01,1.105374999999999908e+01,8.828671745317866193e-03,8.828671745317866026e+00,6.648629032258065230e+00,8.470187251588263688e-01,4.585869724119828184e-01,1.900486242611337673e+02,0.000000000000000000e+00
1.106299999999999922e-01,1.106299999999999883e+01,8.849910646775068293e-03,8.849910646775068557e+00,6.649225806451612542e+00,8.468666905467561179e-01,4.585424031314600524e-01,1.899300453058608014e+02,0.000000000000000000e+00
1.107225000000000015e-01,1.107225000000000037e+01,8.871160750494494138e-03,8.871160750494494707e+00,6.649822580645161629e+00,8.467146968649182925e-01,4.584978385141714186e-01,1.898114038072141057e+02,0.000000000000000000e+00
1.108149999999999968e-01,1.108150000000000013e+01,8.892422077711514827e-03,8.892422077711515271e+00,6.650419354838709829e+00,8.465627440986226437e-01,4.584532785599235161e-01,1.896926996466344804e+02,0.000000000000000000e+00
1.109074999999999922e-01,1.109074999999999989e+01,8.913694649725774702e-03,8.913694649725774966e+00,6.651016129032258029e+00,8.464108322331844736e-01,4.584087232685226665e-01,1.895739327052037879e+02,0.000000000000000000e+00
1.110000000000000014e-01,1.109999999999999964e+01,8.934978487901507060e-03,8.934978487901506838e+00,6.651612903225806228e+00,8.462589612539261896e-01,4.583641726397749694e-01,1.894551028636433330e+02,0.000000000000000000e+00
1.110924999999999968e-01,1.110924999999999940e+01,8.956273613667763145e-03,8.956273613667763200e+00,6.652209677419354428e+00,8.461071311461771938e-01,4.583196266734865243e-01,1.893362100023125834e+02,0.000000000000000000e+00
1.111849999999999922e-01,1.111849999999999916e+01,8.977580048518713982e-03,8.977580048518714051e+00,6.652806451612903516e+00,8.459553418952721060e-01,4.582750853694629867e-01,1.892172540012073227e+02,0.000000000000000000e+00
1.112775000000000014e-01,1.112775000000000070e+01,8.998897814013941815e-03,8.998897814013941954e+00,6.653403225806451715e+00,8.458035934865536509e-01,4.582305487275101785e-01,1.890982347399582579e+02,0.000000000000000000e+00
1.113699999999999968e-01,1.113700000000000045e+01,9.020226931778663887e-03,9.020226931778664081e+00,6.653999999999999915e+00,8.456518859053706594e-01,4.581860167474336998e-01,1.889791520978295694e+02,0.000000000000000000e+00
1.114624999999999921e-01,1.114624999999999844e+01,9.041567423504048157e-03,9.041567423504048406e+00,6.654596774193548114e+00,8.455002191370781794e-01,4.581414894290386508e-01,1.888600059537172342e+02,0.000000000000000000e+00
1.115550000000000014e-01,1.115549999999999997e+01,9.062919310947527285e-03,9.062919310947528118e+00,6.655193548387097202e+00,8.453485931670379205e-01,4.580969667721302985e-01,1.887407961861473211e+02,0.000000000000000000e+00
1.116474999999999967e-01,1.116474999999999973e+01,9.084282615933003333e-03,9.084282615933004124e+00,6.655790322580645402e+00,8.451970079806186975e-01,4.580524487765137431e-01,1.886215226732747112e+02,0.000000000000000000e+00
1.117399999999999921e-01,1.117399999999999949e+01,9.105657360351199908e-03,9.105657360351200325e+00,6.656387096774194490e+00,8.450454635631946543e-01,4.580079354419934745e-01,1.885021852928813075e+02,0.000000000000000000e+00
1.118325000000000014e-01,1.118325000000000102e+01,9.127043566159905030e-03,9.127043566159905197e+00,6.656983870967742689e+00,8.448939599001479284e-01,4.579634267683745374e-01,1.883827839223745002e+02,0.000000000000000000e+00
1.119249999999999967e-01,1.119249999999999901e+01,9.148441255384286847e-03,9.148441255384286208e+00,6.657580645161290889e+00,8.447424969768663194e-01,4.579189227554611996e-01,1.882633184387855465e+02,0.000000000000000000e+00
1.120174999999999921e-01,1.120174999999999876e+01,9.169850450117162516e-03,9.169850450117163376e+00,6.658177419354838200e+00,8.445910747787446216e-01,4.578744234030579507e-01,1.881437887187680076e+02,0.000000000000000000e+00
1.121100000000000013e-01,1.121100000000000030e+01,9.191271172519294846e-03,9.191271172519295263e+00,6.658774193548386400e+00,8.444396932911836240e-01,4.578299287109687810e-01,1.880241946385960432e+02,0.000000000000000000e+00
1.122024999999999967e-01,1.122025000000000006e+01,9.212703444819690668e-03,9.212703444819689835e+00,6.659370967741935488e+00,8.442883524995913325e-01,4.577854386789976804e-01,1.879045360741628485e+02,0.000000000000000000e+00
1.122949999999999920e-01,1.122949999999999982e+01,9.234147289315885326e-03,9.234147289315885132e+00,6.659967741935483687e+00,8.441370523893816369e-01,4.577409533069485281e-01,1.877848129009790341e+02,0.000000000000000000e+00
1.123875000000000013e-01,1.123874999999999957e+01,9.255602728374256669e-03,9.255602728374256571e+00,6.660564516129032775e+00,8.439857929459756436e-01,4.576964725946250367e-01,1.876650249941708068e+02,0.000000000000000000e+00
1.124799999999999967e-01,1.124799999999999933e+01,9.277069784430274843e-03,9.277069784430274524e+00,6.661161290322580975e+00,8.438345741548003431e-01,4.576519965418305858e-01,1.875451722284786626e+02,0.000000000000000000e+00
1.125724999999999920e-01,1.125724999999999909e+01,9.298548479988863122e-03,9.298548479988863136e+00,6.661758064516129174e+00,8.436833960012898315e-01,4.576075251483685546e-01,1.874252544782553116e+02,0.000000000000000000e+00
1.126650000000000013e-01,1.126650000000000063e+01,9.320038837624659844e-03,9.320038837624659678e+00,6.662354838709676486e+00,8.435322584708841998e-01,4.575630584140421564e-01,1.873052716174642285e+02,0.000000000000000000e+00
1.127574999999999966e-01,1.127575000000000038e+01,9.341540879982302911e-03,9.341540879982302314e+00,6.662951612903225573e+00,8.433811615490300895e-01,4.575185963386541599e-01,1.871852235196780896e+02,0.000000000000000000e+00
1.128499999999999920e-01,1.128499999999999837e+01,9.363054629776794077e-03,9.363054629776794258e+00,6.663548387096773773e+00,8.432301052211815806e-01,4.574741389220076115e-01,1.870651100580767263e+02,0.000000000000000000e+00
1.129425000000000012e-01,1.129424999999999990e+01,9.384580109793764363e-03,9.384580109793764890e+00,6.664145161290322861e+00,8.430790894727977491e-01,4.574296861639050582e-01,1.869449311054456473e+02,0.000000000000000000e+00
1.130349999999999966e-01,1.130349999999999966e+01,9.406117342889756816e-03,9.406117342889757538e+00,6.664741935483871060e+00,8.429281142893455536e-01,4.573852380641489912e-01,1.868246865341744183e+02,0.000000000000000000e+00
1.131274999999999920e-01,1.131274999999999942e+01,9.427666351992583862e-03,9.427666351992584737e+00,6.665338709677419260e+00,8.427771796562976148e-01,4.573407946225417908e-01,1.867043762162547296e+02,0.000000000000000000e+00
1.132200000000000012e-01,1.132200000000000095e+01,9.449227160101627415e-03,9.449227160101626666e+00,6.665935483870968348e+00,8.426262855591334366e-01,4.572963558388855598e-01,1.865840000232786906e+02,0.000000000000000000e+00
1.133124999999999966e-01,1.133124999999999893e+01,9.470799790288112960e-03,9.470799790288113584e+00,6.666532258064516547e+00,8.424754319833386296e-01,4.572519217129821789e-01,1.864635578264373237e+02,0.000000000000000000e+00
1.134049999999999919e-01,1.134049999999999869e+01,9.492384265695466908e-03,9.492384265695466894e+00,6.667129032258064747e+00,8.423246189144059093e-01,4.572074922446336398e-01,1.863430494965184323e+02,0.000000000000000000e+00
1.134975000000000012e-01,1.134975000000000023e+01,9.513980609539620173e-03,9.513980609539620659e+00,6.667725806451612947e+00,8.421738463378343198e-01,4.571630674336416011e-01,1.862224749039051801e+02,0.000000000000000000e+00
1.135899999999999965e-01,1.135899999999999999e+01,9.535588845109304809e-03,9.535588845109304046e+00,6.668322580645161146e+00,8.420231142391291224e-01,4.571186472798075551e-01,1.861018339185741581e+02,0.000000000000000000e+00
1.136824999999999919e-01,1.136824999999999974e+01,9.557208995766406159e-03,9.557208995766405479e+00,6.668919354838709346e+00,8.418724226038016845e-01,4.570742317829326051e-01,1.859811264100935944e+02,0.000000000000000000e+00
1.137750000000000011e-01,1.137749999999999950e+01,9.578841084946254289e-03,9.578841084946255080e+00,6.669516129032258434e+00,8.417217714173708121e-01,4.570298209428181324e-01,1.858603522476216199e+02,0.000000000000000000e+00
1.138674999999999965e-01,1.138674999999999926e+01,9.600485136157974400e-03,9.600485136157974608e+00,6.670112903225806633e+00,8.415711606653610843e-01,4.569854147592650184e-01,1.857395112999044500e+02,0.000000000000000000e+00
1.139599999999999919e-01,1.139599999999999902e+01,9.622141172984778265e-03,9.622141172984777668e+00,6.670709677419355721e+00,8.414205903333039638e-01,4.569410132320741447e-01,1.856186034352745367e+02,0.000000000000000000e+00
1.140525000000000011e-01,1.140525000000000055e+01,9.643809219084335457e-03,9.643809219084335638e+00,6.671306451612903032e+00,8.412700604067373522e-01,4.568966163610461706e-01,1.854976285216487497e+02,0.000000000000000000e+00
1.141449999999999965e-01,1.141450000000000031e+01,9.665489298189035294e-03,9.665489298189035239e+00,6.671903225806451232e+00,8.411195708712051466e-01,4.568522241459815336e-01,1.853765864265266998e+02,0.000000000000000000e+00
1.142374999999999918e-01,1.142374999999999829e+01,9.687181434106389294e-03,9.687181434106388878e+00,6.672499999999999432e+00,8.409691217122583495e-01,4.568078365866806712e-01,1.852554770169886353e+02,0.000000000000000000e+00
1.143300000000000011e-01,1.143299999999999983e+01,9.708885650719331281e-03,9.708885650719331295e+00,6.673096774193547631e+00,8.408187129154537365e-01,4.567634536829435765e-01,1.851343001596937086e+02,0.000000000000000000e+00
1.144224999999999964e-01,1.144224999999999959e+01,9.730601971986515761e-03,9.730601971986516219e+00,6.673693548387096719e+00,8.406683444663551885e-01,4.567190754345704651e-01,1.850130557208782704e+02,0.000000000000000000e+00
1.145149999999999918e-01,1.145149999999999935e+01,9.752330421942722108e-03,9.752330421942721372e+00,6.674290322580645807e+00,8.405180163505326929e-01,4.566747018413609416e-01,1.848917435663537105e+02,0.000000000000000000e+00
1.146075000000000010e-01,1.146075000000000088e+01,9.774071024699154675e-03,9.774071024699154009e+00,6.674887096774194006e+00,8.403677285535628982e-01,4.566303329031149438e-01,1.847703635615047233e+02,0.000000000000000000e+00
1.146999999999999964e-01,1.146999999999999886e+01,9.795823804443772390e-03,9.795823804443772431e+00,6.675483870967742206e+00,8.402174810610285594e-01,4.565859686196317435e-01,1.846489155712874890e+02,0.000000000000000000e+00
1.147924999999999918e-01,1.147924999999999862e+01,9.817588785441653046e-03,9.817588785441653698e+00,6.676080645161290406e+00,8.400672738585190924e-01,4.565416089907107233e-01,1.845273994602275422e+02,0.000000000000000000e+00
1.148850000000000010e-01,1.148850000000000016e+01,9.839365992035314229e-03,9.839365992035313369e+00,6.676677419354838605e+00,8.399171069316305749e-01,4.564972540161512105e-01,1.844058150924181518e+02,0.000000000000000000e+00
1.149774999999999964e-01,1.149774999999999991e+01,9.861155448645094954e-03,9.861155448645094523e+00,6.677274193548387693e+00,8.397669802659650795e-01,4.564529036957520325e-01,1.842841623315180755e+02,0.000000000000000000e+00
1.150699999999999917e-01,1.150699999999999967e+01,9.882957179769457506e-03,9.882957179769457312e+00,6.677870967741935893e+00,8.396168938471314513e-01,4.564085580293121835e-01,1.841624410407498829e+02,0.000000000000000000e+00
1.151625000000000010e-01,1.151624999999999943e+01,9.904771209985382963e-03,9.904771209985382185e+00,6.678467741935484092e+00,8.394668476607448637e-01,4.563642170166302137e-01,1.840406510828977957e+02,0.000000000000000000e+00
1.152549999999999963e-01,1.152549999999999919e+01,9.926597563948674763e-03,9.926597563948675429e+00,6.679064516129032292e+00,8.393168416924267072e-01,4.563198806575047839e-01,1.839187923203059540e+02,0.000000000000000000e+00
1.153474999999999917e-01,1.153474999999999895e+01,9.948436266394350760e-03,9.948436266394351080e+00,6.679661290322580491e+00,8.391668759278051448e-01,4.562755489517341112e-01,1.837968646148761991e+02,0.000000000000000000e+00
1.154400000000000009e-01,1.154400000000000048e+01,9.970287342136981493e-03,9.970287342136980868e+00,6.680258064516128691e+00,8.390169503525142236e-01,4.562312218991164126e-01,1.836748678280662546e+02,0.000000000000000000e+00
1.155324999999999963e-01,1.155325000000000024e+01,9.992150816071054473e-03,9.992150816071054820e+00,6.680854838709677779e+00,8.388670649521950962e-01,4.561868994994496829e-01,1.835528018208876802e+02,0.000000000000000000e+00
1.156249999999999917e-01,1.156250000000000000e+01,1.001402671317131766e-02,1.001402671317131698e+01,6.681451612903225978e+00,8.387172197124950213e-01,4.561425817525319726e-01,1.834306664539038820e+02,0.000000000000000000e+00
1.157175000000000009e-01,1.157174999999999976e+01,1.003591505849316980e-02,1.003591505849317045e+01,6.682048387096774178e+00,8.385674146190680300e-01,4.560982686581609435e-01,1.833084615872280381e+02,0.000000000000000000e+00
1.158099999999999963e-01,1.158099999999999952e+01,1.005781587717299690e-02,1.005781587717299708e+01,6.682645161290322378e+00,8.384176496575733717e-01,4.560539602161339245e-01,1.831861870805211083e+02,0.000000000000000000e+00
1.159024999999999916e-01,1.159024999999999928e+01,1.007972919442854526e-02,1.007972919442854476e+01,6.683241935483870577e+00,8.382679248136778449e-01,4.560096564262484109e-01,1.830638427929898455e+02,0.000000000000000000e+00
1.159950000000000009e-01,1.159950000000000081e+01,1.010165503555930828e-02,1.010165503555930755e+01,6.683838709677419665e+00,8.381182400730542437e-01,4.559653572883015649e-01,1.829414285833846066e+02,0.000000000000000000e+00
1.160874999999999962e-01,1.160874999999999879e+01,1.012359342594687343e-02,1.012359342594687384e+01,6.684435483870968753e+00,8.379685954213820231e-01,4.559210628020905487e-01,1.828189443099974199e+02,0.000000000000000000e+00
1.161799999999999916e-01,1.161799999999999855e+01,1.014554439105528824e-02,1.014554439105528871e+01,6.685032258064516064e+00,8.378189908443468559e-01,4.558767729674121361e-01,1.826963898306598537e+02,0.000000000000000000e+00
1.162725000000000009e-01,1.162725000000000009e+01,1.016750795643149054e-02,1.016750795643149097e+01,6.685629032258064264e+00,8.376694263276405206e-01,4.558324877840631562e-01,1.825737650027407994e+02,0.000000000000000000e+00
1.163649999999999962e-01,1.163649999999999984e+01,1.018948414770558773e-02,1.018948414770558841e+01,6.686225806451612463e+00,8.375199018569614573e-01,4.557882072518399941e-01,1.824510696831447092e+02,0.000000000000000000e+00
1.164574999999999916e-01,1.164574999999999960e+01,1.021147299059132693e-02,1.021147299059132685e+01,6.686822580645160663e+00,8.373704174180147675e-01,4.557439313705392570e-01,1.823283037283091232e+02,0.000000000000000000e+00
1.165500000000000008e-01,1.165499999999999936e+01,1.023347451088645402e-02,1.023347451088645421e+01,6.687419354838709751e+00,8.372209729965113256e-01,4.556996601399570523e-01,1.822054669942025953e+02,0.000000000000000000e+00
1.166424999999999962e-01,1.166424999999999912e+01,1.025548873447303458e-02,1.025548873447303500e+01,6.688016129032257950e+00,8.370715685781686677e-01,4.556553935598893212e-01,1.820825593363229018e+02,0.000000000000000000e+00
1.167349999999999915e-01,1.167349999999999888e+01,1.027751568731793963e-02,1.027751568731794052e+01,6.688612903225807038e+00,8.369222041487107688e-01,4.556111316301321712e-01,1.819595806096943704e+02,0.000000000000000000e+00
1.168275000000000008e-01,1.168275000000000041e+01,1.029955539547315266e-02,1.029955539547315269e+01,6.689209677419354350e+00,8.367728796938682656e-01,4.555668743504813212e-01,1.818365306688661178e+02,0.000000000000000000e+00
1.169199999999999962e-01,1.169200000000000017e+01,1.032160788507619290e-02,1.032160788507619209e+01,6.689806451612902549e+00,8.366235951993773456e-01,4.555226217207323236e-01,1.817134093679096623e+02,0.000000000000000000e+00
1.170124999999999915e-01,1.170124999999999993e+01,1.034367318235051778e-02,1.034367318235051769e+01,6.690403225806451637e+00,8.364743506509810800e-01,4.554783737406805089e-01,1.815902165604168204e+02,0.000000000000000000e+00
1.171050000000000008e-01,1.171049999999999969e+01,1.036575131360588549e-02,1.036575131360588564e+01,6.691000000000000725e+00,8.363251460344289789e-01,4.554341304101212073e-01,1.814669520994974903e+02,0.000000000000000000e+00
1.171974999999999961e-01,1.171974999999999945e+01,1.038784230523878173e-02,1.038784230523878094e+01,6.691596774193548924e+00,8.361759813354767701e-01,4.553898917288495274e-01,1.813436158377774063e+02,0.000000000000000000e+00
1.172899999999999915e-01,1.172899999999999920e+01,1.040994618373281173e-02,1.040994618373281178e+01,6.692193548387097124e+00,8.360268565398868423e-01,4.553456576966604108e-01,1.812202076273958937e+02,0.000000000000000000e+00
1.173825000000000007e-01,1.173825000000000074e+01,1.043206297565909060e-02,1.043206297565909146e+01,6.692790322580645324e+00,8.358777716334270247e-01,4.553014283133486884e-01,1.810967273200037084e+02,0.000000000000000000e+00
1.174749999999999961e-01,1.174749999999999872e+01,1.045419270767665096e-02,1.045419270767665054e+01,6.693387096774193523e+00,8.357287266018724736e-01,4.552572035787087468e-01,1.809731747667607635e+02,0.000000000000000000e+00
1.175674999999999915e-01,1.175674999999999848e+01,1.047633540653286274e-02,1.047633540653286310e+01,6.693983870967741723e+00,8.355797214310040077e-01,4.552129834925352503e-01,1.808495498183337133e+02,0.000000000000000000e+00
1.176600000000000007e-01,1.176600000000000001e+01,1.049849109906384435e-02,1.049849109906384470e+01,6.694580645161289922e+00,8.354307561066092180e-01,4.551687680546223080e-01,1.807258523248938218e+02,0.000000000000000000e+00
1.177524999999999961e-01,1.177524999999999977e+01,1.052065981219482693e-02,1.052065981219482715e+01,6.695177419354839010e+00,8.352818306144820237e-01,4.551245572647641402e-01,1.806020821361147739e+02,0.000000000000000000e+00
1.178449999999999914e-01,1.178449999999999953e+01,1.054284157294063488e-02,1.054284157294063462e+01,6.695774193548387210e+00,8.351329449404225613e-01,4.550803511227548004e-01,1.804782391011700042e+02,0.000000000000000000e+00
1.179375000000000007e-01,1.179374999999999929e+01,1.056503640840606752e-02,1.056503640840606728e+01,6.696370967741935409e+00,8.349840990702370735e-01,4.550361496283879537e-01,1.803543230687306789e+02,0.000000000000000000e+00
1.180299999999999960e-01,1.180299999999999905e+01,1.058724434578630497e-02,1.058724434578630458e+01,6.696967741935483609e+00,8.348352929897383534e-01,4.549919527814573206e-01,1.802303338869633365e+02,0.000000000000000000e+00
1.181224999999999914e-01,1.181224999999999881e+01,1.060946541236735922e-02,1.060946541236735996e+01,6.697564516129031809e+00,8.346865266847455223e-01,4.549477605817561776e-01,1.801062714035273586e+02,0.000000000000000000e+00
1.182150000000000006e-01,1.182150000000000034e+01,1.063169963552649741e-02,1.063169963552649655e+01,6.698161290322580896e+00,8.345378001410834745e-01,4.549035730290780233e-01,1.799821354655726964e+02,0.000000000000000000e+00
1.183074999999999960e-01,1.183075000000000010e+01,1.065394704273262688e-02,1.065394704273262683e+01,6.698758064516129096e+00,8.343891133445852093e-01,4.548593901232161341e-01,1.798579259197376246e+02,0.000000000000000000e+00
1.184000000000000052e-01,1.183999999999999986e+01,1.067620766154677055e-02,1.067620766154677092e+01,6.699354838709677296e+00,8.342404662810877225e-01,4.548152118639632868e-01,1.797336426121461272e+02,0.000000000000000000e+00
1.184925000000000006e-01,1.184924999999999962e+01,1.069848151962248146e-02,1.069848151962248117e+01,6.699951612903225495e+00,8.340918589364355595e-01,4.547710382511123695e-01,1.796092853884056240e+02,0.000000000000000000e+00
1.185849999999999960e-01,1.185849999999999937e+01,1.072076864470625571e-02,1.072076864470625601e+01,6.700548387096774583e+00,8.339432912964791500e-01,4.547268692844560478e-01,1.794848540936045538e+02,0.000000000000000000e+00
1.186775000000000052e-01,1.186775000000000091e+01,1.074306906463803370e-02,1.074306906463803379e+01,6.701145161290322783e+00,8.337947633470760289e-01,4.546827049637869322e-01,1.793603485723097322e+02,0.000000000000000000e+00
1.187700000000000006e-01,1.187700000000000067e+01,1.076538280735154889e-02,1.076538280735154807e+01,6.701741935483871870e+00,8.336462750740887273e-01,4.546385452888971890e-01,1.792357686685642193e+02,0.000000000000000000e+00
1.188624999999999959e-01,1.188625000000000043e+01,1.078770990087484123e-02,1.078770990087484094e+01,6.702338709677420070e+00,8.334978264633874367e-01,4.545943902595792618e-01,1.791111142258846485e+02,0.000000000000000000e+00
1.189550000000000052e-01,1.189550000000000018e+01,1.081005037333067700e-02,1.081005037333067698e+01,6.702935483870967381e+00,8.333494175008476779e-01,4.545502398756249840e-01,1.789863850872587534e+02,0.000000000000000000e+00
1.190475000000000005e-01,1.190474999999999994e+01,1.083240425293697552e-02,1.083240425293697484e+01,6.703532258064515581e+00,8.332010481723512996e-01,4.545060941368262997e-01,1.788615810951429808e+02,0.000000000000000000e+00
1.191399999999999959e-01,1.191399999999999970e+01,1.085477156800731049e-02,1.085477156800731002e+01,6.704129032258063781e+00,8.330527184637872562e-01,4.544619530429749310e-01,1.787367020914597617e+02,0.000000000000000000e+00
1.192325000000000051e-01,1.192325000000000124e+01,1.087715234695130900e-02,1.087715234695130917e+01,6.704725806451613757e+00,8.329044283610491650e-01,4.544178165938622671e-01,1.786117479175952383e+02,0.000000000000000000e+00
1.193250000000000005e-01,1.193249999999999922e+01,1.089954661827514416e-02,1.089954661827514393e+01,6.705322580645161956e+00,8.327561778500393030e-01,4.543736847892799191e-01,1.784867184143965630e+02,0.000000000000000000e+00
1.194174999999999959e-01,1.194174999999999898e+01,1.092195441058197575e-02,1.092195441058197503e+01,6.705919354838710156e+00,8.326079669166640551e-01,4.543295576290191096e-01,1.783616134221693699e+02,0.000000000000000000e+00
1.195100000000000051e-01,1.195100000000000051e+01,1.094437575257240641e-02,1.094437575257240702e+01,6.706516129032258355e+00,8.324597955468371335e-01,4.542854351128707835e-01,1.782364327806752442e+02,0.000000000000000000e+00
1.196025000000000005e-01,1.196025000000000027e+01,1.096681067304496916e-02,1.096681067304496970e+01,6.707112903225805667e+00,8.323116637264782458e-01,4.542413172406258859e-01,1.781111763291290515e+02,0.000000000000000000e+00
1.196949999999999958e-01,1.196950000000000003e+01,1.098925920089656623e-02,1.098925920089656572e+01,6.707709677419354755e+00,8.321635714415134277e-01,4.541972040120751952e-01,1.779858439061964361e+02,0.000000000000000000e+00
1.197875000000000051e-01,1.197874999999999979e+01,1.101172136512297041e-02,1.101172136512296973e+01,6.708306451612902954e+00,8.320155186778750434e-01,4.541530954270093789e-01,1.778604353499910076e+02,0.000000000000000000e+00
1.198800000000000004e-01,1.198799999999999955e+01,1.103419719481925527e-02,1.103419719481925476e+01,6.708903225806452042e+00,8.318675054215012299e-01,4.541089914852186604e-01,1.777349504980720383e+02,0.000000000000000000e+00
1.199724999999999958e-01,1.199724999999999930e+01,1.105668671918032253e-02,1.105668671918032331e+01,6.709500000000000242e+00,8.317195316583372300e-01,4.540648921864934850e-01,1.776093891874414226e+02,0.000000000000000000e+00
1.200650000000000051e-01,1.200650000000000084e+01,1.107918996750133570e-02,1.107918996750133545e+01,6.710096774193548441e+00,8.315715973743340594e-01,4.540207975306239652e-01,1.774837512545412324e+02,0.000000000000000000e+00
1.201575000000000004e-01,1.201575000000000060e+01,1.110170696917821449e-02,1.110170696917821509e+01,6.710693548387096641e+00,8.314237025554488403e-01,4.539767075173999911e-01,1.773580365352510455e+02,0.000000000000000000e+00
1.202499999999999958e-01,1.202500000000000036e+01,1.112423775370814487e-02,1.112423775370814560e+01,6.711290322580645729e+00,8.312758471876448008e-01,4.539326221466113975e-01,1.772322448648851037e+02,0.000000000000000000e+00
1.203425000000000050e-01,1.203425000000000011e+01,1.114678235069001787e-02,1.114678235069001744e+01,6.711887096774193928e+00,8.311280312568920525e-01,4.538885414180477418e-01,1.771063760781897258e+02,0.000000000000000000e+00
1.204350000000000004e-01,1.204349999999999987e+01,1.116934078982496567e-02,1.116934078982496636e+01,6.712483870967742128e+00,8.309802547491667024e-01,4.538444653314986366e-01,1.769804300093404947e+02,0.000000000000000000e+00
1.205274999999999958e-01,1.205274999999999963e+01,1.119191310091683343e-02,1.119191310091683356e+01,6.713080645161290327e+00,8.308325176504509635e-01,4.538003938867533615e-01,1.768544064919394998e+02,0.000000000000000000e+00
1.206200000000000050e-01,1.206200000000000117e+01,1.121449931387268582e-02,1.121449931387268606e+01,6.713677419354838527e+00,8.306848199467331550e-01,4.537563270836010298e-01,1.767283053590125235e+02,0.000000000000000000e+00
1.207125000000000004e-01,1.207124999999999915e+01,1.123709945870327541e-02,1.123709945870327509e+01,6.714274193548387615e+00,8.305371616240078136e-01,4.537122649218306991e-01,1.766021264430064832e+02,0.000000000000000000e+00
1.208049999999999957e-01,1.208049999999999891e+01,1.125971356552358735e-02,1.125971356552358671e+01,6.714870967741935814e+00,8.303895426682761371e-01,4.536682074012311494e-01,1.764758695757863336e+02,0.000000000000000000e+00
1.208975000000000050e-01,1.208975000000000044e+01,1.128234166455333552e-02,1.128234166455333565e+01,6.715467741935484902e+00,8.302419630655449856e-01,4.536241545215910498e-01,1.763495345886323378e+02,0.000000000000000000e+00
1.209900000000000003e-01,1.209900000000000020e+01,1.130498378611743612e-02,1.130498378611743604e+01,6.716064516129032214e+00,8.300944228018281024e-01,4.535801062826991248e-01,1.762231213122373958e+02,0.000000000000000000e+00
1.210824999999999957e-01,1.210824999999999996e+01,1.132763996064656796e-02,1.132763996064656808e+01,6.716661290322580413e+00,8.299469218631446710e-01,4.535360626843435439e-01,1.760966295767038901e+02,0.000000000000000000e+00
1.211750000000000049e-01,1.211749999999999972e+01,1.135031021867767900e-02,1.135031021867767898e+01,6.717258064516128613e+00,8.297994602355208693e-01,4.534920237263126430e-01,1.759700592115409563e+02,0.000000000000000000e+00
1.212675000000000003e-01,1.212674999999999947e+01,1.137299459085445129e-02,1.137299459085445186e+01,6.717854838709677701e+00,8.296520379049879823e-01,4.534479894083943141e-01,1.758434100456617841e+02,0.000000000000000000e+00
1.213599999999999957e-01,1.213599999999999923e+01,1.139569310792790287e-02,1.139569310792790269e+01,6.718451612903225900e+00,8.295046548575849554e-01,4.534039597303765601e-01,1.757166819073802912e+02,0.000000000000000000e+00
1.214525000000000049e-01,1.214525000000000077e+01,1.141840580075685618e-02,1.141840580075685629e+01,6.719048387096774988e+00,8.293573110793556191e-01,4.533599346920471618e-01,1.755898746244085089e+02,0.000000000000000000e+00
1.215450000000000003e-01,1.215450000000000053e+01,1.144113270030848450e-02,1.144113270030848462e+01,6.719645161290323188e+00,8.292100065563510203e-01,4.533159142931936780e-01,1.754629880238535691e+02,0.000000000000000000e+00
1.216374999999999956e-01,1.216375000000000028e+01,1.146387383765885316e-02,1.146387383765885382e+01,6.720241935483871387e+00,8.290627412746276459e-01,4.532718985336035011e-01,1.753360219322146349e+02,0.000000000000000000e+00
1.217300000000000049e-01,1.217300000000000004e+01,1.148662924399344344e-02,1.148662924399344298e+01,6.720838709677418699e+00,8.289155152202484222e-01,4.532278874130638013e-01,1.752089761753799735e+02,0.000000000000000000e+00
1.218225000000000002e-01,1.218224999999999980e+01,1.150939895060766605e-02,1.150939895060766638e+01,6.721435483870966898e+00,8.287683283792826039e-01,4.531838809313619154e-01,1.750818505786240564e+02,0.000000000000000000e+00
1.219149999999999956e-01,1.219149999999999956e+01,1.153218298890747694e-02,1.153218298890747739e+01,6.722032258064515986e+00,8.286211807378054406e-01,4.531398790882846250e-01,1.749546449666043202e+02,0.000000000000000000e+00
1.220075000000000048e-01,1.220075000000000109e+01,1.155498139040984050e-02,1.155498139040984107e+01,6.722629032258064186e+00,8.284740722818983993e-01,4.530958818836187674e-01,1.748273591633582669e+02,0.000000000000000000e+00
1.221000000000000002e-01,1.221000000000000085e+01,1.157779418674331588e-02,1.157779418674331673e+01,6.723225806451613273e+00,8.283270029976494975e-01,4.530518893171510131e-01,1.746999929923004231e+02,0.000000000000000000e+00
1.221924999999999956e-01,1.221924999999999883e+01,1.160062140964862945e-02,1.160062140964862998e+01,6.723822580645161473e+00,8.281799728711521924e-01,4.530079013886677552e-01,1.745725462762191000e+02,0.000000000000000000e+00
1.222850000000000048e-01,1.222850000000000037e+01,1.162346309097918133e-02,1.162346309097918073e+01,6.724419354838710561e+00,8.280329818885069360e-01,4.529639180979554980e-01,1.744450188372735226e+02,0.000000000000000000e+00
1.223775000000000002e-01,1.223775000000000013e+01,1.164631926270164736e-02,1.164631926270164719e+01,6.725016129032257872e+00,8.278860300358195090e-01,4.529199394448001348e-01,1.743174104969904477e+02,0.000000000000000000e+00
1.224699999999999955e-01,1.224699999999999989e+01,1.166918995689650816e-02,1.166918995689650806e+01,6.725612903225806960e+00,8.277391172992024648e-01,4.528759654289878922e-01,1.741897210762612644e+02,0.000000000000000000e+00
1.225625000000000048e-01,1.225624999999999964e+01,1.169207520575866327e-02,1.169207520575866255e+01,6.726209677419355160e+00,8.275922436647744629e-01,4.528319960503046082e-01,1.740619503953386129e+02,0.000000000000000000e+00
1.226550000000000001e-01,1.226549999999999940e+01,1.171497504159793937e-02,1.171497504159794012e+01,6.726806451612903359e+00,8.274454091186600468e-01,4.527880313085358988e-01,1.739340982738333992e+02,0.000000000000000000e+00
1.227474999999999955e-01,1.227474999999999916e+01,1.173788949683971308e-02,1.173788949683971339e+01,6.727403225806451559e+00,8.272986136469900886e-01,4.527440712034673798e-01,1.738061645307114134e+02,0.000000000000000000e+00
1.228400000000000047e-01,1.228400000000000070e+01,1.176081860402547474e-02,1.176081860402547541e+01,6.727999999999999758e+00,8.271518572359016774e-01,4.527001157348844451e-01,1.736781489842902317e+02,0.000000000000000000e+00
1.229325000000000001e-01,1.229325000000000045e+01,1.178376239581339392e-02,1.178376239581339391e+01,6.728596774193548846e+00,8.270051398715373425e-01,4.526561649025721001e-01,1.735500514522359481e+02,0.000000000000000000e+00
1.230249999999999955e-01,1.230250000000000021e+01,1.180672090497892138e-02,1.180672090497892057e+01,6.729193548387097046e+00,8.268584615400471627e-01,4.526122187063156277e-01,1.734218717515598769e+02,0.000000000000000000e+00
1.231175000000000047e-01,1.231174999999999997e+01,1.182969416441537365e-02,1.182969416441537369e+01,6.729790322580645245e+00,8.267118222275861017e-01,4.525682771458999776e-01,1.732936096986152563e+02,0.000000000000000000e+00
1.232100000000000001e-01,1.232099999999999973e+01,1.185268220713452288e-02,1.185268220713452259e+01,6.730387096774193445e+00,8.265652219203158957e-01,4.525243402211097665e-01,1.731652651090940083e+02,0.000000000000000000e+00
1.233024999999999954e-01,1.233024999999999949e+01,1.187568506626719353e-02,1.187568506626719333e+01,6.730983870967741645e+00,8.264186606044044980e-01,4.524804079317298333e-01,1.730368377980233561e+02,0.000000000000000000e+00
1.233950000000000047e-01,1.233950000000000102e+01,1.189870277506386957e-02,1.189870277506386920e+01,6.731580645161289844e+00,8.262721382660253022e-01,4.524364802775443506e-01,1.729083275797624140e+02,0.000000000000000000e+00
1.234875000000000000e-01,1.234875000000000078e+01,1.192173536689528947e-02,1.192173536689528923e+01,6.732177419354838932e+00,8.261256548913580300e-01,4.523925572583376575e-01,1.727797342679990038e+02,0.000000000000000000e+00
1.235799999999999954e-01,1.235799999999999876e+01,1.194478287525306028e-02,1.194478287525306115e+01,6.732774193548387132e+00,8.259792104665895085e-01,4.523486388738940933e-01,1.726510576757460456e+02,0.000000000000000000e+00
1.236725000000000046e-01,1.236725000000000030e+01,1.196784533375026306e-02,1.196784533375026349e+01,6.733370967741936219e+00,8.258328049779113389e-01,4.523047251239973865e-01,1.725222976153382604e+02,0.000000000000000000e+00
1.237650000000000000e-01,1.237650000000000006e+01,1.199092277612206700e-02,1.199092277612206736e+01,6.733967741935483531e+00,8.256864384115221167e-01,4.522608160084315432e-01,1.723934538984287599e+02,0.000000000000000000e+00
1.238574999999999954e-01,1.238574999999999982e+01,1.201401523622637642e-02,1.201401523622637590e+01,6.734564516129031730e+00,8.255401107536263217e-01,4.522169115269801809e-01,1.722645263359854084e+02,0.000000000000000000e+00
1.239500000000000046e-01,1.239499999999999957e+01,1.203712274804441540e-02,1.203712274804441584e+01,6.735161290322579930e+00,8.253938219904344287e-01,4.521730116794269172e-01,1.721355147382875828e+02,0.000000000000000000e+00
1.240425000000000000e-01,1.240424999999999933e+01,1.206024534568136443e-02,1.206024534568136453e+01,6.735758064516129018e+00,8.252475721081625748e-01,4.521291164655547590e-01,1.720064189149225342e+02,0.000000000000000000e+00
1.241349999999999953e-01,1.241349999999999909e+01,1.208338306336703000e-02,1.208338306336703027e+01,6.736354838709678106e+00,8.251013610930341136e-01,4.520852258851472683e-01,1.718772386747818075e+02,0.000000000000000000e+00
1.242275000000000046e-01,1.242275000000000063e+01,1.210653593545642573e-02,1.210653593545642615e+01,6.736951612903226305e+00,8.249551889312780606e-01,4.520413399379875075e-01,1.717479738260578017e+02,0.000000000000000000e+00
1.243200000000000000e-01,1.243200000000000038e+01,1.212970399643045413e-02,1.212970399643045383e+01,6.737548387096774505e+00,8.248090556091288716e-01,4.519974586238580949e-01,1.716186241762401608e+02,0.000000000000000000e+00
1.244124999999999953e-01,1.244125000000000014e+01,1.215288728089654324e-02,1.215288728089654313e+01,6.738145161290322704e+00,8.246629611128281079e-01,4.519535819425421486e-01,1.714891895321120501e+02,0.000000000000000000e+00
1.245050000000000046e-01,1.245049999999999990e+01,1.217608582358927632e-02,1.217608582358927549e+01,6.738741935483870904e+00,8.245169054286221044e-01,4.519097098938217871e-01,1.713596696997467745e+02,0.000000000000000000e+00
1.245974999999999999e-01,1.245974999999999966e+01,1.219929965937106668e-02,1.219929965937106608e+01,6.739338709677419104e+00,8.243708885427647459e-01,4.518658424774797955e-01,1.712300644845039130e+02,0.000000000000000000e+00
1.246899999999999953e-01,1.246899999999999942e+01,1.222252882323279603e-02,1.222252882323279621e+01,6.739935483870968191e+00,8.242249104415151351e-01,4.518219796932982923e-01,1.711003736910257942e+02,0.000000000000000000e+00
1.247825000000000045e-01,1.247825000000000095e+01,1.224577335029449800e-02,1.224577335029449721e+01,6.740532258064516391e+00,8.240789711111390359e-01,4.517781215410595075e-01,1.709705971232336594e+02,0.000000000000000000e+00
1.248749999999999999e-01,1.248750000000000071e+01,1.226903327580601208e-02,1.226903327580601122e+01,6.741129032258064591e+00,8.239330705379076525e-01,4.517342680205454486e-01,1.708407345843241103e+02,0.000000000000000000e+00
1.249674999999999953e-01,1.249674999999999869e+01,1.229230863514765501e-02,1.229230863514765559e+01,6.741725806451612790e+00,8.237872087080981842e-01,4.516904191315377348e-01,1.707107858767651862e+02,0.000000000000000000e+00
1.250600000000000045e-01,1.250600000000000023e+01,1.231559946383089209e-02,1.231559946383089255e+01,6.742322580645161878e+00,8.236413856079946028e-01,4.516465748738180963e-01,1.705807508022927550e+02,0.000000000000000000e+00
1.251524999999999999e-01,1.251524999999999999e+01,1.233890579749902239e-02,1.233890579749902194e+01,6.742919354838709189e+00,8.234956012238867640e-01,4.516027352471682077e-01,1.704506291619066474e+02,0.000000000000000000e+00
1.252449999999999952e-01,1.252449999999999974e+01,1.236222767192787612e-02,1.236222767192787586e+01,6.743516129032258277e+00,8.233498555420701859e-01,4.515589002513692440e-01,1.703204207558667633e+02,0.000000000000000000e+00
1.253374999999999906e-01,1.253374999999999950e+01,1.238556512302646691e-02,1.238556512302646695e+01,6.744112903225806477e+00,8.232041485488467147e-01,4.515150698862024359e-01,1.701901253836893773e+02,0.000000000000000000e+00
1.254299999999999859e-01,1.254299999999999926e+01,1.240891818683772380e-02,1.240891818683772385e+01,6.744709677419354676e+00,8.230584802305245251e-01,4.514712441514489027e-01,1.700597428441431873e+02,0.000000000000000000e+00
1.255225000000000091e-01,1.255225000000000080e+01,1.243228689953917478e-02,1.243228689953917510e+01,6.745306451612902876e+00,8.229128505734173427e-01,4.514274230468894866e-01,1.699292729352453080e+02,0.000000000000000000e+00
1.256150000000000044e-01,1.256150000000000055e+01,1.245567129744363545e-02,1.245567129744363477e+01,6.745903225806451076e+00,8.227672595638448882e-01,4.513836065723048629e-01,1.697987154542576036e+02,0.000000000000000000e+00
1.257074999999999998e-01,1.257075000000000031e+01,1.247907141699992895e-02,1.247907141699992906e+01,6.746500000000001052e+00,8.226217071881331000e-01,4.513397947274755406e-01,1.696680701976825958e+02,0.000000000000000000e+00
1.257999999999999952e-01,1.258000000000000007e+01,1.250248729479361449e-02,1.250248729479361387e+01,6.747096774193548363e+00,8.224761934326151325e-01,4.512959875121823616e-01,1.695373369612593422e+02,0.000000000000000000e+00
1.258924999999999905e-01,1.258924999999999983e+01,1.252591896754767439e-02,1.252591896754767475e+01,6.747693548387096563e+00,8.223307182836281370e-01,4.512521849262052243e-01,1.694065155399597131e+02,0.000000000000000000e+00
1.259849999999999859e-01,1.259849999999999781e+01,1.254936647212325299e-02,1.254936647212325340e+01,6.748290322580644762e+00,8.221852817275165926e-01,4.512083869693243598e-01,1.692756057279841286e+02,0.000000000000000000e+00
1.260775000000000090e-01,1.260775000000000112e+01,1.257282984552038005e-02,1.257282984552037952e+01,6.748887096774193850e+00,8.220398837506306400e-01,4.511645936413196667e-01,1.691446073187576644e+02,0.000000000000000000e+00
1.261700000000000044e-01,1.261700000000000088e+01,1.259630912487869590e-02,1.259630912487869558e+01,6.749483870967742050e+00,8.218945243393266376e-01,4.511208049419711541e-01,1.690135201049259592e+02,0.000000000000000000e+00
1.262624999999999997e-01,1.262625000000000064e+01,1.261980434747820429e-02,1.261980434747820468e+01,6.750080645161291137e+00,8.217492034799667167e-01,4.510770208710582763e-01,1.688823438783508948e+02,0.000000000000000000e+00
1.263549999999999951e-01,1.263550000000000040e+01,1.264331555073999747e-02,1.264331555073999702e+01,6.750677419354839337e+00,8.216039211589196700e-01,4.510332414283607649e-01,1.687510784301067019e+02,0.000000000000000000e+00
1.264474999999999905e-01,1.264474999999999838e+01,1.266684277222700737e-02,1.266684277222700672e+01,6.751274193548387537e+00,8.214586773625591754e-01,4.509894666136577968e-01,1.686197235504757259e+02,0.000000000000000000e+00
1.265399999999999858e-01,1.265399999999999814e+01,1.269038604964476194e-02,1.269038604964476136e+01,6.751870967741934848e+00,8.213134720772660158e-01,4.509456964267286594e-01,1.684882790289441061e+02,0.000000000000000000e+00
1.266325000000000089e-01,1.266325000000000145e+01,1.271394542084214839e-02,1.271394542084214763e+01,6.752467741935483048e+00,8.211683052894263035e-01,4.509019308673524185e-01,1.683567446541976835e+02,0.000000000000000000e+00
1.267250000000000043e-01,1.267250000000000121e+01,1.273752092381213487e-02,1.273752092381213430e+01,6.753064516129033024e+00,8.210231769854322570e-01,4.508581699353078620e-01,1.682251202141178226e+02,0.000000000000000000e+00
1.268174999999999997e-01,1.268174999999999919e+01,1.276111259669260312e-02,1.276111259669260356e+01,6.753661290322580335e+00,8.208780871516830890e-01,4.508144136303740002e-01,1.680934054957768353e+02,0.000000000000000000e+00
1.269099999999999950e-01,1.269099999999999895e+01,1.278472047776708226e-02,1.278472047776708287e+01,6.754258064516129423e+00,8.207330357745822313e-01,4.507706619523291769e-01,1.679616002854338888e+02,0.000000000000000000e+00
1.270024999999999904e-01,1.270024999999999871e+01,1.280834460546550167e-02,1.280834460546550169e+01,6.754854838709677622e+00,8.205880228405407761e-01,4.507269149009519027e-01,1.678297043685307131e+02,0.000000000000000000e+00
1.270949999999999858e-01,1.270949999999999847e+01,1.283198501836503060e-02,1.283198501836502992e+01,6.755451612903225822e+00,8.204430483359748116e-01,4.506831724760205771e-01,1.676977175296870826e+02,0.000000000000000000e+00
1.271875000000000089e-01,1.271875000000000000e+01,1.285564175519083099e-02,1.285564175519083108e+01,6.756048387096774022e+00,8.202981122473070874e-01,4.506394346773132664e-01,1.675656395526964388e+02,0.000000000000000000e+00
1.272800000000000042e-01,1.272799999999999976e+01,1.287931485481685033e-02,1.287931485481685101e+01,6.756645161290322221e+00,8.201532145609654600e-01,4.505957015046079817e-01,1.674334702205215706e+02,0.000000000000000000e+00
1.273724999999999996e-01,1.273724999999999952e+01,1.290300435626664209e-02,1.290300435626664211e+01,6.757241935483871309e+00,8.200083552633844475e-01,4.505519729576824006e-01,1.673012093152900093e+02,0.000000000000000000e+00
1.274649999999999950e-01,1.274649999999999928e+01,1.292671029871414988e-02,1.292671029871415023e+01,6.757838709677419509e+00,8.198635343410048959e-01,4.505082490363144787e-01,1.671688566182895954e+02,0.000000000000000000e+00
1.275574999999999903e-01,1.275574999999999903e+01,1.295043272148454182e-02,1.295043272148454250e+01,6.758435483870967708e+00,8.197187517802730916e-01,4.504645297402816717e-01,1.670364119099639595e+02,0.000000000000000000e+00
1.276499999999999857e-01,1.276499999999999879e+01,1.297417166405498423e-02,1.297417166405498357e+01,6.759032258064515908e+00,8.195740075676409830e-01,4.504208150693612689e-01,1.669038749699079744e+02,0.000000000000000000e+00
1.277425000000000088e-01,1.277425000000000033e+01,1.299792716605552810e-02,1.299792716605552734e+01,6.759629032258065884e+00,8.194293016895669579e-01,4.503771050233304485e-01,1.667712455768630662e+02,0.000000000000000000e+00
1.278350000000000042e-01,1.278350000000000009e+01,1.302169926726984631e-02,1.302169926726984706e+01,6.760225806451613195e+00,8.192846341325160653e-01,4.503333996019666663e-01,1.666385235087129502e+02,0.000000000000000000e+00
1.279274999999999995e-01,1.279274999999999984e+01,1.304548800763617213e-02,1.304548800763617145e+01,6.760822580645161395e+00,8.191400048829575731e-01,4.502896988050463789e-01,1.665057085424783168e+02,0.000000000000000000e+00
1.280199999999999949e-01,1.280199999999999960e+01,1.306929342724804689e-02,1.306929342724804677e+01,6.761419354838709594e+00,8.189954139273685207e-01,4.502460026323467090e-01,1.663728004543129089e+02,0.000000000000000000e+00
1.281124999999999903e-01,1.281124999999999936e+01,1.309311556635522553e-02,1.309311556635522500e+01,6.762016129032257794e+00,8.188508612522308328e-01,4.502023110836441133e-01,1.662397990194981787e+02,0.000000000000000000e+00
1.282049999999999856e-01,1.282049999999999912e+01,1.311695446536449532e-02,1.311695446536449516e+01,6.762612903225805994e+00,8.187063468440326508e-01,4.501586241587151038e-01,1.661067040124389109e+02,0.000000000000000000e+00
1.282975000000000088e-01,1.282975000000000065e+01,1.314081016484055370e-02,1.314081016484055375e+01,6.763209677419355081e+00,8.185618706892682228e-01,4.501149418573360816e-01,1.659735152066583055e+02,0.000000000000000000e+00
1.283900000000000041e-01,1.283900000000000041e+01,1.316468270550684612e-02,1.316468270550684672e+01,6.763806451612904169e+00,8.184174327744374589e-01,4.500712641792830593e-01,1.658402323747932030e+02,0.000000000000000000e+00
1.284824999999999995e-01,1.284825000000000017e+01,1.318857212824645596e-02,1.318857212824645586e+01,6.764403225806452369e+00,8.182730330860468193e-01,4.500275911243322158e-01,1.657068552885891108e+02,0.000000000000000000e+00
1.285749999999999948e-01,1.285749999999999993e+01,1.321247847410295974e-02,1.321247847410296039e+01,6.765000000000000568e+00,8.181286716106082046e-01,4.499839226922593971e-01,1.655733837188956272e+02,0.000000000000000000e+00
1.286674999999999902e-01,1.286674999999999969e+01,1.323640178428133612e-02,1.323640178428133574e+01,6.765596774193547880e+00,8.179843483346393995e-01,4.499402588828403382e-01,1.654398174356610980e+02,0.000000000000000000e+00
1.287599999999999856e-01,1.287599999999999767e+01,1.326034210014883849e-02,1.326034210014883818e+01,6.766193548387096079e+00,8.178400632446644059e-01,4.498965996958504965e-01,1.653061562079279554e+02,0.000000000000000000e+00
1.288525000000000087e-01,1.288525000000000098e+01,1.328429946323587615e-02,1.328429946323587529e+01,6.766790322580644279e+00,8.176958163272133318e-01,4.498529451310655514e-01,1.651723998038276591e+02,0.000000000000000000e+00
1.289450000000000041e-01,1.289450000000000074e+01,1.330827391523693032e-02,1.330827391523692960e+01,6.767387096774194255e+00,8.175516075688209483e-01,4.498092951882603496e-01,1.650385479905756654e+02,0.000000000000000000e+00
1.290374999999999994e-01,1.290375000000000050e+01,1.333226549801144745e-02,1.333226549801144678e+01,6.767983870967742455e+00,8.174074369560304643e-01,4.497656498672105152e-01,1.649046005344664252e+02,0.000000000000000000e+00
1.291299999999999948e-01,1.291300000000000026e+01,1.335627425358477775e-02,1.335627425358477716e+01,6.768580645161290654e+00,8.172633044753886411e-01,4.497220091676907283e-01,1.647705572008680974e+02,0.000000000000000000e+00
1.292224999999999902e-01,1.292224999999999824e+01,1.338030022414906858e-02,1.338030022414906917e+01,6.769177419354838854e+00,8.171192101134492347e-01,4.496783730894758357e-01,1.646364177542176606e+02,0.000000000000000000e+00
1.293149999999999855e-01,1.293149999999999800e+01,1.340434345206420984e-02,1.340434345206420907e+01,6.769774193548387053e+00,8.169751538567719962e-01,4.496347416323406287e-01,1.645021819580154840e+02,0.000000000000000000e+00
1.294075000000000086e-01,1.294075000000000131e+01,1.342840397985873430e-02,1.342840397985873402e+01,6.770370967741935253e+00,8.168311356919220056e-01,4.495911147960594545e-01,1.643678495748204398e+02,0.000000000000000000e+00
1.295000000000000040e-01,1.295000000000000107e+01,1.345248185023078039e-02,1.345248185023078058e+01,6.770967741935483453e+00,8.166871556054707826e-01,4.495474925804068822e-01,1.642334203662444452e+02,0.000000000000000000e+00
1.295924999999999994e-01,1.295925000000000082e+01,1.347657710604904628e-02,1.347657710604904580e+01,6.771564516129032540e+00,8.165432135839955086e-01,4.495038749851568705e-01,1.640988940929472051e+02,0.000000000000000000e+00
1.296849999999999947e-01,1.296849999999999881e+01,1.350068979035372665e-02,1.350068979035372685e+01,6.772161290322580740e+00,8.163993096140796935e-01,4.494602620100838219e-01,1.639642705146308970e+02,0.000000000000000000e+00
1.297774999999999901e-01,1.297774999999999856e+01,1.352481994635749106e-02,1.352481994635749096e+01,6.772758064516128940e+00,8.162554436823121762e-01,4.494166536549615287e-01,1.638295493900348276e+02,0.000000000000000000e+00
1.298699999999999855e-01,1.298699999999999832e+01,1.354896761744641201e-02,1.354896761744641154e+01,6.773354838709677139e+00,8.161116157752881239e-01,4.493730499195637274e-01,1.636947304769300331e+02,0.000000000000000000e+00
1.299625000000000086e-01,1.299625000000000163e+01,1.357313284718100234e-02,1.357313284718100199e+01,6.773951612903227115e+00,8.159678258796078110e-01,4.493294508036639323e-01,1.635598135321138216e+02,0.000000000000000000e+00
1.300550000000000039e-01,1.300549999999999962e+01,1.359731567929707563e-02,1.359731567929707552e+01,6.774548387096774427e+00,8.158240739818790610e-01,4.492858563070359357e-01,1.634247983114046008e+02,0.000000000000000000e+00
1.301474999999999993e-01,1.301474999999999937e+01,1.362151615770689633e-02,1.362151615770689617e+01,6.775145161290322626e+00,8.156803600687142497e-01,4.492422664294528634e-01,1.632896845696357389e+02,0.000000000000000000e+00
1.302399999999999947e-01,1.302399999999999913e+01,1.364573432650005753e-02,1.364573432650005813e+01,6.775741935483870826e+00,8.155366841267317479e-01,4.491986811706879523e-01,1.631544720606505621e+02,0.000000000000000000e+00
1.303324999999999900e-01,1.303324999999999889e+01,1.366997022994451833e-02,1.366997022994451783e+01,6.776338709677419025e+00,8.153930461425561438e-01,4.491551005305141619e-01,1.630191605372965284e+02,0.000000000000000000e+00
1.304249999999999854e-01,1.304249999999999865e+01,1.369422391248762555e-02,1.369422391248762594e+01,6.776935483870967225e+00,8.152494461028180206e-01,4.491115245087045071e-01,1.628837497514195434e+02,0.000000000000000000e+00
1.305175000000000085e-01,1.305175000000000018e+01,1.371849541875708872e-02,1.371849541875708844e+01,6.777532258064516313e+00,8.151058839941531797e-01,4.490679531050315032e-01,1.627482394538585311e+02,0.000000000000000000e+00
1.306100000000000039e-01,1.306099999999999994e+01,1.374278479356206249e-02,1.374278479356206262e+01,6.778129032258065401e+00,8.149623598032040839e-01,4.490243863192679430e-01,1.626126293944394661e+02,0.000000000000000000e+00
1.307024999999999992e-01,1.307024999999999970e+01,1.376709208189411289e-02,1.376709208189411271e+01,6.778725806451612712e+00,8.148188735166189689e-01,4.489808241511862308e-01,1.624769193219697740e+02,0.000000000000000000e+00
1.307949999999999946e-01,1.307949999999999946e+01,1.379141732892832234e-02,1.379141732892832195e+01,6.779322580645160912e+00,8.146754251210517328e-01,4.489372666005586598e-01,1.623411089842324202e+02,0.000000000000000000e+00
1.308874999999999900e-01,1.308874999999999922e+01,1.381576058002427845e-02,1.381576058002427843e+01,6.779919354838709111e+00,8.145320146031617137e-01,4.488937136671573014e-01,1.622051981279801396e+02,0.000000000000000000e+00
1.309799999999999853e-01,1.309799999999999898e+01,1.384012188072717385e-02,1.384012188072717464e+01,6.780516129032257311e+00,8.143886419496152440e-01,4.488501653507542266e-01,1.620691864989295254e+02,0.000000000000000000e+00
1.310725000000000084e-01,1.310725000000000051e+01,1.386450127676883658e-02,1.386450127676883604e+01,6.781112903225806399e+00,8.142453071470829862e-01,4.488066216511211737e-01,1.619330738417550606e+02,0.000000000000000000e+00
1.311650000000000038e-01,1.311650000000000027e+01,1.388889881406881778e-02,1.388889881406881699e+01,6.781709677419355486e+00,8.141020101822430410e-01,4.487630825680299362e-01,1.617968599000832626e+02,0.000000000000000000e+00
1.312574999999999992e-01,1.312575000000000003e+01,1.391331453873544642e-02,1.391331453873544710e+01,6.782306451612903686e+00,8.139587510417785055e-01,4.487195481012520859e-01,1.616605444164865446e+02,0.000000000000000000e+00
1.313499999999999945e-01,1.313499999999999979e+01,1.393774849706694470e-02,1.393774849706694496e+01,6.782903225806451886e+00,8.138155297123784715e-01,4.486760182505590278e-01,1.615241271324772754e+02,0.000000000000000000e+00
1.314424999999999899e-01,1.314424999999999955e+01,1.396220073555251226e-02,1.396220073555251240e+01,6.783499999999999197e+00,8.136723461807376934e-01,4.486324930157218338e-01,1.613876077885014695e+02,0.000000000000000000e+00
1.315349999999999853e-01,1.315349999999999930e+01,1.398667130087341559e-02,1.398667130087341626e+01,6.784096774193548285e+00,8.135292004335571425e-01,4.485889723965117981e-01,1.612509861239328757e+02,0.000000000000000000e+00
1.316275000000000084e-01,1.316275000000000084e+01,1.401116023990410693e-02,1.401116023990410753e+01,6.784693548387097373e+00,8.133860924575434526e-01,4.485454563926998817e-01,1.611142618770666104e+02,0.000000000000000000e+00
1.317200000000000037e-01,1.317200000000000060e+01,1.403566759971333275e-02,1.403566759971333333e+01,6.785290322580645572e+00,8.132430222394093633e-01,4.485019450040568234e-01,1.609774347851131040e+02,0.000000000000000000e+00
1.318124999999999991e-01,1.318125000000000036e+01,1.406019342756527346e-02,1.406019342756527379e+01,6.785887096774193772e+00,8.130999897658730546e-01,4.484584382303533623e-01,1.608405045841915353e+02,0.000000000000000000e+00
1.319049999999999945e-01,1.319050000000000011e+01,1.408473777092070396e-02,1.408473777092070378e+01,6.786483870967741971e+00,8.129569950236584797e-01,4.484149360713599042e-01,1.607034710093236356e+02,0.000000000000000000e+00
1.319974999999999898e-01,1.319974999999999810e+01,1.410930067743804486e-02,1.410930067743804450e+01,6.787080645161290171e+00,8.128140379994962528e-01,4.483714385268468550e-01,1.605663337944275213e+02,0.000000000000000000e+00
1.320899999999999852e-01,1.320899999999999785e+01,1.413388219497462885e-02,1.413388219497462828e+01,6.787677419354839259e+00,8.126711186801215403e-01,4.483279455965845095e-01,1.604290926723108441e+02,0.000000000000000000e+00
1.321825000000000083e-01,1.321825000000000117e+01,1.415848237158778833e-02,1.415848237158778744e+01,6.788274193548387458e+00,8.125282370522765030e-01,4.482844572803429406e-01,1.602917473746645953e+02,0.000000000000000000e+00
1.322750000000000037e-01,1.322750000000000092e+01,1.418310125553602294e-02,1.418310125553602319e+01,6.788870967741935658e+00,8.123853931027085196e-01,4.482409735778919435e-01,1.601542976320566254e+02,0.000000000000000000e+00
1.323674999999999990e-01,1.323675000000000068e+01,1.420773889528024157e-02,1.420773889528024192e+01,6.789467741935483858e+00,8.122425868181710751e-01,4.481974944890015355e-01,1.600167431739247945e+02,0.000000000000000000e+00
1.324599999999999944e-01,1.324599999999999866e+01,1.423239533948487956e-02,1.423239533948487967e+01,6.790064516129032057e+00,8.120998181854233167e-01,4.481540200134411789e-01,1.598790837285705493e+02,0.000000000000000000e+00
1.325524999999999898e-01,1.325524999999999842e+01,1.425707063701913725e-02,1.425707063701913668e+01,6.790661290322581145e+00,8.119570871912297205e-01,4.481105501509802802e-01,1.597413190231521583e+02,0.000000000000000000e+00
1.326449999999999851e-01,1.326449999999999818e+01,1.428176483695814403e-02,1.428176483695814447e+01,6.791258064516128456e+00,8.118143938223618683e-01,4.480670849013884682e-01,1.596034487836781466e+02,0.000000000000000000e+00
1.327375000000000083e-01,1.327375000000000149e+01,1.430647798858423157e-02,1.430647798858423236e+01,6.791854838709678432e+00,8.116717380655955605e-01,4.480236242644345945e-01,1.594654727350002759e+02,0.000000000000000000e+00
1.328300000000000036e-01,1.328300000000000125e+01,1.433121014138807534e-02,1.433121014138807503e+01,6.792451612903225744e+00,8.115291199077139250e-01,4.479801682398880103e-01,1.593273906008069787e+02,0.000000000000000000e+00
1.329224999999999990e-01,1.329224999999999923e+01,1.435596134507003893e-02,1.435596134507003896e+01,6.793048387096773943e+00,8.113865393355049749e-01,4.479367168275175115e-01,1.591892021036161395e+02,0.000000000000000000e+00
1.330149999999999944e-01,1.330149999999999899e+01,1.438073164954128957e-02,1.438073164954128913e+01,6.793645161290322143e+00,8.112439963357626072e-01,4.478932700270918388e-01,1.590509069647685294e+02,0.000000000000000000e+00
1.331074999999999897e-01,1.331074999999999875e+01,1.440552110492515463e-02,1.440552110492515503e+01,6.794241935483870343e+00,8.111014908952867142e-01,4.478498278383795661e-01,1.589125049044205866e+02,0.000000000000000000e+00
1.331999999999999851e-01,1.331999999999999851e+01,1.443032976155831509e-02,1.443032976155831548e+01,6.794838709677419430e+00,8.109590230008827394e-01,4.478063902611492120e-01,1.587739956415373683e+02,0.000000000000000000e+00
1.332925000000000082e-01,1.332925000000000004e+01,1.445515766999212574e-02,1.445515766999212559e+01,6.795435483870967630e+00,8.108165926393624545e-01,4.477629572951690728e-01,1.586353788938856155e+02,0.000000000000000000e+00
1.333850000000000036e-01,1.333849999999999980e+01,1.448000488099382074e-02,1.448000488099382110e+01,6.796032258064516718e+00,8.106741997975427383e-01,4.477195289402073897e-01,1.584966543780265908e+02,0.000000000000000000e+00
1.334774999999999989e-01,1.334774999999999956e+01,1.450487144554790317e-02,1.450487144554790397e+01,6.796629032258064917e+00,8.105318444622467977e-01,4.476761051960320703e-01,1.583578218093086321e+02,0.000000000000000000e+00
1.335699999999999943e-01,1.335699999999999932e+01,1.452975741485737840e-02,1.452975741485737871e+01,6.797225806451613117e+00,8.103895266203030578e-01,4.476326860624110227e-01,1.582188809018601319e+02,0.000000000000000000e+00
1.336624999999999897e-01,1.336624999999999908e+01,1.455466284034507771e-02,1.455466284034507751e+01,6.797822580645160429e+00,8.102472462585471602e-01,4.475892715391122656e-01,1.580798313685822052e+02,0.000000000000000000e+00
1.337549999999999850e-01,1.337549999999999883e+01,1.457958777365498011e-02,1.457958777365498015e+01,6.798419354838710404e+00,8.101050033638178549e-01,4.475458616259029854e-01,1.579406729211412141e+02,0.000000000000000000e+00
1.338475000000000081e-01,1.338475000000000037e+01,1.460453226665356201e-02,1.460453226665356219e+01,6.799016129032258604e+00,8.099627979229622188e-01,4.475024563225508123e-01,1.578014052699613217e+02,0.000000000000000000e+00
1.339400000000000035e-01,1.339400000000000013e+01,1.462949637143108605e-02,1.462949637143108639e+01,6.799612903225806804e+00,8.098206299228321026e-01,4.474590556288230436e-01,1.576620281242173007e+02,0.000000000000000000e+00
1.340324999999999989e-01,1.340324999999999989e+01,1.465448014030301324e-02,1.465448014030301316e+01,6.800209677419355003e+00,8.096784993502851302e-01,4.474156595444869211e-01,1.575225411918265763e+02,0.000000000000000000e+00
1.341249999999999942e-01,1.341249999999999964e+01,1.467948362581131087e-02,1.467948362581131150e+01,6.800806451612903203e+00,8.095364061921844767e-01,4.473722680693092979e-01,1.573829441794419495e+02,0.000000000000000000e+00
1.342174999999999896e-01,1.342174999999999940e+01,1.470450688072589586e-02,1.470450688072589607e+01,6.801403225806451402e+00,8.093943504353993124e-01,4.473288812030570272e-01,1.572432367924436392e+02,0.000000000000000000e+00
1.343099999999999850e-01,1.343099999999999916e+01,1.472954995804592535e-02,1.472954995804592571e+01,6.801999999999999602e+00,8.092523320668048026e-01,4.472854989454970176e-01,1.571034187349319211e+02,0.000000000000000000e+00
1.344025000000000081e-01,1.344025000000000070e+01,1.475461291100127123e-02,1.475461291100127070e+01,6.802596774193548690e+00,8.091103510732814419e-01,4.472421212963956227e-01,1.569634897097189707e+02,0.000000000000000000e+00
1.344950000000000034e-01,1.344950000000000045e+01,1.477969579305385590e-02,1.477969579305385572e+01,6.803193548387096889e+00,8.089684074417159421e-01,4.471987482555194737e-01,1.568234494183214167e+02,0.000000000000000000e+00
1.345874999999999988e-01,1.345875000000000021e+01,1.480479865789912676e-02,1.480479865789912708e+01,6.803790322580645089e+00,8.088265011590005660e-01,4.471553798226348686e-01,1.566832975609520986e+02,0.000000000000000000e+00
1.346799999999999942e-01,1.346799999999999997e+01,1.482992155946746132e-02,1.482992155946746138e+01,6.804387096774193289e+00,8.086846322120330166e-01,4.471120159975078279e-01,1.565430338365122225e+02,0.000000000000000000e+00
1.347724999999999895e-01,1.347724999999999973e+01,1.485506455192560533e-02,1.485506455192560615e+01,6.804983870967742376e+00,8.085428005877166591e-01,4.470686567799042055e-01,1.564026579425833461e+02,0.000000000000000000e+00
1.348649999999999849e-01,1.348649999999999771e+01,1.488022768967808655e-02,1.488022768967808673e+01,6.805580645161290576e+00,8.084010062729617418e-01,4.470253021695902440e-01,1.562621695754193638e+02,0.000000000000000000e+00
1.349575000000000080e-01,1.349575000000000102e+01,1.490541102736873610e-02,1.490541102736873569e+01,6.806177419354838776e+00,8.082592492546826213e-01,4.469819521663312423e-01,1.561215684299382360e+02,0.000000000000000000e+00
1.350500000000000034e-01,1.350500000000000078e+01,1.493061461988213004e-02,1.493061461988212990e+01,6.806774193548386975e+00,8.081175295198008701e-01,4.469386067698931098e-01,1.559808541997137468e+02,0.000000000000000000e+00
1.351424999999999987e-01,1.351425000000000054e+01,1.495583852234506905e-02,1.495583852234506850e+01,6.807370967741935175e+00,8.079758470552430571e-01,4.468952659800411453e-01,1.558400265769673751e+02,0.000000000000000000e+00
1.352349999999999941e-01,1.352349999999999852e+01,1.498108279012807381e-02,1.498108279012807387e+01,6.807967741935484263e+00,8.078342018479409692e-01,4.468519297965405368e-01,1.556990852525598257e+02,0.000000000000000000e+00
1.353274999999999895e-01,1.353274999999999828e+01,1.500634747884692019e-02,1.500634747884691933e+01,6.808564516129032462e+00,8.076925938848333875e-01,4.468085982191565275e-01,1.555580299159825586e+02,0.000000000000000000e+00
1.354199999999999848e-01,1.354199999999999804e+01,1.503163264436410684e-02,1.503163264436410707e+01,6.809161290322581550e+00,8.075510231528634231e-01,4.467652712476539723e-01,1.554168602553494907e+02,0.000000000000000000e+00
1.355125000000000079e-01,1.355125000000000135e+01,1.505693834279045636e-02,1.505693834279045618e+01,6.809758064516129750e+00,8.074094896389816256e-01,4.467219488817979478e-01,1.552755759573882415e+02,0.000000000000000000e+00
1.356050000000000033e-01,1.356050000000000111e+01,1.508226463048656721e-02,1.508226463048656640e+01,6.810354838709677061e+00,8.072679933301424304e-01,4.466786311213529204e-01,1.551341767074317772e+02,0.000000000000000000e+00
1.356974999999999987e-01,1.356974999999999909e+01,1.510761156406447391e-02,1.510761156406447370e+01,6.810951612903225261e+00,8.071265342133071563e-01,4.466353179660836337e-01,1.549926621894093728e+02,0.000000000000000000e+00
1.357899999999999940e-01,1.357899999999999885e+01,1.513297920038913190e-02,1.513297920038913169e+01,6.811548387096774348e+00,8.069851122754421180e-01,4.465920094157543319e-01,1.548510320858381704e+02,0.000000000000000000e+00
1.358824999999999894e-01,1.358824999999999861e+01,1.515836759658003782e-02,1.515836759658003707e+01,6.812145161290322548e+00,8.068437275035202916e-01,4.465487054701294256e-01,1.547092860778141699e+02,0.000000000000000000e+00
1.359749999999999848e-01,1.359749999999999837e+01,1.518377681001282370e-02,1.518377681001282298e+01,6.812741935483871636e+00,8.067023798845193161e-01,4.465054061289729370e-01,1.545674238450033613e+02,0.000000000000000000e+00
1.360675000000000079e-01,1.360675000000000168e+01,1.520920689832085289e-02,1.520920689832085237e+01,6.813338709677419835e+00,8.065610694054234919e-01,4.464621113920490547e-01,1.544254450656328004e+02,0.000000000000000000e+00
1.361600000000000033e-01,1.361599999999999966e+01,1.523465791939683164e-02,1.523465791939683101e+01,6.813935483870968035e+00,8.064197960532218934e-01,4.464188212591214122e-01,1.542833494164815988e+02,0.000000000000000000e+00
1.362524999999999986e-01,1.362524999999999942e+01,1.526012993139446751e-02,1.526012993139446827e+01,6.814532258064516235e+00,8.062785598149098121e-01,4.463755357299538096e-01,1.541411365728716589e+02,0.000000000000000000e+00
1.363449999999999940e-01,1.363449999999999918e+01,1.528562299273008955e-02,1.528562299273009017e+01,6.815129032258063546e+00,8.061373606774880907e-01,4.463322548043097693e-01,1.539988062086586353e+02,0.000000000000000000e+00
1.364374999999999893e-01,1.364374999999999893e+01,1.531113716208433798e-02,1.531113716208433750e+01,6.815725806451612634e+00,8.059961986279634560e-01,4.462889784819526473e-01,1.538563579962225845e+02,0.000000000000000000e+00
1.365299999999999847e-01,1.365299999999999869e+01,1.533667249840381039e-02,1.533667249840381075e+01,6.816322580645161722e+00,8.058550736533479641e-01,4.462457067626457441e-01,1.537137916064585852e+02,0.000000000000000000e+00
1.366225000000000078e-01,1.366225000000000023e+01,1.536222906090273232e-02,1.536222906090273277e+01,6.816919354838709921e+00,8.057139857406598882e-01,4.462024396461523046e-01,1.535711067087675588e+02,0.000000000000000000e+00
1.367150000000000032e-01,1.367149999999999999e+01,1.538780690906471800e-02,1.538780690906471804e+01,6.817516129032258121e+00,8.055729348769227194e-01,4.461591771322351851e-01,1.534283029710464632e+02,0.000000000000000000e+00
1.368074999999999986e-01,1.368074999999999974e+01,1.541340610264441829e-02,1.541340610264441757e+01,6.818112903225806321e+00,8.054319210491657222e-01,4.461159192206572421e-01,1.532853800596789426e+02,0.000000000000000000e+00
1.368999999999999939e-01,1.368999999999999950e+01,1.543902670166930058e-02,1.543902670166930058e+01,6.818709677419354520e+00,8.052909442444241561e-01,4.460726659111813319e-01,1.531423376395255502e+02,0.000000000000000000e+00
1.369924999999999893e-01,1.369924999999999926e+01,1.546466876644135048e-02,1.546466876644135091e+01,6.819306451612903608e+00,8.051500044497379438e-01,4.460294172035697557e-01,1.529991753739140847e+02,0.000000000000000000e+00
1.370849999999999846e-01,1.370849999999999902e+01,1.549033235753886732e-02,1.549033235753886650e+01,6.819903225806451808e+00,8.050091016521544462e-01,4.459861730975852034e-01,1.528558929246297851e+02,0.000000000000000000e+00
1.371775000000000078e-01,1.371775000000000055e+01,1.551601753581820578e-02,1.551601753581820553e+01,6.820500000000000007e+00,8.048682358387251323e-01,4.459429335929897542e-01,1.527124899519053542e+02,0.000000000000000000e+00
1.372700000000000031e-01,1.372700000000000031e+01,1.554172436241554704e-02,1.554172436241554678e+01,6.821096774193548207e+00,8.047274069965076881e-01,4.458996986895455428e-01,1.525689661144112961e+02,0.000000000000000000e+00
1.373624999999999985e-01,1.373625000000000007e+01,1.556745289874876537e-02,1.556745289874876548e+01,6.821693548387096406e+00,8.045866151125655730e-01,4.458564683870147594e-01,1.524253210692453138e+02,0.000000000000000000e+00
1.374549999999999939e-01,1.374549999999999983e+01,1.559320320651916628e-02,1.559320320651916703e+01,6.822290322580645494e+00,8.044458601739672421e-01,4.458132426851589281e-01,1.522815544719227603e+02,0.000000000000000000e+00
1.375474999999999892e-01,1.375474999999999959e+01,1.561897534771336873e-02,1.561897534771336815e+01,6.822887096774194582e+00,8.043051421677881452e-01,4.457700215837401281e-01,1.521376659763659518e+02,0.000000000000000000e+00
1.376399999999999846e-01,1.376399999999999935e+01,1.564476938460514915e-02,1.564476938460514965e+01,6.823483870967742781e+00,8.041644610811080618e-01,4.457268050825196060e-01,1.519936552348941063e+02,0.000000000000000000e+00
1.377325000000000077e-01,1.377325000000000088e+01,1.567058537975725765e-02,1.567058537975725763e+01,6.824080645161290093e+00,8.040238169010133218e-01,4.456835931812589968e-01,1.518495218982129416e+02,0.000000000000000000e+00
1.378250000000000031e-01,1.378250000000000064e+01,1.569642339602331932e-02,1.569642339602332015e+01,6.824677419354838293e+00,8.038832096145951400e-01,4.456403858797194917e-01,1.517052656154042722e+02,0.000000000000000000e+00
1.379174999999999984e-01,1.379175000000000040e+01,1.572228349654978055e-02,1.572228349654977997e+01,6.825274193548386492e+00,8.037426392089509486e-01,4.455971831776623371e-01,1.515608860339150681e+02,0.000000000000000000e+00
1.380099999999999938e-01,1.380100000000000016e+01,1.574816574477772013e-02,1.574816574477772058e+01,6.825870967741935580e+00,8.036021056711832866e-01,4.455539850748482800e-01,1.514163827995472786e+02,0.000000000000000000e+00
1.381024999999999892e-01,1.381024999999999814e+01,1.577407020444483027e-02,1.577407020444483088e+01,6.826467741935483780e+00,8.034616089884012435e-01,4.455107915710384558e-01,1.512717555564468626e+02,0.000000000000000000e+00
1.381949999999999845e-01,1.381949999999999790e+01,1.579999693958737336e-02,1.579999693958737339e+01,6.827064516129032867e+00,8.033211491477182387e-01,4.454676026659933341e-01,1.511270039470928452e+02,0.000000000000000000e+00
1.382875000000000076e-01,1.382875000000000121e+01,1.582594601454209368e-02,1.582594601454209382e+01,6.827661290322581067e+00,8.031807261362549077e-01,4.454244183594737727e-01,1.509821276122866038e+02,0.000000000000000000e+00
1.383800000000000030e-01,1.383800000000000097e+01,1.585191749394819494e-02,1.585191749394819460e+01,6.828258064516128378e+00,8.030403399411361054e-01,4.453812386512400190e-01,1.508371261911408681e+02,0.000000000000000000e+00
1.384724999999999984e-01,1.384724999999999895e+01,1.587791144274936297e-02,1.587791144274936350e+01,6.828854838709676578e+00,8.028999905494927924e-01,4.453380635410524313e-01,1.506919993210683799e+02,0.000000000000000000e+00
1.385649999999999937e-01,1.385649999999999871e+01,1.590392792619576071e-02,1.590392792619576134e+01,6.829451612903225666e+00,8.027596779484617029e-01,4.452948930286710350e-01,1.505467466377708661e+02,0.000000000000000000e+00
1.386574999999999891e-01,1.386574999999999847e+01,1.592996700984605427e-02,1.592996700984605418e+01,6.830048387096773865e+00,8.026194021251854549e-01,4.452517271138560218e-01,1.504013677752275839e+02,0.000000000000000000e+00
1.387499999999999845e-01,1.387499999999999822e+01,1.595602875956939060e-02,1.595602875956939037e+01,6.830645161290322953e+00,8.024791630668113296e-01,4.452085657963671950e-01,1.502558623656843508e+02,0.000000000000000000e+00
1.388425000000000076e-01,1.388425000000000153e+01,1.598211324154759708e-02,1.598211324154759794e+01,6.831241935483871153e+00,8.023389607604934914e-01,4.451654090759643023e-01,1.501102300396412659e+02,0.000000000000000000e+00
1.389350000000000029e-01,1.389349999999999952e+01,1.600822052227708278e-02,1.600822052227708170e+01,6.831838709677419352e+00,8.021987951933907679e-01,4.451222569524069805e-01,1.499644704258420802e+02,0.000000000000000000e+00
1.390274999999999983e-01,1.390274999999999928e+01,1.603435066857107280e-02,1.603435066857107216e+01,6.832435483870968440e+00,8.020586663526676485e-01,4.450791094254545333e-01,1.498185831512617767e+02,0.000000000000000000e+00
1.391199999999999937e-01,1.391199999999999903e+01,1.606050374756164828e-02,1.606050374756164700e+01,6.833032258064515752e+00,8.019185742254946181e-01,4.450359664948663752e-01,1.496725678410950593e+02,0.000000000000000000e+00
1.392124999999999890e-01,1.392124999999999879e+01,1.608667982670190441e-02,1.608667982670190355e+01,6.833629032258064839e+00,8.017785187990478235e-01,4.449928281604016989e-01,1.495264241187444156e+02,0.000000000000000000e+00
1.393049999999999844e-01,1.393049999999999855e+01,1.611287897376809455e-02,1.611287897376809397e+01,6.834225806451613039e+00,8.016385000605084077e-01,4.449496944218194749e-01,1.493801516058081233e+02,0.000000000000000000e+00
1.393975000000000075e-01,1.393975000000000009e+01,1.613910125686176741e-02,1.613910125686176755e+01,6.834822580645161239e+00,8.014985179970638418e-01,4.449065652788786185e-01,1.492337499220682560e+02,0.000000000000000000e+00
1.394900000000000029e-01,1.394899999999999984e+01,1.616534674441197708e-02,1.616534674441197694e+01,6.835419354838709438e+00,8.013585725959064821e-01,4.448634407313378780e-01,1.490872186854784331e+02,0.000000000000000000e+00
1.395824999999999982e-01,1.395824999999999960e+01,1.619161550517750001e-02,1.619161550517749859e+01,6.836016129032258526e+00,8.012186638442349018e-01,4.448203207789558911e-01,1.489405575121513721e+02,0.000000000000000000e+00
1.396749999999999936e-01,1.396749999999999936e+01,1.621790760824903463e-02,1.621790760824903543e+01,6.836612903225806726e+00,8.010787917292531146e-01,4.447772054214911286e-01,1.487937660163466660e+02,0.000000000000000000e+00
1.397674999999999890e-01,1.397674999999999912e+01,1.624422312305145305e-02,1.624422312305145155e+01,6.837209677419354925e+00,8.009389562381701300e-01,4.447340946587018951e-01,1.486468438104581367e+02,0.000000000000000000e+00
1.398599999999999843e-01,1.398599999999999888e+01,1.627056211934605964e-02,1.627056211934606011e+01,6.837806451612903125e+00,8.007991573582013967e-01,4.446909884903463839e-01,1.484997905050013287e+02,0.000000000000000000e+00
1.399525000000000075e-01,1.399525000000000041e+01,1.629692466723290517e-02,1.629692466723290423e+01,6.838403225806451324e+00,8.006593950765673595e-01,4.446478869161826220e-01,1.483526057086005210e+02,0.000000000000000000e+00
1.400450000000000028e-01,1.400450000000000017e+01,1.632331083715298642e-02,1.632331083715298803e+01,6.838999999999999524e+00,8.005196693804944585e-01,4.446047899359686362e-01,1.482052890279763631e+02,0.000000000000000000e+00
1.401374999999999982e-01,1.401374999999999993e+01,1.634972069989070950e-02,1.634972069989071031e+01,6.839596774193547724e+00,8.003799802572141298e-01,4.445616975494621204e-01,1.480578400679323750e+02,0.000000000000000000e+00
1.402299999999999935e-01,1.402299999999999969e+01,1.637615432657612419e-02,1.637615432657612402e+01,6.840193548387097700e+00,8.002403276939635823e-01,4.445186097564204908e-01,1.479102584313421858e+02,0.000000000000000000e+00
1.403224999999999889e-01,1.403224999999999945e+01,1.640261178868733863e-02,1.640261178868733793e+01,6.840790322580645011e+00,8.001007116779866868e-01,4.444755265566017188e-01,1.477625437191361755e+02,0.000000000000000000e+00
1.404149999999999843e-01,1.404149999999999920e+01,1.642909315805286471e-02,1.642909315805286496e+01,6.841387096774194099e+00,7.999611321965308663e-01,4.444324479497628322e-01,1.476146955302885146e+02,0.000000000000000000e+00
1.405075000000000074e-01,1.405075000000000074e+01,1.645559850685410219e-02,1.645559850685410197e+01,6.841983870967741410e+00,7.998215892368507607e-01,4.443893739356611361e-01,1.474667134618030389e+02,0.000000000000000000e+00
1.406000000000000028e-01,1.406000000000000050e+01,1.648212790762762503e-02,1.648212790762762481e+01,6.842580645161289610e+00,7.996820827862057834e-01,4.443463045140537138e-01,1.473185971087006294e+02,0.000000000000000000e+00
1.406924999999999981e-01,1.406925000000000026e+01,1.650868143326776963e-02,1.650868143326777115e+01,6.843177419354838698e+00,7.995426128318610104e-01,4.443032396846974263e-01,1.471703460640048036e+02,0.000000000000000000e+00
1.407849999999999935e-01,1.407850000000000001e+01,1.653525915702901139e-02,1.653525915702901017e+01,6.843774193548387785e+00,7.994031793610871794e-01,4.442601794473491350e-01,1.470219599187282995e+02,0.000000000000000000e+00
1.408774999999999888e-01,1.408774999999999977e+01,1.656186115252852517e-02,1.656186115252852531e+01,6.844370967741935985e+00,7.992637823611608017e-01,4.442171238017655899e-01,1.468734382618589791e+02,0.000000000000000000e+00
1.409699999999999842e-01,1.409699999999999775e+01,1.658848749374862083e-02,1.658848749374861953e+01,6.844967741935484185e+00,7.991244218193634952e-01,4.441740727477032635e-01,1.467247806803459866e+02,0.000000000000000000e+00
1.410625000000000073e-01,1.410625000000000107e+01,1.661513825503935227e-02,1.661513825503935138e+01,6.845564516129032384e+00,7.989850977229825402e-01,4.441310262849184065e-01,1.465759867590853958e+02,0.000000000000000000e+00
1.411550000000000027e-01,1.411550000000000082e+01,1.664181351112100846e-02,1.664181351112100771e+01,6.846161290322579696e+00,7.988458100593109901e-01,4.440879844131674914e-01,1.464270560809062545e+02,0.000000000000000000e+00
1.412474999999999981e-01,1.412475000000000058e+01,1.666851333708675373e-02,1.666851333708675398e+01,6.846758064516129672e+00,7.987065588156465612e-01,4.440449471322063246e-01,1.462779882265556921e+02,0.000000000000000000e+00
1.413399999999999934e-01,1.413399999999999856e+01,1.669523780840518820e-02,1.669523780840518867e+01,6.847354838709676983e+00,7.985673439792946304e-01,4.440019144417913233e-01,1.461287827746848507e+02,0.000000000000000000e+00
1.414324999999999888e-01,1.414324999999999832e+01,1.672198700092299845e-02,1.672198700092299717e+01,6.847951612903226071e+00,7.984281655375633502e-01,4.439588863416779052e-01,1.459794393018339349e+02,0.000000000000000000e+00
1.415249999999999841e-01,1.415249999999999808e+01,1.674876099086759773e-02,1.674876099086759851e+01,6.848548387096774270e+00,7.982890234777686445e-01,4.439158628316219879e-01,1.458299573824174900e+02,0.000000000000000000e+00
1.416175000000000073e-01,1.416175000000000139e+01,1.677555985484981832e-02,1.677555985484981704e+01,6.849145161290322470e+00,7.981499177872304340e-01,4.438728439113790447e-01,1.456803365887093946e+02,0.000000000000000000e+00
1.417100000000000026e-01,1.417099999999999937e+01,1.680238366986656906e-02,1.680238366986656828e+01,6.849741935483871558e+00,7.980108484532750790e-01,4.438298295807045490e-01,1.455305764908281390e+02,0.000000000000000000e+00
1.418024999999999980e-01,1.418024999999999913e+01,1.682923251330360748e-02,1.682923251330360870e+01,6.850338709677419757e+00,7.978718154632340465e-01,4.437868198393536967e-01,1.453806766567210502e+02,0.000000000000000000e+00
1.418949999999999934e-01,1.418949999999999889e+01,1.685610646293826675e-02,1.685610646293826775e+01,6.850935483870967957e+00,7.977328188044445767e-01,4.437438146870817390e-01,1.452306366521493715e+02,0.000000000000000000e+00
1.419874999999999887e-01,1.419874999999999865e+01,1.688300559694224171e-02,1.688300559694224035e+01,6.851532258064516157e+00,7.975938584642492390e-01,4.437008141236436498e-01,1.450804560406725443e+02,0.000000000000000000e+00
1.420799999999999841e-01,1.420799999999999841e+01,1.690992999388432616e-02,1.690992999388432594e+01,6.852129032258064356e+00,7.974549344299962650e-01,4.436578181487943473e-01,1.449301343836329465e+02,0.000000000000000000e+00
1.421725000000000072e-01,1.421724999999999994e+01,1.693687973273335159e-02,1.693687973273335245e+01,6.852725806451612556e+00,7.973160466890391040e-01,4.436148267622883612e-01,1.447796712401395780e+02,0.000000000000000000e+00
1.422650000000000026e-01,1.422649999999999970e+01,1.696385489286091411e-02,1.696385489286091541e+01,6.853322580645161644e+00,7.971771952287369789e-01,4.435718399638804987e-01,1.446290661670526845e+02,0.000000000000000000e+00
1.423574999999999979e-01,1.423574999999999946e+01,1.699085555404433040e-02,1.699085555404433023e+01,6.853919354838709843e+00,7.970383800364547744e-01,4.435288577533252341e-01,1.444783187189673868e+02,0.000000000000000000e+00
1.424499999999999933e-01,1.424499999999999922e+01,1.701788179646953128e-02,1.701788179646953125e+01,6.854516129032258931e+00,7.968996010995620383e-01,4.434858801303767084e-01,1.443274284481973950e+02,0.000000000000000000e+00
1.425424999999999887e-01,1.425424999999999898e+01,1.704493370073395866e-02,1.704493370073396008e+01,6.855112903225806242e+00,7.967608584054348686e-01,4.434429070947891738e-01,1.441763949047590074e+02,0.000000000000000000e+00
1.426350000000000118e-01,1.426350000000000051e+01,1.707201134784953195e-02,1.707201134784953211e+01,6.855709677419354442e+00,7.966221519414545815e-01,4.433999386463167713e-01,1.440252176363543981e+02,0.000000000000000000e+00
1.427275000000000071e-01,1.427275000000000027e+01,1.709911481924567683e-02,1.709911481924567767e+01,6.856306451612903530e+00,7.964834816950073781e-01,4.433569747847133646e-01,1.438738961883547631e+02,0.000000000000000000e+00
1.428200000000000025e-01,1.428200000000000003e+01,1.712624419677225354e-02,1.712624419677225518e+01,6.856903225806451729e+00,7.963448476534856768e-01,4.433140155097326507e-01,1.437224301037839780e+02,0.000000000000000000e+00
1.429124999999999979e-01,1.429124999999999979e+01,1.715339956270267238e-02,1.715339956270267407e+01,6.857500000000000817e+00,7.962062498042870029e-01,4.432710608211283820e-01,1.435708189233012035e+02,0.000000000000000000e+00
1.430049999999999932e-01,1.430049999999999955e+01,1.718058099973692257e-02,1.718058099973692165e+01,6.858096774193549017e+00,7.960676881348142109e-01,4.432281107186538671e-01,1.434190621851839182e+02,0.000000000000000000e+00
1.430974999999999886e-01,1.430974999999999930e+01,1.720778859100466351e-02,1.720778859100466462e+01,6.858693548387097216e+00,7.959291626324764835e-01,4.431851652020628585e-01,1.432671594253107799e+02,0.000000000000000000e+00
1.431900000000000117e-01,1.431900000000000084e+01,1.723502242006839588e-02,1.723502242006839680e+01,6.859290322580645416e+00,7.957906732846873332e-01,4.431422242711082204e-01,1.431151101771438334e+02,0.000000000000000000e+00
1.432825000000000071e-01,1.432825000000000060e+01,1.726228257092653900e-02,1.726228257092654061e+01,6.859887096774193616e+00,7.956522200788661570e-01,4.430992879255430394e-01,1.429629139717112594e+02,0.000000000000000000e+00
1.433750000000000024e-01,1.433750000000000036e+01,1.728956912801669563e-02,1.728956912801669432e+01,6.860483870967741815e+00,7.955138030024384577e-01,4.430563561651205684e-01,1.428105703375893825e+02,0.000000000000000000e+00
1.434674999999999978e-01,1.434675000000000011e+01,1.731688217621880216e-02,1.731688217621880099e+01,6.861080645161290903e+00,7.953754220428342903e-01,4.430134289895932831e-01,1.426580788008848231e+02,0.000000000000000000e+00
1.435599999999999932e-01,1.435599999999999987e+01,1.734422180085840037e-02,1.734422180085839926e+01,6.861677419354839103e+00,7.952370771874899269e-01,4.429705063987141589e-01,1.425054388852163356e+02,0.000000000000000000e+00
1.436524999999999885e-01,1.436524999999999963e+01,1.737158808770994378e-02,1.737158808770994511e+01,6.862274193548387302e+00,7.950987684238467468e-01,4.429275883922356716e-01,1.423526501116964198e+02,0.000000000000000000e+00
1.437450000000000117e-01,1.437450000000000117e+01,1.739898112300003463e-02,1.739898112300003419e+01,6.862870967741935502e+00,7.949604957393511251e-01,4.428846749699100749e-01,1.421997119989131591e+02,0.000000000000000000e+00
1.438375000000000070e-01,1.438375000000000092e+01,1.742640099341080662e-02,1.742640099341080528e+01,6.863467741935483701e+00,7.948222591214558763e-01,4.428417661314897891e-01,1.420466240629113202e+02,0.000000000000000000e+00
1.439300000000000024e-01,1.439300000000000068e+01,1.745384778608327983e-02,1.745384778608327991e+01,6.864064516129031901e+00,7.946840585576183669e-01,4.427988618767267903e-01,1.418933858171737086e+02,0.000000000000000000e+00
1.440224999999999977e-01,1.440225000000000044e+01,1.748132158862078164e-02,1.748132158862078001e+01,6.864661290322580101e+00,7.945458940353021804e-01,4.427559622053733879e-01,1.417399967726020407e+02,0.000000000000000000e+00
1.441149999999999931e-01,1.441150000000000020e+01,1.750882248909232594e-02,1.750882248909232430e+01,6.865258064516129188e+00,7.944077655419756745e-01,4.427130671171811138e-01,1.415864564374979579e+02,0.000000000000000000e+00
1.442074999999999885e-01,1.442074999999999818e+01,1.753635057603614850e-02,1.753635057603614911e+01,6.865854838709677388e+00,7.942696730651132020e-01,4.426701766119018888e-01,1.414327643175434446e+02,0.000000000000000000e+00
1.443000000000000116e-01,1.443000000000000149e+01,1.756390593846320416e-02,1.756390593846320414e+01,6.866451612903225588e+00,7.941316165921942227e-01,4.426272906892873560e-01,1.412789199157813300e+02,0.000000000000000000e+00
1.443925000000000070e-01,1.443925000000000125e+01,1.759148866586057042e-02,1.759148866586057025e+01,6.867048387096773787e+00,7.939935961107037476e-01,4.425844093490888809e-01,1.411249227325960476e+02,0.000000000000000000e+00
1.444850000000000023e-01,1.444850000000000101e+01,1.761909884819520475e-02,1.761909884819520400e+01,6.867645161290323763e+00,7.938556116081317837e-01,4.425415325910576625e-01,1.409707722656929434e+02,0.000000000000000000e+00
1.445774999999999977e-01,1.445774999999999899e+01,1.764673657591742453e-02,1.764673657591742284e+01,6.868241935483871963e+00,7.937176630719751103e-01,4.424986604149452329e-01,1.408164680100786370e+02,0.000000000000000000e+00
1.446699999999999930e-01,1.446699999999999875e+01,1.767440193996457076e-02,1.767440193996457154e+01,6.868838709677419274e+00,7.935797504897343924e-01,4.424557928205024582e-01,1.406620094580406430e+02,0.000000000000000000e+00
1.447624999999999884e-01,1.447624999999999851e+01,1.770209503176467872e-02,1.770209503176467791e+01,6.869435483870967474e+00,7.934418738489164014e-01,4.424129298074802041e-01,1.405073960991269644e+02,0.000000000000000000e+00
1.448550000000000115e-01,1.448550000000000182e+01,1.772981594324020069e-02,1.772981594324020094e+01,6.870032258064515673e+00,7.933040331370334597e-01,4.423700713756293368e-01,1.403526274201251169e+02,0.000000000000000000e+00
1.449475000000000069e-01,1.449474999999999980e+01,1.775756476681171481e-02,1.775756476681171492e+01,6.870629032258064761e+00,7.931662283416026638e-01,4.423272175247003890e-01,1.401977029050415808e+02,0.000000000000000000e+00
1.450400000000000023e-01,1.450399999999999956e+01,1.778534159540174492e-02,1.778534159540174642e+01,6.871225806451612961e+00,7.930284594501478823e-01,4.422843682544441712e-01,1.400426220350804556e+02,0.000000000000000000e+00
1.451324999999999976e-01,1.451324999999999932e+01,1.781314652243853880e-02,1.781314652243854013e+01,6.871822580645162049e+00,7.928907264501965368e-01,4.422415235646106613e-01,1.398873842886222292e+02,0.000000000000000000e+00
1.452249999999999930e-01,1.452249999999999908e+01,1.784097964185996435e-02,1.784097964185996332e+01,6.872419354838710248e+00,7.927530293292833763e-01,4.421986834549505585e-01,1.397319891412022628e+02,0.000000000000000000e+00
1.453174999999999883e-01,1.453174999999999883e+01,1.786884104811735721e-02,1.786884104811735696e+01,6.873016129032257560e+00,7.926153680749471464e-01,4.421558479252136187e-01,1.395764360654890766e+02,0.000000000000000000e+00
1.454100000000000115e-01,1.454100000000000037e+01,1.789673083617947941e-02,1.789673083617947924e+01,6.873612903225805759e+00,7.924777426747323661e-01,4.421130169751499306e-01,1.394207245312623797e+02,0.000000000000000000e+00
1.455025000000000068e-01,1.455025000000000013e+01,1.792464910153646063e-02,1.792464910153645974e+01,6.874209677419354847e+00,7.923401531161891054e-01,4.420701906045093055e-01,1.392648540053910153e+02,0.000000000000000000e+00
1.455950000000000022e-01,1.455949999999999989e+01,1.795259594020385055e-02,1.795259594020384952e+01,6.874806451612903047e+00,7.922025993868733185e-01,4.420273688130416101e-01,1.391088239518103649e+02,0.000000000000000000e+00
1.456874999999999976e-01,1.456874999999999964e+01,1.798057144872662605e-02,1.798057144872662505e+01,6.875403225806452134e+00,7.920650814743454005e-01,4.419845516004962671e-01,1.389526338314999805e+02,0.000000000000000000e+00
1.457799999999999929e-01,1.457799999999999940e+01,1.800857572418329555e-02,1.800857572418329511e+01,6.876000000000000334e+00,7.919275993661718527e-01,4.419417389666228657e-01,1.387962831024606771e+02,0.000000000000000000e+00
1.458724999999999883e-01,1.458724999999999916e+01,1.803660886419001727e-02,1.803660886419001841e+01,6.876596774193548534e+00,7.917901530499241725e-01,4.418989309111706065e-01,1.386397712196913972e+02,0.000000000000000000e+00
1.459650000000000114e-01,1.459650000000000070e+01,1.806467096690478683e-02,1.806467096690478513e+01,6.877193548387096733e+00,7.916527425131794082e-01,4.418561274338885791e-01,1.384830976351660752e+02,0.000000000000000000e+00
1.460575000000000068e-01,1.460575000000000045e+01,1.809276213103162487e-02,1.809276213103162334e+01,6.877790322580644933e+00,7.915153677435198265e-01,4.418133285345259842e-01,1.383262617978100764e+02,0.000000000000000000e+00
1.461500000000000021e-01,1.461500000000000021e+01,1.812088245582483409e-02,1.812088245582483381e+01,6.878387096774193132e+00,7.913780287285338000e-01,4.417705342128317447e-01,1.381692631534765212e+02,0.000000000000000000e+00
1.462424999999999975e-01,1.462424999999999997e+01,1.814903204109331522e-02,1.814903204109331369e+01,6.878983870967742220e+00,7.912407254558136982e-01,4.417277444685543952e-01,1.380121011449220703e+02,0.000000000000000000e+00
1.463349999999999929e-01,1.463349999999999973e+01,1.817721098720488301e-02,1.817721098720488371e+01,6.879580645161290420e+00,7.911034579129591071e-01,4.416849593014429143e-01,1.378547752117829930e+02,0.000000000000000000e+00
1.464274999999999882e-01,1.464274999999999949e+01,1.820541939509068979e-02,1.820541939509068996e+01,6.880177419354838619e+00,7.909662260875732764e-01,4.416421787112457253e-01,1.376972847905504125e+02,0.000000000000000000e+00
1.465200000000000113e-01,1.465200000000000102e+01,1.823365736624957614e-02,1.823365736624957734e+01,6.880774193548387707e+00,7.908290299672655621e-01,4.415994026977109188e-01,1.375396293145458628e+02,0.000000000000000000e+00
1.466125000000000067e-01,1.466125000000000078e+01,1.826192500275260200e-02,1.826192500275260144e+01,6.881370967741935907e+00,7.906918695396509822e-01,4.415566312605870847e-01,1.373818082138962211e+02,0.000000000000000000e+00
1.467050000000000021e-01,1.467050000000000054e+01,1.829022240724755693e-02,1.829022240724755832e+01,6.881967741935484106e+00,7.905547447923492177e-01,4.415138643996220913e-01,1.372238209155084405e+02,0.000000000000000000e+00
1.467974999999999974e-01,1.467975000000000030e+01,1.831854968296348779e-02,1.831854968296348929e+01,6.882564516129032306e+00,7.904176557129862779e-01,4.414711021145641401e-01,1.370656668430441414e+02,0.000000000000000000e+00
1.468899999999999928e-01,1.468900000000000006e+01,1.834690693371537895e-02,1.834690693371537762e+01,6.883161290322580506e+00,7.902806022891927240e-01,4.414283444051609329e-01,1.369073454168937189e+02,0.000000000000000000e+00
1.469824999999999882e-01,1.469824999999999804e+01,1.837529426390872508e-02,1.837529426390872445e+01,6.883758064516128705e+00,7.901435845086046683e-01,4.413855912711602270e-01,1.367488560541506217e+02,0.000000000000000000e+00
1.470750000000000113e-01,1.470750000000000135e+01,1.840371177854430856e-02,1.840371177854430940e+01,6.884354838709677793e+00,7.900066023588632191e-01,4.413428427123094466e-01,1.365901981685847488e+02,0.000000000000000000e+00
1.471675000000000066e-01,1.471675000000000111e+01,1.843215958322287282e-02,1.843215958322287307e+01,6.884951612903225993e+00,7.898696558276160351e-01,4.413000987283562382e-01,1.364313711706163872e+02,0.000000000000000000e+00
1.472600000000000020e-01,1.472600000000000087e+01,1.846063778414999343e-02,1.846063778414999490e+01,6.885548387096775080e+00,7.897327449025148827e-01,4.412573593190479149e-01,1.362723744672889268e+02,0.000000000000000000e+00
1.473524999999999974e-01,1.473525000000000063e+01,1.848914648814091108e-02,1.848914648814091066e+01,6.886145161290323280e+00,7.895958695712176345e-01,4.412146244841315679e-01,1.361132074622420305e+02,0.000000000000000000e+00
1.474449999999999927e-01,1.474449999999999861e+01,1.851768580262541999e-02,1.851768580262541875e+01,6.886741935483870591e+00,7.894590298213870483e-01,4.411718942233542329e-01,1.359538695556841787e+02,0.000000000000000000e+00
1.475374999999999881e-01,1.475374999999999837e+01,1.854625583565278762e-02,1.854625583565278646e+01,6.887338709677418791e+00,7.893222256406913218e-01,4.411291685364628345e-01,1.357943601443652142e+02,0.000000000000000000e+00
1.476300000000000112e-01,1.476300000000000168e+01,1.857485669589686861e-02,1.857485669589686950e+01,6.887935483870966991e+00,7.891854570168042038e-01,4.410864474232041865e-01,1.356346786215480051e+02,0.000000000000000000e+00
1.477225000000000066e-01,1.477225000000000144e+01,1.860348849266100016e-02,1.860348849266100046e+01,6.888532258064516967e+00,7.890487239374042172e-01,4.410437308833248249e-01,1.354748243769807914e+02,0.000000000000000000e+00
1.478150000000000019e-01,1.478149999999999942e+01,1.863215133588324440e-02,1.863215133588324335e+01,6.889129032258064278e+00,7.889120263901767682e-01,4.410010189165716188e-01,1.353147967968681655e+02,0.000000000000000000e+00
1.479074999999999973e-01,1.479074999999999918e+01,1.866084533614147459e-02,1.866084533614147389e+01,6.889725806451613366e+00,7.887753643628102607e-01,4.409583115226904382e-01,1.351545952638425945e+02,0.000000000000000000e+00
1.479999999999999927e-01,1.479999999999999893e+01,1.868957060465863823e-02,1.868957060465863762e+01,6.890322580645161565e+00,7.886387378430005368e-01,4.409156087014279857e-01,1.349942191569349745e+02,0.000000000000000000e+00
1.480924999999999880e-01,1.480924999999999869e+01,1.871832725330797864e-02,1.871832725330797942e+01,6.890919354838709765e+00,7.885021468184473248e-01,4.408729104525301867e-01,1.348336678515455844e+02,0.000000000000000000e+00
1.481850000000000112e-01,1.481850000000000023e+01,1.874711539461839174e-02,1.874711539461839038e+01,6.891516129032257965e+00,7.883655912768565699e-01,4.408302167757430223e-01,1.346729407194141004e+02,0.000000000000000000e+00
1.482775000000000065e-01,1.482774999999999999e+01,1.877593514177980025e-02,1.877593514177980083e+01,6.892112903225807052e+00,7.882290712059389914e-01,4.407875276708124179e-01,1.345120371285896397e+02,0.000000000000000000e+00
1.483700000000000019e-01,1.483699999999999974e+01,1.880478660864856946e-02,1.880478660864856977e+01,6.892709677419355252e+00,7.880925865934110819e-01,4.407448431374840769e-01,1.343509564434004915e+02,0.000000000000000000e+00
1.484624999999999972e-01,1.484624999999999950e+01,1.883366990975305494e-02,1.883366990975305555e+01,6.893306451612903452e+00,7.879561374269942187e-01,4.407021631755035362e-01,1.341896980244231372e+02,0.000000000000000000e+00
1.485549999999999926e-01,1.485549999999999926e+01,1.886258516029910501e-02,1.886258516029910481e+01,6.893903225806451651e+00,7.878197236944156634e-01,4.406594877846163882e-01,1.340282612284515551e+02,0.000000000000000000e+00
1.486474999999999880e-01,1.486474999999999902e+01,1.889153247617569864e-02,1.889153247617569775e+01,6.894499999999999851e+00,7.876833453834070076e-01,4.406168169645678367e-01,1.338666454084657857e+02,0.000000000000000000e+00
1.487400000000000111e-01,1.487400000000000055e+01,1.892051197396063880e-02,1.892051197396063955e+01,6.895096774193549827e+00,7.875470024817057269e-01,4.405741507151030856e-01,1.337048499136000146e+02,0.000000000000000000e+00
1.488325000000000065e-01,1.488325000000000031e+01,1.894952377092619725e-02,1.894952377092619855e+01,6.895693548387096250e+00,7.874106949770555142e-01,4.405314890359673941e-01,1.335428740891111943e+02,0.000000000000000000e+00
1.489250000000000018e-01,1.489250000000000007e+01,1.897856798504502993e-02,1.897856798504502862e+01,6.896290322580645338e+00,7.872744228572038372e-01,4.404888319269054664e-01,1.333807172763459334e+02,0.000000000000000000e+00
1.490174999999999972e-01,1.490174999999999983e+01,1.900764473499594667e-02,1.900764473499594587e+01,6.896887096774193537e+00,7.871381861099042698e-01,4.404461793876622844e-01,1.332183788127083233e+02,0.000000000000000000e+00
1.491099999999999925e-01,1.491099999999999959e+01,1.903675414016989600e-02,1.903675414016989720e+01,6.897483870967741737e+00,7.870019847229154930e-01,4.404035314179824412e-01,1.330558580316265136e+02,0.000000000000000000e+00
1.492024999999999879e-01,1.492024999999999935e+01,1.906589632067588747e-02,1.906589632067588624e+01,6.898080645161289937e+00,7.868658186840012947e-01,4.403608880176104745e-01,1.328931542625196300e+02,0.000000000000000000e+00
1.492950000000000110e-01,1.492950000000000088e+01,1.909507139734706316e-02,1.909507139734706271e+01,6.898677419354839024e+00,7.867296879809314580e-01,4.403182491862908110e-01,1.327302668307638953e+02,0.000000000000000000e+00
1.493875000000000064e-01,1.493875000000000064e+01,1.912427949174682479e-02,1.912427949174682595e+01,6.899274193548388112e+00,7.865935926014798740e-01,4.402756149237677108e-01,1.325671950576584379e+02,0.000000000000000000e+00
1.494800000000000018e-01,1.494800000000000040e+01,1.915352072617503704e-02,1.915352072617503865e+01,6.899870967741935424e+00,7.864575325334273170e-01,4.402329852297854895e-01,1.324039382603906461e+02,0.000000000000000000e+00
1.495724999999999971e-01,1.495725000000000016e+01,1.918279522367421011e-02,1.918279522367420853e+01,6.900467741935483623e+00,7.863215077645585582e-01,4.401903601040880742e-01,1.322404957520016069e+02,0.000000000000000000e+00
1.496649999999999925e-01,1.496649999999999991e+01,1.921210310803588700e-02,1.921210310803588683e+01,6.901064516129031823e+00,7.861855182826638089e-01,4.401477395464192810e-01,1.320768668413504940e+02,0.000000000000000000e+00
1.497574999999999878e-01,1.497574999999999790e+01,1.924144450380696827e-02,1.924144450380696725e+01,6.901661290322580022e+00,7.860495640755389424e-01,4.401051235565229258e-01,1.319130508330792395e+02,0.000000000000000000e+00
1.498500000000000110e-01,1.498500000000000121e+01,1.927081953629621730e-02,1.927081953629621580e+01,6.902258064516128222e+00,7.859136451309851612e-01,4.400625121341427137e-01,1.317490470275762391e+02,0.000000000000000000e+00
1.499425000000000063e-01,1.499425000000000097e+01,1.930022833158074116e-02,1.930022833158074036e+01,6.902854838709678198e+00,7.857777614368081087e-01,4.400199052790219056e-01,1.315848547209401147e+02,0.000000000000000000e+00
1.500350000000000017e-01,1.500350000000000072e+01,1.932967101651265548e-02,1.932967101651265551e+01,6.903451612903226398e+00,7.856419129808200896e-01,4.399773029909042066e-01,1.314204732049425672e+02,0.000000000000000000e+00
1.501274999999999971e-01,1.501275000000000048e+01,1.935914771872569023e-02,1.935914771872569062e+01,6.904048387096774597e+00,7.855060997508377385e-01,4.399347052695327664e-01,1.312559017669914567e+02,0.000000000000000000e+00
1.502199999999999924e-01,1.502199999999999847e+01,1.938865856664197945e-02,1.938865856664197906e+01,6.904645161290321909e+00,7.853703217346829080e-01,4.398921121146506241e-01,1.310911396900928878e+02,0.000000000000000000e+00
1.503124999999999878e-01,1.503124999999999822e+01,1.941820368947883360e-02,1.941820368947883324e+01,6.905241935483870996e+00,7.852345789201828907e-01,4.398495235260006520e-01,1.309261862528134088e+02,0.000000000000000000e+00
1.504050000000000109e-01,1.504050000000000153e+01,1.944778321725571663e-02,1.944778321725571502e+01,6.905838709677420084e+00,7.850988712951703086e-01,4.398069395033258888e-01,1.307610407292411026e+02,0.000000000000000000e+00
1.504975000000000063e-01,1.504975000000000129e+01,1.947739728080114668e-02,1.947739728080114574e+01,6.906435483870968284e+00,7.849631988474834454e-01,4.397643600463690960e-01,1.305957023889469895e+02,0.000000000000000000e+00
1.505900000000000016e-01,1.505900000000000105e+01,1.950704601175978076e-02,1.950704601175977970e+01,6.907032258064516483e+00,7.848275615649651371e-01,4.397217851548728129e-01,1.304301704969454931e+02,0.000000000000000000e+00
1.506824999999999970e-01,1.506824999999999903e+01,1.953672954259953742e-02,1.953672954259953798e+01,6.907629032258064683e+00,7.846919594354635485e-01,4.396792148285794122e-01,1.302644443136547068e+02,0.000000000000000000e+00
1.507749999999999924e-01,1.507749999999999879e+01,1.956644800661882719e-02,1.956644800661882755e+01,6.908225806451612883e+00,7.845563924468325068e-01,4.396366490672313221e-01,1.300985230948560059e+02,0.000000000000000000e+00
1.508674999999999877e-01,1.508674999999999855e+01,1.959620153795380709e-02,1.959620153795380659e+01,6.908822580645161082e+00,7.844208605869307238e-01,4.395940878705707489e-01,1.299324060916535188e+02,0.000000000000000000e+00
1.509600000000000108e-01,1.509600000000000186e+01,1.962599027158581227e-02,1.962599027158581322e+01,6.909419354838710170e+00,7.842853638436217967e-01,4.395515312383395656e-01,1.297660925504326883e+02,0.000000000000000000e+00
1.510525000000000062e-01,1.510524999999999984e+01,1.965581434334874589e-02,1.965581434334874444e+01,6.910016129032258370e+00,7.841499022047764278e-01,4.395089791702801452e-01,1.295995817128189458e+02,0.000000000000000000e+00
1.511450000000000016e-01,1.511449999999999960e+01,1.968567388993669454e-02,1.968567388993669454e+01,6.910612903225806569e+00,7.840144756582682062e-01,4.394664316661339720e-01,1.294328728156352497e+02,0.000000000000000000e+00
1.512374999999999969e-01,1.512374999999999936e+01,1.971556904891152290e-02,1.971556904891152229e+01,6.911209677419354769e+00,7.838790841919770491e-01,4.394238887256428638e-01,1.292659650908596802e+02,0.000000000000000000e+00
1.513299999999999923e-01,1.513299999999999912e+01,1.974549995871056896e-02,1.974549995871056751e+01,6.911806451612902968e+00,7.837437277937880920e-01,4.393813503485483607e-01,1.290988577655824372e+02,0.000000000000000000e+00
1.514224999999999877e-01,1.514224999999999888e+01,1.977546675865449882e-02,1.977546675865449899e+01,6.912403225806451168e+00,7.836084064515915770e-01,4.393388165345918916e-01,1.289315500619620138e+02,0.000000000000000000e+00
1.515150000000000108e-01,1.515150000000000041e+01,1.980546958895517545e-02,1.980546958895517662e+01,6.913000000000000256e+00,7.834731201532828537e-01,4.392962872835147192e-01,1.287640411971812568e+02,0.000000000000000000e+00
1.516075000000000061e-01,1.516075000000000017e+01,1.983550859072364184e-02,1.983550859072364148e+01,6.913596774193548455e+00,7.833378688867628226e-01,4.392537625950579949e-01,1.285963303834028295e+02,0.000000000000000000e+00
1.517000000000000015e-01,1.516999999999999993e+01,1.986558390597819440e-02,1.986558390597819468e+01,6.914193548387096655e+00,7.832026526399373800e-01,4.392112424689629258e-01,1.284284168277240497e+02,0.000000000000000000e+00
1.517924999999999969e-01,1.517924999999999969e+01,1.989569567765258826e-02,1.989569567765258995e+01,6.914790322580644855e+00,7.830674714007177517e-01,4.391687269049702746e-01,1.282602997321311875e+02,0.000000000000000000e+00
1.518849999999999922e-01,1.518849999999999945e+01,1.992584404960428407e-02,1.992584404960428301e+01,6.915387096774193054e+00,7.829323251570206033e-01,4.391262159028210821e-01,1.280919782934533657e+02,0.000000000000000000e+00
1.519774999999999876e-01,1.519774999999999920e+01,1.995602916662279902e-02,1.995602916662279824e+01,6.915983870967742142e+00,7.827972138967665972e-01,4.390837094622556114e-01,1.279234517033159335e+02,0.000000000000000000e+00
1.520700000000000107e-01,1.520700000000000074e+01,1.998625117443817573e-02,1.998625117443817700e+01,6.916580645161291230e+00,7.826621376078833903e-01,4.390412075830146255e-01,1.277547191480931303e+02,0.000000000000000000e+00
1.521625000000000061e-01,1.521625000000000050e+01,2.001651021972955177e-02,2.001651021972955036e+01,6.917177419354839429e+00,7.825270962783027473e-01,4.389987102648386652e-01,1.275857798088604227e+02,0.000000000000000000e+00
1.522550000000000014e-01,1.522550000000000026e+01,2.004680645013379517e-02,2.004680645013379348e+01,6.917774193548387629e+00,7.823920898959618730e-01,4.389562175074677164e-01,1.274166328613460450e+02,0.000000000000000000e+00
1.523474999999999968e-01,1.523475000000000001e+01,2.007714001425431327e-02,2.007714001425431150e+01,6.918370967741934940e+00,7.822571184488030793e-01,4.389137293106421533e-01,1.272472774758820435e+02,0.000000000000000000e+00
1.524399999999999922e-01,1.524399999999999977e+01,2.010751106166985130e-02,2.010751106166985025e+01,6.918967741935483140e+00,7.821221819247742291e-01,4.388712456741020174e-01,1.270777128173550068e+02,0.000000000000000000e+00
1.525324999999999875e-01,1.525324999999999953e+01,2.013791974294353374e-02,2.013791974294353437e+01,6.919564516129032228e+00,7.819872803118278481e-01,4.388287665975869056e-01,1.269079380451556176e+02,0.000000000000000000e+00
1.526250000000000107e-01,1.526250000000000107e+01,2.016836620963189872e-02,2.016836620963189830e+01,6.920161290322581316e+00,7.818524135979219025e-01,4.387862920808368594e-01,1.267379523131282610e+02,0.000000000000000000e+00
1.527175000000000060e-01,1.527175000000000082e+01,2.019885061429405049e-02,2.019885061429405226e+01,6.920758064516129515e+00,7.817175817710199093e-01,4.387438221235914759e-01,1.265677547695198797e+02,0.000000000000000000e+00
1.528100000000000014e-01,1.528100000000000058e+01,2.022937311050102341e-02,2.022937311050102238e+01,6.921354838709677715e+00,7.815827848190901594e-01,4.387013567255902413e-01,1.263973445569277345e+02,0.000000000000000000e+00
1.529024999999999967e-01,1.529025000000000034e+01,2.025993385284517029e-02,2.025993385284516890e+01,6.921951612903225914e+00,7.814480227301062731e-01,4.386588958865725307e-01,1.262267208122469100e+02,0.000000000000000000e+00
1.529949999999999921e-01,1.529949999999999832e+01,2.029053299694961315e-02,2.029053299694961154e+01,6.922548387096773226e+00,7.813132954920467554e-01,4.386164396062776638e-01,1.260558826666176060e+02,0.000000000000000000e+00
1.530874999999999875e-01,1.530874999999999808e+01,2.032117069947794730e-02,2.032117069947794619e+01,6.923145161290322314e+00,7.811786030928954405e-01,4.385739878844446271e-01,1.258848292453710087e+02,0.000000000000000000e+00
1.531800000000000106e-01,1.531800000000000139e+01,2.035184711814399736e-02,2.035184711814399705e+01,6.923741935483871401e+00,7.810439455206418247e-01,4.385315407208124627e-01,1.257135596679747351e+02,0.000000000000000000e+00
1.532725000000000060e-01,1.532725000000000115e+01,2.038256241172159422e-02,2.038256241172159378e+01,6.924338709677419601e+00,7.809093227632801781e-01,4.384890981151201572e-01,1.255420730479782634e+02,0.000000000000000000e+00
1.533650000000000013e-01,1.533650000000000091e+01,2.041331674005461561e-02,2.041331674005461494e+01,6.924935483870967801e+00,7.807747348088098782e-01,4.384466600671064196e-01,1.253703684929568993e+02,0.000000000000000000e+00
1.534574999999999967e-01,1.534574999999999889e+01,2.044411026406713072e-02,2.044411026406713106e+01,6.925532258064516000e+00,7.806401816452355202e-01,4.384042265765098478e-01,1.251984451044551605e+02,0.000000000000000000e+00
1.535499999999999921e-01,1.535499999999999865e+01,2.047494314577355881e-02,2.047494314577355823e+01,6.926129032258065088e+00,7.805056632605666955e-01,4.383617976430688734e-01,1.250263019779299754e+02,0.000000000000000000e+00
1.536424999999999874e-01,1.536424999999999841e+01,2.050581554828905320e-02,2.050581554828905340e+01,6.926725806451612399e+00,7.803711796428191017e-01,4.383193732665221498e-01,1.248539382026928024e+02,0.000000000000000000e+00
1.537350000000000105e-01,1.537350000000000172e+01,2.053672763583997557e-02,2.053672763583997707e+01,6.927322580645161487e+00,7.802367307800115448e-01,4.382769534466073313e-01,1.246813528618510958e+02,0.000000000000000000e+00
1.538275000000000059e-01,1.538275000000000148e+01,2.056767957377449510e-02,2.056767957377449463e+01,6.927919354838709687e+00,7.801023166601708247e-01,4.382345381830631825e-01,1.245085450322491312e+02,0.000000000000000000e+00
1.539200000000000013e-01,1.539199999999999946e+01,2.059867152857335765e-02,2.059867152857335881e+01,6.928516129032257886e+00,7.799679372713265169e-01,4.381921274756273577e-01,1.243355137844079508e+02,0.000000000000000000e+00
1.540124999999999966e-01,1.540124999999999922e+01,2.062970366786071735e-02,2.062970366786071708e+01,6.929112903225806086e+00,7.798335926015144137e-01,4.381497213240376776e-01,1.241622581824647398e+02,0.000000000000000000e+00
1.541049999999999920e-01,1.541049999999999898e+01,2.066077616041516601e-02,2.066077616041516762e+01,6.929709677419355174e+00,7.796992826387750819e-01,4.381073197280320741e-01,1.239887772841113929e+02,0.000000000000000000e+00
1.541974999999999874e-01,1.541974999999999874e+01,2.069188917618087001e-02,2.069188917618086876e+01,6.930306451612903373e+00,7.795650073711546391e-01,4.380649226873479241e-01,1.238150701405322991e+02,0.000000000000000000e+00
1.542900000000000105e-01,1.542900000000000027e+01,2.072304288627887028e-02,2.072304288627887203e+01,6.930903225806452461e+00,7.794307667867041989e-01,4.380225302017229927e-01,1.236411357963412314e+02,0.000000000000000000e+00
1.543825000000000058e-01,1.543825000000000003e+01,2.075423746301844480e-02,2.075423746301844474e+01,6.931499999999999773e+00,7.792965608734796490e-01,4.379801422708943792e-01,1.234669732895178527e+02,0.000000000000000000e+00
1.544750000000000012e-01,1.544749999999999979e+01,2.078547307990873116e-02,2.078547307990872994e+01,6.932096774193547972e+00,7.791623896195427612e-01,4.379377588945994604e-01,1.232925816513429567e+02,0.000000000000000000e+00
1.545674999999999966e-01,1.545674999999999955e+01,2.081674991167039787e-02,2.081674991167039934e+01,6.932693548387097060e+00,7.790282530129594152e-01,4.378953800725752799e-01,1.231179599063332120e+02,0.000000000000000000e+00
1.546599999999999919e-01,1.546599999999999930e+01,2.084806813424755489e-02,2.084806813424755489e+01,6.933290322580644371e+00,7.788941510418020409e-01,4.378530058045589368e-01,1.229431070721746835e+02,0.000000000000000000e+00
1.547524999999999873e-01,1.547524999999999906e+01,2.087942792481968166e-02,2.087942792481968013e+01,6.933887096774194347e+00,7.787600836941462878e-01,4.378106360902869754e-01,1.227680221596562546e+02,0.000000000000000000e+00
1.548450000000000104e-01,1.548450000000000060e+01,2.091082946181387764e-02,2.091082946181387925e+01,6.934483870967742547e+00,7.786260509580750222e-01,4.377682709294964392e-01,1.225927041726012305e+02,0.000000000000000000e+00
1.549375000000000058e-01,1.549375000000000036e+01,2.094227292491701586e-02,2.094227292491701675e+01,6.935080645161290747e+00,7.784920528216748847e-01,4.377259103219239278e-01,1.224171521077994100e+02,0.000000000000000000e+00
1.550300000000000011e-01,1.550300000000000011e+01,2.097375849508842718e-02,2.097375849508842549e+01,6.935677419354838946e+00,7.783580892730378453e-01,4.376835542673057633e-01,1.222413649549364152e+02,0.000000000000000000e+00
1.551224999999999965e-01,1.551224999999999987e+01,2.100528635457234866e-02,2.100528635457234827e+01,6.936274193548386258e+00,7.782241603002610919e-01,4.376412027653782677e-01,1.220653416965240297e+02,0.000000000000000000e+00
1.552149999999999919e-01,1.552149999999999963e+01,2.103685668691081256e-02,2.103685668691081290e+01,6.936870967741935345e+00,7.780902658914472525e-01,4.375988558158778186e-01,1.218890813078283628e+02,0.000000000000000000e+00
1.553074999999999872e-01,1.553074999999999939e+01,2.106846967695655617e-02,2.106846967695655692e+01,6.937467741935483545e+00,7.779564060347038401e-01,4.375565134185404603e-01,1.217125827567977296e+02,0.000000000000000000e+00
1.554000000000000103e-01,1.554000000000000092e+01,2.110012551088613977e-02,2.110012551088614075e+01,6.938064516129032633e+00,7.778225807181429197e-01,4.375141755731020154e-01,1.215358450039893512e+02,0.000000000000000000e+00
1.554925000000000057e-01,1.554925000000000068e+01,2.113182437621324503e-02,2.113182437621324539e+01,6.938661290322580832e+00,7.776887899298831064e-01,4.374718422792986394e-01,1.213588670024952307e+02,0.000000000000000000e+00
1.555850000000000011e-01,1.555850000000000044e+01,2.116356646180214338e-02,2.116356646180214440e+01,6.939258064516129920e+00,7.775550336580461241e-01,4.374295135368657661e-01,1.211816476978668220e+02,0.000000000000000000e+00
1.556774999999999964e-01,1.556775000000000020e+01,2.119535195788132403e-02,2.119535195788132498e+01,6.939854838709677232e+00,7.774213118907611353e-01,4.373871893455392734e-01,1.210041860280390722e+02,0.000000000000000000e+00
1.557699999999999918e-01,1.557699999999999996e+01,2.122718105605730585e-02,2.122718105605730443e+01,6.940451612903226319e+00,7.772876246161599667e-01,4.373448697050543177e-01,1.208264809232532144e+02,0.000000000000000000e+00
1.558624999999999872e-01,1.558624999999999794e+01,2.125905394932859835e-02,2.125905394932859949e+01,6.941048387096774519e+00,7.771539718223814397e-01,4.373025546151464993e-01,1.206485313059788780e+02,0.000000000000000000e+00
1.559550000000000103e-01,1.559550000000000125e+01,2.129097083209997507e-02,2.129097083209997621e+01,6.941645161290322719e+00,7.770203534975687054e-01,4.372602440755509190e-01,1.204703360908343797e+02,0.000000000000000000e+00
1.560475000000000056e-01,1.560475000000000101e+01,2.132293190019667051e-02,2.132293190019667151e+01,6.942241935483870918e+00,7.768867696298698000e-01,4.372179380860027331e-01,1.202918941845073846e+02,0.000000000000000000e+00
1.561400000000000010e-01,1.561400000000000077e+01,2.135493735087911835e-02,2.135493735087911915e+01,6.942838709677419118e+00,7.767532202074386438e-01,4.371756366462369314e-01,1.201132044856727958e+02,0.000000000000000000e+00
1.562324999999999964e-01,1.562324999999999875e+01,2.138698738285755088e-02,2.138698738285755141e+01,6.943435483870968206e+00,7.766197052184331540e-01,4.371333397559883371e-01,1.199342658849110848e+02,0.000000000000000000e+00
1.563249999999999917e-01,1.563249999999999851e+01,2.141908219630699745e-02,2.141908219630699861e+01,6.944032258064516405e+00,7.764862246510174648e-01,4.370910474149916625e-01,1.197550772646246315e+02,0.000000000000000000e+00
1.564174999999999871e-01,1.564174999999999827e+01,2.145122199288243200e-02,2.145122199288243081e+01,6.944629032258065493e+00,7.763527784933594855e-01,4.370487596229814531e-01,1.195756374989531281e+02,0.000000000000000000e+00
1.565100000000000102e-01,1.565100000000000158e+01,2.148340697573405955e-02,2.148340697573405933e+01,6.945225806451612804e+00,7.762193667336341196e-01,4.370064763796924212e-01,1.193959454536882276e+02,0.000000000000000000e+00
1.566025000000000056e-01,1.566025000000000134e+01,2.151563734952290433e-02,2.151563734952290474e+01,6.945822580645161004e+00,7.760859893600192683e-01,4.369641976848586684e-01,1.192159999861865742e+02,0.000000000000000000e+00
1.566950000000000010e-01,1.566949999999999932e+01,2.154791332043654722e-02,2.154791332043654606e+01,6.946419354838709204e+00,7.759526463606991609e-01,4.369219235382145183e-01,1.190357999452817808e+02,0.000000000000000000e+00
1.567874999999999963e-01,1.567874999999999908e+01,2.158023509620508179e-02,2.158023509620508307e+01,6.947016129032258291e+00,7.758193377238626898e-01,4.368796539394940726e-01,1.188553441711955969e+02,0.000000000000000000e+00
1.568799999999999917e-01,1.568799999999999883e+01,2.161260288611730959e-02,2.161260288611730829e+01,6.947612903225806491e+00,7.756860634377041874e-01,4.368373888884313216e-01,1.186746314954472439e+02,0.000000000000000000e+00
1.569724999999999870e-01,1.569724999999999859e+01,2.164501690103708825e-02,2.164501690103708853e+01,6.948209677419355579e+00,7.755528234904223162e-01,4.367951283847600896e-01,1.184936607407622802e+02,0.000000000000000000e+00
1.570650000000000102e-01,1.570650000000000190e+01,2.167747735342003684e-02,2.167747735342003779e+01,6.948806451612903778e+00,7.754196178702220665e-01,4.367528724282143116e-01,1.183124307209792789e+02,0.000000000000000000e+00
1.571575000000000055e-01,1.571574999999999989e+01,2.170998445733027249e-02,2.170998445733027182e+01,6.949403225806451090e+00,7.752864465653120929e-01,4.367106210185273119e-01,1.181309402409564484e+02,0.000000000000000000e+00
1.572500000000000009e-01,1.572499999999999964e+01,2.174253842845758761e-02,2.174253842845758911e+01,6.949999999999999289e+00,7.751533095639066007e-01,4.366683741554326925e-01,1.179491880964756376e+02,0.000000000000000000e+00
1.573424999999999963e-01,1.573424999999999940e+01,2.177513948413466877e-02,2.177513948413466949e+01,6.950596774193548377e+00,7.750202068542253464e-01,4.366261318386638335e-01,1.177671730741462710e+02,0.000000000000000000e+00
1.574349999999999916e-01,1.574349999999999916e+01,2.180778784335470066e-02,2.180778784335469922e+01,6.951193548387097465e+00,7.748871384244927496e-01,4.365838940679539482e-01,1.175848939513070235e+02,0.000000000000000000e+00
1.575274999999999870e-01,1.575274999999999892e+01,2.184048372678915051e-02,2.184048372678915229e+01,6.951790322580645665e+00,7.747541042629382257e-01,4.365416608430363055e-01,1.174023494959266003e+02,0.000000000000000000e+00
1.576200000000000101e-01,1.576200000000000045e+01,2.187322735680576405e-02,2.187322735680576358e+01,6.952387096774193864e+00,7.746211043577965194e-01,4.364994321636437302e-01,1.172195384665031384e+02,0.000000000000000000e+00
1.577125000000000055e-01,1.577125000000000021e+01,2.190601895748685995e-02,2.190601895748686090e+01,6.952983870967742064e+00,7.744881386973068160e-01,4.364572080295091028e-01,1.170364596119622149e+02,0.000000000000000000e+00
1.578050000000000008e-01,1.578049999999999997e+01,2.193885875464789831e-02,2.193885875464789947e+01,6.953580645161291152e+00,7.743552072697139632e-01,4.364149884403651924e-01,1.168531116715530089e+02,0.000000000000000000e+00
1.578974999999999962e-01,1.578974999999999973e+01,2.197174697585624337e-02,2.197174697585624159e+01,6.954177419354838463e+00,7.742223100632676935e-01,4.363727733959446020e-01,1.166694933747437375e+02,0.000000000000000000e+00
1.579899999999999916e-01,1.579899999999999949e+01,2.200468385045022818e-02,2.200468385045022757e+01,6.954774193548387551e+00,7.740894470662227356e-01,4.363305628959799343e-01,1.164856034411150318e+02,0.000000000000000000e+00
1.580824999999999869e-01,1.580824999999999925e+01,2.203766960955845511e-02,2.203766960955845633e+01,6.955370967741935750e+00,7.739566182668390359e-01,4.362883569402035144e-01,1.163014405802523470e+02,0.000000000000000000e+00
1.581750000000000100e-01,1.581750000000000078e+01,2.207070448611943292e-02,2.207070448611943192e+01,6.955967741935483950e+00,7.738238236533809822e-01,4.362461555283475567e-01,1.161170034916361828e+02,0.000000000000000000e+00
1.582675000000000054e-01,1.582675000000000054e+01,2.210378871490143587e-02,2.210378871490143737e+01,6.956564516129032150e+00,7.736910632141188460e-01,4.362039586601443308e-01,1.159322908645312964e+02,0.000000000000000000e+00
1.583600000000000008e-01,1.583600000000000030e+01,2.213692253252263695e-02,2.213692253252263598e+01,6.957161290322580349e+00,7.735583369373272289e-01,4.361617663353256069e-01,1.157473013778742796e+02,0.000000000000000000e+00
1.584524999999999961e-01,1.584525000000000006e+01,2.217010617747159143e-02,2.217010617747159174e+01,6.957758064516129437e+00,7.734256448112860616e-01,4.361195785536234881e-01,1.155620337001591622e+02,0.000000000000000000e+00
1.585449999999999915e-01,1.585449999999999982e+01,2.220333989012789749e-02,2.220333989012789644e+01,6.958354838709677637e+00,7.732929868242802707e-01,4.360773953147696891e-01,1.153764864893221187e+02,0.000000000000000000e+00
1.586374999999999869e-01,1.586374999999999957e+01,2.223662391278329389e-02,2.223662391278329409e+01,6.958951612903225836e+00,7.731603629646000009e-01,4.360352166184958134e-01,1.151906583926236465e+02,0.000000000000000000e+00
1.587300000000000100e-01,1.587300000000000111e+01,2.226995848966296238e-02,2.226995848966296165e+01,6.959548387096774036e+00,7.730277732205399488e-01,4.359930424645334091e-01,1.150045480465295924e+02,0.000000000000000000e+00
1.588225000000000053e-01,1.588225000000000087e+01,2.230334386694713886e-02,2.230334386694713800e+01,6.960145161290322235e+00,7.728952175804003621e-01,4.359508728526138577e-01,1.148181540765905879e+02,0.000000000000000000e+00
1.589150000000000007e-01,1.589150000000000063e+01,2.233678029279308891e-02,2.233678029279309030e+01,6.960741935483870435e+00,7.727626960324860406e-01,4.359087077824685408e-01,1.146314750973192815e+02,0.000000000000000000e+00
1.590074999999999961e-01,1.590075000000000038e+01,2.237026801735738507e-02,2.237026801735738601e+01,6.961338709677419523e+00,7.726302085651068907e-01,4.358665472538283958e-01,1.144445097120659653e+02,0.000000000000000000e+00
1.590999999999999914e-01,1.590999999999999837e+01,2.240380729281844091e-02,2.240380729281844197e+01,6.961935483870967722e+00,7.724977551665783704e-01,4.358243912664247488e-01,1.142572565128928233e+02,0.000000000000000000e+00
1.591924999999999868e-01,1.591924999999999812e+01,2.243739837339948223e-02,2.243739837339948195e+01,6.962532258064516810e+00,7.723653358252198231e-01,4.357822398199881486e-01,1.140697140804456353e+02,0.000000000000000000e+00
1.592850000000000099e-01,1.592850000000000144e+01,2.247104151539179237e-02,2.247104151539179284e+01,6.963129032258064122e+00,7.722329505293570318e-01,4.357400929142497548e-01,1.138818809838239901e+02,0.000000000000000000e+00
1.593775000000000053e-01,1.593775000000000119e+01,2.250473697717827667e-02,2.250473697717827548e+01,6.963725806451612321e+00,7.721005992673196650e-01,4.356979505489400051e-01,1.136937557804497771e+02,0.000000000000000000e+00
1.594700000000000006e-01,1.594699999999999918e+01,2.253848501925739475e-02,2.253848501925739356e+01,6.964322580645161409e+00,7.719682820274427204e-01,4.356558127237895595e-01,1.135053370159334634e+02,0.000000000000000000e+00
1.595624999999999960e-01,1.595624999999999893e+01,2.257228590426752987e-02,2.257228590426753101e+01,6.964919354838710497e+00,7.718359987980660808e-01,4.356136794385286892e-01,1.133166232239381657e+02,0.000000000000000000e+00
1.596549999999999914e-01,1.596549999999999869e+01,2.260613989701154569e-02,2.260613989701154480e+01,6.965516129032258696e+00,7.717037495675356240e-01,4.355715506928879988e-01,1.131276129260424312e+02,0.000000000000000000e+00
1.597474999999999867e-01,1.597474999999999845e+01,2.264004726448184610e-02,2.264004726448184712e+01,6.966112903225806896e+00,7.715715343242004476e-01,4.355294264865974263e-01,1.129383046316004311e+02,0.000000000000000000e+00
1.598400000000000098e-01,1.598400000000000176e+01,2.267400827588580969e-02,2.267400827588581080e+01,6.966709677419355096e+00,7.714393530564159773e-01,4.354873068193870767e-01,1.127486968375998799e+02,0.000000000000000000e+00
1.599325000000000052e-01,1.599324999999999974e+01,2.270802320267145680e-02,2.270802320267145546e+01,6.967306451612902407e+00,7.713072057525420799e-01,4.354451916909868880e-01,1.125587880285187765e+02,0.000000000000000000e+00
1.600250000000000006e-01,1.600250000000000128e+01,2.274209231855375477e-02,2.274209231855375535e+01,6.967903225806451495e+00,7.711750924009435071e-01,4.354030811011266322e-01,1.123685766761784919e+02,0.000000000000000000e+00
1.601174999999999959e-01,1.601174999999999926e+01,2.277621589954099621e-02,2.277621589954099690e+01,6.968499999999999694e+00,7.710430129899907836e-01,4.353609750495361919e-01,1.121780612395965591e+02,0.000000000000000000e+00
1.602099999999999913e-01,1.602100000000000080e+01,2.281039422396190577e-02,2.281039422396190730e+01,6.969096774193548782e+00,7.709109675080583202e-01,4.353188735359449502e-01,1.119872401648353133e+02,0.000000000000000000e+00
1.603024999999999867e-01,1.603024999999999878e+01,2.284462757249288919e-02,2.284462757249288956e+01,6.969693548387096982e+00,7.707789559435265225e-01,4.352767765600824568e-01,1.117961118848496938e+02,0.000000000000000000e+00
1.603950000000000098e-01,1.603950000000000031e+01,2.287891622818590681e-02,2.287891622818590776e+01,6.970290322580645181e+00,7.706469782847799044e-01,4.352346841216780393e-01,1.116046748193317057e+02,0.000000000000000000e+00
1.604875000000000052e-01,1.604875000000000185e+01,2.291326047649658998e-02,2.291326047649658904e+01,6.970887096774193381e+00,7.705150345202086415e-01,4.351925962204609699e-01,1.114129273745534334e+02,0.000000000000000000e+00
1.605800000000000005e-01,1.605799999999999983e+01,2.294766060531290564e-02,2.294766060531290464e+01,6.971483870967742469e+00,7.703831246382070175e-01,4.351505128561600766e-01,1.112208679432069687e+02,0.000000000000000000e+00
1.606724999999999959e-01,1.606725000000000136e+01,2.298211690498427537e-02,2.298211690498427373e+01,6.972080645161289780e+00,7.702512486271756442e-01,4.351084340285047425e-01,1.110284949042418390e+02,0.000000000000000000e+00
1.607649999999999912e-01,1.607649999999999935e+01,2.301662966835097551e-02,2.301662966835097635e+01,6.972677419354838868e+00,7.701194064755183533e-01,4.350663597372234626e-01,1.108358066227008578e+02,0.000000000000000000e+00
1.608574999999999866e-01,1.608574999999999733e+01,2.305119919077428317e-02,2.305119919077428392e+01,6.973274193548387068e+00,7.699875981716458595e-01,4.350242899820452314e-01,1.106428014495518966e+02,0.000000000000000000e+00
1.609500000000000097e-01,1.609500000000000242e+01,2.308582577016676449e-02,2.308582577016676396e+01,6.973870967741935267e+00,7.698558237039723195e-01,4.349822247626985994e-01,1.104494777215186758e+02,0.000000000000000000e+00
1.610425000000000051e-01,1.610425000000000040e+01,2.312050970702323946e-02,2.312050970702323838e+01,6.974467741935484355e+00,7.697240830609171081e-01,4.349401640789118395e-01,1.102558337609079047e+02,0.000000000000000000e+00
1.611350000000000005e-01,1.611349999999999838e+01,2.315525130445224983e-02,2.315525130445224988e+01,6.975064516129032555e+00,7.695923762309054839e-01,4.348981079304136688e-01,1.100618678754336912e+02,0.000000000000000000e+00
1.612274999999999958e-01,1.612274999999999991e+01,2.319005086820784267e-02,2.319005086820784101e+01,6.975661290322581642e+00,7.694607032023663695e-01,4.348560563169320270e-01,1.098675783580399496e+02,0.000000000000000000e+00
1.613199999999999912e-01,1.613199999999999790e+01,2.322490870672205485e-02,2.322490870672205432e+01,6.976258064516128954e+00,7.693290639637347939e-01,4.348140092381952981e-01,1.096729634867191265e+02,0.000000000000000000e+00
1.614124999999999865e-01,1.614124999999999943e+01,2.325982513113775477e-02,2.325982513113775596e+01,6.976854838709677153e+00,7.691974585034497824e-01,4.347719666939313110e-01,1.094780215243288382e+02,0.000000000000000000e+00
1.615050000000000097e-01,1.615050000000000097e+01,2.329480045534209828e-02,2.329480045534209864e+01,6.977451612903225353e+00,7.690658868099559120e-01,4.347299286838680055e-01,1.092827507184050404e+02,0.000000000000000000e+00
1.615975000000000050e-01,1.615974999999999895e+01,2.332983499600046681e-02,2.332983499600046784e+01,6.978048387096774441e+00,7.689343488717024222e-01,4.346878952077332658e-01,1.090871493009725555e+02,0.000000000000000000e+00
1.616900000000000004e-01,1.616900000000000048e+01,2.336492907259100221e-02,2.336492907259100349e+01,6.978645161290322640e+00,7.688028446771437707e-01,4.346458662652546434e-01,1.088912154883523300e+02,0.000000000000000000e+00
1.617824999999999958e-01,1.617824999999999847e+01,2.340008300743962391e-02,2.340008300743962266e+01,6.979241935483871728e+00,7.686713742147388562e-01,4.346038418561596339e-01,1.086949474809658227e+02,0.000000000000000000e+00
1.618749999999999911e-01,1.618750000000000000e+01,2.343529712575567053e-02,2.343529712575567103e+01,6.979838709677419928e+00,7.685399374729522393e-01,4.345618219801757331e-01,1.084983434631361234e+02,0.000000000000000000e+00
1.619674999999999865e-01,1.619674999999999798e+01,2.347057175566804113e-02,2.347057175566803977e+01,6.980435483870968127e+00,7.684085344402526996e-01,4.345198066370302703e-01,1.083014016028860595e+02,0.000000000000000000e+00
1.620600000000000096e-01,1.620599999999999952e+01,2.350590722826206846e-02,2.350590722826206758e+01,6.981032258064515439e+00,7.682771651051140127e-01,4.344777958264502971e-01,1.081041200517324086e+02,0.000000000000000000e+00
1.621525000000000050e-01,1.621525000000000105e+01,2.354130387761675311e-02,2.354130387761675181e+01,6.981629032258063638e+00,7.681458294560158384e-01,4.344357895481629761e-01,1.079064969444780360e+02,0.000000000000000000e+00
1.622450000000000003e-01,1.622449999999999903e+01,2.357676204084287880e-02,2.357676204084287974e+01,6.982225806451613614e+00,7.680145274814408340e-01,4.343937878018951371e-01,1.077085303989990024e+02,0.000000000000000000e+00
1.623374999999999957e-01,1.623375000000000057e+01,2.361228205812153716e-02,2.361228205812153647e+01,6.982822580645160926e+00,7.678832591698789845e-01,4.343517905873737206e-01,1.075102185160295107e+02,0.000000000000000000e+00
1.624299999999999911e-01,1.624299999999999855e+01,2.364786427274340880e-02,2.364786427274340852e+01,6.983419354838710014e+00,7.677520245098233831e-01,4.343097979043253898e-01,1.073115593789427038e+02,0.000000000000000000e+00
1.625224999999999864e-01,1.625225000000000009e+01,2.368350903114859948e-02,2.368350903114859918e+01,6.984016129032258213e+00,7.676208234897726745e-01,4.342678097524765857e-01,1.071125510535280370e+02,0.000000000000000000e+00
1.626150000000000095e-01,1.626150000000000162e+01,2.371921668296725350e-02,2.371921668296725372e+01,6.984612903225806413e+00,7.674896560982304994e-01,4.342258261315540269e-01,1.069131915877647714e+02,0.000000000000000000e+00
1.627075000000000049e-01,1.627074999999999960e+01,2.375498758106065963e-02,2.375498758106066077e+01,6.985209677419354612e+00,7.673585223237049391e-01,4.341838470412838213e-01,1.067134790115922840e+02,0.000000000000000000e+00
1.628000000000000003e-01,1.628000000000000114e+01,2.379082208156329745e-02,2.379082208156329870e+01,6.985806451612902812e+00,7.672274221547096262e-01,4.341418724813923546e-01,1.065134113366754036e+02,0.000000000000000000e+00
1.628924999999999956e-01,1.628924999999999912e+01,2.382672054392533448e-02,2.382672054392533312e+01,6.986403225806451900e+00,7.670963555797627453e-01,4.340999024516055682e-01,1.063129865561671465e+02,0.000000000000000000e+00
1.629849999999999910e-01,1.629850000000000065e+01,2.386268333095601865e-02,2.386268333095601690e+01,6.987000000000000099e+00,7.669653225873874769e-01,4.340579369516496810e-01,1.061122026444664499e+02,0.000000000000000000e+00
1.630774999999999864e-01,1.630774999999999864e+01,2.389871080886766738e-02,2.389871080886766563e+01,6.987596774193548299e+00,7.668343231661118864e-01,4.340159759812503015e-01,1.059110575569725512e+02,0.000000000000000000e+00
1.631700000000000095e-01,1.631700000000000017e+01,2.393480334732049977e-02,2.393480334732049997e+01,6.988193548387096499e+00,7.667033573044688133e-01,4.339740195401333711e-01,1.057095492298347352e+02,0.000000000000000000e+00
1.632625000000000048e-01,1.632625000000000171e+01,2.397096131946818698e-02,2.397096131946818787e+01,6.988790322580646475e+00,7.665724249909957599e-01,4.339320676280243316e-01,1.055076755796979313e+02,0.000000000000000000e+00
1.633550000000000002e-01,1.633549999999999969e+01,2.400718510200416933e-02,2.400718510200416844e+01,6.989387096774193786e+00,7.664415262142362240e-01,4.338901202446490135e-01,1.053054345034441752e+02,0.000000000000000000e+00
1.634474999999999956e-01,1.634475000000000122e+01,2.404347507520883040e-02,2.404347507520883198e+01,6.989983870967741986e+00,7.663106609627373667e-01,4.338481773897325255e-01,1.051028238779292963e+02,0.000000000000000000e+00
1.635399999999999909e-01,1.635399999999999920e+01,2.407983162299738231e-02,2.407983162299738211e+01,6.990580645161290185e+00,7.661798292250515674e-01,4.338062390630001985e-01,1.048998415597154548e+02,0.000000000000000000e+00
1.636324999999999863e-01,1.636324999999999719e+01,2.411625513296864962e-02,2.411625513296865009e+01,6.991177419354838385e+00,7.660490309897366457e-01,4.337643052641772523e-01,1.046964853847988763e+02,0.000000000000000000e+00
1.637250000000000094e-01,1.637250000000000227e+01,2.415274599645467896e-02,2.415274599645468001e+01,6.991774193548387473e+00,7.659182662453543067e-01,4.337223759929886846e-01,1.044927531683327402e+02,0.000000000000000000e+00
1.638175000000000048e-01,1.638175000000000026e+01,2.418930460857116049e-02,2.418930460857115960e+01,6.992370967741935672e+00,7.657875349804723619e-01,4.336804512491595487e-01,1.042886427043458184e+02,0.000000000000000000e+00
1.639100000000000001e-01,1.639099999999999824e+01,2.422593136826887289e-02,2.422593136826887417e+01,6.992967741935484760e+00,7.656568371836621756e-01,4.336385310324143982e-01,1.040841517654552177e+02,0.000000000000000000e+00
1.640024999999999955e-01,1.640024999999999977e+01,2.426262667838582562e-02,2.426262667838582487e+01,6.993564516129032960e+00,7.655261728435012181e-01,4.335966153424781755e-01,1.038792781025751566e+02,0.000000000000000000e+00
1.640949999999999909e-01,1.640949999999999775e+01,2.429939094570048724e-02,2.429939094570048752e+01,6.994161290322580271e+00,7.653955419485710676e-01,4.335547041790752676e-01,1.036740194446199297e+02,0.000000000000000000e+00
1.641874999999999862e-01,1.641874999999999929e+01,2.433622458098587057e-02,2.433622458098587060e+01,6.994758064516128471e+00,7.652649444874582985e-01,4.335127975419302837e-01,1.034683734982018848e+02,0.000000000000000000e+00
1.642800000000000094e-01,1.642800000000000082e+01,2.437312799906461019e-02,2.437312799906461080e+01,6.995354838709677558e+00,7.651343804487542588e-01,4.334708954307673334e-01,1.032623379473238998e+02,0.000000000000000000e+00
1.643725000000000047e-01,1.643724999999999881e+01,2.441010161886493501e-02,2.441010161886493535e+01,6.995951612903225758e+00,7.650038498210558480e-01,4.334289978453109149e-01,1.030559104530668435e+02,0.000000000000000000e+00
1.644650000000000001e-01,1.644650000000000034e+01,2.444714586347783089e-02,2.444714586347783225e+01,6.996548387096774846e+00,7.648733525929639621e-01,4.333871047852849157e-01,1.028490886532706412e+02,0.000000000000000000e+00
1.645574999999999954e-01,1.645574999999999832e+01,2.448426116021497692e-02,2.448426116021497734e+01,6.997145161290323045e+00,7.647428887530848263e-01,4.333452162504133898e-01,1.026418701622104805e+02,0.000000000000000000e+00
1.646499999999999908e-01,1.646499999999999986e+01,2.452144794066795849e-02,2.452144794066795797e+01,6.997741935483871245e+00,7.646124582900294397e-01,4.333033322404202803e-01,1.024342525702664943e+02,0.000000000000000000e+00
1.647424999999999862e-01,1.647424999999999784e+01,2.455870664076836504e-02,2.455870664076836363e+01,6.998338709677419445e+00,7.644820611924134646e-01,4.332614527550292527e-01,1.022262334435881570e+02,0.000000000000000000e+00
1.648350000000000093e-01,1.648349999999999937e+01,2.459603770084915070e-02,2.459603770084915197e+01,6.998935483870967644e+00,7.643516974488574478e-01,4.332195777939638615e-01,1.020178103237515899e+02,0.000000000000000000e+00
1.649275000000000047e-01,1.649275000000000091e+01,2.463344156570686228e-02,2.463344156570686394e+01,6.999532258064516732e+00,7.642213670479870435e-01,4.331777073569476055e-01,1.018089807274122620e+02,0.000000000000000000e+00
1.650200000000000000e-01,1.650199999999999889e+01,2.467091868466533486e-02,2.467091868466533455e+01,7.000129032258064932e+00,7.640910699784331239e-01,4.331358414437042059e-01,1.015997421459492926e+02,0.000000000000000000e+00
1.651124999999999954e-01,1.651125000000000043e+01,2.470846951164032065e-02,2.470846951164032035e+01,7.000725806451613131e+00,7.639608062288305579e-01,4.330939800539567175e-01,1.013900920451047512e+02,0.000000000000000000e+00
1.652049999999999907e-01,1.652049999999999841e+01,2.474609450520534604e-02,2.474609450520534537e+01,7.001322580645161331e+00,7.638305757878192104e-01,4.330521231874282506e-01,1.011800278646158233e+02,0.000000000000000000e+00
1.652974999999999861e-01,1.652974999999999994e+01,2.478379412865881412e-02,2.478379412865881548e+01,7.001919354838709530e+00,7.637003786440442754e-01,4.330102708438420267e-01,1.009695470178401990e+02,0.000000000000000000e+00
1.653900000000000092e-01,1.653900000000000148e+01,2.482156885009242572e-02,2.482156885009242586e+01,7.002516129032258618e+00,7.635702147861550548e-01,4.329684230229206565e-01,1.007586468913740845e+02,0.000000000000000000e+00
1.654825000000000046e-01,1.654824999999999946e+01,2.485941914246074178e-02,2.485941914246074091e+01,7.003112903225806818e+00,7.634400842028066236e-01,4.329265797243873060e-01,1.005473248446639474e+02,0.000000000000000000e+00
1.655750000000000000e-01,1.655750000000000099e+01,2.489734548365211964e-02,2.489734548365212063e+01,7.003709677419355017e+00,7.633099868826581647e-01,4.328847409479644748e-01,1.003355782096102615e+02,0.000000000000000000e+00
1.656674999999999953e-01,1.656674999999999898e+01,2.493534835656105800e-02,2.493534835656105741e+01,7.004306451612903217e+00,7.631799228143740788e-01,4.328429066933748848e-01,1.001234042901637054e+02,0.000000000000000000e+00
1.657599999999999907e-01,1.657600000000000051e+01,2.497342824916171447e-02,2.497342824916171367e+01,7.004903225806451417e+00,7.630498919866233187e-01,4.328010769603409247e-01,9.991080036191485192e+01,0.000000000000000000e+00
1.658524999999999860e-01,1.658524999999999849e+01,2.501158565458307115e-02,2.501158565458307237e+01,7.005499999999999616e+00,7.629198943880799444e-01,4.327592517485849832e-01,9.969776367167411024e+01,0.000000000000000000e+00
1.659450000000000092e-01,1.659450000000000003e+01,2.504982107118526244e-02,2.504982107118526358e+01,7.006096774193548704e+00,7.627899300074223454e-01,4.327174310578292271e-01,9.948429143704602495e+01,0.000000000000000000e+00
1.660375000000000045e-01,1.660375000000000156e+01,2.508813500263760640e-02,2.508813500263760687e+01,7.006693548387096904e+00,7.626599988333342406e-01,4.326756148877957675e-01,9.927038084599340095e+01,0.000000000000000000e+00
1.661299999999999999e-01,1.661299999999999955e+01,2.512652795799797181e-02,2.512652795799797190e+01,7.007290322580645991e+00,7.625301008545040116e-01,4.326338032382066601e-01,9.905602905639416633e+01,0.000000000000000000e+00
1.662224999999999953e-01,1.662225000000000108e+01,2.516500045179378281e-02,2.516500045179378375e+01,7.007887096774193303e+00,7.624002360596249250e-01,4.325919961087837939e-01,9.884123319558911192e+01,0.000000000000000000e+00
1.663149999999999906e-01,1.663149999999999906e+01,2.520355300410450847e-02,2.520355300410450994e+01,7.008483870967741503e+00,7.622704044373949106e-01,4.325501934992489472e-01,9.862599035992155905e+01,0.000000000000000000e+00
1.664074999999999860e-01,1.664074999999999704e+01,2.524218614064585239e-02,2.524218614064585253e+01,7.009080645161289702e+00,7.621406059765167829e-01,4.325083954093237870e-01,9.841029761426699451e+01,0.000000000000000000e+00
1.665000000000000091e-01,1.665000000000000213e+01,2.528090039285546889e-02,2.528090039285546808e+01,7.009677419354838790e+00,7.620108406656979083e-01,4.324666018387297584e-01,9.819415199155481844e+01,0.000000000000000000e+00
1.665925000000000045e-01,1.665925000000000011e+01,2.531969629798045546e-02,2.531969629798045673e+01,7.010274193548387878e+00,7.618811084936510936e-01,4.324248127871884173e-01,9.797755049227953350e+01,0.000000000000000000e+00
1.666849999999999998e-01,1.666850000000000165e+01,2.535857439916657657e-02,2.535857439916657796e+01,7.010870967741936077e+00,7.617514094490932530e-01,4.323830282544209869e-01,9.776049008400295293e+01,0.000000000000000000e+00
1.667774999999999952e-01,1.667774999999999963e+01,2.539753524554916667e-02,2.539753524554916808e+01,7.011467741935484277e+00,7.616217435207468522e-01,4.323412482401487456e-01,9.754296770084637558e+01,0.000000000000000000e+00
1.668699999999999906e-01,1.668699999999999761e+01,2.543657939234600027e-02,2.543657939234600107e+01,7.012064516129031588e+00,7.614921106973382425e-01,4.322994727440926943e-01,9.732498024297235872e+01,0.000000000000000000e+00
1.669624999999999859e-01,1.669624999999999915e+01,2.547570740095181016e-02,2.547570740095180852e+01,7.012661290322579788e+00,7.613625109675993263e-01,4.322577017659737786e-01,9.710652457605672794e+01,0.000000000000000000e+00
1.670550000000000090e-01,1.670550000000000068e+01,2.551491983903490801e-02,2.551491983903490635e+01,7.013258064516128876e+00,7.612329443202661139e-01,4.322159353055128883e-01,9.688759753074936043e+01,0.000000000000000000e+00
1.671475000000000044e-01,1.671475000000000222e+01,2.555421728063553971e-02,2.555421728063554099e+01,7.013854838709677963e+00,7.611034107440802776e-01,4.321741733624307469e-01,9.666819590212497815e+01,0.000000000000000000e+00
1.672399999999999998e-01,1.672400000000000020e+01,2.559360030626647853e-02,2.559360030626647742e+01,7.014451612903226163e+00,7.609739102277875977e-01,4.321324159364480222e-01,9.644831644912143531e+01,0.000000000000000000e+00
1.673324999999999951e-01,1.673324999999999818e+01,2.563306950301552645e-02,2.563306950301552689e+01,7.015048387096774363e+00,7.608444427601391835e-01,4.320906630272852156e-01,9.622795589396771732e+01,0.000000000000000000e+00
1.674249999999999905e-01,1.674249999999999972e+01,2.567262546465001738e-02,2.567262546465001805e+01,7.015645161290322562e+00,7.607150083298901411e-01,4.320489146346627174e-01,9.600711092160004512e+01,0.000000000000000000e+00
1.675174999999999859e-01,1.675174999999999770e+01,2.571226879172370042e-02,2.571226879172370161e+01,7.016241935483870762e+00,7.605856069258010166e-01,4.320071707583006959e-01,9.578577817906557357e+01,0.000000000000000000e+00
1.676100000000000090e-01,1.676099999999999923e+01,2.575200009168568741e-02,2.575200009168568727e+01,7.016838709677418962e+00,7.604562385366367971e-01,4.319654313979194304e-01,9.556395427491389682e+01,0.000000000000000000e+00
1.677025000000000043e-01,1.677025000000000077e+01,2.579181997899155504e-02,2.579181997899155476e+01,7.017435483870968049e+00,7.603269031511674658e-01,4.319236965532388117e-01,9.534163577857682981e+01,0.000000000000000000e+00
1.677949999999999997e-01,1.677949999999999875e+01,2.583172907521707334e-02,2.583172907521707273e+01,7.018032258064516249e+00,7.601976007581678907e-01,4.318819662239789525e-01,9.511881921973329668e+01,0.000000000000000000e+00
1.678874999999999951e-01,1.678875000000000028e+01,2.587172800917395335e-02,2.587172800917395321e+01,7.018629032258064449e+00,7.600683313464172697e-01,4.318402404098595770e-01,9.489550108766343328e+01,0.000000000000000000e+00
1.679799999999999904e-01,1.679799999999999827e+01,2.591181741702830096e-02,2.591181741702830266e+01,7.019225806451612648e+00,7.599390949047000188e-01,4.317985191106004650e-01,9.467167783058681607e+01,0.000000000000000000e+00
1.680724999999999858e-01,1.680724999999999980e+01,2.595199794242141617e-02,2.595199794242141778e+01,7.019822580645161736e+00,7.598098914218049948e-01,4.317568023259211185e-01,9.444734585498839863e+01,0.000000000000000000e+00
1.681650000000000089e-01,1.681650000000000134e+01,2.599227023659329144e-02,2.599227023659329205e+01,7.020419354838709936e+00,7.596807208865261618e-01,4.317150900555410953e-01,9.422250152492880204e+01,0.000000000000000000e+00
1.682575000000000043e-01,1.682574999999999932e+01,2.603263495850847639e-02,2.603263495850847775e+01,7.021016129032258135e+00,7.595515832876615914e-01,4.316733822991796754e-01,9.399714116134167341e+01,0.000000000000000000e+00
1.683499999999999996e-01,1.683500000000000085e+01,2.607309277498503011e-02,2.607309277498503164e+01,7.021612903225806335e+00,7.594224786140150174e-01,4.316316790565561390e-01,9.377126104131370710e+01,0.000000000000000000e+00
1.684424999999999950e-01,1.684424999999999883e+01,2.611364436082593346e-02,2.611364436082593343e+01,7.022209677419354534e+00,7.592934068543942816e-01,4.315899803273896551e-01,9.354485739735096672e+01,0.000000000000000000e+00
1.685349999999999904e-01,1.685350000000000037e+01,2.615429039895348848e-02,2.615429039895348851e+01,7.022806451612902734e+00,7.591643679976122217e-01,4.315482861113991708e-01,9.331792641662850940e+01,0.000000000000000000e+00
1.686274999999999857e-01,1.686274999999999835e+01,2.619503158054653849e-02,2.619503158054653724e+01,7.023403225806451822e+00,7.590353620324861161e-01,4.315065964083035777e-01,9.309046424022427857e+01,0.000000000000000000e+00
1.687200000000000089e-01,1.687199999999999989e+01,2.623586860518083499e-02,2.623586860518083341e+01,7.024000000000000909e+00,7.589063889478383507e-01,4.314649112178216006e-01,9.286246696233544640e+01,0.000000000000000000e+00
1.688125000000000042e-01,1.688125000000000142e+01,2.627680218097230500e-02,2.627680218097230380e+01,7.024596774193549109e+00,7.587774487324964179e-01,4.314232305396722977e-01,9.263393062947854162e+01,0.000000000000000000e+00
1.689049999999999996e-01,1.689049999999999940e+01,2.631783302472363861e-02,2.631783302472364028e+01,7.025193548387097309e+00,7.586485413752918072e-01,4.313815543735738944e-01,9.240485123967083325e+01,0.000000000000000000e+00
1.689974999999999949e-01,1.689975000000000094e+01,2.635896186207406511e-02,2.635896186207406444e+01,7.025790322580644620e+00,7.585196668650611151e-01,4.313398827192449492e-01,9.217522474159454760e+01,0.000000000000000000e+00
1.690899999999999903e-01,1.690899999999999892e+01,2.640018942765234855e-02,2.640018942765235010e+01,7.026387096774193708e+00,7.583908251906450460e-01,4.312982155764035763e-01,9.194504703374218479e+01,0.000000000000000000e+00
1.691824999999999857e-01,1.691824999999999690e+01,2.644151646523344376e-02,2.644151646523344468e+01,7.026983870967741019e+00,7.582620163408905212e-01,4.312565529447683899e-01,9.171431396354232390e+01,0.000000000000000000e+00
1.692750000000000088e-01,1.692750000000000199e+01,2.648294372789847251e-02,2.648294372789847273e+01,7.027580645161290995e+00,7.581332403046473489e-01,4.312148948240572266e-01,9.148302132646617224e+01,0.000000000000000000e+00
1.693675000000000042e-01,1.693674999999999997e+01,2.652447197819835650e-02,2.652447197819835623e+01,7.028177419354839195e+00,7.580044970707718877e-01,4.311732412139882009e-01,9.125116486511397795e+01,0.000000000000000000e+00
1.694599999999999995e-01,1.694600000000000151e+01,2.656610198832132230e-02,2.656610198832132141e+01,7.028774193548387395e+00,7.578757866281237154e-01,4.311315921142790386e-01,9.101874026828014053e+01,0.000000000000000000e+00
1.695524999999999949e-01,1.695524999999999949e+01,2.660783454026393810e-02,2.660783454026393713e+01,7.029370967741935594e+00,7.577471089655681835e-01,4.310899475246477985e-01,9.078574316999791449e+01,0.000000000000000000e+00
1.696449999999999902e-01,1.696449999999999747e+01,2.664967042600641794e-02,2.664967042600641633e+01,7.029967741935482906e+00,7.576184640719746399e-01,4.310483074448119289e-01,9.055216914856093524e+01,0.000000000000000000e+00
1.697374999999999856e-01,1.697374999999999901e+01,2.669161044769167643e-02,2.669161044769167646e+01,7.030564516129031993e+00,7.574898519362174287e-01,4.310066718744889336e-01,9.031801372552342855e+01,0.000000000000000000e+00
1.698300000000000087e-01,1.698300000000000054e+01,2.673365541780867508e-02,2.673365541780867360e+01,7.031161290322580193e+00,7.573612725471761120e-01,4.309650408133964827e-01,9.008327236467651744e+01,0.000000000000000000e+00
1.699225000000000041e-01,1.699225000000000207e+01,2.677580615938007086e-02,2.677580615938007114e+01,7.031758064516129281e+00,7.572327258937338046e-01,4.309234142612516361e-01,8.984794047100078274e+01,0.000000000000000000e+00
1.700149999999999995e-01,1.700150000000000006e+01,2.681806350615412865e-02,2.681806350615412882e+01,7.032354838709677480e+00,7.571042119647799495e-01,4.308817922177717863e-01,8.961201338959440932e+01,0.000000000000000000e+00
1.701074999999999948e-01,1.701074999999999804e+01,2.686042830280133825e-02,2.686042830280133842e+01,7.032951612903225680e+00,7.569757307492069875e-01,4.308401746826738821e-01,8.937548640457588078e+01,0.000000000000000000e+00
1.701999999999999902e-01,1.701999999999999957e+01,2.690290140511550701e-02,2.690290140511550732e+01,7.033548387096773880e+00,7.568472822359133545e-01,4.307985616556750941e-01,8.913835473796096665e+01,0.000000000000000000e+00
1.702924999999999855e-01,1.702924999999999756e+01,2.694548368021973742e-02,2.694548368021973772e+01,7.034145161290323855e+00,7.567188664138011500e-01,4.307569531364920379e-01,8.890061354851290787e+01,0.000000000000000000e+00
1.703850000000000087e-01,1.703849999999999909e+01,2.698817600677732090e-02,2.698817600677731932e+01,7.034741935483871167e+00,7.565904832717784689e-01,4.307153491248417176e-01,8.866225793056480597e+01,0.000000000000000000e+00
1.704775000000000040e-01,1.704775000000000063e+01,2.703097927520764152e-02,2.703097927520764188e+01,7.035338709677419367e+00,7.564621327987572919e-01,4.306737496204406934e-01,8.842328291281432939e+01,0.000000000000000000e+00
1.705699999999999994e-01,1.705699999999999861e+01,2.707389438790740871e-02,2.707389438790740854e+01,7.035935483870967566e+00,7.563338149836540403e-01,4.306321546230055253e-01,8.818368345708850597e+01,0.000000000000000000e+00
1.706624999999999948e-01,1.706625000000000014e+01,2.711692225947723300e-02,2.711692225947723145e+01,7.036532258064515766e+00,7.562055298153905758e-01,4.305905641322525512e-01,8.794345445707878639e+01,0.000000000000000000e+00
1.707549999999999901e-01,1.707549999999999812e+01,2.716006381695362099e-02,2.716006381695362037e+01,7.037129032258064854e+00,7.560772772828925348e-01,4.305489781478981093e-01,8.770259073704566788e+01,0.000000000000000000e+00
1.708474999999999855e-01,1.708474999999999966e+01,2.720332000004681977e-02,2.720332000004681916e+01,7.037725806451613053e+00,7.559490573750915487e-01,4.305073966696585375e-01,8.746108705049090304e+01,0.000000000000000000e+00
1.709400000000000086e-01,1.709400000000000119e+01,2.724669176138456300e-02,2.724669176138456450e+01,7.038322580645162141e+00,7.558208700809223579e-01,4.304658196972496742e-01,8.721893807879662575e+01,0.000000000000000000e+00
1.710325000000000040e-01,1.710324999999999918e+01,2.729018006676163857e-02,2.729018006676163921e+01,7.038919354838709452e+00,7.556927153893259197e-01,4.304242472303877465e-01,8.697613842983190580e+01,0.000000000000000000e+00
1.711249999999999993e-01,1.711250000000000071e+01,2.733378589539599279e-02,2.733378589539599446e+01,7.039516129032257652e+00,7.555645932892470773e-01,4.303826792687884262e-01,8.673268263652298060e+01,0.000000000000000000e+00
1.712174999999999947e-01,1.712174999999999869e+01,2.737751024019107957e-02,2.737751024019107859e+01,7.040112903225805852e+00,7.554365037696352259e-01,4.303411158121676072e-01,8.648856515538847134e+01,0.000000000000000000e+00
1.713099999999999901e-01,1.713100000000000023e+01,2.742135410800485354e-02,2.742135410800485218e+01,7.040709677419354939e+00,7.553084468194445344e-01,4.302995568602408505e-01,8.624378036503765088e+01,0.000000000000000000e+00
1.714024999999999854e-01,1.714024999999999821e+01,2.746531851992567441e-02,2.746531851992567397e+01,7.041306451612903139e+00,7.551804224276345012e-01,4.302580024127236613e-01,8.599832256462991609e+01,0.000000000000000000e+00
1.714950000000000085e-01,1.714949999999999974e+01,2.750940451155523339e-02,2.750940451155523192e+01,7.041903225806452227e+00,7.550524305831681771e-01,4.302164524693313785e-01,8.575218597229535078e+01,0.000000000000000000e+00
1.715875000000000039e-01,1.715875000000000128e+01,2.755361313329863365e-02,2.755361313329863293e+01,7.042500000000000426e+00,7.549244712750148301e-01,4.301749070297796740e-01,8.550536472351497252e+01,0.000000000000000000e+00
1.716799999999999993e-01,1.716799999999999926e+01,2.759794545066224583e-02,2.759794545066224458e+01,7.043096774193548626e+00,7.547965444921467260e-01,4.301333660937834424e-01,8.525785286945796315e+01,0.000000000000000000e+00
1.717724999999999946e-01,1.717725000000000080e+01,2.764240254455893955e-02,2.764240254455894075e+01,7.043693548387095937e+00,7.546686502235416816e-01,4.300918296610577451e-01,8.500964437527738937e+01,0.000000000000000000e+00
1.718649999999999900e-01,1.718649999999999878e+01,2.768698551162160695e-02,2.768698551162160726e+01,7.044290322580645025e+00,7.545407884581821767e-01,4.300502977313176989e-01,8.476073311835983759e+01,0.000000000000000000e+00
1.719574999999999854e-01,1.719574999999999676e+01,2.773169546452480122e-02,2.773169546452480105e+01,7.044887096774193225e+00,7.544129591850553540e-01,4.300087703042781428e-01,8.451111288652968767e+01,0.000000000000000000e+00
1.720500000000000085e-01,1.720500000000000185e+01,2.777653353231489264e-02,2.777653353231489319e+01,7.045483870967742313e+00,7.542851623931525751e-01,4.299672473796536942e-01,8.426077737620582297e+01,0.000000000000000000e+00
1.721425000000000038e-01,1.721424999999999983e+01,2.782150086074889131e-02,2.782150086074889117e+01,7.046080645161290512e+00,7.541573980714707526e-01,4.299257289571592477e-01,8.400972019050981032e+01,0.000000000000000000e+00
1.722349999999999992e-01,1.722350000000000136e+01,2.786659861264265819e-02,2.786659861264265814e+01,7.046677419354838712e+00,7.540296662090102409e-01,4.298842150365089765e-01,8.375793483732205402e+01,0.000000000000000000e+00
1.723274999999999946e-01,1.723274999999999935e+01,2.791182796822813672e-02,2.791182796822813827e+01,7.047274193548387800e+00,7.539019667947771675e-01,4.298427056174176641e-01,8.350541472728701820e+01,0.000000000000000000e+00
1.724199999999999899e-01,1.724199999999999733e+01,2.795719012552052435e-02,2.795719012552052263e+01,7.047870967741935111e+00,7.537742998177817677e-01,4.298012006995993728e-01,8.325215317176365204e+01,0.000000000000000000e+00
1.725124999999999853e-01,1.725124999999999886e+01,2.800268630069526268e-02,2.800268630069526310e+01,7.048467741935484199e+00,7.536466652670388289e-01,4.297597002827683865e-01,8.299814338072019382e+01,0.000000000000000000e+00
1.726050000000000084e-01,1.726050000000000040e+01,2.804831772847549490e-02,2.804831772847549587e+01,7.049064516129032398e+00,7.535190631315682452e-01,4.297182043666388229e-01,8.274337846057136403e+01,0.000000000000000000e+00
1.726975000000000038e-01,1.726975000000000193e+01,2.809408566253012232e-02,2.809408566253012296e+01,7.049661290322580598e+00,7.533914934003943520e-01,4.296767129509246330e-01,8.248785141195560300e+01,0.000000000000000000e+00
1.727899999999999991e-01,1.727899999999999991e+01,2.813999137588303959e-02,2.813999137588303867e+01,7.050258064516128798e+00,7.532639560625458142e-01,4.296352260353397123e-01,8.223155512745057649e+01,0.000000000000000000e+00
1.728824999999999945e-01,1.728824999999999790e+01,2.818603616133359344e-02,2.818603616133359324e+01,7.050854838709677885e+00,7.531364511070561818e-01,4.295937436195977899e-01,8.197448238922557096e+01,0.000000000000000000e+00
1.729749999999999899e-01,1.729749999999999943e+01,2.823222133188910826e-02,2.823222133188910732e+01,7.051451612903226085e+00,7.530089785229638899e-01,4.295522657034124836e-01,8.171662586662660033e+01,0.000000000000000000e+00
1.730674999999999852e-01,1.730674999999999741e+01,2.827854822120940206e-02,2.827854822120940170e+01,7.052048387096775173e+00,7.528815382993114813e-01,4.295107922864973005e-01,8.145797811369475028e+01,0.000000000000000000e+00
1.731600000000000084e-01,1.731600000000000250e+01,2.832501818406410118e-02,2.832501818406410266e+01,7.052645161290322484e+00,7.527541304251470500e-01,4.294693233685659139e-01,8.119853156661285709e+01,0.000000000000000000e+00
1.732525000000000037e-01,1.732525000000000048e+01,2.837163259680305222e-02,2.837163259680305316e+01,7.053241935483870684e+00,7.526267548895219095e-01,4.294278589493313314e-01,8.093827854107922803e+01,0.000000000000000000e+00
1.733449999999999991e-01,1.733449999999999847e+01,2.841839285784018843e-02,2.841839285784018898e+01,7.053838709677418883e+00,7.524994116814933687e-01,4.293863990285069487e-01,8.067721122960608682e+01,0.000000000000000000e+00
1.734374999999999944e-01,1.734375000000000000e+01,2.846530038815155844e-02,2.846530038815155805e+01,7.054435483870967083e+00,7.523721007901226221e-01,4.293449436058057733e-01,8.041532169873909197e+01,0.000000000000000000e+00
1.735299999999999898e-01,1.735299999999999798e+01,2.851235663178785726e-02,2.851235663178785629e+01,7.055032258064516171e+00,7.522448222044756383e-01,4.293034926809408125e-01,8.015260188619578230e+01,0.000000000000000000e+00
1.736224999999999852e-01,1.736224999999999952e+01,2.855956305640191401e-02,2.855956305640191317e+01,7.055629032258064370e+00,7.521175759136229377e-01,4.292620462536250181e-01,7.988904359792053356e+01,0.000000000000000000e+00
1.737150000000000083e-01,1.737150000000000105e+01,2.860692115379194142e-02,2.860692115379194078e+01,7.056225806451613458e+00,7.519903619066398148e-01,4.292206043235709534e-01,7.962463850505164942e+01,0.000000000000000000e+00
1.738075000000000037e-01,1.738074999999999903e+01,2.865443244046085580e-02,2.865443244046085525e+01,7.056822580645160770e+00,7.518631801726063379e-01,4.291791668904915702e-01,7.935937814079849772e+01,0.000000000000000000e+00
1.738999999999999990e-01,1.739000000000000057e+01,2.870209845819245847e-02,2.870209845819245942e+01,7.057419354838708969e+00,7.517360307006070164e-01,4.291377339540992653e-01,7.909325389722474142e+01,0.000000000000000000e+00
1.739924999999999944e-01,1.739924999999999855e+01,2.874992077464483264e-02,2.874992077464483131e+01,7.058016129032258057e+00,7.516089134797305782e-01,4.290963055141064908e-01,7.882625702193519146e+01,0.000000000000000000e+00
1.740849999999999898e-01,1.740850000000000009e+01,2.879790098396199302e-02,2.879790098396199127e+01,7.058612903225807145e+00,7.514818284990708586e-01,4.290548815702255325e-01,7.855837861466109473e+01,0.000000000000000000e+00
1.741774999999999851e-01,1.741774999999999807e+01,2.884604070740406576e-02,2.884604070740406456e+01,7.059209677419355344e+00,7.513547757477264666e-01,4.290134621221686761e-01,7.828960962374161170e+01,0.000000000000000000e+00
1.742700000000000082e-01,1.742699999999999960e+01,2.889434159399698401e-02,2.889434159399698387e+01,7.059806451612903544e+00,7.512277552148001192e-01,4.289720471696480408e-01,7.801994084249662365e+01,0.000000000000000000e+00
1.743625000000000036e-01,1.743625000000000114e+01,2.894280532120218838e-02,2.894280532120219007e+01,7.060403225806451744e+00,7.511007668893994182e-01,4.289306367123756902e-01,7.774936290548764362e+01,0.000000000000000000e+00
1.744549999999999990e-01,1.744549999999999912e+01,2.899143359560743191e-02,2.899143359560743249e+01,7.060999999999999943e+00,7.509738107606362956e-01,4.288892307500633549e-01,7.747786628466097625e+01,0.000000000000000000e+00
1.745474999999999943e-01,1.745475000000000065e+01,2.904022815363920332e-02,2.904022815363920174e+01,7.061596774193548143e+00,7.508468868176275679e-01,4.288478292824229321e-01,7.720544128537031270e+01,0.000000000000000000e+00
1.746399999999999897e-01,1.746399999999999864e+01,2.908919076229758358e-02,2.908919076229758360e+01,7.062193548387096342e+00,7.507199950494947149e-01,4.288064323091660968e-01,7.693207804227370161e+01,0.000000000000000000e+00
1.747324999999999851e-01,1.747325000000000017e+01,2.913832321991480234e-02,2.913832321991480256e+01,7.062790322580645430e+00,7.505931354453633242e-01,4.287650398300043575e-01,7.665776651509879969e+01,0.000000000000000000e+00
1.748250000000000082e-01,1.748250000000000171e+01,2.918762735693795560e-02,2.918762735693795562e+01,7.063387096774193630e+00,7.504663079943644233e-01,4.287236518446492228e-01,7.638249648427250804e+01,0.000000000000000000e+00
1.749175000000000035e-01,1.749174999999999969e+01,2.923710503673703637e-02,2.923710503673703798e+01,7.063983870967741829e+00,7.503395126856328146e-01,4.286822683528120903e-01,7.610625754640997798e+01,0.000000000000000000e+00
1.750099999999999989e-01,1.750100000000000122e+01,2.928675815643941652e-02,2.928675815643941505e+01,7.064580645161290029e+00,7.502127495083082964e-01,4.286408893542042464e-01,7.582903910965529803e+01,0.000000000000000000e+00
1.751024999999999943e-01,1.751024999999999920e+01,2.933658864779164696e-02,2.933658864779164688e+01,7.065177419354839117e+00,7.500860184515348861e-01,4.285995148485365336e-01,7.555083038887033808e+01,0.000000000000000000e+00
1.751949999999999896e-01,1.751950000000000074e+01,2.938659847804965877e-02,2.938659847804965963e+01,7.065774193548387316e+00,7.499593195044617078e-01,4.285581448355203493e-01,7.527162040066440341e+01,0.000000000000000000e+00
1.752874999999999850e-01,1.752874999999999872e+01,2.943678965089877031e-02,2.943678965089877053e+01,7.066370967741935516e+00,7.498326526562421046e-01,4.285167793148663695e-01,7.499139795825767862e+01,0.000000000000000000e+00
1.753800000000000081e-01,1.753800000000000026e+01,2.948716420740444058e-02,2.948716420740444022e+01,7.066967741935483716e+00,7.497060178960343046e-01,4.284754182862855476e-01,7.471015166617341663e+01,0.000000000000000000e+00
1.754725000000000035e-01,1.754725000000000179e+01,2.953772422699515315e-02,2.953772422699515232e+01,7.067564516129031915e+00,7.495794152130007548e-01,4.284340617494885595e-01,7.442786991475006175e+01,0.000000000000000000e+00
1.755649999999999988e-01,1.755649999999999977e+01,2.958847182847890167e-02,2.958847182847890167e+01,7.068161290322581003e+00,7.494528445963086760e-01,4.283927097041858589e-01,7.414454087446624442e+01,0.000000000000000000e+00
1.756574999999999942e-01,1.756574999999999775e+01,2.963940917109441492e-02,2.963940917109441386e+01,7.068758064516128314e+00,7.493263060351300631e-01,4.283513621500882329e-01,7.386015249007172656e+01,0.000000000000000000e+00
1.757499999999999896e-01,1.757499999999999929e+01,2.969053845559884233e-02,2.969053845559884408e+01,7.069354838709678290e+00,7.491997995186403525e-01,4.283100190869056356e-01,7.357469247451462024e+01,0.000000000000000000e+00
1.758424999999999849e-01,1.758424999999999727e+01,2.974186192539316625e-02,2.974186192539316664e+01,7.069951612903226490e+00,7.490733250360216422e-01,4.282686805143487430e-01,7.328814830265817193e+01,0.000000000000000000e+00
1.759350000000000080e-01,1.759350000000000236e+01,2.979338186768740182e-02,2.979338186768740115e+01,7.070548387096773801e+00,7.489468825764589166e-01,4.282273464321276202e-01,7.300050720477540267e+01,0.000000000000000000e+00
1.760275000000000034e-01,1.760275000000000034e+01,2.984510061470674325e-02,2.984510061470674458e+01,7.071145161290322001e+00,7.488204721291418231e-01,4.281860168399521660e-01,7.271175615981491092e+01,0.000000000000000000e+00
1.761199999999999988e-01,1.761199999999999832e+01,2.989702054494104005e-02,2.989702054494103933e+01,7.071741935483871089e+00,7.486940936832653382e-01,4.281446917375324457e-01,7.242188188842501972e+01,0.000000000000000000e+00
1.762124999999999941e-01,1.762124999999999986e+01,2.994914408443899445e-02,2.994914408443899489e+01,7.072338709677419288e+00,7.485677472280285460e-01,4.281033711245783024e-01,7.213087084572815399e+01,0.000000000000000000e+00
1.763049999999999895e-01,1.763049999999999784e+01,3.000147370814927952e-02,3.000147370814928038e+01,7.072935483870968376e+00,7.484414327526349719e-01,4.280620550007994130e-01,7.183870921383318375e+01,0.000000000000000000e+00
1.763974999999999849e-01,1.763974999999999937e+01,3.005401194131078826e-02,3.005401194131078668e+01,7.073532258064516576e+00,7.483151502462931370e-01,4.280207433659055094e-01,7.154538289407355478e+01,0.000000000000000000e+00
1.764900000000000080e-01,1.764900000000000091e+01,3.010676136089398755e-02,3.010676136089398724e+01,7.074129032258064775e+00,7.481888996982158924e-01,4.279794362196061019e-01,7.125087749895998002e+01,0.000000000000000000e+00
1.765825000000000033e-01,1.765824999999999889e+01,3.015972459709591671e-02,3.015972459709591647e+01,7.074725806451612975e+00,7.480626810976199748e-01,4.279381335616103121e-01,7.095517834383393563e+01,0.000000000000000000e+00
1.766749999999999987e-01,1.766750000000000043e+01,3.021290433489105809e-02,3.021290433489105709e+01,7.075322580645160286e+00,7.479364944337282273e-01,4.278968353916279277e-01,7.065827043820875986e+01,0.000000000000000000e+00
1.767674999999999941e-01,1.767674999999999841e+01,3.026630331564090712e-02,3.026630331564090781e+01,7.075919354838710262e+00,7.478103396957661575e-01,4.278555417093677926e-01,7.036013847678329114e+01,0.000000000000000000e+00
1.768599999999999894e-01,1.768599999999999994e+01,3.031992433876476781e-02,3.031992433876476767e+01,7.076516129032258462e+00,7.476842168729656013e-01,4.278142525145391950e-01,7.006076683011373518e+01,0.000000000000000000e+00
1.769524999999999848e-01,1.769524999999999793e+01,3.037377026347475376e-02,3.037377026347475351e+01,7.077112903225806662e+00,7.475581259545615032e-01,4.277729678068509789e-01,6.976013953492700637e+01,0.000000000000000000e+00
1.770450000000000079e-01,1.770449999999999946e+01,3.042784401057805829e-02,3.042784401057805965e+01,7.077709677419354861e+00,7.474320669297942477e-01,4.277316875860121548e-01,6.945824028405826311e+01,0.000000000000000000e+00
1.771375000000000033e-01,1.771375000000000099e+01,3.048214856434954337e-02,3.048214856434954356e+01,7.078306451612903061e+00,7.473060397879083272e-01,4.276904118517314002e-01,6.915505241599629471e+01,0.000000000000000000e+00
1.772299999999999986e-01,1.772299999999999898e+01,3.053668697447829011e-02,3.053668697447828961e+01,7.078903225806452149e+00,7.471800445181525641e-01,4.276491406037173926e-01,6.885055890401562806e+01,0.000000000000000000e+00
1.773224999999999940e-01,1.773225000000000051e+01,3.059146235809148337e-02,3.059146235809148351e+01,7.079499999999999460e+00,7.470540811097811096e-01,4.276078738416786984e-01,6.854474234487689444e+01,0.000000000000000000e+00
1.774149999999999894e-01,1.774149999999999849e+01,3.064647790185951598e-02,3.064647790185951592e+01,7.080096774193548548e+00,7.469281495520521119e-01,4.275666115653237731e-01,6.823758494707396949e+01,0.000000000000000000e+00
1.775074999999999847e-01,1.775075000000000003e+01,3.070173686418633044e-02,3.070173686418632997e+01,7.080693548387096747e+00,7.468022498342279381e-01,4.275253537743609611e-01,6.792906851860490747e+01,0.000000000000000000e+00
1.776000000000000079e-01,1.776000000000000156e+01,3.075724257748933821e-02,3.075724257748933965e+01,7.081290322580644947e+00,7.466763819455761730e-01,4.274841004684984958e-01,6.761917445424319340e+01,0.000000000000000000e+00
1.776925000000000032e-01,1.776924999999999955e+01,3.081299845057303491e-02,3.081299845057303344e+01,7.081887096774193147e+00,7.465505458753686208e-01,4.274428516474446660e-01,6.730788372228515470e+01,0.000000000000000000e+00
1.777849999999999986e-01,1.777850000000000108e+01,3.086900797110186598e-02,3.086900797110186545e+01,7.082483870967743123e+00,7.464247416128810819e-01,4.274016073109071501e-01,6.699517685074421536e+01,0.000000000000000000e+00
1.778774999999999940e-01,1.778774999999999906e+01,3.092527470817645063e-02,3.092527470817644897e+01,7.083080645161291322e+00,7.462989691473949083e-01,4.273603674585941814e-01,6.668103391296716609e+01,0.000000000000000000e+00
1.779699999999999893e-01,1.779700000000000060e+01,3.098180231501939524e-02,3.098180231501939375e+01,7.083677419354838634e+00,7.461732284681953375e-01,4.273191320902135493e-01,6.636543451263922577e+01,0.000000000000000000e+00
1.780624999999999847e-01,1.780624999999999858e+01,3.103859453177586214e-02,3.103859453177586047e+01,7.084274193548386833e+00,7.460475195645720481e-01,4.272779012054727654e-01,6.604835776814810799e+01,0.000000000000000000e+00
1.781550000000000078e-01,1.781550000000000011e+01,3.109565518843509721e-02,3.109565518843509579e+01,7.084870967741935033e+00,7.459218424258192703e-01,4.272366748040795636e-01,6.572978229627280200e+01,0.000000000000000000e+00
1.782475000000000032e-01,1.782475000000000165e+01,3.115298820787959153e-02,3.115298820787959144e+01,7.085467741935484121e+00,7.457961970412362307e-01,4.271954528857415667e-01,6.540968619515984983e+01,0.000000000000000000e+00
1.783399999999999985e-01,1.783399999999999963e+01,3.121059760906847932e-02,3.121059760906847913e+01,7.086064516129032320e+00,7.456705834001259303e-01,4.271542354501658978e-01,6.508804702655007191e+01,0.000000000000000000e+00
1.784324999999999939e-01,1.784324999999999761e+01,3.126848751036249291e-02,3.126848751036249396e+01,7.086661290322581408e+00,7.455450014917961443e-01,4.271130224970600131e-01,6.476484179721506962e+01,0.000000000000000000e+00
1.785249999999999893e-01,1.785249999999999915e+01,3.132666213299836744e-02,3.132666213299836855e+01,7.087258064516129608e+00,7.454194513055597549e-01,4.270718140261310913e-01,6.444004693955912444e+01,0.000000000000000000e+00
1.786174999999999846e-01,1.786174999999999713e+01,3.138512580472101188e-02,3.138512580472101021e+01,7.087854838709677807e+00,7.452939328307334188e-01,4.270306100370862001e-01,6.411363829134057823e+01,0.000000000000000000e+00
1.787100000000000077e-01,1.787100000000000222e+01,3.144388296358206769e-02,3.144388296358206603e+01,7.088451612903225119e+00,7.451684460566383450e-01,4.269894105296322406e-01,6.378559107446397292e+01,0.000000000000000000e+00
1.788025000000000031e-01,1.788025000000000020e+01,3.150293816191448992e-02,3.150293816191448926e+01,7.089048387096774206e+00,7.450429909726001831e-01,4.269482155034761139e-01,6.345587987278963737e+01,0.000000000000000000e+00
1.788949999999999985e-01,1.788949999999999818e+01,3.156229607049315655e-02,3.156229607049315788e+01,7.089645161290322406e+00,7.449175675679499120e-01,4.269070249583246102e-01,6.312447860890461016e+01,0.000000000000000000e+00
1.789874999999999938e-01,1.789874999999999972e+01,3.162196148289220243e-02,3.162196148289220332e+01,7.090241935483871494e+00,7.447921758320217300e-01,4.268658388938843529e-01,6.279136051979508437e+01,0.000000000000000000e+00
1.790799999999999892e-01,1.790799999999999770e+01,3.168193932005053393e-02,3.168193932005053526e+01,7.090838709677419693e+00,7.446668157541554978e-01,4.268246573098619656e-01,6.245649813135667472e+01,0.000000000000000000e+00
1.791724999999999846e-01,1.791724999999999923e+01,3.174223463505809056e-02,3.174223463505808951e+01,7.091435483870967893e+00,7.445414873236947395e-01,4.267834802059638499e-01,6.211986323167237600e+01,0.000000000000000000e+00
1.792650000000000077e-01,1.792650000000000077e+01,3.180285261817573927e-02,3.180285261817573783e+01,7.092032258064516093e+00,7.444161905299877535e-01,4.267423075818962408e-01,6.178142684298581599e+01,0.000000000000000000e+00
1.793575000000000030e-01,1.793574999999999875e+01,3.186379860210276221e-02,3.186379860210276149e+01,7.092629032258064292e+00,7.442909253623875010e-01,4.267011394373655397e-01,6.144115919229252398e+01,0.000000000000000000e+00
1.794499999999999984e-01,1.794500000000000028e+01,3.192507806750768951e-02,3.192507806750769106e+01,7.093225806451612492e+00,7.441656918102506069e-01,4.266599757720776487e-01,6.109902968046043270e+01,0.000000000000000000e+00
1.795424999999999938e-01,1.795424999999999827e+01,3.198669664883795061e-02,3.198669664883794894e+01,7.093822580645161580e+00,7.440404898629394692e-01,4.266188165857388026e-01,6.075500684979436983e+01,0.000000000000000000e+00
1.796349999999999891e-01,1.796349999999999980e+01,3.204866014042617728e-02,3.204866014042617905e+01,7.094419354838709779e+00,7.439153195098202609e-01,4.265776618780549589e-01,6.040905834994362067e+01,0.000000000000000000e+00
1.797274999999999845e-01,1.797274999999999778e+01,3.211097450291187927e-02,3.211097450291187982e+01,7.095016129032257979e+00,7.437901807402634846e-01,4.265365116487317976e-01,6.006115090204927043e+01,0.000000000000000000e+00
1.798200000000000076e-01,1.798199999999999932e+01,3.217364586999842124e-02,3.217364586999842402e+01,7.095612903225807067e+00,7.436650735436443060e-01,4.264953658974750539e-01,5.971125026101915978e+01,0.000000000000000000e+00
1.799125000000000030e-01,1.799125000000000085e+01,3.223668055556709600e-02,3.223668055556709788e+01,7.096209677419355266e+00,7.435399979093421097e-01,4.264542246239902967e-01,5.935932117580942702e+01,0.000000000000000000e+00
1.800049999999999983e-01,1.800049999999999883e+01,3.230008506117167805e-02,3.230008506117167855e+01,7.096806451612904354e+00,7.434149538267412760e-01,4.264130878279830950e-01,5.900532734758152742e+01,0.000000000000000000e+00
1.800974999999999937e-01,1.800975000000000037e+01,3.236386608393830577e-02,3.236386608393830500e+01,7.097403225806451665e+00,7.432899412852302934e-01,4.263719555091587954e-01,5.864923138559647953e+01,0.000000000000000000e+00
1.801899999999999891e-01,1.801899999999999835e+01,3.242803052489844767e-02,3.242803052489844617e+01,7.097999999999999865e+00,7.431649602742024241e-01,4.263308276672228558e-01,5.829099476069105634e+01,0.000000000000000000e+00
1.802824999999999844e-01,1.802824999999999989e+01,3.249258549778349242e-02,3.249258549778349447e+01,7.098596774193548065e+00,7.430400107830545942e-01,4.262897043018802901e-01,5.793057775617660354e+01,0.000000000000000000e+00
1.803750000000000075e-01,1.803750000000000142e+01,3.255753833831339511e-02,3.255753833831339250e+01,7.099193548387096264e+00,7.429150928011891697e-01,4.262485854128362783e-01,5.756793941597955921e+01,0.000000000000000000e+00
1.804675000000000029e-01,1.804674999999999940e+01,3.262289661401310270e-02,3.262289661401310070e+01,7.099790322580645352e+00,7.427902063180120695e-01,4.262074709997956679e-01,5.720303748983569392e+01,0.000000000000000000e+00
1.805599999999999983e-01,1.805600000000000094e+01,3.268866813459437443e-02,3.268866813459437282e+01,7.100387096774194440e+00,7.426653513229342085e-01,4.261663610624634169e-01,5.683582837532676990e+01,0.000000000000000000e+00
1.806524999999999936e-01,1.806524999999999892e+01,3.275486096294306232e-02,3.275486096294306293e+01,7.100983870967742639e+00,7.425405278053713864e-01,4.261252556005443726e-01,5.646626705653792300e+01,0.000000000000000000e+00
1.807449999999999890e-01,1.807450000000000045e+01,3.282148342675537261e-02,3.282148342675537123e+01,7.101580645161290839e+00,7.424157357547428449e-01,4.260841546137431601e-01,5.609430703909100657e+01,0.000000000000000000e+00
1.808374999999999844e-01,1.808374999999999844e+01,3.288854413087109047e-02,3.288854413087108952e+01,7.102177419354838150e+00,7.422909751604729323e-01,4.260430581017642937e-01,5.571990028128696082e+01,0.000000000000000000e+00
1.809300000000000075e-01,1.809299999999999997e+01,3.295605197035504641e-02,3.295605197035504830e+01,7.102774193548386350e+00,7.421662460119902160e-01,4.260019660643122874e-01,5.534299712107063840e+01,0.000000000000000000e+00
1.810225000000000029e-01,1.810225000000000151e+01,3.302401614438323085e-02,3.302401614438323207e+01,7.103370967741935438e+00,7.420415482987273714e-01,4.259608785010914334e-01,5.496354619850333734e+01,0.000000000000000000e+00
1.811149999999999982e-01,1.811149999999999949e+01,3.309244617099502128e-02,3.309244617099501795e+01,7.103967741935483637e+00,7.419168820101225137e-01,4.259197954118060792e-01,5.458149437339935162e+01,0.000000000000000000e+00
1.812074999999999936e-01,1.812075000000000102e+01,3.316135190277789968e-02,3.316135190277790201e+01,7.104564516129032725e+00,7.417922471356169778e-01,4.258787167961602393e-01,5.419678663775695782e+01,0.000000000000000000e+00
1.812999999999999889e-01,1.812999999999999901e+01,3.323074354355873977e-02,3.323074354355873794e+01,7.105161290322580925e+00,7.416676436646576498e-01,4.258376426538581505e-01,5.380936602256885948e+01,0.000000000000000000e+00
1.813924999999999843e-01,1.813924999999999699e+01,3.330063166618057319e-02,3.330063166618057124e+01,7.105758064516129124e+00,7.415430715866954126e-01,4.257965729846038272e-01,5.341917349857296671e+01,0.000000000000000000e+00
1.814850000000000074e-01,1.814850000000000207e+01,3.337102723145343036e-02,3.337102723145343219e+01,7.106354838709677324e+00,7.414185308911844796e-01,4.257555077881006733e-01,5.302614787044780087e+01,0.000000000000000000e+00
1.815775000000000028e-01,1.815775000000000006e+01,3.344194160837464513e-02,3.344194160837464835e+01,7.106951612903226412e+00,7.412940215675855038e-01,4.257144470640528144e-01,5.263022566392055523e+01,0.000000000000000000e+00
1.816699999999999982e-01,1.816700000000000159e+01,3.351338659572464934e-02,3.351338659572464707e+01,7.107548387096774611e+00,7.411695436053621355e-01,4.256733908121637655e-01,5.223134100519538237e+01,0.000000000000000000e+00
1.817624999999999935e-01,1.817624999999999957e+01,3.358537444515403286e-02,3.358537444515403081e+01,7.108145161290322811e+00,7.410450969939831323e-01,4.256323390321370970e-01,5.182942549205623806e+01,0.000000000000000000e+00
1.818549999999999889e-01,1.818549999999999756e+01,3.365791788588994027e-02,3.365791788588993683e+01,7.108741935483871011e+00,7.409206817229212483e-01,4.255912917236763238e-01,5.142440805592826791e+01,0.000000000000000000e+00
1.819474999999999842e-01,1.819474999999999909e+01,3.373103015120260811e-02,3.373103015120261006e+01,7.109338709677419210e+00,7.407962977816536787e-01,4.255502488864846278e-01,5.101621481411279291e+01,0.000000000000000000e+00
1.820400000000000074e-01,1.820400000000000063e+01,3.380472500678794595e-02,3.380472500678794745e+01,7.109935483870968298e+00,7.406719451596620596e-01,4.255092105202651909e-01,5.060476891132396560e+01,0.000000000000000000e+00
1.821325000000000027e-01,1.821324999999999861e+01,3.387901678123820398e-02,3.387901678123820659e+01,7.110532258064516498e+00,7.405476238464329120e-01,4.254681766247211949e-01,5.018999034956839722e+01,0.000000000000000000e+00
1.822249999999999981e-01,1.822250000000000014e+01,3.395392039879212981e-02,3.395392039879212831e+01,7.111129032258064697e+00,7.404233338314565316e-01,4.254271471995557108e-01,4.977179580529747938e+01,0.000000000000000000e+00
1.823174999999999935e-01,1.823174999999999812e+01,3.402945141457584810e-02,3.402945141457584555e+01,7.111725806451612897e+00,7.402990751042282103e-01,4.253861222444716983e-01,4.935009843265387985e+01,0.000000000000000000e+00
1.824099999999999888e-01,1.824099999999999966e+01,3.410562605257038554e-02,3.410562605257038626e+01,7.112322580645161096e+00,7.401748476542472366e-01,4.253451017591718397e-01,4.892480765149505828e+01,0.000000000000000000e+00
1.825024999999999842e-01,1.825024999999999764e+01,3.418246124656838109e-02,3.418246124656837992e+01,7.112919354838709296e+00,7.400506514710173400e-01,4.253040857433590949e-01,4.849582891872789503e+01,0.000000000000000000e+00
1.825950000000000073e-01,1.825949999999999918e+01,3.425997468441216443e-02,3.425997468441216398e+01,7.113516129032258384e+00,7.399264865440462469e-01,4.252630741967355910e-01,4.806306348132270756e+01,0.000000000000000000e+00
1.826875000000000027e-01,1.826875000000000071e+01,3.433818485584062830e-02,3.433818485584063041e+01,7.114112903225806583e+00,7.398023528628474565e-01,4.252220671190043988e-01,4.762640810917953615e+01,0.000000000000000000e+00
1.827799999999999980e-01,1.827799999999999869e+01,3.441711110431186493e-02,3.441711110431186427e+01,7.114709677419355671e+00,7.396782504169372441e-01,4.251810645098675345e-01,4.718575480579696091e+01,0.000000000000000000e+00
1.828724999999999934e-01,1.828725000000000023e+01,3.449677368321172471e-02,3.449677368321172821e+01,7.115306451612902983e+00,7.395541791958374356e-01,4.251400663690275139e-01,4.674099049445390364e+01,0.000000000000000000e+00
1.829649999999999888e-01,1.829649999999999821e+01,3.457719381691203020e-02,3.457719381691202898e+01,7.115903225806451182e+00,7.394301391890735209e-01,4.250990726961863531e-01,4.629199667731555934e+01,0.000000000000000000e+00
1.830574999999999841e-01,1.830574999999999974e+01,3.465839376719877241e-02,3.465839376719877407e+01,7.116499999999999382e+00,7.393061303861758748e-01,4.250580834910463457e-01,4.583864906455792010e+01,0.000000000000000000e+00
1.831500000000000072e-01,1.831500000000000128e+01,3.474039690565972061e-02,3.474039690565972194e+01,7.117096774193547581e+00,7.391821527766789801e-01,4.250170987533093969e-01,4.538081717022014772e+01,0.000000000000000000e+00
1.832425000000000026e-01,1.832424999999999926e+01,3.482322779269778068e-02,3.482322779269777868e+01,7.117693548387097557e+00,7.390582063501214272e-01,4.249761184826773008e-01,4.491836387106540940e+01,0.000000000000000000e+00
1.833349999999999980e-01,1.833350000000000080e+01,3.490691226392703822e-02,3.490691226392704039e+01,7.118290322580645757e+00,7.389342910960471356e-01,4.249351426788519626e-01,4.445114492422244012e+01,0.000000000000000000e+00
1.834274999999999933e-01,1.834274999999999878e+01,3.499147752481214513e-02,3.499147752481214724e+01,7.118887096774193957e+00,7.388104070040037996e-01,4.248941713415352317e-01,4.397900843880450594e+01,0.000000000000000000e+00
1.835199999999999887e-01,1.835200000000000031e+01,3.507695225453347221e-02,3.507695225453347376e+01,7.119483870967742156e+00,7.386865540635431104e-01,4.248532044704284583e-01,4.350179429601953984e+01,0.000000000000000000e+00
1.836124999999999841e-01,1.836124999999999829e+01,3.516336672020126120e-02,3.516336672020126031e+01,7.120080645161290356e+00,7.385627322642216441e-01,4.248122420652331588e-01,4.301933351150081819e+01,0.000000000000000000e+00
1.837050000000000072e-01,1.837049999999999983e+01,3.525075290270855005e-02,3.525075290270854822e+01,7.120677419354838555e+00,7.384389415956005287e-01,4.247712841256508498e-01,4.253144753265734579e+01,0.000000000000000000e+00
1.837975000000000025e-01,1.837975000000000136e+01,3.533914463570431846e-02,3.533914463570431508e+01,7.121274193548387643e+00,7.383151820472446669e-01,4.247303306513826593e-01,4.203794746277258554e+01,0.000000000000000000e+00
1.838899999999999979e-01,1.838899999999999935e+01,3.542857775940043419e-02,3.542857775940043297e+01,7.121870967741935843e+00,7.381914536087239576e-01,4.246893816421299372e-01,4.153863320228445843e+01,0.000000000000000000e+00
1.839824999999999933e-01,1.839825000000000088e+01,3.551909029119306588e-02,3.551909029119306638e+01,7.122467741935484042e+00,7.380677562696122962e-01,4.246484370975937006e-01,4.103329249618868602e+01,0.000000000000000000e+00
1.840749999999999886e-01,1.840749999999999886e+01,3.561072261540195599e-02,3.561072261540195427e+01,7.123064516129032242e+00,7.379440900194877972e-01,4.246074970174749108e-01,4.052169987470502832e+01,0.000000000000000000e+00
1.841674999999999840e-01,1.841674999999999685e+01,3.570351769481237836e-02,3.570351769481237625e+01,7.123661290322580442e+00,7.378204548479333491e-01,4.245665614014744738e-01,4.000361547221687886e+01,0.000000000000000000e+00
1.842600000000000071e-01,1.842600000000000193e+01,3.579752130716280095e-02,3.579752130716280334e+01,7.124258064516129529e+00,7.376968507445356149e-01,4.245256302492930178e-01,3.947878370693658212e+01,0.000000000000000000e+00
1.843525000000000025e-01,1.843524999999999991e+01,3.589278231026954424e-02,3.589278231026954558e+01,7.124854838709676841e+00,7.375732776988869199e-01,4.244847035606315599e-01,3.894693180068738059e+01,0.000000000000000000e+00
1.844449999999999978e-01,1.844450000000000145e+01,3.598935294014554698e-02,3.598935294014554387e+01,7.125451612903225929e+00,7.374497357005820319e-01,4.244437813351902844e-01,3.840776811447585004e+01,0.000000000000000000e+00
1.845374999999999932e-01,1.845374999999999943e+01,3.608728914727354908e-02,3.608728914727355175e+01,7.126048387096774128e+00,7.373262247392219360e-01,4.244028635726700971e-01,3.786098027104449670e+01,0.000000000000000000e+00
1.846299999999999886e-01,1.846299999999999741e+01,3.618665097717801288e-02,3.618665097717801160e+01,7.126645161290322328e+00,7.372027448044106146e-01,4.243619502727710158e-01,3.730623303009973313e+01,0.000000000000000000e+00
1.847224999999999839e-01,1.847224999999999895e+01,3.628750300264341894e-02,3.628750300264341888e+01,7.127241935483870527e+00,7.370792958857570465e-01,4.243210414351935023e-01,3.674316587519304278e+01,0.000000000000000000e+00
1.848150000000000071e-01,1.848150000000000048e+01,3.638991481641301595e-02,3.638991481641301817e+01,7.127838709677419615e+00,7.369558779728744291e-01,4.242801370596376853e-01,3.617139026293365589e+01,0.000000000000000000e+00
1.849075000000000024e-01,1.849074999999999847e+01,3.649396159504329773e-02,3.649396159504329518e+01,7.128435483870968703e+00,7.368324910553800677e-01,4.242392371458035272e-01,3.559048647493140294e+01,0.000000000000000000e+00
1.849999999999999978e-01,1.850000000000000000e+01,3.659972474689442840e-02,3.659972474689443089e+01,7.129032258064516014e+00,7.367091351228963747e-01,4.241983416933912676e-01,3.499999999999979394e+01,0.000000000000000000e+00
