z_m,z_cm,B_T,B_mT,beam_radius_mm,s_average,eta_available,force_scale,force_margin_fraction,eta_design,v_design_m_s,delta_eff_MHz
0.0,0.0,-0.0009759058426214068,-0.9759058426214068,5.935483870967742,0.5313919377744567,0.3469993047937281,0.9778387636723636,0.0221612363276363,0.3393093711946688,245.0,-2.6919958930640497
0.0001875000000000019,0.01875000000000019,-0.0009647207164857524,-0.9647207164857524,5.936693548387097,0.53117540442124,0.34690695968573926,0.9778387636723636,0.0221612363276363,0.3392190725684418,244.86205993168534,-2.691805566988239
0.0005171875000000003,0.05171875000000003,-0.0009443373185805184,-0.9443373185805184,5.93882056451613,0.5307949901513893,0.34674466038407564,0.9778387636723636,0.0221612363276363,0.3390603700199582,244.6194149594916,-2.6914711618201483
0.0008468750000000004,0.08468750000000004,-0.000923033338080253,-0.923033338080253,5.940947580645161,0.5304149791655487,0.34658245361562406,0.9778387636723636,0.0221612363276363,0.3389017579540362,244.3766443770138,-2.6911370702057256
0.0011765625000000007,0.11765625000000007,-0.0009008008989688424,-0.9008008989688424,5.943074596774194,0.530035379027574,0.3464203412000141,0.9778387636723636,0.0221612363276363,0.33874323814998014,244.13374520126573,-2.690803298084588
0.0015062500000000004,0.15062500000000004,-0.0008776331099273249,-0.8776331099273249,5.945201612903226,0.5296561851372733,0.3462583221651778,0.9778387636723636,0.0221612363276363,0.33858480965726445,243.89071823954262,-2.6904698419383384
0.001835937500000001,0.1835937500000001,-0.0008535241171098127,-0.8535241171098127,5.947328629032258,0.5292773968102472,0.34609639643676865,0.9778387636723636,0.0221612363276363,0.33842647240319007,243.64756308179238,-2.6901367012925204
0.002165625000000001,0.2165625000000001,-0.0008284691565003069,-0.828469156500307,5.949455645161291,0.5288990176755667,0.3459345649347078,0.9778387636723636,0.0221612363276363,0.33826822728729167,243.40427793681138,-2.689803879029536
0.002495312500000001,0.24953125000000012,-0.0008024646056130221,-0.8024646056130221,5.951582661290323,0.5285210388468246,0.3457728256946431,0.9778387636723636,0.0221612363276363,0.33811007238874957,243.16086500309902,-2.6894713682922013
0.002825,0.2825,-0.0007755080342836437,-0.7755080342836437,5.953709677419355,0.5281434721362122,0.34561118152451525,0.9778387636723636,0.0221612363276363,0.3379520104532768,242.91731985500846,-2.689139178332508
0.0031546875000000017,0.3154687500000002,-0.0007475982542840476,-0.7475982542840476,5.955836693548387,0.5277663038310975,0.34544962934342444,0.9778387636723636,0.0221612363276363,0.3377940384682504,242.67364625696806,-2.6888072985343734
0.003484375,0.3484375,-0.0007187353674784482,-0.7187353674784482,5.957963709677419,0.5273895438915502,0.3452881715348973,0.9778387636723636,0.0221612363276363,0.33763615876437497,242.42984034857952,-2.6884757367101075
0.003814062500000002,0.38140625000000017,-0.000688920812224964,-0.688920812224964,5.960090725806452,0.5270131845449476,0.345126806385874,0.9778387636723636,0.0221612363276363,0.3374783696665543,242.1859040004141,-2.688144486865349
0.00414375,0.414375,-0.0006581574077133284,-0.6581574077133284,5.9622177419354845,0.5266372283304104,0.34496553456615037,0.9778387636723636,0.0221612363276363,0.33732067182974046,241.9418357398309,-2.6878135510348544
0.004473437500000002,0.4473437500000002,-0.0006264493959170765,-0.6264493959170765,5.964344758064517,0.5262616756314823,0.3448043562483508,0.9778387636723636,0.0221612363276363,0.3371630654227325,241.69763478130645,-2.6874829295755887
0.004803125000000001,0.4803125000000001,-0.0005938024808273048,-0.5938024808273048,5.96647177419355,0.5258865208580392,0.3446432702185726,0.9778387636723636,0.0221612363276363,0.3370055492585294,241.45330231852577,-2.687152618188882
0.005132812500000002,0.5132812500000002,-0.0005602238646250807,-0.5602238646250807,5.968598790322581,0.5255117725041906,0.34448227853115454,0.9778387636723636,0.0221612363276363,0.33684812534594294,241.20883487286255,-2.6868226235520516
0.0054625,0.54625,-0.0005257222804411473,-0.5257222804411472,5.970725806451614,0.5251374185975135,0.34432137848812866,0.9778387636723636,0.0221612363276363,0.3366907910467958,240.96423577077823,-2.6864929363904495
0.005792187500000002,0.5792187500000002,-0.0004903080213448439,-0.4903080213448439,5.972852822580645,0.5247634705928729,0.3441605728345909,0.9778387636723636,0.0221612363276363,0.33653354904534877,240.71950051513673,-2.68616356569126
0.006121875000000001,0.6121875000000001,-0.0004539929651993569,-0.4539929651993569,5.974979838709678,0.5243899176087181,0.3439998591220909,0.9778387636723636,0.0221612363276363,0.33637639694741267,240.47463209257222,-2.685834503027375
0.0064515625000000024,0.6451562500000003,-0.0004167905950179035,-0.4167905950179035,5.97710685483871,0.5240167653435724,0.34383923875897354,0.9778387636723636,0.0221612363276363,0.33621933613012134,240.22962791460046,-2.685505752899261
0.006781250000000001,0.6781250000000001,-0.0003787160144552507,-0.3787160144552507,5.979233870967742,0.5236440109997522,0.3436787111761678,0.9778387636723636,0.0221612363276363,0.3360623660370152,239.98448825258066,-2.6851773131820287
0.0071109375000000035,0.7110937500000003,-0.0003397859580715148,-0.3397859580715148,5.981360887096774,0.5232716522185058,0.3435182759046272,0.9778387636723636,0.0221612363276363,0.3359054862094426,239.73921324371514,-2.684849182091582
0.007440625000000001,0.7440625000000001,-0.00030001879601056057,-0.3000187960105606,5.983487903225807,0.5228996942409516,0.34335793425069044,0.9778387636723636,0.0221612363276363,0.33574869792479184,239.49380040597154,-2.6845213637746745
0.007770312500000003,0.7770312500000003,-0.0002594345327438149,-0.2594345327438149,5.9856149193548385,0.5225281268012806,0.343197683896526,0.9778387636723636,0.0221612363276363,0.3355919989165977,239.24825260393052,-2.6841938502754106
0.008100000000000001,0.8100000000000002,-0.0002180547995421047,-0.2180547995421047,5.9877419354838715,0.522156962818723,0.34303752794600484,0.9778387636723636,0.0221612363276363,0.3354353922199453,239.00256467324687,-2.6838666517350767
0.0084296875,0.84296875,-0.00017590284035340389,-0.1759028403534039,5.989868951612904,0.5217861883651209,0.3428774632208873,0.9778387636723636,0.0221612363276363,0.33527887472702883,238.75674077191428,-2.6835397573362925
0.008759375000000002,0.8759375000000003,-0.0001330034907833296,-0.1330034907833296,5.991995967741936,0.5214158122354738,0.3427174918624744,0.9778387636723636,0.0221612363276363,0.3351224485316953,238.51077713979822,-2.683213174002375
0.009089062500000002,0.9089062500000001,-8.9383149897987e-05,-0.089383149897987,5.994122983870968,0.5210458285139772,0.34255761256560036,0.9778387636723636,0.0221612363276363,0.3349661123577032,238.2646751587912,-2.682886897169581
0.00941875,0.941875,-4.50697445953994e-05,-0.0450697445953994,5.99625,0.520676238009545,0.3423978256004822,0.9778387636723636,0.0221612363276363,0.33480986646928107,238.01843385545402,-2.6825609275250986
0.0097484375,0.97484375,-9.268632246306626e-08,-9.268632246306626e-05,5.998377016129033,0.5203070427741895,0.34223813153105914,0.9778387636723636,0.0221612363276363,0.33465371141787065,237.77205179630477,-2.682235266728478
0.010078125000000002,1.0078125000000002,4.5517180050952e-05,0.045517180050952,6.000504032258065,0.5199382356751432,0.3420785287604338,0.9778387636723636,0.0221612363276363,0.33449764564196366,237.52553083402037,-2.6819099092610776
0.0104078125,1.04078125,9.17276353503663e-05,0.0917276353503663,6.002631048387097,0.5195698266879304,0.3419190197176818,0.9778387636723636,0.0221612363276363,0.3343416715168045,237.2788666799412,-2.6815848629755368
0.010737500000000002,1.0737500000000002,0.0001385051533144445,0.1385051533144445,6.00475806451613,0.5192018032771558,0.3417596015311499,0.9778387636723636,0.0221612363276363,0.33418578623437933,237.0320631465378,-2.6812601181282805
0.011067187499999999,1.10671875,0.0001858149759723637,0.1858149759723637,6.006885080645161,0.5188341758131365,0.3416002767259124,0.9778387636723636,0.0221612363276363,0.3340299922638034,236.78511576845793,-2.6809356828825797
0.011396875000000004,1.1396875000000004,0.0002336211971907507,0.2336211971907507,6.009012096774193,0.5184669353238814,0.34144104326630753,0.9778387636723636,0.0221612363276363,0.33387428761452814,236.53802709437468,-2.6806115502780785
0.011726562500000001,1.17265625,0.0002818868543461865,0.2818868543461865,6.011139112903226,0.5181000857234422,0.3412819021562238,0.9778387636723636,0.0221612363276363,0.33371867326819443,236.2907949834046,-2.680287723430677
0.012056250000000003,1.2056250000000004,0.00033057402802218,0.33057402802218,6.0132661290322575,0.5177336259374309,0.34112285322280195,0.9778387636723636,0.0221612363276363,0.3335631490557739,236.04341910510362,-2.679964201555447
0.012385937500000001,1.2385937500000002,0.00037964394956945354,0.3796439495694535,6.015393145161291,0.5173675520081139,0.34096389560912055,0.9778387636723636,0.0221612363276363,0.33340771413933523,235.79590020863603,-2.67964098161012
0.012715625000000005,1.2715625000000006,0.00042905711630577073,0.4290571163057707,6.017520161290322,0.517001870714918,0.34080503100115433,0.9778387636723636,0.0221612363276363,0.33325237016749026,235.54823504340675,-2.6793180689553107
0.0130453125,1.3045312500000001,0.0004787734140668948,0.4787734140668948,6.019647177419355,0.5166365711983222,0.34064625690494754,0.9778387636723636,0.0221612363276363,0.3330971147015523,235.300426941257,-2.6789954551456163
0.013375000000000003,1.3375000000000004,0.0005287522467540391,0.5287522467540391,6.021774193548388,0.5162716652689877,0.3404875762019203,0.9778387636723636,0.0221612363276363,0.3329419505590855,235.05247073552258,-2.6786731494817513
0.013704687500000002,1.3704687500000003,0.0005789526724559286,0.5789526724559286,6.02390120967742,0.5159071409595254,0.3403289861315123,0.9778387636723636,0.0221612363276363,0.332786875040707,234.8043702006628,-2.6783511426483013
0.014034375000000002,1.4034375000000001,0.000629333545656023,0.629333545656023,6.026028225806452,0.5155430052277522,0.34017048842569353,0.9778387636723636,0.0221612363276363,0.33263188984000425,234.5561219687382,-2.678029440147979
0.0143640625,1.43640625,0.0006798536649681264,0.6798536649681264,6.028155241935484,0.515179253934427,0.340012082180404,0.9778387636723636,0.0221612363276363,0.3324769940729524,234.3077268695173,-2.677708038793406
0.01469375,1.469375,0.0007304719257773342,0.7304719257773342,6.030282258064516,0.5148158862347235,0.33985376727310723,0.9778387636723636,0.0221612363276363,0.3323221876197303,234.05918449087227,-2.6773869379763164
0.015023437500000002,1.5023437500000003,0.0007811474770987292,0.7811474770987291,6.032409274193549,0.5144529057742708,0.33969554465227664,0.9778387636723636,0.0221612363276363,0.33216747140779246,233.81049267556213,-2.6770661406077934
0.015353125,1.5353125,0.0008318398819041915,0.8318398819041914,6.034536290322579,0.5140903039487495,0.33953741234483675,0.9778387636723636,0.0221612363276363,0.3320128435077887,233.56165400974967,-2.676745639998143
0.015682812500000004,1.5682812500000005,0.0008825092801089992,0.8825092801089992,6.036663306451613,0.513728092145605,0.3393793731478284,0.9778387636723636,0.0221612363276363,0.3318583066547743,233.31266330627665,-2.6764254451274225
0.0160125,1.60125,0.00093311655335524,0.93311655335524,6.0387903225806445,0.5133662572961368,0.33922142401932154,0.9778387636723636,0.0221612363276363,0.33170385787423196,233.06352491221378,-2.6761055458041643
0.0163421875,1.6342187500000003,0.0009836234906793208,0.9836234906793208,6.0409173387096775,0.513004808730215,0.3390635672678028,0.9778387636723636,0.0221612363276363,0.33154949942348955,232.81423440833845,-2.6757859493972314
0.016671875000000003,1.6671875000000005,0.0010339929541067232,1.0339929541067232,6.0430443548387105,0.512643739304157,0.3389058012636062,0.9778387636723636,0.0221612363276363,0.3313952297089965,232.5647938446628,-2.6754666503582123
0.017001562500000005,1.7001562500000007,0.001084189043179425,1.084189043179425,6.045171370967742,0.5122830512250613,0.33874812661299214,0.9778387636723636,0.0221612363276363,0.3312410493235775,232.3152015870753,-2.675147650471156
0.01733125,1.7331250000000002,0.0011341772573906915,1.1341772573906914,6.047298387096775,0.5119227450659137,0.33859054353252954,0.9778387636723636,0.0221612363276363,0.33108695847900227,232.0654566297579,-2.6748289502394167
0.017660937500000005,1.7660937500000005,0.001183924655478933,1.1839246554789329,6.049425403225806,0.5115628153422139,0.3384330507842391,0.9778387636723636,0.0221612363276363,0.33093295596472655,231.81556040590667,-2.6745105454120877
0.017990625000000003,1.7990625000000002,0.001233400010517555,1.233400010517555,6.051552419354839,0.5112032703010636,0.33827565042696073,0.9778387636723636,0.0221612363276363,0.33077904379396394,231.56550880959648,-2.674192442515149
0.018320312500000005,1.8320312500000004,0.0012825739597317047,1.2825739597317047,6.053679435483871,0.5108440985195454,0.3381183397940192,0.9778387636723636,0.0221612363276363,0.3306252193591359,231.31530568780718,-2.6738746326350338
0.01865,1.865,0.0013314191479758839,1.331419147975884,6.055806451612904,0.5104853107442777,0.3379611215478233,0.9778387636723636,0.0221612363276363,0.33047148526364895,231.06494588351035,-2.6735571242616882
0.018979687500000002,1.8979687500000002,0.0013799103638188833,1.3799103638188832,6.057933467741935,0.5101268968864362,0.3378039933386924,0.9778387636723636,0.0221612363276363,0.33031783920989427,230.8144327300312,-2.6732399095262784
0.019309375000000004,1.9309375000000004,0.001428024667204571,1.428024667204571,6.060060483870968,0.5097688621451795,0.33764695649609766,0.9778387636723636,0.0221612363276363,0.33016428249788055,230.56376330748287,-2.6729229925641906
0.019639062500000005,1.9639062500000006,0.0014757415076888185,1.4757415076888185,6.062187499999999,0.5094112040808861,0.3374900105102985,0.9778387636723636,0.0221612363276363,0.33001081462916326,230.3129378224974,-2.6726063715121535
0.01996875,1.9968750000000002,0.001523042832294141,1.523042832294141,6.064314516129032,0.5090539202682807,0.33733315487282306,0.9778387636723636,0.0221612363276363,0.32985743510653937,230.06195649355624,-2.6722900445166435
0.0202984375,2.02984375,0.0015699131820744088,1.5699131820744088,6.0664415322580645,0.5086970158748825,0.3371763909099074,0.9778387636723636,0.0221612363276363,0.3297041452268535,229.8108163548885,-2.671974015691087
0.020628125000000004,2.0628125000000006,0.0016163397765418573,1.6163397765418572,6.068568548387097,0.5083404810922124,0.3370197163273349,0.9778387636723636,0.0221612363276363,0.3295509427467319,229.55952072495654,-2.6716582773785125
0.020957812500000006,2.095781250000001,0.0016623125851771953,1.6623125851771954,6.070695564516129,0.5079843280552069,0.33686313413865154,0.9778387636723636,0.0221612363276363,0.3293978306129366,229.30806367203434,-2.6713428391703053
0.0212875,2.12875,0.0017078243853203764,1.7078243853203765,6.072822580645162,0.5076285437881086,0.3367066412797484,0.9778387636723636,0.0221612363276363,0.3292448058292632,229.05644987906456,-2.671027690917273
0.021617187500000003,2.1617187500000004,0.001752870805823849,1.752870805823849,6.074949596774194,0.5072731364233736,0.33655023979772786,0.9778387636723636,0.0221612363276363,0.3290918703974477,228.8046750732923,-2.6707128390657764
0.021946875000000008,2.194687500000001,0.001797450355941131,1.797450355941131,6.077076612903226,0.5069181005677045,0.33639392846212735,0.9778387636723636,0.0221612363276363,0.3289390231142961,228.55274073797545,-2.670398279426396
0.02227656250000001,2.227656250000001,0.001841564439020526,1.841564439020526,6.079203629032258,0.506563436795568,0.33623770748840054,0.9778387636723636,0.0221612363276363,0.32878626419048745,228.30064581191687,-2.6700840125021923
0.022606250000000005,2.2606250000000006,0.0018852173506757784,1.8852173506757783,6.08133064516129,0.5062091472545516,0.3360815774757704,0.9778387636723636,0.0221612363276363,0.3286335942119651,228.04838853148178,-2.6697700400349573
0.022935937500000003,2.2935937500000003,0.0019284162612113866,1.9284162612113864,6.083457661290323,0.5058552250025848,0.33592553681200266,0.9778387636723636,0.0221612363276363,0.3284810116022238,227.79597109441846,-2.6694563566129776
0.023265625000000005,2.3265625000000005,0.0019711711821893095,1.9711711821893096,6.085584677419355,0.5055016796867795,0.33576958792204686,0.9778387636723636,0.0221612363276363,0.3283285187324733,227.5433884423033,-2.669142969880745
0.02359531250000001,2.359531250000001,0.0020134949171346367,2.013494917134637,6.087711693548387,0.5051484993498231,0.3356137279698988,0.9778387636723636,0.0221612363276363,0.3281761128295589,227.29064499062716,-2.6688298704771505
0.023925000000000002,2.3925,0.0020554029964894326,2.0554029964894327,6.0898387096774185,0.5047956937170356,0.33545795940239864,0.9778387636723636,0.0221612363276363,0.3280237962860954,227.03773560542817,-2.668517066110144
0.024254687500000004,2.4254687500000003,0.002096913597035404,2.096913597035404,6.091965725806452,0.504443254499299,0.33530228027394654,0.9778387636723636,0.0221612363276363,0.3278715671996003,226.7846631141233,-2.6682045503039777
0.024584375000000006,2.4584375000000005,0.002138047446116,2.138047446116,6.094092741935484,0.5040911852124241,0.3351466915183423,0.9778387636723636,0.0221612363276363,0.3277194264831789,226.53142510744192,-2.6678923258781846
0.0249140625,2.4914062500000003,0.0021788277110962005,2.1788277110962007,6.0962197580645165,0.5037394850426298,0.33499119301338437,0.9778387636723636,0.0221612363276363,0.32756737401733793,226.2780210891303,-2.6675803922431305
0.02524375,2.524375,0.0022192798746024207,2.2192798746024205,6.098346774193549,0.5033881500544457,0.3348357838714724,0.9778387636723636,0.0221612363276363,0.3274154089341473,226.0244519858446,-2.667268746348484
0.025573437500000004,2.5573437500000007,0.002259431596184821,2.259431596184821,6.100473790322581,0.5030371868685438,0.3346804657898459,0.9778387636723636,0.0221612363276363,0.3272635328932337,225.77071392816273,-2.6669573934625457
0.025903125000000006,2.590312500000001,0.0022993125611388827,2.2993125611388825,6.102600806451613,0.502686585113372,0.33452523630251585,0.9778387636723636,0.0221612363276363,0.32711174348325744,225.5168107809729,-2.6666463254613872
0.0262328125,2.6232812500000002,0.0023389543173118013,2.338954317311801,6.104727822580647,0.5023363558800756,0.3343700982050453,0.9778387636723636,0.0221612363276363,0.3269600434378283,225.2627365935984,-2.666335551138674
0.026562500000000003,2.6562500000000004,0.002378390100801097,2.378390100801097,6.106854838709677,0.5019864880405138,0.33421504884227604,0.9778387636723636,0.0221612363276363,0.32680843016062977,225.00849560872865,-2.6660250617715415
0.026892187500000008,2.689218750000001,0.0024176546515275355,2.4176546515275352,6.10898185483871,0.5016369879945073,0.3340600898607798,0.9778387636723636,0.0221612363276363,0.3266569052617437,224.7540839969637,-2.665714862456465
0.02722187500000001,2.722187500000001,0.0024567840197313013,2.4567840197313013,6.111108870967741,0.5012878520244048,0.33390522042251264,0.9778387636723636,0.0221612363276363,0.3265054679216979,224.499502598158,-2.6654049503120576
0.027551562500000005,2.7551562500000006,0.0024958153644991325,2.4958153644991325,6.113235887096774,0.5009390791433066,0.33375044035893126,0.9778387636723636,0.0221612363276363,0.32635411797568425,224.24475099820552,-2.6650953246093865
0.027881250000000007,2.788125000000001,0.0025347867454804493,2.5347867454804494,6.115362903225806,0.500590673003636,0.3335957506451512,0.9778387636723636,0.0221612363276363,0.3262028563772087,223.98982658294958,-2.664785988280635
0.028210937500000005,2.8210937500000006,0.0025737369089922084,2.5737369089922084,6.117489919354839,0.5002426252720701,0.33344114930146845,0.9778387636723636,0.0221612363276363,0.3260516811904399,223.73473240495036,-2.664476934799323
0.02854062500000001,2.8540625000000013,0.002612705069745479,2.612705069745479,6.119616935483871,0.4998949469308973,0.3332866391122052,0.9778387636723636,0.0221612363276363,0.32590059513799596,223.47946234409252,-2.664168172883416
0.028870312500000002,2.88703125,0.002651730689451089,2.651730689451089,6.121743951612903,0.49954762551615933,0.33313221707540375,0.9778387636723636,0.0221612363276363,0.3257495952844463,223.22402144406715,-2.6638596927440537
0.029200000000000004,2.9200000000000004,0.002690853253577888,2.6908532535778877,6.123870967741936,0.4992006697729178,0.33297788542577883,0.9778387636723636,0.0221612363276363,0.3255986838149815,222.9684046091143,-2.6635515013349194
0.029529687500000006,2.9529687500000006,0.0027301120475448264,2.7301120475448264,6.125997983870969,0.4988540731361016,0.3328236426150192,0.9778387636723636,0.0221612363276363,0.32544785921560304,222.71261408764173,-2.6632435935218477
0.029859375,2.9859375000000004,0.0027695459336279046,2.7695459336279047,6.128125,0.49850783751040756,0.33266948918806794,0.9778387636723636,0.0221612363276363,0.32529712201917715,222.4566480513043,-2.6629359708580727
0.0301890625,3.01890625,0.002809193129855005,2.809193129855005,6.130252016129033,0.4981619636371452,0.33251542540349643,0.9778387636723636,0.0221612363276363,0.325146472478545,222.20050521108385,-2.6626286339789904
0.030518750000000004,3.051875000000001,0.0028490909921465002,2.8490909921465,6.132379032258065,0.4978164461379997,0.3323614500013639,0.9778387636723636,0.0221612363276363,0.32499590936168776,221.94418728892379,-2.6623215786840895
0.030848437500000006,3.084843750000001,0.0028892758009372243,2.889275800937224,6.134506048387096,0.49747129302091403,0.33220756504317456,0.9778387636723636,0.0221612363276363,0.3248454346844241,221.6876894046345,-2.6620148113508866
0.031178125,3.1178125000000003,0.002929782553486877,2.929782553486877,6.13663306451613,0.4971264933796071,0.33205376789454016,0.9778387636723636,0.0221612363276363,0.32469504587074716,221.43101602833474,-2.6617083234086665
0.0315078125,3.1507812500000005,0.002970644763051125,2.970644763051125,6.13876008064516,0.49678205730286795,0.3319000611364906,0.9778387636723636,0.0221612363276363,0.3245447454444879,221.1741612022888,-2.6614021228812934
0.03183750000000001,3.183750000000001,0.0030118942660453518,3.011894266045352,6.140887096774195,0.49643797543363044,0.3317464425160163,0.9778387636723636,0.0221612363276363,0.3243945312025663,220.91712865987742,-2.6610962024202327
0.03216718750000001,3.2167187500000005,0.0030535610382875535,3.0535610382875533,6.143014112903226,0.4960942525122453,0.3315929132859814,0.9778387636723636,0.0221612363276363,0.32424440437008134,220.6599150809669,-2.66079056582219
0.032496875,3.2496875000000003,0.0030956730213564532,3.095673021356453,6.145141129032258,0.4957508864250119,0.3314394729939869,0.9778387636723636,0.0221612363276363,0.3240943645046599,220.40252057541076,-2.6604852114645956
0.0328265625,3.2826562500000005,0.003138255960046261,3.138255960046261,6.147268145161291,0.4954078746920075,0.331286121094286,0.9778387636723636,0.0221612363276363,0.3239444110726496,220.14494545967074,-2.6601801374338128
0.033156250000000005,3.3156250000000007,0.0031813332518406774,3.181333251840677,6.149395161290323,0.4950652224036013,0.33113285893114297,0.9778387636723636,0.0221612363276363,0.323794545388524,219.8871861644405,-2.659875347806079
0.03348593750000001,3.348593750000001,0.003224925809266236,3.224925809266236,6.151522177419355,0.4947229201819174,0.3309796842349498,0.9778387636723636,0.0221612363276363,0.3236447652329726,219.62924655200686,-2.6595708352086884
0.033815625,3.3815625000000007,0.003269051935919017,3.269051935919017,6.153649193548388,0.49438097943288456,0.33082659993028024,0.9778387636723636,0.0221612363276363,0.3234950734657569,219.37111975725276,-2.6592666087172625
0.034145312500000004,3.4145312500000005,0.0033137272168896,3.3137272168895997,6.155776209677419,0.494039388061863,0.3306736030649883,0.9778387636723636,0.0221612363276363,0.323345467200154,219.11281107920416,-2.6589626588066078
0.03447500000000001,3.447500000000001,0.0033589644242387703,3.35896442423877,6.157903225806452,0.49369815358992764,0.33052069559430175,0.9778387636723636,0.0221612363276363,0.3231959483480617,218.85431562402968,-2.658658991478861
0.0348046875,3.48046875,0.0034047734381014772,3.4047734381014774,6.160030241935484,0.493357271103454,0.3303678763604172,0.9778387636723636,0.0221612363276363,0.3230465157773347,218.5956349783188,-2.6583556028916284
0.03513437500000001,3.5134375000000007,0.00345116118391857,3.45116118391857,6.162157258064516,0.49301674096532005,0.3302151455262196,0.9778387636723636,0.0221612363276363,0.32289716964724824,218.33676797394685,-2.658052493379722
0.035464062500000004,3.5464062500000004,0.0034981315862155243,3.498131586215524,6.164284274193549,0.49267656540407,0.33006250372430446,0.9778387636723636,0.0221612363276363,0.3227479105763788,218.0777124274527,-2.657749664756666
0.035793750000000006,3.5793750000000006,0.00354568553926438,3.54568553926438,6.16641129032258,0.49233673766311875,0.3299099493291569,0.9778387636723636,0.0221612363276363,0.3225987369752349,217.81847095425357,-2.657447111716815
0.0361234375,3.6123437500000004,0.0035938208948798414,3.5938208948798414,6.168538306451613,0.49199726707453,0.3297574847598298,0.9778387636723636,0.0221612363276363,0.3224496512092603,217.55903754231127,-2.6571448417027517
0.036453125,3.6453125,0.0036425324675128474,3.642532467512847,6.170665322580645,0.4916581422244264,0.3296051072168921,0.9778387636723636,0.0221612363276363,0.32230065054106266,217.29941733307692,-2.656842845716417
0.036782812500000005,3.678281250000001,0.003691812056715224,3.691812056715224,6.1727923387096775,0.49131937223903754,0.32945281907028745,0.9778387636723636,0.0221612363276363,0.3221517372880648,217.0396043752562,-2.6565411310389777
0.0371125,3.7112499999999997,0.003741648486957197,3.741648486957197,6.17491935483871,0.49098094945890763,0.3293006184623648,0.9778387636723636,0.0221612363276363,0.32200290963378353,216.77960181446397,-2.6562396916458773
0.0374421875,3.7442187500000004,0.0037920276646859342,3.7920276646859343,6.177046370967743,0.4906428770351243,0.3291485062590873,0.9778387636723636,0.0221612363276363,0.32185416842499115,216.51940691434075,-2.6559385300824623
0.037771875,3.7771875,0.003842932652417976,3.842932652417976,6.179173387096774,0.49030515438915273,0.32899648238694446,0.9778387636723636,0.0221612363276363,0.3217055135898063,216.2590189565229,-2.6556376459375315
0.038101562500000005,3.810156250000001,0.003894343759561802,3.894343759561802,6.181300403225807,0.4899677776135969,0.3288445459297578,0.9778387636723636,0.0221612363276363,0.32155694423235415,215.99843908232555,-2.655337036158342
0.03843125000000001,3.8431250000000006,0.003946238649569063,3.946238649569063,6.183427419354839,0.4896307531726326,0.3286926985942195,0.9778387636723636,0.0221612363276363,0.3214084620215045,215.73766264875002,-2.655036705920491
0.038760937499999995,3.87609375,0.003998592462914685,3.998592462914685,6.185554435483872,0.4892940711540066,0.32854093794323586,0.9778387636723636,0.0221612363276363,0.3212600645741726,215.47669416306667,-2.6547366474056675
0.039090625000000004,3.9090625000000006,0.004051377955307503,4.051377955307503,6.187681451612903,0.4889577419800098,0.3283892666878996,0.9778387636723636,0.0221612363276363,0.32111175454136986,215.2155267138318,-2.6544368689318865
0.03942031250000001,3.942031250000001,0.0041045656504349335,4.1045656504349335,6.189808467741936,0.48862175529847324,0.3282376822762617,0.9778387636723636,0.0221612363276363,0.32096352942770184,214.95416509271976,-2.6541373623293687
0.03975000000000001,3.975000000000001,0.004158124006447989,4.158124006447989,6.191935483870968,0.48828611699508445,0.3280861862718173,0.9778387636723636,0.0221612363276363,0.32081539076201454,214.6926049066113,-2.653838132316737
0.04007968750000001,4.007968750000001,0.004212019595297311,4.212019595297311,6.1940625,0.4879508237379927,0.32793477790050457,0.9778387636723636,0.0221612363276363,0.32066733778740053,214.43084698609573,-2.6535391762954488
0.040409375,4.0409375,0.00426621729393789,4.266217293937889,6.196189516129032,0.48761587441474025,0.32778345694993005,0.9778387636723636,0.0221612363276363,0.3205193702961731,214.16889091303443,-2.653240493427979
0.040739062500000006,4.07390625,0.004320680486330084,4.320680486330084,6.198316532258065,0.48728127267601745,0.32763222441998563,0.9778387636723636,0.0221612363276363,0.3203714892660652,213.90673349403386,-2.652942086660777
0.04106875,4.1068750000000005,0.004375371275078851,4.375371275078851,6.2004435483870965,0.48694701044889016,0.32748107832632245,0.9778387636723636,0.0221612363276363,0.3202236927567037,213.64437834907437,-2.652643949626435
0.0413984375,4.13984375,0.004430250701472338,4.430250701472338,6.2025705645161295,0.4866130983290033,0.3273300214388541,0.9778387636723636,0.0221612363276363,0.32007598347661737,213.3818181968502,-2.652346090790161
0.041728125000000005,4.172812500000001,0.00448527897260613,4.48527897260613,6.204697580645162,0.4862795244208575,0.3271790507964426,0.9778387636723636,0.0221612363276363,0.3199283585302909,213.11905892472754,-2.652048500745217
0.0420578125,4.20578125,0.004540415694211837,4.540415694211837,6.206824596774194,0.48594629692635455,0.32702816856138867,0.9778387636723636,0.0221612363276363,0.3197808200321057,212.8560946032295,-2.6517511860561904
0.0423875,4.2387500000000005,0.004595620107748634,4.595620107748633,6.208951612903226,0.4856134098131251,0.32687737326462485,0.9778387636723636,0.0221612363276363,0.31963336654555047,212.5929277006964,-2.6514541419739888
0.0427171875,4.271718750000001,0.004650851330265677,4.650851330265676,6.211078629032258,0.48528086471037185,0.3267266653919998,0.9778387636723636,0.0221612363276363,0.3194859985457072,212.3295561490954,-2.6511573698392774
0.043046875000000005,4.304687500000001,0.004706068595501994,4.706068595501994,6.213205645161291,0.4849486625087283,0.3265760452421569,0.9778387636723636,0.0221612363276363,0.31933871632460065,212.06597828998838,-2.6508608704064343
0.04337656250000001,4.337656250000001,0.004761231494660204,4.761231494660204,6.215332661290323,0.48461679793619916,0.32642551153523175,0.9778387636723636,0.0221612363276363,0.3191915186307299,211.80219619645683,-2.650564639527589
0.043706249999999995,4.3706249999999995,0.004816300215271371,4.8163002152713705,6.217459677419355,0.48428527876925953,0.3262750663336508,0.9778387636723636,0.0221612363276363,0.3190444074808155,211.53820401693986,-2.650268683434683
0.044035937500000004,4.403593750000001,0.004871235776561621,4.871235776561621,6.219586693548387,0.4839540945878016,0.32612470703617125,0.9778387636723636,0.0221612363276363,0.31889738033126147,211.27400697715765,-2.649972993882731
0.04436562500000001,4.436562500000001,0.0049260002597370685,4.9260002597370685,6.22171370967742,0.48362325486907554,0.3259744361438549,0.9778387636723636,0.0221612363276363,0.31875043962770294,211.00959813019298,-2.649677578458537
0.04469531250000001,4.469531250000001,0.00498055703162284,4.98055703162284,6.223840725806451,0.483292750932044,0.32582425149816363,0.9778387636723636,0.0221612363276363,0.31860358325943755,210.7449816762487,-2.649382430298711
0.04502500000000001,4.5025,0.00503487096012454,5.03487096012454,6.225967741935485,0.4829625870952445,0.3256741542776557,0.9778387636723636,0.0221612363276363,0.3184568123789055,210.48015380148234,-2.6490875528855597
0.0453546875,4.53546875,0.00508890862002681,5.088908620026809,6.228094758064516,0.4826327615417289,0.32552414408526764,0.9778387636723636,0.0221612363276363,0.31831012659784247,210.215114472907,-2.6487929448180694
0.045684375000000006,4.568437500000001,0.005142638487703398,5.142638487703398,6.230221774193549,0.48230327174749527,0.3253742203400802,0.9778387636723636,0.0221612363276363,0.31816352534820325,209.9498641243965,-2.648498604130955
0.0460140625,4.60140625,0.005196031123386204,5.196031123386204,6.232348790322581,0.48197412272294127,0.3252243844025811,0.9778387636723636,0.0221612363276363,0.31801700996032545,209.68439842088486,-2.6482045348598975
0.04634375,4.634375,0.005249059339726837,5.249059339726837,6.234475806451613,0.48164530549598794,0.32507463402864534,0.9778387636723636,0.0221612363276363,0.31787057823981674,209.41872188448997,-2.6479107299026983
0.046673437500000005,4.667343750000001,0.005301698355482384,5.301698355482383,6.236602822580645,0.4813168307943485,0.3249249720553448,0.9778387636723636,0.0221612363276363,0.3177242329608757,209.15282649387706,-2.647617197850918
0.047003125,4.7003125,0.005353925933266942,5.353925933266941,6.238729838709677,0.4809886873392416,0.3247753956401962,0.9778387636723636,0.0221612363276363,0.3175779713440123,208.8867182809404,-2.647323929762481
0.0473328125,4.73328125,0.005405722500430662,5.405722500430662,6.24085685483871,0.4806608820871483,0.32462590664894425,0.9778387636723636,0.0221612363276363,0.3174317952136238,208.6203915842165,-2.6470309312254594
0.047662500000000003,4.76625,0.005457071252257752,5.457071252257752,6.242983870967742,0.48033341056507767,0.3244765039943504,0.9778387636723636,0.0221612363276363,0.3172857035065663,208.353848092205,-2.6467381987194396
0.047992187500000005,4.7992187500000005,0.005507958236812571,5.507958236812571,6.245110887096774,0.48000627294501824,0.3243271877889111,0.9778387636723636,0.0221612363276363,0.31713969633284345,208.08708650154318,-2.6464457324254536
0.04832187500000001,4.832187500000001,0.005558372420907475,5.558372420907475,6.247237903225806,0.47967947152343965,0.3241779586967142,0.9778387636723636,0.0221612363276363,0.3169937743418256,207.8201040857622,-2.6461535342192954
0.048651562499999995,4.86515625,0.00560830573681555,5.60830573681555,6.249364919354838,0.4793529997240645,0.3240288150809256,0.9778387636723636,0.0221612363276363,0.3168479359329533,207.55290397144503,-2.6458615989003547
0.048981250000000004,4.898125,0.005657753109504483,5.657753109504483,6.251491935483871,0.4790268665766746,0.3238797593530431,0.9778387636723636,0.0221612363276363,0.31670218346428236,207.2854789443413,-2.6455699337153558
0.04931093750000001,4.931093750000001,0.005706712464322828,5.706712464322828,6.253618951612903,0.4787010611787141,0.3237307887509912,0.9778387636723636,0.0221612363276363,0.3165565142349484,207.01783503200346,-2.6452785300110544
0.04964062500000001,4.964062500000001,0.005755184715224915,5.755184715224915,6.255745967741936,0.47837559209948183,0.3235819055692434,0.9778387636723636,0.0221612363276363,0.31641093048857644,206.74996526451943,-2.6449873946684157
0.04997031250000001,4.997031250000001,0.005803173733774273,5.803173733774273,6.257872983870969,0.47805045226056403,0.32343310803590636,0.9778387636723636,0.0221612363276363,0.3162654304925407,206.48187315388074,-2.6446965220831045
0.0503,5.03,0.005850686299315565,5.850686299315565,6.26,0.47772564447886284,0.32328439695137406,0.9778387636723636,0.0221612363276363,0.31612001502949727,206.21355555528902,-2.644405914546749
0.050629687500000006,5.0629687500000005,0.005897732030850503,5.897732030850503,6.262127016129033,0.47740116838814145,0.32313577228886126,0.9778387636723636,0.0221612363276363,0.31597468407325446,205.94501144874593,-2.6441155718111284
0.050959375,5.095937500000001,0.005944323301291944,5.944323301291944,6.264254032258064,0.4770770201140712,0.3229872331056484,0.9778387636723636,0.0221612363276363,0.31582943670198477,205.67624223659436,-2.643825490826134
0.05128906250000001,5.128906250000001,0.005990475134901455,5.9904751349014544,6.266381048387097,0.47675320596685183,0.3228387811161479,0.9778387636723636,0.0221612363276363,0.31568427459210685,205.40724229112854,-2.6435356766746145
0.051618750000000005,5.161875000000001,0.006036205088837201,6.0362050888372005,6.268508064516129,0.4764297164669233,0.3226904139129664,0.9778387636723636,0.0221612363276363,0.3155391953895783,205.13801690438746,-2.6432461218288523
0.0519484375,5.19484375,0.0060815331198504664,6.081533119850467,6.270635080645162,0.4761065614142785,0.3225421341242149,0.9778387636723636,0.0221612363276363,0.315394201664268,204.86855796424805,-2.6429568341605196
0.05227812500000001,5.2278125000000015,0.006126481437268727,6.126481437268727,6.272762096774194,0.47578373117480066,0.3223939392988551,0.9778387636723636,0.0221612363276363,0.31524929101945565,204.59887091464117,-2.642667806016293
0.052607812500000004,5.260781250000001,0.00617107434349092,6.17107434349092,6.274889112903226,0.47546123116013267,0.3222458309196703,0.9778387636723636,0.0221612363276363,0.31510446490506394,204.32895065847003,-2.6423790417631823
0.0529375,5.29375,0.006215338063295154,6.215338063295154,6.2770161290322575,0.4751390583916488,0.32209780827451967,0.9778387636723636,0.0221612363276363,0.3149597226247344,204.05879798631008,-2.6420905390642204
0.05326718750000001,5.326718750000001,0.006259300563320168,6.259300563320168,6.2791431451612905,0.47481721164620416,0.321949871109282,0.9778387636723636,0.0221612363276363,0.31481506392997716,203.78841246972854,-2.641802296984317
0.053596874999999995,5.3596875,0.0063029913631296565,6.302991363129657,6.281270161290323,0.4744956945653223,0.3218020204468094,0.9778387636723636,0.0221612363276363,0.3146704898209768,203.5177901671585,-2.6415143184780616
0.05392656250000001,5.392656250000002,0.006346441339302266,6.346441339302266,6.2833971774193556,0.47417449932631284,0.32165425429998074,0.9778387636723636,0.0221612363276363,0.3145259983546491,203.2469353979139,-2.6412265973330022
0.05425625000000001,5.425625000000001,0.006389682524010256,6.389682524010256,6.285524193548388,0.47385363615568105,0.321506575422737,0.9778387636723636,0.0221612363276363,0.3143815922239046,202.9758394080803,-2.6409391417705637
0.0545859375,5.45859375,0.006432747899556929,6.4327478995569285,6.287651209677419,0.4735330936927585,0.3213589808954638,0.9778387636723636,0.0221612363276363,0.3142372685738311,202.70450912209185,-2.640651942746914
0.054915625000000017,5.4915625000000015,0.006475671190336663,6.475671190336663,6.289778225806452,0.4732128796345419,0.3212114728094802,0.9778387636723636,0.0221612363276363,0.3140930294494012,202.43293756143274,-2.6403650064617805
0.0552453125,5.52453125,0.006518486653663313,6.518486653663313,6.291905241935484,0.4728929884394409,0.3210640497727954,0.9778387636723636,0.0221612363276363,0.3139488734894725,202.161127438089,-2.6400783285242175
0.055575000000000006,5.557500000000001,0.00656122887088292,6.56122887088292,6.294032258064517,0.4725734214856288,0.32091671221438284,0.9778387636723636,0.0221612363276363,0.31380480111351183,201.88907637933366,-2.6397919100791034
0.05590468750000001,5.590468750000001,0.006603932540145966,6.603932540145966,6.296159274193549,0.47225417979595935,0.32076946047104665,0.9778387636723636,0.0221612363276363,0.31366081265085943,201.61678223582845,-2.6395057519878815
0.056234375,5.6234375000000005,0.006646632272164287,6.646632272164287,6.298286290322581,0.4719352582045262,0.320622293244957,0.9778387636723636,0.0221612363276363,0.31351690683244676,201.34424751192142,-2.63921985015711
0.0565640625,5.65640625,0.006689362390218547,6.689362390218546,6.300413306451613,0.4716166642638531,0.320475212597815,0.9778387636723636,0.0221612363276363,0.31337308567428535,201.07146511341273,-2.638934210676169
0.05689375,5.689375,0.00673215673561532,6.73215673561532,6.302540322580645,0.47129838801174084,0.3203282159622547,0.9778387636723636,0.0221612363276363,0.3132293466659051,200.7984411958751,-2.638648825609783
0.0572234375,5.72234375,0.006775048479719321,6.775048479719321,6.304667338709677,0.47098043835644915,0.3201813057608681,0.9778387636723636,0.0221612363276363,0.31308569217621035,200.52516756427127,-2.6383637021345474
0.05755312500000001,5.755312500000001,0.00681806994360728,6.81806994360728,6.306794354838711,0.47066280724197174,0.3200344799273064,0.9778387636723636,0.0221612363276363,0.3129421201846452,200.25164897012115,-2.6380788338397156
0.057882812500000005,5.788281250000001,0.006861252426306205,6.861252426306205,6.308921370967742,0.47034549859881464,0.3198877395681463,0.9778387636723636,0.0221612363276363,0.3127986317732632,199.9778809753209,-2.6377942239157113
0.0582125,5.82125,0.006904626042491882,6.9046260424918815,6.311048387096775,0.4700285108802877,0.319741084339645,0.9778387636723636,0.0221612363276363,0.3126552266059395,199.70386333588283,-2.637509871165395
0.05854218750000001,5.854218750000001,0.006948219570433695,6.948219570433695,6.313175403225807,0.4697118415277096,0.3195945136277634,0.9778387636723636,0.0221612363276363,0.31251190408224255,199.42959662508298,-2.6372257735795044
0.058871875000000004,5.8871875000000005,0.006992060310880944,6.992060310880944,6.315302419354839,0.4693954954693196,0.31944802880747264,0.9778387636723636,0.0221612363276363,0.31236866554667264,199.15507551636094,-2.636941935150264
0.059201562500000006,5.920156250000001,0.007036173957493988,7.036173957493988,6.317429435483871,0.4690794641157863,0.3193016276608946,0.9778387636723636,0.0221612363276363,0.31222550883050254,198.88030534406033,-2.6366583490330946
0.05953125000000001,5.953125000000001,0.007080584479332025,7.080584479332025,6.319556451612904,0.46876375756332067,0.31915531293916777,0.9778387636723636,0.0221612363276363,0.3120824366239021,198.6052766234488,-2.6363750233649164
0.05986093750000001,5.986093750000001,0.007125314015818526,7.1253140158185255,6.321683467741935,0.46844836528919287,0.31900908190706456,0.9778387636723636,0.0221612363276363,0.31193944625225983,198.32999627159805,-2.6360919497488937
0.06019062500000001,6.019062500000001,0.007170382784516248,7.170382784516248,6.323810483870967,0.46813329372811924,0.3188629363432869,0.9778387636723636,0.0221612363276363,0.3117965394548593,198.0544576557402,-2.635809133387022
0.060520312500000006,6.052031250000001,0.007215809001956434,7.215809001956434,6.3259375,0.46781853881212637,0.3187168752290321,0.9778387636723636,0.0221612363276363,0.31165371523547575,197.77866255798529,-2.635526571057649
0.06085,6.085000000000001,0.007261608817682269,7.261608817682269,6.328064516129032,0.46750410054107155,0.3185708986285656,0.9778387636723636,0.0221612363276363,0.31151097365695046,197.50260949649243,-2.6352442628013746
0.06117968750000001,6.117968750000001,0.007307796261584831,7.307796261584831,6.330191532258064,0.46718998126773215,0.3184250072356237,0.9778387636723636,0.0221612363276363,0.31136831539764576,197.22629502760293,-2.6349622105477026
0.061509375000000005,6.150937500000001,0.007354383204531173,7.354383204531173,6.3323185483870965,0.4668761745910165,0.3182791994039208,0.9778387636723636,0.0221612363276363,0.3112257388477596,196.94972291154144,-2.634680409199804
0.0618390625,6.18390625,0.007401379332209052,7.401379332209053,6.3344455645161295,0.4665626892506142,0.3181334775358483,0.9778387636723636,0.0221612363276363,0.31108324635644363,196.67288438634017,-2.6343988658144264
0.06216875000000001,6.216875000000002,0.0074487921320411385,7.448792132041138,6.336572580645161,0.46624951482549615,0.31798783890733956,0.9778387636723636,0.0221612363276363,0.31094083525999966,196.39578657855355,-2.6341175720660974
0.062498437500000004,6.24984375,0.007496626892953582,7.496626892953581,6.338699596774194,0.46593665936678946,0.31784228573889795,0.9778387636723636,0.0221612363276363,0.3107985077297222,196.11842121943587,-2.633836534460227
0.062828125,6.2828125,0.007544886717719686,7.544886717719686,6.340826612903227,0.46562411633265044,0.3176968163421362,0.9778387636723636,0.0221612363276363,0.3106562621146404,195.84079224621775,-2.633555747784107
0.06315781250000001,6.315781250000001,0.007593572547538804,7.593572547538804,6.342953629032258,0.46531188823364084,0.31755143145414977,0.9778387636723636,0.0221612363276363,0.3105140991355151,195.56289598927017,-2.6332752140944975
0.0634875,6.34875,0.007642683198453847,7.642683198453847,6.345080645161291,0.4649999748950463,0.31740613109292376,0.9778387636723636,0.0221612363276363,0.3103720188099327,195.28473101106843,-2.632994933291983
0.06381718750000001,6.381718750000001,0.007692215409157727,7.692215409157727,6.347207661290324,0.46468837247987316,0.3172609142911672,0.9778387636723636,0.0221612363276363,0.3102300201920387,195.00629903310306,-2.6327149023336083
0.064146875,6.414687500000001,0.007742163899689429,7.742163899689428,6.349334677419355,0.464377087147073,0.31711578276936037,0.9778387636723636,0.0221612363276363,0.31008810496418515,194.72759314647385,-2.6324351262095917
0.0644765625,6.4476562500000005,0.007792521440474613,7.792521440474612,6.351461693548388,0.4640661098250658,0.31697073415050137,0.9778387636723636,0.0221612363276363,0.30994627080204773,194.448619617153,-2.632155597668809
0.06480625000000001,6.480625000000001,0.007843278931123106,7.843278931123106,6.353588709677419,0.4637554497343726,0.3168257709812931,0.9778387636723636,0.0221612363276363,0.30980452019589105,194.16936879717852,-2.6318763241637364
0.06513593750000002,6.513593750000002,0.00789442548835669,7.89442548835669,6.355715725806452,0.4634450979058586,0.316680890909224,0.9778387636723636,0.0221612363276363,0.30966285084533823,193.88984691692153,-2.6315972985236247
0.065465625,6.5465625,0.007945948542405126,7.945948542405126,6.357842741935484,0.46313505931379473,0.31653609533875904,0.9778387636723636,0.0221612363276363,0.3095212641237296,193.61004797690472,-2.63131852478815
0.06579531250000001,6.579531250000001,0.007997833941176055,7.997833941176054,6.3599697580645165,0.4628253313031054,0.3163913836176025,0.9778387636723636,0.0221612363276363,0.30937975939322493,193.32997267763875,-2.631040000862295
0.066125,6.612500000000001,0.008050066061475887,8.050066061475887,6.362096774193549,0.4625159125533523,0.3162467554519879,0.9778387636723636,0.0221612363276363,0.3092383363665681,193.04962056589716,-2.6307617257234317
0.0664546875,6.645468749999999,0.008102627926533306,8.102627926533305,6.364223790322581,0.4622068066904245,0.3161022118859634,0.9778387636723636,0.0221612363276363,0.30909699606466995,192.7689867113732,-2.6304837023288745
0.066784375,6.678437500000001,0.008155501329055556,8.155501329055555,6.366350806451613,0.461898006132176,0.3159577509314018,0.9778387636723636,0.0221612363276363,0.3089557365434626,192.48807630840696,-2.630205924617047
0.0671140625,6.7114062500000005,0.008208666959028985,8.208666959028985,6.368477822580646,0.4615895207525293,0.3158133753248271,0.9778387636723636,0.0221612363276363,0.3088145604788251,192.20687869290705,-2.6299284005742787
0.06744375000000001,6.744375000000002,0.008262104535461442,8.262104535461441,6.370604838709678,0.46128133969444296,0.3156690821887192,0.9778387636723636,0.0221612363276363,0.30867346505700693,191.92540208637348,-2.6296511215015537
0.0677734375,6.77734375,0.008315792941252684,8.315792941252685,6.37273185483871,0.4609734701851848,0.31552487354490993,0.9778387636723636,0.0221612363276363,0.3085324522550336,191.6436381571291,-2.629374093256266
0.068103125,6.810312500000001,0.008369710360372635,8.369710360372634,6.374858870967742,0.46066590713562333,0.3153807480762777,0.9778387636723636,0.0221612363276363,0.3083915207849725,191.36158988506386,-2.6290973117806846
0.06843281250000001,6.843281250000001,0.00842383441652407,8.42383441652407,6.376985887096774,0.4603586516951634,0.3152367061571252,0.9778387636723636,0.0221612363276363,0.30825067101283143,191.07925449636215,-2.628820778039388
0.0687625,6.876250000000001,0.008478142312467874,8.478142312467874,6.379112903225807,0.46005170500347553,0.31509274816053356,0.9778387636723636,0.0221612363276363,0.3081099033034236,190.79662917390726,-2.62854449298998
0.0690921875,6.90921875,0.008532610969194419,8.532610969194419,6.381239919354838,0.4597450620002,0.31494887277258443,0.9778387636723636,0.0221612363276363,0.3079692163719486,190.5137169576259,-2.6282684525949565
0.06942187500000002,6.942187500000002,0.008587217164134492,8.587217164134492,6.383366935483872,0.45943873002124014,0.3148050820526996,0.9778387636723636,0.0221612363276363,0.30782861223218877,190.23050912568033,-2.627992662804181
0.0697515625,6.975156250000001,0.008641937667617634,8.641937667617633,6.3854939516129035,0.45913269953605257,0.31466137346800327,0.9778387636723636,0.0221612363276363,0.30768808840740025,189.94701299773766,-2.627717115977017
0.07008125000000001,7.0081250000000015,0.008696749376804673,8.696749376804673,6.3876209677419356,0.4588269789230552,0.3145177493641888,0.9778387636723636,0.0221612363276363,0.3075476471912927,189.66321876360863,-2.6274418189047934
0.0704109375,7.041093750000001,0.008751629446344372,8.75162944634437,6.3897479838709685,0.45852156070455846,0.3143742077647495,0.9778387636723636,0.0221612363276363,0.3074072866511614,189.37913183420736,-2.627166765599365
0.070740625,7.0740625,0.008806555415032452,8.806555415032452,6.391875000000001,0.4582164484539121,0.31423074970661646,0.9778387636723636,0.0221612363276363,0.3072670078009578,189.09474695845523,-2.6268919589799875
0.07107031250000001,7.107031250000002,0.008861505327783238,8.861505327783238,6.394002016129033,0.45791164087059766,0.314087374897354,0.9778387636723636,0.0221612363276363,0.30712681035472683,188.81006357692212,-2.626617398037215
0.0714,7.140000000000001,0.00891645785226126,8.91645785226126,6.396129032258066,0.45760713536961356,0.31394408269180146,0.9778387636723636,0.0221612363276363,0.3069866936816055,188.52508242553714,-2.6263430807247006
0.0717296875,7.17296875,0.008971392389560979,8.971392389560979,6.398256048387097,0.45730293679540135,0.3138008744777389,0.9778387636723636,0.0221612363276363,0.30684665913861875,188.23979686175232,-2.626069010988825
0.07205937500000001,7.205937500000001,0.009026289178367876,9.026289178367875,6.40038306451613,0.45699903691994165,0.313657748064197,0.9778387636723636,0.0221612363276363,0.3067067045833522,187.95421323652522,-2.6257951822303935
0.0723890625,7.238906250000001,0.00908112939208285,9.08112939208285,6.402510080645161,0.4566954452509465,0.313514706118032,0.9778387636723636,0.0221612363276363,0.3065668326235608,187.66832016448777,-2.625521602159127
0.07271875,7.2718750000000005,0.009135895228444229,9.135895228444229,6.404637096774193,0.45639215196687255,0.3133717460087781,0.9778387636723636,0.0221612363276363,0.3064270406870736,187.3821256504776,-2.625248262888294
0.07304843750000001,7.304843750000001,0.009190569991236726,9.190569991236725,6.406764112903225,0.45608916301991365,0.31322886943056816,0.9778387636723636,0.0221612363276363,0.306287330430479,187.09562179766127,-2.6249751692597254
0.073378125,7.3378125,0.009245138163735,9.245138163735,6.408891129032258,0.4557864747145931,0.3130860754308855,0.9778387636723636,0.0221612363276363,0.3061477009223696,186.80881045961542,-2.624702318329057
0.07370781250000003,7.370781250000002,0.00929958547358934,9.29958547358934,6.41101814516129,0.4554840868956439,0.3129433640278911,0.9778387636723636,0.0221612363276363,0.3060081521805034,186.5216899072893,-2.6244297100087737
0.0740375,7.403750000000001,0.009353898948922983,9.353898948922982,6.4131451612903225,0.45518200196179764,0.3128007359431685,0.9778387636723636,0.0221612363276363,0.3058686849104733,186.23425572482802,-2.624157346274237
0.0743671875,7.436718750000001,0.009408066965473909,9.408066965473909,6.4152721774193555,0.4548802136820968,0.3126581895227541,0.9778387636723636,0.0221612363276363,0.3057292974949695,185.94651246952958,-2.623885222131103
0.07469687500000001,7.469687500000001,0.009462079284677249,9.462079284677248,6.417399193548388,0.4545787305177778,0.3125157271584865,0.9778387636723636,0.0221612363276363,0.30558999227282424,185.65844933542613,-2.623613344451908
0.07502656250000002,7.502656250000001,0.009515927082648602,9.515927082648602,6.41952620967742,0.4542775425016646,0.31237334616484125,0.9778387636723636,0.0221612363276363,0.30545076661802767,185.37007483785612,-2.6233417052228445
0.07535625,7.5356250000000005,0.009569602970091743,9.569602970091744,6.421653225806452,0.4539766572023805,0.31223104868991175,0.9778387636723636,0.0221612363276363,0.3053116226310689,185.08137900566737,-2.6230703105967326
0.07568593750000001,7.568593750000002,0.009623101003216252,9.623101003216252,6.423780241935484,0.4536760685739354,0.31208883312652047,0.9778387636723636,0.0221612363276363,0.30517255874038735,184.79236627261704,-2.6227991557259878
0.076015625,7.6015625,0.009676416685811274,9.676416685811274,6.425907258064516,0.4533757788459652,0.3119467001507291,0.9778387636723636,0.0221612363276363,0.30503357560706246,184.5030322711923,-2.622528242449932
0.07634531250000001,7.634531250000001,0.009729546962679912,9.729546962679912,6.428034274193549,0.4530757880164503,0.31180464982335504,0.9778387636723636,0.0221612363276363,0.3048946732905638,184.21337497099344,-2.622257570804941
0.07667500000000001,7.667500000000001,0.009782490204694091,9.78249020469409,6.430161290322581,0.4527760922893631,0.3116626811544384,0.9778387636723636,0.0221612363276363,0.30475585082287016,183.9233964853655,-2.6219871377592208
0.0770046875,7.700468750000001,0.00983524618578233,9.83524618578233,6.432288306451613,0.45247669767529874,0.31152079586895365,0.9778387636723636,0.0221612363276363,0.3046171098907283,183.63308819312763,-2.6217169482107208
0.07733437500000001,7.733437500000001,0.00988781605221118,9.88781605221118,6.434415322580646,0.45217759548767583,0.3113789916208753,0.9778387636723636,0.0221612363276363,0.3044784482001039,183.34245759127586,-2.6214469951717136
0.0776640625,7.76640625,0.009940202284565712,9.94020228456571,6.436542338709677,0.45187879440697953,0.3112372708771415,0.9778387636723636,0.0221612363276363,0.30433986816326464,183.05149301119826,-2.6211772857007745
0.07799375,7.799375000000001,0.009992408652874504,9.992408652874504,6.4386693548387095,0.4515802860803804,0.31109563138131824,0.9778387636723636,0.0221612363276363,0.3042013675737816,182.7602016470076,-2.620907813078288
0.07832343750000001,7.8323437500000015,0.010044440165359806,10.044440165359806,6.4407963709677425,0.4512820750783593,0.3109540744619621,0.9778387636723636,0.0221612363276363,0.3040629477307692,182.46857630551384,-2.6206385810390493
0.078653125,7.865312500000001,0.010096303011323937,10.096303011323938,6.442923387096774,0.4509841590423306,0.31081259952453977,0.9778387636723636,0.0221612363276363,0.30392460805286947,182.17661751300437,-2.620369587711935
0.0789828125,7.89828125,0.010148004498708287,10.148004498708287,6.445050403225807,0.4506865365666321,0.31067120623767847,0.9778387636723636,0.0221612363276363,0.30378634821605344,181.88432476050178,-2.62010083199593
0.07931250000000002,7.931250000000002,0.010199552986881171,10.199552986881171,6.447177419354839,0.4503892112559061,0.31052989566491385,0.9778387636723636,0.0221612363276363,0.3036481692602874,181.59169177348315,-2.6198323168462454
0.0796421875,7.964218750000001,0.010250957815225751,10.250957815225751,6.449304435483872,0.45009217575927757,0.3103886658187741,0.9778387636723636,0.0221612363276363,0.30351006924214446,181.29872486058903,-2.619564036348192
0.07997187500000001,7.997187500000002,0.010302229228108717,10.302229228108716,6.451431451612903,0.4497954396137521,0.3102475194170359,0.9778387636723636,0.0221612363276363,0.303372050819172,181.0054108105392,-2.619295998261242
0.0803015625,8.030156250000001,0.010353378296815005,10.353378296815004,6.453558467741935,0.4494989924369351,0.3101064536247233,0.9778387636723636,0.0221612363276363,0.30323411121922056,180.7117595004979,-2.6190281942142692
0.08063125000000002,8.063125000000001,0.010404416839033518,10.404416839033518,6.455685483870969,0.44920284101873886,0.3099654703957237,0.9778387636723636,0.0221612363276363,0.303096252352877,180.41776079985667,-2.6187606297433126
0.08096093750000001,8.096093750000001,0.010455357336473509,10.455357336473508,6.457812499999999,0.44890698068743146,0.3098245684855506,0.9778387636723636,0.0221612363276363,0.30295847300323436,180.12341797653372,-2.618493301100791
0.081290625,8.129062500000002,0.010506212851181957,10.506212851181957,6.459939516129032,0.44861141238392177,0.30968374821601946,0.9778387636723636,0.0221612363276363,0.30282077348497605,179.82872770630294,-2.6182262090852113
0.0816203125,8.16203125,0.010556996941118545,10.556996941118545,6.462066532258064,0.4483161373508177,0.3095430099946359,0.9778387636723636,0.0221612363276363,0.30268315419657693,179.53368623626827,-2.6179593547404174
0.08195000000000001,8.195,0.010607723575527398,10.607723575527398,6.4641935483870965,0.4480211506325004,0.30940235249319037,0.9778387636723636,0.0221612363276363,0.3025456138392621,179.23829727940046,-2.6176927340860487
0.0822796875,8.22796875,0.01065840705062378,10.65840705062378,6.4663205645161295,0.44772645935538796,0.3092617777673603,0.9778387636723636,0.0221612363276363,0.3024081544231529,178.9425499190065,-2.617426352935446
0.082609375,8.2609375,0.010709061906090368,10.709061906090367,6.468447580645161,0.44743205439618383,0.3091212833192667,0.9778387636723636,0.0221612363276363,0.3022707735057261,178.64645296167637,-2.6171602039284494
0.08293906250000001,8.293906250000001,0.010759702842850804,10.759702842850803,6.470574596774194,0.4471379436395209,0.3089808714193323,0.9778387636723636,0.0221612363276363,0.30213347330708945,178.34999444165766,-2.616894293494451
0.08326875,8.326875,0.010810344642559968,10.810344642559969,6.472701612903227,0.44684412014319347,0.30884054017849955,0.9778387636723636,0.0221612363276363,0.301996251980049,178.05318056854972,-2.616628616039988
0.08359843750000003,8.359843750000001,0.010861002089219597,10.861002089219596,6.474828629032258,0.4465505871516398,0.3087002905663885,0.9778387636723636,0.0221612363276363,0.3018591104727368,177.75600499388537,-2.6163631742323186
0.083928125,8.392812500000002,0.010911689893296078,10.911689893296078,6.476955645161291,0.4462573435885981,0.308560122339868,0.9778387636723636,0.0221612363276363,0.30172204854740975,177.45846667580562,-2.616097967234739
0.0842578125,8.42578125,0.01096242261868449,10.96242261868449,6.479082661290322,0.44596438685017337,0.30842003482459573,0.9778387636723636,0.0221612363276363,0.3015850655446701,177.16056653312089,-2.6158329929701556
0.08458750000000001,8.45875,0.011013214612829185,11.013214612829184,6.481209677419355,0.44567172169585034,0.30828002941955446,0.9778387636723636,0.0221612363276363,0.3014481628324971,176.86229612197542,-2.615568255336982
0.08491718750000002,8.491718750000002,0.011064079940277485,11.064079940277486,6.483336693548387,0.4453793402389608,0.3081401039612496,0.9778387636723636,0.0221612363276363,0.30131133829534196,176.563663090523,-2.6153037479700236
0.085246875,8.5246875,0.011115032319909306,11.115032319909306,6.485463709677419,0.44508725143834993,0.3080002610339732,0.9778387636723636,0.0221612363276363,0.3011745944602257,176.2646535055867,-2.61503947817725
0.08557656250000001,8.55765625,0.011166085066051806,11.166085066051805,6.487590725806451,0.4447954461232761,0.3078604981094613,0.9778387636723636,0.0221612363276363,0.30103792885491365,175.96527673517267,-2.6147754385494153
0.08590625,8.590625000000001,0.011217251033655253,11.217251033655254,6.4897177419354835,0.44450392979940345,0.30772081679977153,0.9778387636723636,0.0221612363276363,0.3009013430557385,175.66552317981348,-2.614511633592223
0.08623593750000001,8.623593750000001,0.011268542567674244,11.268542567674244,6.491844758064516,0.44421269911402594,0.30758121621651197,0.9778387636723636,0.0221612363276363,0.3007648361939961,175.3653947140504,-2.614248060618861
0.08656562500000001,8.656562500000001,0.011319971456766727,11.319971456766726,6.4939717741935485,0.44392175377218573,0.3074416963338304,0.9778387636723636,0.0221612363276363,0.300628408244407,175.06488924697297,-2.6139847194248302
0.0868953125,8.68953125,0.011371548891393544,11.371548891393545,6.496098790322581,0.44363109620934066,0.3073022578994013,0.9778387636723636,0.0221612363276363,0.30049205993807643,174.76400100099394,-2.6137216120243596
0.08722500000000001,8.722500000000002,0.011423285426371941,11.42328542637194,6.498225806451613,0.44334072035970135,0.3071628992532663,0.9778387636723636,0.0221612363276363,0.3003557896518326,174.4627355528624,-2.6134587335241646
0.0875546875,8.75546875,0.011475190947908883,11.475190947908883,6.500352822580646,0.44305063441716114,0.3070236227753643,0.9778387636723636,0.0221612363276363,0.3002195997128723,174.1610793104,-2.6131960906180853
0.087884375,8.7884375,0.011527274645113932,11.52727464511393,6.502479838709677,0.4427608288426684,0.3068844258191361,0.9778387636723636,0.0221612363276363,0.3000834875332873,173.85904258306317,-2.6129336755889794
0.08821406250000001,8.82140625,0.011579544985966089,11.57954498596609,6.504606854838711,0.4424713107551997,0.3067453104618735,0.9778387636723636,0.0221612363276363,0.29994745514433374,173.5566130913109,-2.612671494258349
0.08854375,8.854375000000001,0.011632009697686125,11.632009697686124,6.506733870967742,0.4421820745673029,0.3066062751752822,0.9778387636723636,0.0221612363276363,0.29981150105158655,173.25379584910775,-2.6124095421192233
0.0888734375,8.88734375,0.01168467575144336,11.68467575144336,6.508860887096774,0.44189312225090216,0.3064673205766394,0.9778387636723636,0.0221612363276363,0.299675625858643,172.95058552132713,-2.6121478208095725
0.08920312500000002,8.920312500000001,0.011737549351305561,11.73754935130556,6.510987903225807,0.4416044539596027,0.3063284467676813,0.9778387636723636,0.0221612363276363,0.2995398296649849,172.6469792069001,-2.6118863304896203
0.0895328125,8.953281250000002,0.011790635927321304,11.790635927321304,6.513114919354839,0.44131606594140943,0.3061896527376118,0.9778387636723636,0.0221612363276363,0.29940411148221674,172.3429795003392,-2.611625068142265
0.08986250000000001,8.986250000000002,0.011843940132606347,11.843940132606347,6.515241935483871,0.44102796406157807,0.3060509402144041,0.9778387636723636,0.0221612363276363,0.2992684730000174,172.03857541402436,-2.611364038573776
0.0901921875,9.01921875,0.01189746584428908,11.89746584428908,6.517368951612904,0.440740139997134,0.3059123068834967,0.9778387636723636,0.0221612363276363,0.2991329119551191,171.73377603452795,-2.611103235047395
0.090521875,9.0521875,0.011951216168155036,11.951216168155035,6.519495967741935,0.4404526019248769,0.30577375513376287,0.9778387636723636,0.0221612363276363,0.2989974306834548,171.42856694056832,-2.6108426642513067
0.0908515625,9.08515625,0.012005193446816708,12.005193446816708,6.5216229838709685,0.4401653420635918,0.305635282802347,0.9778387636723636,0.0221612363276363,0.29886202707010023,171.12295652814626,-2.6105823198879046
0.09118125,9.118125000000001,0.012059399271222349,12.059399271222349,6.523750000000001,0.4398783646107484,0.3054968911443122,0.9778387636723636,0.0221612363276363,0.29872670234230486,170.81693596237483,-2.610322205407909
0.0915109375,9.15109375,0.012113834495306572,12.113834495306572,6.525877016129033,0.43959166747955497,0.3053585796208094,0.9778387636723636,0.0221612363276363,0.2985914559731613,170.51050544762631,-2.610062319147354
0.09184062500000001,9.184062500000001,0.012168499253575518,12.168499253575517,6.528004032258065,0.4393052491900048,0.30522034786484986,0.9778387636723636,0.0221612363276363,0.29845628760381354,170.20366435408806,-2.609802659935278
0.09217031249999999,9.21703125,0.012223392981411122,12.223392981411122,6.530131048387097,0.43901911332063825,0.305082196957805,0.9778387636723636,0.0221612363276363,0.2983211982916686,169.89640451321068,-2.6095432307204387
0.0925,9.25,0.012278514437872158,12.278514437872158,6.532258064516129,0.4387332527429844,0.3049441249144186,0.9778387636723636,0.0221612363276363,0.2981861860954659,169.58873368198772,-2.609284025731127
0.09282968750000001,9.28296875,0.012333861730763849,12.333861730763848,6.534385080645161,0.4384476766719636,0.3048061344324998,0.9778387636723636,0.0221612363276363,0.29805125365322793,169.28063513307688,-2.609025052507924
0.093159375,9.3159375,0.012389432343744154,12.389432343744152,6.536512096774194,0.4381623751728818,0.3046682227199545,0.9778387636723636,0.0221612363276363,0.29791639823473665,168.97212090890906,-2.60876630299164
0.09348906250000003,9.348906250000002,0.012445223165232059,12.44522316523206,6.538639112903225,0.4378773546281231,0.3045303916643068,0.9778387636723636,0.0221612363276363,0.2977816216856864,168.66317839583735,-2.608507782416457
0.09381874999999999,9.381874999999999,0.012501230518882456,12.501230518882457,6.540766129032258,0.43759261075124706,0.30439264009145667,0.9778387636723636,0.0221612363276363,0.29764692285799665,168.3538111533775,-2.60824948732361
0.0941484375,9.414843750000001,0.012557450195392797,12.557450195392796,6.54289314516129,0.4373081442931419,0.3042549682728856,0.9778387636723636,0.0221612363276363,0.29751230201713275,168.04401506280607,-2.6079914183587034
0.09447812500000001,9.447812500000001,0.0126138774854092,12.6138774854092,6.545020161290323,0.4370239565868424,0.3041173766487099,0.9778387636723636,0.0221612363276363,0.29737775959345714,167.7337850088591,-2.6077335766426524
0.0948078125,9.48078125,0.0126705072133038,12.670507213303798,6.547147177419355,0.43674004278044176,0.3039798638781452,0.9778387636723636,0.0221612363276363,0.2972432942758988,167.42312556002375,-2.607475958253222
0.0951375,9.51375,0.012727333771600987,12.727333771600986,6.549274193548388,0.4364564097978084,0.30384243201174876,0.9778387636723636,0.0221612363276363,0.2971089080695726,167.1120227294263,-2.6072185688703384
0.0954671875,9.54671875,0.012784351155837795,12.784351155837795,6.551401209677419,0.4361730489001739,0.30370507858704354,0.9778387636723636,0.0221612363276363,0.2969745985665727,166.80048726839928,-2.606961401400917
0.095796875,9.5796875,0.012841552999653177,12.841552999653176,6.553528225806452,0.4358899675116273,0.30356780580085746,0.9778387636723636,0.0221612363276363,0.2968403679150427,166.48850422140143,-2.6067044619340884
0.09612656250000001,9.61265625,0.012898932609911708,12.898932609911707,6.555655241935485,0.43560715918613585,0.30343061184915576,0.9778387636723636,0.0221612363276363,0.2967062143509273,166.17608077597203,-2.6064477452451724
0.09645625,9.645625,0.012956483001680221,12.95648300168022,6.557782258064516,0.43532462686508633,0.3032934976365719,0.9778387636723636,0.0221612363276363,0.29657213875881233,165.86320903473464,-2.606191253767258
0.0967859375,9.678593750000001,0.01301419693288987,13.01419693288987,6.559909274193549,0.43504236967651905,0.30315646296729437,0.9778387636723636,0.0221612363276363,0.29643814094722587,165.5498871919231,-2.605934986822592
0.097115625,9.7115625,0.013072066938531843,13.072066938531842,6.562036290322581,0.43476038500424163,0.3030195071396799,0.9778387636723636,0.0221612363276363,0.2963042202300736,165.23611635410546,-2.605678942309016
0.0974453125,9.744531250000001,0.013130085364251762,13.130085364251762,6.564163306451612,0.43447867752203445,0.30288263156237505,0.9778387636723636,0.0221612363276363,0.2961703779847848,164.9218855134978,-2.6054231240752825
0.097775,9.777500000000002,0.013188244399225812,13.188244399225812,6.566290322580646,0.43419723966597834,0.3027458340998376,0.9778387636723636,0.0221612363276363,0.2960366121231438,164.60720401064768,-2.605167525979315
0.0981046875,9.81046875,0.013246536108220327,13.246536108220326,6.5684173387096765,0.43391607988260844,0.30260911725556744,0.9778387636723636,0.0221612363276363,0.29590292509316934,164.2920543587361,-2.6049121549512213
0.098434375,9.8434375,0.013304952462756064,13.304952462756065,6.57054435483871,0.4336351896056732,0.30247247860089205,0.9778387636723636,0.0221612363276363,0.29576931452001176,163.97644767212316,-2.6046570040288946
0.0987640625,9.87640625,0.013363485371318077,13.363485371318076,6.572671370967741,0.4333545739273466,0.3023359196682964,0.9778387636723636,0.0221612363276363,0.29563578190219403,163.6603719568334,-2.6044020774041727
0.09909375000000001,9.909375,0.01342212670857189,13.42212670857189,6.5747983870967746,0.4330742298105011,0.3021994396313518,0.9778387636723636,0.0221612363276363,0.2955023264316022,163.34382899743267,-2.604147372629461
0.0994234375,9.942343750000001,0.013480868343566176,13.480868343566176,6.576925403225807,0.43279415683449834,0.30206303842224286,0.9778387636723636,0.0221612363276363,0.29536894804192365,163.02681613818473,-2.6038928893937086
0.099753125,9.975312500000001,0.013539702166921202,13.5397021669212,6.579052419354838,0.4325143574633033,0.3019267168130273,0.9778387636723636,0.0221612363276363,0.2952356474881065,162.70932561224018,-2.603638629743509
0.1000828125,10.008281250000001,0.01359862011702019,13.59862011702019,6.581179435483872,0.4322348257914215,0.3017904731393451,0.9778387636723636,0.0221612363276363,0.2951024231426749,162.39136432409975,-2.603384588885157
0.1004125,10.04125,0.013657614205237756,13.657614205237756,6.583306451612903,0.43195556975601146,0.30165430976798646,0.9778387636723636,0.0221612363276363,0.29496927731996814,162.07291472780284,-2.6031307733392643
0.1007421875,10.07421875,0.013716676540254689,13.716676540254689,6.585433467741936,0.43167658022219996,0.30151822409167844,0.9778387636723636,0.0221612363276363,0.2948362074704935,161.7539895120893,-2.6028771756710753
0.101071875,10.107187500000002,0.013775799351521954,13.775799351521954,6.587560483870968,0.43139786388961293,0.30138221811855626,0.9778387636723636,0.0221612363276363,0.29470321555788376,161.4345731301646,-2.602623801390715
0.1014015625,10.14015625,0.013834975011947977,13.834975011947977,6.5896875,0.43111941559510664,0.3012462903968652,0.9778387636723636,0.0221612363276363,0.2945703001625565,161.1146712653913,-2.602370646309029
0.10173125000000001,10.173125,0.01389419605989239,13.89419605989239,6.591814516129032,0.43084123707411565,0.30111044148732363,0.9778387636723636,0.0221612363276363,0.2944374618328041,160.79427716898536,-2.602117711877558
0.10206093749999999,10.20609375,0.013953455220555565,13.953455220555565,6.593941532258065,0.4305633286203821,0.3009746715307036,0.9778387636723636,0.0221612363276363,0.29430470070627907,160.47338660296626,-2.6018649983693463
0.102390625,10.239062500000001,0.014012745426857163,14.012745426857162,6.596068548387096,0.43028568652851223,0.30083897949713573,0.9778387636723636,0.0221612363276363,0.2941720157759347,160.15200274599098,-2.601612502785175
0.10272031250000001,10.272031250000001,0.014072059839897372,14.07205983989737,6.598195564516129,0.43000831652153204,0.30070336711617324,0.9778387636723636,0.0221612363276363,0.2940394087329958,159.83011119642987,-2.601360229840311
0.10305,10.305,0.01413139186909251,14.131391869092509,6.6003225806451615,0.4297312106201425,0.30056783210511556,0.9778387636723636,0.0221612363276363,0.29390687734534887,159.50772314512588,-2.6011081730372836
0.10337968750000003,10.337968750000002,0.014190735192071395,14.190735192071394,6.6024495967741945,0.42945437653099555,0.3004323767765156,0.9778387636723636,0.0221612363276363,0.29377442387429775,159.18482025133315,-2.6008563387158437
0.10370937499999999,10.3709375,0.014250083774410699,14.2500837744107,6.604576612903227,0.4291778070034203,0.3002969990585626,0.9778387636723636,0.0221612363276363,0.2936420462939458,158.86141243676963,-2.6006047209732928
0.1040390625,10.40390625,0.014309431889276828,14.309431889276828,6.606703629032259,0.4289015058901101,0.30016170013523547,0.9778387636723636,0.0221612363276363,0.29350974576203337,158.53748849459086,-2.600353322995573
0.10436875000000001,10.436875,0.014368774137027987,14.368774137027987,6.60883064516129,0.4286254713535106,0.30002647952130435,0.9778387636723636,0.0221612363276363,0.293377521804084,158.21304803301035,-2.600102143310446
0.1046984375,10.46984375,0.014428105464814328,14.428105464814328,6.610957661290324,0.4283497018490783,0.29989133681610236,0.9778387636723636,0.0221612363276363,0.29324537402830997,157.8880901614707,-2.599851180684693
0.105028125,10.502812500000001,0.01448742118619595,14.487421186195949,6.613084677419355,0.4280742009250673,0.29975627311724357,0.9778387636723636,0.0221612363276363,0.29311330350800086,157.56260391642238,-2.599600438056792
0.1053578125,10.53578125,0.014546717000778357,14.546717000778356,6.615211693548388,0.4277989617375048,0.2996212864639388,0.9778387636723636,0.0221612363276363,0.29298130832582103,157.23659884115534,-2.5993499098519077
0.1056875,10.568750000000001,0.014605989013843926,14.605989013843926,6.617338709677419,0.42752399298155797,0.2994863794705489,0.9778387636723636,0.0221612363276363,0.2928493910381939,156.910053557488,-2.59909960322601
0.10601718750000001,10.601718750000002,0.014665233755935462,14.66523375593546,6.619465725806452,0.4272492853568697,0.2993515494504603,0.9778387636723636,0.0221612363276363,0.29271754901804453,156.58298260014394,-2.5988495105902567
0.106346875,10.6346875,0.014724448202324956,14.724448202324956,6.621592741935484,0.42697484479522946,0.29921679820565594,0.9778387636723636,0.0221612363276363,0.2925857840274217,156.25536990040385,-2.5985996368373594
0.1066765625,10.66765625,0.014783629792278007,14.783629792278006,6.623719758064516,0.42670066736605866,0.29908212463016903,0.9778387636723636,0.0221612363276363,0.2924540949848683,155.92721926320806,-2.5983499787775535
0.10700625,10.700625,0.014842776448001546,14.842776448001546,6.625846774193549,0.4264267536470738,0.29894752894726756,0.9778387636723636,0.0221612363276363,0.29232248210870415,155.59852534837842,-2.5981005369156835
0.1073359375,10.73359375,0.014901886593141222,14.90188659314122,6.6279737903225815,0.426153105050456,0.2988130116279035,0.9778387636723636,0.0221612363276363,0.2921909458594449,155.26928095535482,-2.597851312441416
0.10766562500000001,10.766562500000001,0.014960959170674639,14.960959170674638,6.630100806451614,0.42587971682679576,0.29867857132035597,0.9778387636723636,0.0221612363276363,0.29205948491532474,154.93949174839966,-2.5976023014913516
0.1079953125,10.799531250000001,0.015019993660028388,15.019993660028389,6.632227822580645,0.42560659570414167,0.2985442100687716,0.9778387636723636,0.0221612363276363,0.29192810127519,154.6091392374716,-2.5973535096150346
0.108325,10.832500000000001,0.01507899009323098,15.07899009323098,6.634354838709678,0.4253337333070881,0.29840992544638834,0.9778387636723636,0.0221612363276363,0.29179679256605856,154.27823678919592,-2.5971049299739333
0.1086546875,10.86546875,0.015137949069900748,15.137949069900747,6.63648185483871,0.4250611366298563,0.29827571957815063,0.9778387636723636,0.0221612363276363,0.2916655608657835,153.9467650902473,-2.596856568337092
0.10898437500000001,10.8984375,0.01519687177085776,15.19687177085776,6.638608870967743,0.42478879968647254,0.2981415907425998,0.9778387636723636,0.0221612363276363,0.29153440449105567,153.6147325304618,-2.596608419824605
0.1093140625,10.931406250000002,0.015255759970142207,15.255759970142206,6.640735887096774,0.42451672513896976,0.2980075397816899,0.9778387636723636,0.0221612363276363,0.29140332426517046,153.2821288975031,-2.5963604866517977
0.10964375,10.964375,0.01531461604521877,15.314616045218768,6.642862903225807,0.42424491230150735,0.29787356654496894,0.9778387636723636,0.0221612363276363,0.29127232004101,152.94895111406808,-2.5961127682872243
0.10997343750000001,10.99734375,0.01537344298514738,15.37344298514738,6.644989919354838,0.4239733585514469,0.29773967030531034,0.9778387636723636,0.0221612363276363,0.2911413911075619,152.61520042890083,-2.595865262608828
0.110303125,11.0303125,0.015432244396505361,15.43224439650536,6.647116935483871,0.42370206847647385,0.29760585247955385,0.9778387636723636,0.0221612363276363,0.29101053885026673,152.28086199359353,-2.5956179734142553
0.1106328125,11.063281250000001,0.015491024506854537,15.491024506854536,6.649243951612904,0.42343103481806454,0.2974721109605048,0.9778387636723636,0.0221612363276363,0.2908797612086282,151.9459474126612,-2.595370894774396
0.1109625,11.096250000000001,0.01554978816555946,15.54978816555946,6.6513709677419355,0.4231602655441993,0.2973384481726862,0.9778387636723636,0.0221612363276363,0.29074906055343863,151.6104339812093,-2.595124033263589
0.1112921875,11.12921875,0.015608540841778363,15.608540841778362,6.653497983870967,0.42288975265050516,0.2972048617843712,0.9778387636723636,0.0221612363276363,0.2906184346046453,151.27433510493356,-2.5948773823387676
0.11162187500000001,11.162187500000002,0.015667288619468308,15.667288619468309,6.655625,0.4226195008460239,0.2970713532509721,0.9778387636723636,0.0221612363276363,0.29048788478540666,150.9376352287077,-2.5946309458985843
0.11195156249999999,11.19515625,0.015726038189267988,15.726038189267989,6.657752016129033,0.42234950738430876,0.29693792180587064,0.9778387636723636,0.0221612363276363,0.2903574103460935,150.600335799009,-2.5943847217176974
0.11228125,11.228125,0.015784796837146783,15.784796837146782,6.659879032258065,0.42207977173176864,0.296804567341293,0.9778387636723636,0.0221612363276363,0.2902270111813207,150.262433207805,-2.594138709388003
0.11261093750000001,11.26109375,0.015843572429735903,15.843572429735904,6.662006048387097,0.42181029637355577,0.29667129065202325,0.9778387636723636,0.0221612363276363,0.29009668806825883,149.92391661638368,-2.593892910982675
0.112940625,11.2940625,0.0159023733962865,15.9023733962865,6.664133064516129,0.42154107555970255,0.29653809007080634,0.9778387636723636,0.0221612363276363,0.2899664393766013,149.58479468968545,-2.593647321806008
0.11327031250000003,11.327031250000003,0.015961208707229575,15.961208707229575,6.666260080645162,0.4212721169807576,0.29640496795012616,0.9778387636723636,0.0221612363276363,0.28983626740669793,149.24504396739394,-2.5934019482105994
0.11359999999999999,11.36,0.016020087849343605,16.020087849343604,6.668387096774193,0.4210034118837199,0.29627192172222494,0.9778387636723636,0.0221612363276363,0.2897061696476957,148.90468039327774,-2.5931567830307625
0.1139296875,11.392968750000001,0.016079020797566523,16.07902079756652,6.670514112903228,0.42073496657682524,0.2961389533277537,0.9778387636723636,0.0221612363276363,0.2895761479972384,148.56368352954578,-2.5929118314837254
0.11425937500000001,11.425937500000002,0.016138017983519035,16.138017983519035,6.672641129032258,0.42046677628981066,0.2960060613891457,0.9778387636723636,0.0221612363276363,0.28944620110828806,148.22205979296982,-2.592667089677092
0.11458906250000005,11.458906250000005,0.01619709026083604,16.197090260836042,6.674768145161291,0.4201988425410379,0.29587324641275886,0.9778387636723636,0.0221612363276363,0.2893163294759807,147.87980022498974,-2.592422558889675
0.11491875,11.491875,0.016256248867430243,16.256248867430244,6.6768951612903225,0.41993116575032485,0.2957405085765517,0.9778387636723636,0.0221612363276363,0.28918653327433136,147.53689840753427,-2.592178239497343
0.1152484375,11.52484375,0.016315505384838457,16.315505384838456,6.6790221774193546,0.41966374226100933,0.29560784683327357,0.9778387636723636,0.0221612363276363,0.28905681147929774,147.19335819709931,-2.591934128521423
0.115578125,11.5578125,0.016374871694824135,16.374871694824133,6.6811491935483875,0.41939657765706273,0.2954752629127158,0.9778387636723636,0.0221612363276363,0.2889271657823366,146.8491599789284,-2.5916902305871448
0.11590781250000001,11.590781250000001,0.01643435993343072,16.43435993343072,6.68327620967742,0.41912966428427156,0.29534275456435194,0.9778387636723636,0.0221612363276363,0.2887975939827962,146.5043178096376,-2.5914465394252177
0.1162375,11.623750000000001,0.016493982442698056,16.493982442698055,6.685403225806452,0.4188630094101128,0.29521032402619174,0.9778387636723636,0.0221612363276363,0.2886680982690892,146.158807433301,-2.591203061047474
0.11656718750000002,11.656718750000003,0.01655375172026831,16.55375172026831,6.687530241935485,0.4185966062766822,0.29507796931491637,0.9778387636723636,0.0221612363276363,0.2885386767018495,145.8126407362372,-2.5909597899208854
0.116896875,11.6896875,0.016613680367119632,16.61368036711963,6.689657258064516,0.41833045841781913,0.29494569154581446,0.9778387636723636,0.0221612363276363,0.28840933037164956,145.46580285512533,-2.590716728984586
0.1172265625,11.72265625,0.016673781033673497,16.673781033673496,6.691784274193549,0.4180645642245873,0.2948134902852299,0.9778387636723636,0.0221612363276363,0.2882800588544436,145.118292252722,-2.5904738769437676
0.11755625000000003,11.755625000000002,0.01673406636452625,16.73406636452625,6.693911290322581,0.41779892209675085,0.29468136510070136,0.9778387636723636,0.0221612363276363,0.2881508617273543,144.77010746027156,-2.590231232510013
0.1178859375,11.78859375,0.01679454894205775,16.79454894205775,6.696038306451613,0.41753353554868683,0.2945493171045523,0.9778387636723636,0.0221612363276363,0.2880217400780545,144.42123312693317,-2.5899887986080437
0.118215625,11.8215625,0.01685524122916867,16.85524122916867,6.698165322580645,0.4172683980059516,0.29441734436086137,0.9778387636723636,0.0221612363276363,0.28789269201352524,144.07168119936995,-2.5897465698512177
0.1185453125,11.85453125,0.016916155511394974,16.916155511394972,6.700292338709677,0.417003517677858,0.29428544940242696,0.9778387636723636,0.0221612363276363,0.2877637200104351,143.72142321546661,-2.589504553033165
0.11887500000000001,11.887500000000001,0.016977303838642994,16.977303838642992,6.70241935483871,0.4167388858544336,0.29415362964535396,0.9778387636723636,0.0221612363276363,0.28763482154215125,143.37047709105647,-2.589262741006314
0.1192046875,11.920468750000001,0.017038697966781872,17.03869796678187,6.7045463709677415,0.416474508049125,0.29402188680868147,0.9778387636723636,0.0221612363276363,0.28750599828961676,143.01882143384105,-2.589021138343818
0.119534375,11.9534375,0.01710034929932283,17.10034929932283,6.7066733870967745,0.4162103806602157,0.2938902198523285,0.9778387636723636,0.0221612363276363,0.28737724923580005,142.6664601043641,-2.5887797421065795
0.11986406250000001,11.986406250000002,0.01716226882940653,17.162268829406532,6.708800403225807,0.4159465041076277,0.2937586289534291,0.9778387636723636,0.0221612363276363,0.2872485745539098,142.31338572540093,-2.588538552669884
0.12019375,12.019375,0.017224467082312907,17.224467082312906,6.710927419354839,0.4156828798725137,0.2936271146120419,0.9778387636723636,0.0221612363276363,0.28711997473292244,141.95958768081135,-2.5882975712845604
0.1205234375,12.05234375,0.01728695405870024,17.28695405870024,6.713054435483871,0.4154195033065909,0.29349567546706873,0.9778387636723636,0.0221612363276363,0.2869914484419038,141.60507302888817,-2.5880567941464987
0.12085312500000002,12.085312500000002,0.017349739178775497,17.349739178775497,6.715181451612904,0.41515638094861274,0.2933643135550376,0.9778387636723636,0.0221612363276363,0.2868629976722496,141.24981624041698,-2.5878162266779445
0.1211828125,12.11828125,0.017412831227593885,17.412831227593884,6.717308467741935,0.4148935047667991,0.29323302648513105,0.9778387636723636,0.0221612363276363,0.28673462008612594,140.89383431351058,-2.587575862283058
0.12151250000000001,12.151250000000001,0.01747623830168446,17.47623830168446,6.719435483870969,0.4146308813538367,0.2931018163121462,0.9778387636723636,0.0221612363276363,0.2866063176927932,140.5371011471326,-2.5873357064296325
0.12184218750000003,12.184218750000003,0.0175399677571997,17.539967757199697,6.7215625,0.41436850515060525,0.29297068139474575,0.9778387636723636,0.0221612363276363,0.2864780888872881,140.17962658230098,-2.5870957545602318
0.122171875,12.217187500000001,0.017604026159791113,17.60402615979111,6.723689516129032,0.4141063785615179,0.2928396225144864,0.9778387636723636,0.0221612363276363,0.28634993443384704,139.82139667276093,-2.5868560086876897
0.12250156250000001,12.250156250000002,0.017668419236420384,17.668419236420384,6.725816532258065,0.41384450107027093,0.29270863956434434,0.9778387636723636,0.0221612363276363,0.286221854227818,139.46240606865504,-2.5866164684151127
0.12283125,12.283125,0.017733151829325132,17.73315182932513,6.727943548387096,0.41358287005296646,0.2925777317934659,0.9778387636723636,0.0221612363276363,0.2860938475349871,139.10265595927527,-2.586377131605279
0.12316093750000001,12.31609375,0.017798227852372235,17.798227852372236,6.730070564516129,0.41332149001111307,0.2924469006254802,0.9778387636723636,0.0221612363276363,0.28596591574743413,138.74212533068737,-2.5861380020035023
0.12349062499999999,12.3490625,0.017863650250047224,17.863650250047225,6.732197580645162,0.41306035397537766,0.2923161439818599,0.9778387636723636,0.0221612363276363,0.28583805683269453,138.3808288955915,-2.5858990738840704
0.1238203125,12.38203125,0.017929420959346316,17.929420959346317,6.734324596774194,0.41279946946638113,0.2921854642099965,0.9778387636723636,0.0221612363276363,0.2857102730861387,138.01873573677696,-2.5856603534862637
0.12415000000000001,12.415000000000001,0.01799554087485844,17.99554087485844,6.736451612903226,0.4125388290023885,0.29205485907244333,0.9778387636723636,0.0221612363276363,0.28558256231990437,137.655862334865,-2.5854218346598032
0.1244796875,12.447968750000001,0.01806200981734545,18.062009817345448,6.738578629032258,0.4122784369372272,0.2919243299500278,0.9778387636723636,0.0221612363276363,0.2854549258842183,137.2921874234876,-2.585183521029397
0.12480937500000001,12.480937500000003,0.01812882650615089,18.12882650615089,6.740705645161291,0.4120182907923151,0.2917938761338048,0.9778387636723636,0.0221612363276363,0.28532736308584655,136.9277115214738,-2.584945410576248
0.12513906249999998,12.513906249999998,0.018195988535789347,18.195988535789347,6.742832661290322,0.41175838993267594,0.2916634974779995,0.9778387636723636,0.0221612363276363,0.28519987378224465,136.56242925155942,-2.5847075028039597
0.12546875,12.546875,0.01826349235708866,18.26349235708866,6.744959677419355,0.4114987368581364,0.2915331947985174,0.9778387636723636,0.0221612363276363,0.2850724587712366,136.19632465627944,-2.5844697998070467
0.1257984375,12.579843750000002,0.01833133326327525,18.33133326327525,6.747086693548387,0.4112393259695953,0.2914029664266301,0.9778387636723636,0.0221612363276363,0.2849451164210753,135.82940875986145,-2.5842322969860994
0.12612812499999998,12.612812499999999,0.01839950538140795,18.39950538140795,6.749213709677419,0.4109801647206591,0.29127281469944694,0.9778387636723636,0.0221612363276363,0.2848178490170767,135.46164859421617,-2.5839950005308547
0.12645781250000002,12.64578125,0.0184680016695756,18.4680016695756,6.751340725806453,0.4107212447193981,0.2911427370888684,0.9778387636723636,0.0221612363276363,0.2846906540871671,135.09306471967196,-2.5837579035320792
0.1267875,12.67875,0.018536813920279026,18.536813920279027,6.753467741935484,0.41046257190848834,0.2910127354697525,0.9778387636723636,0.0221612363276363,0.2845635334646554,134.72362879495105,-2.583521010931398
0.1271171875,12.711718750000001,0.01860593277041626,18.60593277041626,6.755594758064516,0.4102041418816661,0.2908828085363724,0.9778387636723636,0.0221612363276363,0.2844364858727512,134.35334789287123,-2.583284319113576
0.12744687500000002,12.744687500000001,0.01867534771828107,18.675347718281067,6.757721774193549,0.4099459559579984,0.2907529567428876,0.9778387636723636,0.0221612363276363,0.2843095117555494,133.98220927119945,-2.583047829197423
0.1277765625,12.77765625,0.018745047147967563,18.74504714796756,6.759848790322581,0.409688014670607,0.2906231803026338,0.9778387636723636,0.0221612363276363,0.28418261132165784,133.6102026458704,-2.582811541652323
0.12810625000000003,12.810625000000002,0.01881501836154749,18.815018361547487,6.761975806451613,0.40943031441330335,0.29049347815260085,0.9778387636723636,0.0221612363276363,0.28405578353162403,133.23733253455546,-2.582575453522664
0.12843593749999999,12.84359375,0.01888524761935104,18.88524761935104,6.764102822580646,0.4091728606342217,0.29036385202154985,0.9778387636723636,0.0221612363276363,0.2839290300758974,132.8635707128405,-2.582339569344554
0.128765625,12.8765625,0.01895572018863639,18.95572018863639,6.766229838709678,0.4089156459868791,0.2902342996913646,0.9778387636723636,0.0221612363276363,0.2838023487855182,132.4889352572487,-2.5821038830665297
0.1290953125,12.90953125,0.01902642040087697,19.02642040087697,6.768356854838711,0.4086586773282076,0.2901048233273141,0.9778387636723636,0.0221612363276363,0.2836757417777703,132.1133922403085,-2.581868400391534
0.12942499999999998,12.942499999999999,0.019097331717829964,19.097331717829963,6.770483870967743,0.40840194835828914,0.2899754210320078,0.9778387636723636,0.0221612363276363,0.28354920719731164,131.73695607167295,-2.581633116132912
0.1297546875,12.97546875,0.019168436806473288,19.168436806473288,6.772610887096774,0.40814546231592896,0.28984609385441684,0.9778387636723636,0.0221612363276363,0.2834227460698668,131.35960572609446,-2.5813980329994677
0.130084375,13.0084375,0.019239717622813287,19.239717622813288,6.774737903225806,0.4078892178019465,0.2897168414104391,0.9778387636723636,0.0221612363276363,0.28329635801984604,130.98133729912055,-2.581163149860752
0.13041406249999998,13.041406249999998,0.019311155504471756,19.311155504471756,6.776864919354838,0.4076332131683879,0.28958766323764584,0.9778387636723636,0.0221612363276363,0.28317004259506845,130.60214795520108,-2.5809284653795137
0.13074375000000002,13.074375000000002,0.01938273127185952,19.38273127185952,6.778991935483871,0.40737745189268965,0.2894585604615964,0.9778387636723636,0.0221612363276363,0.2830438008961495,130.22201483662027,-2.5806939824637194
0.1310734375,13.107343750000002,0.019454425337636347,19.454425337636348,6.781118951612903,0.4071219276559414,0.28932953117156984,0.9778387636723636,0.0221612363276363,0.28291763105471257,129.84095317368673,-2.5804596959066153
0.13140312499999998,13.1403125,0.019526217824044585,19.526217824044583,6.7832459677419354,0.40686664821295226,0.2892005778207164,0.9778387636723636,0.0221612363276363,0.2827915354695425,129.4589227657474,-2.5802256121603544
0.1317328125,13.17328125,0.019598088687588812,19.598088687588813,6.785372983870968,0.4066116054036154,0.2890716979250775,0.9778387636723636,0.0221612363276363,0.28266551171172877,129.0759462575545,-2.5799917244915456
0.1320625,13.20625,0.01967001785041656,19.67001785041656,6.7875000000000005,0.40635680435273425,0.2889428931233351,0.9778387636723636,0.0221612363276363,0.2825395613836379,128.69199328002028,-2.5797580371741584
0.13239218749999998,13.23921875,0.01974198533764,19.74198533764,6.789627016129032,0.40610224176266374,0.2888141624390596,0.9778387636723636,0.0221612363276363,0.2824136835304792,128.3070671203573,-2.5795245475028117
0.132721875,13.2721875,0.01981397141972511,19.813971419725107,6.791754032258066,0.40584791790957386,0.2886855060052883,0.9778387636723636,0.0221612363276363,0.28228787828234186,127.92115660852801,-2.579291255733488
0.1330515625,13.30515625,0.01988595675896693,19.88595675896693,6.793881048387096,0.4055938343344105,0.2885569243495036,0.9778387636723636,0.0221612363276363,0.28216214615501833,127.5342449716312,-2.579058163171227
0.13338125,13.338125,0.01995792255896944,19.95792255896944,6.79600806451613,0.4053399864885192,0.2884284161027131,0.9778387636723636,0.0221612363276363,0.2820364858098551,127.14634093554376,-2.5788252660715867
0.13371093750000002,13.37109375,0.020029850715956754,20.029850715956755,6.798135080645161,0.4050863807276752,0.28829998329269785,0.9778387636723636,0.0221612363276363,0.28191089922969476,126.75740693391273,-2.5785925697324874
0.134040625,13.404062500000002,0.020101723970663527,20.101723970663528,6.800262096774194,0.4048330093453019,0.2881716235647366,0.9778387636723636,0.0221612363276363,0.2817853841119998,126.36746517746167,-2.578360067789638
0.1343703125,13.437031250000002,0.020173526059485566,20.173526059485567,6.802389112903226,0.40457987855874555,0.2880433389052327,0.9778387636723636,0.0221612363276363,0.28165994239915243,125.9764779558152,-2.578127765427145
0.1347,13.469999999999999,0.02024524186352172,20.24524186352172,6.804516129032258,0.4043269832051807,0.28791512775051764,0.9778387636723636,0.0221612363276363,0.2815345725621368,125.58445668613211,-2.5778956583893065
0.1350296875,13.50296875,0.0203168575541032,20.3168575541032,6.80664314516129,0.40407432545134825,0.28778699082400105,0.9778387636723636,0.0221612363276363,0.28140927530833104,125.1913807204013,-2.577663748500577
0.135359375,13.535937500000001,0.020388360733391234,20.388360733391234,6.808770161290323,0.40382190493535125,0.2876589280601907,0.9778387636723636,0.0221612363276363,0.2812840505736944,124.7972402022893,-2.5774320354879063
0.13568906249999999,13.568906249999998,0.020459740568626504,20.459740568626504,6.8108971774193545,0.403569719036622,0.28753093868619833,0.9778387636723636,0.0221612363276363,0.2811588976024664,124.40203554853875,-2.5772005172030177
0.13601875,13.601875,0.02053098791863679,20.53098791863679,6.8130241935483875,0.4033177721706751,0.2874030241311049,0.9778387636723636,0.0221612363276363,0.2810338177920581,124.0057348187492,-2.5769691973380606
0.1363484375,13.63484375,0.020602095451251343,20.60209545125134,6.81515120967742,0.4030660576422225,0.2872751823453005,0.9778387636723636,0.0221612363276363,0.2809088091382814,123.6083570674542,-2.5767380703616274
0.13667812499999998,13.6678125,0.02067305775033292,20.67305775033292,6.817278225806452,0.40281458255338337,0.28714741560091295,0.9778387636723636,0.0221612363276363,0.2807838738629111,123.20985711048554,-2.5765071421971912
0.1370078125,13.70078125,0.02074387141121951,20.74387141121951,6.819405241935484,0.4025633399088895,0.28701972175209944,0.9778387636723636,0.0221612363276363,0.2806590098676588,122.810255584765,-2.576276407062978
0.1373375,13.73375,0.02081453512346668,20.81453512346668,6.821532258064516,0.4023123337330497,0.2868921021075723,0.9778387636723636,0.0221612363276363,0.280534218432234,122.40952102385782,-2.5760458683275234
0.13766718749999998,13.766718749999999,0.020885049739898364,20.885049739898363,6.823659274193549,0.402061561794222,0.2867645560139447,0.9778387636723636,0.0221612363276363,0.28040949891772987,122.00765145644839,-2.5758155241640894
0.137996875,13.7996875,0.02095541833110416,20.955418331104163,6.825786290322581,0.40181102336656305,0.2866370832893461,0.9778387636723636,0.0221612363276363,0.2802848511463065,121.60463775950431,-2.5755853739959944
0.1383265625,13.83265625,0.021025646224665722,21.02564622466572,6.827913306451613,0.4015607209587831,0.28650968476925315,0.9778387636723636,0.0221612363276363,0.28016027593492515,121.20045445377887,-2.575355419934332
0.13865624999999998,13.865624999999998,0.021095741028549674,21.095741028549675,6.830040322580645,0.4013106491181002,0.2863823587848035,0.9778387636723636,0.0221612363276363,0.28003577165170757,120.79511564845056,-2.575125657474331
0.1389859375,13.898593749999998,0.02116571263826713,21.16571263826713,6.832167338709677,0.40106081507040964,0.2862551076567484,0.9778387636723636,0.0221612363276363,0.2799113405659743,120.38857141314587,-2.5748960926478004
0.13931562500000003,13.931562500000002,0.021235573227567865,21.235573227567865,6.83429435483871,0.40081121076543824,0.2861279288967121,0.9778387636723636,0.0221612363276363,0.27978698024449494,119.98084909969964,-2.574666718790083
0.1396453125,13.964531250000002,0.021305337222608006,21.305337222608006,6.836421370967742,0.4005618418041856,0.286000824315461,0.9778387636723636,0.0221612363276363,0.27966269245790726,119.57190610101682,-2.574437540583335
0.139975,13.9975,0.02137502125969979,21.37502125969979,6.838548387096774,0.4003127041178244,0.2858737926767721,0.9778387636723636,0.0221612363276363,0.27953847599738435,119.16174946486181,-2.5742085546712716
0.1403046875,14.03046875,0.021444644126918242,21.44464412691824,6.8406754032258075,0.40006379884241505,0.2857468343847291,0.9778387636723636,0.0221612363276363,0.2794143312580551,118.75035907081737,-2.5739797620244804
0.140634375,14.063437500000001,0.021514226689999503,21.514226689999504,6.842802419354839,0.39981512661277674,0.28561994968627713,0.9778387636723636,0.0221612363276363,0.279290258481392,118.33771688154935,-2.5737511631973335
0.1409640625,14.09640625,0.02158379180311651,21.583791803116508,6.844929435483872,0.3995666838745953,0.28549313750419925,0.9778387636723636,0.0221612363276363,0.27916625661405026,117.92382751113048,-2.57352275525947
0.14129375,14.129375,0.02165336420525646,21.65336420525646,6.847056451612904,0.3993184759434054,0.2853663995650295,0.9778387636723636,0.0221612363276363,0.27904232734430223,117.50864678311152,-2.5732945426588922
0.1416234375,14.16234375,0.021722970403049716,21.722970403049715,6.849183467741935,0.39907049576423953,0.2852397336832282,0.9778387636723636,0.0221612363276363,0.2789184685350421,117.0921985138032,-2.573066519552169
0.14195312499999999,14.195312499999998,0.021792638541009216,21.792638541009214,6.851310483870968,0.3988227498099732,0.28511314195314036,0.9778387636723636,0.0221612363276363,0.2787946822342019,116.67443099180188,-2.5728386913511967
0.14228281250000002,14.228281250000002,0.0218623982602313,21.8623982602313,6.853437500000001,0.3985752322066235,0.28498662256074186,0.9778387636723636,0.0221612363276363,0.2786709666679584,116.25536162021744,-2.5726110531938686
0.1426125,14.261250000000002,0.0219322805466822,21.9322805466822,6.855564516129032,0.3983279459198692,0.28486017649103074,0.9778387636723636,0.0221612363276363,0.27854732279948086,115.83495754222831,-2.5723836075741717
0.14294218749999998,14.294218749999999,0.02200231757024932,22.00231757024932,6.857691532258064,0.39808088974301487,0.2847338034074697,0.9778387636723636,0.0221612363276363,0.27842375029969,115.4132093212583,-2.5721563535137313
0.143271875,14.3271875,0.02207254251577108,22.07254251577108,6.859818548387096,0.397834061987582,0.28460750281943187,0.9778387636723636,0.0221612363276363,0.2783002486888321,114.99011049356452,-2.571929289632395
0.1436015625,14.360156250000001,0.022142989407275545,22.142989407275543,6.861945564516129,0.39758746609146844,0.2844812758642994,0.9778387636723636,0.0221612363276363,0.27817681907908315,114.5656235989048,-2.571702418818677
0.14393124999999998,14.393124999999998,0.02221369292665605,22.21369292665605,6.864072580645161,0.39734109597819806,0.2843551206568201,0.9778387636723636,0.0221612363276363,0.27805345962697076,114.13976823510946,-2.571475736037891
0.1442609375,14.42609375,0.02228468822799324,22.28468822799324,6.866199596774194,0.39709495897709884,0.2842290395724304,0.9778387636723636,0.0221612363276363,0.2779301726552887,113.7124821539541,-2.571249247420202
0.144590625,14.4590625,0.02235601074869804,22.35601074869804,6.868326612903226,0.39684904744053967,0.28410303022431704,0.9778387636723636,0.0221612363276363,0.2778069558301184,113.28379469912329,-2.571022946621126
0.1449203125,14.49203125,0.02242769601860356,22.42769601860356,6.870453629032258,0.39660336613205543,0.2839770941733741,0.9778387636723636,0.0221612363276363,0.27768381067776254,112.85365818598812,-2.5707968376344317
0.14525,14.525,0.022499779468074365,22.499779468074365,6.872580645161291,0.3963579120352902,0.2838512305046096,0.9778387636723636,0.0221612363276363,0.2775607363035066,112.42207315730994,-2.5705709179726837
0.1455796875,14.55796875,0.022572296236135242,22.57229623613524,6.874707661290323,0.3961126852954947,0.28372543930895394,0.9778387636723636,0.0221612363276363,0.27743773279626577,111.9890201586057,-2.570345187782099
0.14590937499999998,14.590937499999999,0.02264528097954934,22.64528097954934,6.876834677419355,0.39586768750512613,0.28359972113967896,0.9778387636723636,0.0221612363276363,0.2773148006970508,111.55446959413935,-2.570119648415573
0.1462390625,14.62390625,0.02271876768370002,22.71876768370002,6.878961693548387,0.39562291421355567,0.28347407462130686,0.9778387636723636,0.0221612363276363,0.2771919386608661,111.11843154869534,-2.569894296188485
0.14656875,14.656875,0.022792789476056584,22.792789476056583,6.88108870967742,0.3953783715996929,0.28334850177181986,0.9778387636723636,0.0221612363276363,0.2770691486609729,110.68084487431739,-2.5696691362774042
0.1468984375,14.689843750000001,0.022867378442932584,22.867378442932583,6.883215725806451,0.3951340522649528,0.2832230002726737,0.9778387636723636,0.0221612363276363,0.2769464284302088,110.24173937738075,-2.5694441625390696
0.147228125,14.722812499999998,0.02294256545017984,22.94256545017984,6.885342741935485,0.3948899620755795,0.28309757204364094,0.9778387636723636,0.0221612363276363,0.27682377984580175,109.80105446544474,-2.569219379890295
0.1475578125,14.755781249999998,0.023018379968405042,23.018379968405043,6.8874697580645154,0.394646096236895,0.28297221559627905,0.9778387636723636,0.0221612363276363,0.27670120145229504,109.35880231281347,-2.568994784357855
0.14788750000000003,14.788750000000002,0.023094849903249563,23.09484990324956,6.889596774193549,0.3944024566962918,0.2828469315980654,0.9778387636723636,0.0221612363276363,0.2765786939023739,108.9149481410818,-2.5687703775909374
0.14821718749999999,14.82171875,0.023172001431240413,23.17200143124041,6.8917237903225805,0.3941590432324633,0.2827217200231812,0.9778387636723636,0.0221612363276363,0.27645625717079164,108.46947159934724,-2.568546159430302
0.148546875,14.8546875,0.023249858841701974,23.249858841701972,6.893850806451613,0.3939158532322282,0.2825965800783314,0.9778387636723636,0.0221612363276363,0.2763338904818336,108.02236966250385,-2.5683221277205384
0.1488765625,14.887656250000001,0.02332844438521383,23.328444385213828,6.895977822580645,0.3936728910255173,0.2824715131967773,0.9778387636723636,0.0221612363276363,0.2762115952369985,107.57358784222153,-2.5680982860998847
0.14920624999999998,14.920625,0.02340777812911393,23.40777812911393,6.898104838709677,0.39343015017691957,0.2823465173580118,0.9778387636723636,0.0221612363276363,0.2760893694605559,107.12315100790727,-2.5678746292226515
0.1495359375,14.95359375,0.02348787782057351,23.48787782057351,6.90023185483871,0.39318763739677,0.2822215947607804,0.9778387636723636,0.0221612363276363,0.2759672153025243,106.67098511107403,-2.56765116271457
0.149865625,14.9865625,0.02356875875781379,23.56875875781379,6.902358870967741,0.39294534614289817,0.28209674334817025,0.9778387636723636,0.0221612363276363,0.2758451307515749,106.21711595396827,-2.567427881139615
0.15019531249999998,15.019531249999998,0.02365043367009213,23.65043367009213,6.904485887096774,0.39270328013376277,0.28197196435921984,0.9778387636723636,0.0221612363276363,0.2757231170192873,105.76149055949665,-2.567204787626816
0.15052500000000002,15.052500000000002,0.02373291260715373,23.73291260715373,6.906612903225807,0.39246143736545763,0.28184725719401493,0.9778387636723636,0.0221612363276363,0.2756011735190423,105.30409949423182,-2.566981880527975
0.1508546875,15.085468750000002,0.023816202838924088,23.816202838924088,6.908739919354838,0.39221981703084,0.28172262163644185,0.9778387636723636,0.0221612363276363,0.2754793000395154,104.84492401567397,-2.5667591591935506
0.15118437499999998,15.118437499999999,0.023900308766303134,23.900308766303134,6.910866935483871,0.3919784216423597,0.28159805854005227,0.9778387636723636,0.0221612363276363,0.2753574974153426,104.38391760251498,-2.566536625746901
0.1515140625,15.15140625,0.02398523184401049,23.98523184401049,6.912993951612903,0.39173724588912406,0.2814735662371102,0.9778387636723636,0.0221612363276363,0.27523576401574695,103.92109754137367,-2.5663142757761848
0.15184375,15.184375000000001,0.024070970516520022,24.07097051652002,6.915120967741935,0.39149629677813086,0.28134914703110603,0.9778387636723636,0.0221612363276363,0.27511410209317083,103.45637825060845,-2.566092115160008
0.15217343749999998,15.217343749999998,0.02415752016820624,24.15752016820624,6.917247983870968,0.391255566582628,0.28122479847338216,0.9778387636723636,0.0221612363276363,0.2749925092532216,102.98979713161036,-2.5658701374671664
0.152503125,15.2503125,0.02424487308890076,24.244873088900757,6.919375,0.3910150605840385,0.28110052231231847,0.9778387636723636,0.0221612363276363,0.2748709872055331,102.52128091375856,-2.5656483471353773
0.1528328125,15.28328125,0.02433301845611956,24.33301845611956,6.921502016129033,0.39077477502652114,0.28097631737887857,0.9778387636723636,0.0221612363276363,0.2747495348069763,102.0508331260376,-2.565426741050379
0.1531625,15.31625,0.02442194233526798,24.42194233526798,6.923629032258065,0.3905347108780654,0.2808521840291505,0.9778387636723636,0.0221612363276363,0.2746281524057476,101.57841603619839,-2.5652053200454876
0.15349218750000002,15.34921875,0.024511627699153923,24.511627699153923,6.925756048387097,0.39029486886463355,0.2807281225419653,0.9778387636723636,0.0221612363276363,0.2745068402744992,101.10399269221277,-2.5649840847521936
0.153821875,15.3821875,0.024602054468139466,24.602054468139468,6.927883064516129,0.3900552454848857,0.2806041318273827,0.9778387636723636,0.0221612363276363,0.2743855973474449,100.62756445271741,-2.564763032267218
0.1541515625,15.415156250000003,0.0246931995722303,24.6931995722303,6.930010080645162,0.3898158459249997,0.2804802136085837,0.9778387636723636,0.0221612363276363,0.27426442530957795,100.14905159049037,-2.56454216695172
0.15448125,15.448125,0.024785037036341547,24.785037036341546,6.932137096774193,0.38957666340635827,0.28035636573270595,0.9778387636723636,0.0221612363276363,0.2741433220557462,99.66848551696717,-2.564321483160957
0.1548109375,15.48109375,0.02487753808988157,24.87753808988157,6.934264112903227,0.38933770404230805,0.2802325902249953,0.9778387636723636,0.0221612363276363,0.27402228956631347,99.18577500838465,-2.5641009860324355
0.155140625,15.514062500000001,0.02497067130166353,24.97067130166353,6.936391129032258,0.389098962355243,0.2801088853522424,0.9778387636723636,0.0221612363276363,0.2739013261464806,98.70093908094532,-2.5638806710083717
0.15547031249999999,15.547031249999998,0.025064402740985106,25.064402740985106,6.93851814516129,0.3888604410578768,0.27998525203778213,0.9778387636723636,0.0221612363276363,0.27378043269912006,98.21391685095641,-2.5636605403822115
0.1558,15.579999999999998,0.025158696165510558,25.15869616551056,6.940645161290322,0.38862213912017807,0.2798616899906886,0.9778387636723636,0.0221612363276363,0.2736596089397533,97.72468291749891,-2.5634405933164106
0.1561296875,15.61296875,0.025253513236346458,25.253513236346457,6.9427721774193545,0.38838405481962923,0.27973819869384736,0.9778387636723636,0.0221612363276363,0.27353885436272574,97.23321896883999,-2.563220828393269
0.15645937499999998,15.6459375,0.025348813760426272,25.34881376042627,6.944899193548387,0.38814619155240443,0.27961477929510964,0.9778387636723636,0.0221612363276363,0.2734181700904508,96.73945249191173,-2.5630012484794844
0.1567890625,15.67890625,0.0254445559600102,25.4445559600102,6.94702620967742,0.38790854347219345,0.2794914299349017,0.9778387636723636,0.0221612363276363,0.27329755430456526,96.2434071930913,-2.5627818487050567
0.15711875,15.711875000000001,0.0255406967687714,25.540696768771397,6.949153225806452,0.38767111750973154,0.2793681529128921,0.9778387636723636,0.0221612363276363,0.27317700925377425,95.7449699205232,-2.562562634896344
0.15744843749999998,15.74484375,0.02563719215358116,25.63719215358116,6.951280241935484,0.38743390649533244,0.27924494593662325,0.9778387636723636,0.0221612363276363,0.2730565326964237,95.24417832918247,-2.562343601074267
0.157778125,15.7778125,0.025733997460730365,25.733997460730365,6.953407258064516,0.38719691485651375,0.27912181049174545,0.9778387636723636,0.0221612363276363,0.27293612608524015,94.7409430104693,-2.5621247509700504
0.1581078125,15.81078125,0.02583106778493837,25.83106778493837,6.955534274193549,0.38696013983725713,0.27899874572251687,0.9778387636723636,0.0221612363276363,0.27281578858344613,94.23525259094437,-2.5619060822995077
0.15843749999999998,15.843749999999998,0.02592835835911188,25.92835835911188,6.957661290322581,0.38672358146362634,0.2788757516797016,0.9778387636723636,0.0221612363276363,0.27269552024068044,93.72706420884755,-2.561687595107983
0.1587671875,15.876718749999998,0.02602582496243119,26.02582496243119,6.959788306451612,0.38648724137211765,0.2787528289407773,0.9778387636723636,0.0221612363276363,0.2725753216216235,93.2163142601558,-2.5614692907903396
0.15909687500000003,15.909687500000002,0.02612342434396924,26.12342434396924,6.961915322580645,0.3862511152084412,0.27862997612511575,0.9778387636723636,0.0221612363276363,0.2724551913762434,92.70300945064784,-2.561251165721805
0.1594265625,15.942656250000002,0.02622111465869766,26.22111465869766,6.964042338709677,0.38601520898054925,0.2785071952399228,0.9778387636723636,0.0221612363276363,0.27233513146726374,92.18703048264891,-2.5610332249605654
0.15975625,15.975625,0.026318855912411638,26.31885591241164,6.96616935483871,0.3857795155817552,0.27838448400284704,0.9778387636723636,0.0221612363276363,0.2722151396629129,91.66841664502657,-2.5608154625744564
0.1600859375,16.00859375,0.02641661041182044,26.41661041182044,6.968296370967742,0.38554404054964825,0.27826184426879547,0.9778387636723636,0.0221612363276363,0.2720952177769907,91.14704994026047,-2.56059788322832
0.160415625,16.0415625,0.0265143432158095,26.5143432158095,6.9704233870967744,0.3853087794317501,0.27813927462212756,0.9778387636723636,0.0221612363276363,0.2719753644252292,90.62293615151302,-2.5603804832134385
0.1607453125,16.07453125,0.026612022583691653,26.61202258369165,6.9725504032258065,0.3850737339729485,0.278016775676562,0.9778387636723636,0.0221612363276363,0.27185558020774625,90.09600138759573,-2.56016326401593
0.161075,16.107499999999998,0.02670962041613253,26.70962041613253,6.974677419354839,0.38483890407990334,0.27789434744413644,0.9778387636723636,0.0221612363276363,0.2717358651363126,89.56619308363311,-2.559946225581156
0.1614046875,16.14046875,0.026807112684366294,26.80711268436629,6.976804435483871,0.38460428715039807,0.277771989112714,0.9778387636723636,0.0221612363276363,0.27161621841678957,89.0334920364076,-2.55972936575001
0.161734375,16.173437500000002,0.026904479843313844,26.904479843313844,6.978931451612904,0.38436988742938416,0.27764970211852913,0.9778387636723636,0.0221612363276363,0.2714966414535826,88.49778313679282,-2.55951268810635
0.16206406250000002,16.20640625,0.027001707224279567,27.001707224279567,6.981058467741936,0.3841356987280623,0.27752748447030323,0.9778387636723636,0.0221612363276363,0.2713771322995424,87.95909512069956,-2.55929618748204
0.16239375,16.239375000000003,0.027098785403034256,27.098785403034256,6.983185483870968,0.38390172738974115,0.27740533829528646,0.9778387636723636,0.0221612363276363,0.2712576930347767,87.41727770043666,-2.559079869221982
0.16272343749999998,16.27234375,0.02719571053929114,27.19571053929114,6.985312499999999,0.3836679672945366,0.2772832616228323,0.9778387636723636,0.0221612363276363,0.2711383217323109,86.87235781845828,-2.558863728214744
0.163053125,16.3053125,0.02729248468384355,27.29248468384355,6.987439516129032,0.3834344218768779,0.27716125562471516,0.9778387636723636,0.0221612363276363,0.27101901953795143,86.32422176630263,-2.558647767365245
0.1633828125,16.33828125,0.02738911604995412,27.38911604995412,6.989566532258065,0.3832010893429544,0.2770393197524408,0.9778387636723636,0.0221612363276363,0.2708997859153594,85.77283071709726,-2.558431985191357
0.16371249999999998,16.37125,0.02748561924595849,27.48561924595849,6.991693548387096,0.3829679688130306,0.2769174537574488,0.9778387636723636,0.0221612363276363,0.2707806206214827,85.21813159962777,-2.5582163809774974
0.1640421875,16.40421875,0.0275820154664635,27.5820154664635,6.993820564516129,0.3827350627987325,0.2767956585099266,0.9778387636723636,0.0221612363276363,0.27066152450722436,84.66001464771912,-2.5580009568553845
0.164371875,16.4371875,0.02767833263997096,27.67833263997096,6.995947580645161,0.38250236612674476,0.27667393234444715,0.9778387636723636,0.0221612363276363,0.2705424959440653,84.09849213964151,-2.5577857085043405
0.1647015625,16.47015625,0.027774605531232358,27.774605531232357,6.9980745967741935,0.38226988559358566,0.27655227754641465,0.9778387636723636,0.0221612363276363,0.2704235371667625,83.53337768794907,-2.557570641654467
0.16503125,16.503125,0.027870875797124817,27.870875797124818,7.0002016129032265,0.38203761377906575,0.27643069170681916,0.9778387636723636,0.0221612363276363,0.2703046458196923,82.9647189575706,-2.5573557500973965
0.1653609375,16.536093750000003,0.02796719199532143,27.96719199532143,7.002328629032258,0.38180555566550317,0.2763091765133574,0.9778387636723636,0.0221612363276363,0.2701858235531503,82.3923520780919,-2.557141038040458
0.165690625,16.5690625,0.02806360954549669,28.06360954549669,7.004455645161291,0.3815737077875157,0.27618773086188775,0.9778387636723636,0.0221612363276363,0.2700670692874638,81.81625540464704,-2.556926502595745
0.1660203125,16.60203125,0.028160190643245212,28.160190643245212,7.006582661290324,0.38134207095872613,0.2760663550625352,0.9778387636723636,0.0221612363276363,0.26994838332588517,81.2363307540024,-2.556712144469338
0.16635,16.635,0.02825700412728798,28.25700412728798,7.008709677419355,0.38111064598663974,0.2759450494243407,0.9778387636723636,0.0221612363276363,0.2698297659706067,80.65247504763975,-2.556497964362698
0.1666796875,16.66796875,0.02835412530087885,28.35412530087885,7.010836693548388,0.3808794294237253,0.27582381284605667,0.9778387636723636,0.0221612363276363,0.26971121614478555,80.06466343682222,-2.5562839594012283
0.167009375,16.7009375,0.028451635708597187,28.451635708597188,7.012963709677419,0.3806484263300371,0.2757026470464524,0.9778387636723636,0.0221612363276363,0.2695927355291011,79.47270419913032,-2.556070133860469
0.1673390625,16.73390625,0.02854962286990521,28.54962286990521,7.015090725806452,0.3804176301891128,0.2755815499053848,0.9778387636723636,0.0221612363276363,0.26947432205039523,78.87662834773054,-2.5558564822856296
0.16766875000000003,16.766875000000002,0.028648179970954972,28.64817997095497,7.017217741935484,0.38018704677750237,0.27546052338082605,0.9778387636723636,0.0221612363276363,0.26935597762324914,78.27621907636967,-2.5556430095553737
0.1679984375,16.79984375,0.02874740551614185,28.74740551614185,7.019344758064516,0.3799566709866925,0.27533956581784824,0.9778387636723636,0.0221612363276363,0.2692377006294101,77.67147633634644,-2.555429711397366
0.168328125,16.8328125,0.028847402940813328,28.84740294081333,7.021471774193548,0.37972650529500307,0.2752186780803942,0.9778387636723636,0.0221612363276363,0.26911949191367485,77.06224043599948,-2.5552165899178285
0.1686578125,16.86578125,0.028948280186352465,28.948280186352463,7.0235987903225805,0.3794965488345604,0.2750978599212349,0.9778387636723636,0.0221612363276363,0.2690013512342935,76.44841644726077,-2.5550036444095996
0.16898749999999998,16.89875,0.029050149238564756,29.050149238564757,7.025725806451613,0.3792667998546568,0.27497711079841913,0.9778387636723636,0.0221612363276363,0.2688832780613248,75.82992744726522,-2.554790873422369
0.1693171875,16.931718749999998,0.02915312562990845,29.15312562990845,7.027852822580646,0.37903726170792323,0.27485643186897335,0.9778387636723636,0.0221612363276363,0.2687652735261541,75.20657423159362,-2.5545782797989385
0.169646875,16.9646875,0.02925732790562736,29.25732790562736,7.029979838709677,0.37880792876671426,0.2747358212991582,0.9778387636723636,0.0221612363276363,0.26864733583568035,74.57836259768894,-2.554365858826942
0.16997656249999998,16.99765625,0.02936287705328261,29.36287705328261,7.03210685483871,0.3785788075881047,0.27461528131482255,0.9778387636723636,0.0221612363276363,0.26852946716642445,73.94500268921378,-2.5541536160460154
0.17030625000000002,17.030625,0.029469895894546527,29.469895894546525,7.034233870967743,0.3783498914484373,0.2744948097150879,0.9778387636723636,0.0221612363276363,0.26841166536628225,73.30652169666106,-2.553941545820491
0.1706359375,17.063593750000003,0.02957850843743373,29.57850843743373,7.036360887096774,0.3781211844625233,0.2743744079128721,0.9778387636723636,0.0221612363276363,0.2682939318168596,72.66267356667832,-2.553729651635551
0.17096562499999998,17.0965625,0.029688839186420523,29.688839186420523,7.038487903225807,0.37789268411539706,0.27425407510952843,0.9778387636723636,0.0221612363276363,0.2681762657372089,72.01337283437772,-2.5535179313966214
0.1712953125,17.12953125,0.0298010124071635,29.801012407163498,7.040614919354839,0.37766439032467003,0.27413381131754294,0.9778387636723636,0.0221612363276363,0.2680586671395392,71.35846726658619,-2.553306385056294
0.171625,17.1625,0.029915151341795735,29.915151341795735,7.042741935483871,0.3774363047641344,0.2740136171370677,0.9778387636723636,0.0221612363276363,0.2679411366107027,70.69774607472905,-2.553095014046102
0.17195468749999998,17.19546875,0.030031377370081144,30.031377370081145,7.044868951612903,0.3772084231740865,0.2738934911835873,0.9778387636723636,0.0221612363276363,0.2678236727968665,70.03116108769629,-2.5528838148010156
0.172284375,17.2284375,0.030149809111068886,30.149809111068887,7.046995967741935,0.37698075139723036,0.27377343545262506,0.9778387636723636,0.0221612363276363,0.2677062776493306,69.35836169886949,-2.5526727922637447
0.1726140625,17.26140625,0.03027056145934272,30.27056145934272,7.0491229838709675,0.3767532826037159,0.273653447697979,0.9778387636723636,0.0221612363276363,0.2675889489716716,68.6793655244398,-2.552461940703805
0.17294375,17.294375,0.030393744549532586,30.393744549532585,7.0512500000000005,0.3765260220232833,0.2735335297114519,0.9778387636723636,0.0221612363276363,0.2674716885159839,67.99381524266762,-2.5522512645484117
0.17327343750000002,17.32734375,0.03051946264247957,30.51946264247957,7.053377016129032,0.3762989655217152,0.2734136801478067,0.9778387636723636,0.0221612363276363,0.26735449496684244,67.30163520378156,-2.55204076033668
0.173603125,17.360312500000003,0.03064781292635138,30.64781292635138,7.0555040322580655,0.37607211465688806,0.2732938995691323,0.9778387636723636,0.0221612363276363,0.2672373688738794,66.6025598076826,-2.551830429402917
0.1739328125,17.39328125,0.0307788842261244,30.7788842261244,7.057631048387097,0.37584546945188846,0.27317418802355004,0.9778387636723636,0.0221612363276363,0.26712031028414995,65.89635840219132,-2.551620271788612
0.1742625,17.42625,0.03091275561521076,30.91275561521076,7.05975806451613,0.37561902731861363,0.27305454468158286,0.9778387636723636,0.0221612363276363,0.2670033183865592,65.18288501303803,-2.5514102853340788
0.1745921875,17.45921875,0.031049494923641292,31.04949492364129,7.061885080645161,0.37539279241780554,0.2729349709812936,0.9778387636723636,0.0221612363276363,0.2668863945873006,64.46173313630884,-2.5512004735684166
0.174921875,17.4921875,0.0311891571381458,31.1891571381458,7.064012096774193,0.3751667587948461,0.2728154649607043,0.9778387636723636,0.0221612363276363,0.2667695369678762,63.732861600221895,-2.5509908314934084
0.17525156249999999,17.52515625,0.03133178269072322,31.331782690723216,7.066139112903227,0.3749409324489783,0.27269602867745507,0.9778387636723636,0.0221612363276363,0.2666527475403261,62.99575407362184,-2.5507813641888886
0.17558125,17.558125,0.031477395633884284,31.477395633884285,7.068266129032257,0.37471530765413263,0.2725766602445218,0.9778387636723636,0.0221612363276363,0.26653602445944513,62.250341731604195,-2.550572066848281
0.17591093750000003,17.591093750000002,0.03162600170269557,31.626001702695568,7.07039314516129,0.3744898875808391,0.272457360768786,0.9778387636723636,0.0221612363276363,0.2664193688075849,61.49617892908589,-2.5503629421667986
0.176240625,17.6240625,0.031777586266063064,31.777586266063064,7.072520161290323,0.37426467062916885,0.27233812975115784,0.9778387636723636,0.0221612363276363,0.26630278009671593,60.732997223472076,-2.550153988816752
0.1765703125,17.65703125,0.03193211217237125,31.932112172371248,7.0746471774193544,0.3740396558547198,0.2722189669123719,0.9778387636723636,0.0221612363276363,0.26618625805376184,59.960487372001424,-2.5499452060228243
0.1769,17.69,0.032089517497632704,32.089517497632706,7.076774193548387,0.3738148457642498,0.2720998731378663,0.9778387636723636,0.0221612363276363,0.26606980354453824,59.178149202255824,-2.5497365959215306
0.17722968749999998,17.72296875,0.03224971320769388,32.24971320769388,7.0789012096774195,0.3735902353178297,0.27198084676563256,0.9778387636723636,0.0221612363276363,0.2659534149438687,58.38583029698467,-2.5495281542816484
0.177559375,17.755937499999998,0.03241258074975835,32.41258074975835,7.081028225806452,0.37336583110953747,0.2718618900622357,0.9778387636723636,0.0221612363276363,0.26583709446808856,57.58275985809383,-2.549319886689223
0.1778890625,17.78890625,0.03257796959249851,32.577969592498505,7.083155241935484,0.3731416260098786,0.2717430006581852,0.9778387636723636,0.0221612363276363,0.2657208398002181,56.76885380274466,-2.5491117871487465
0.17821874999999998,17.821875,0.032745694738283836,32.74569473828384,7.085282258064516,0.37291762472104034,0.2716241801821894,0.9778387636723636,0.0221612363276363,0.26560465253287147,55.94336137080922,-2.548903859650337
0.1785484375,17.854843749999997,0.03291553423549893,32.91553423549893,7.087409274193549,0.37269382404733253,0.27150542759274104,0.9778387636723636,0.0221612363276363,0.26548853164762237,55.105933641884164,-2.54869610151779
0.17887812500000003,17.887812500000003,0.03308722672348512,33.087226723485124,7.089536290322581,0.37247022466059176,0.27138674315598565,0.9778387636723636,0.0221612363276363,0.2653724774047183,54.255965661471365,-2.548488513339328
0.1792078125,17.92078125,0.03326046904722895,33.26046904722895,7.091663306451613,0.3722468274411313,0.2712681272095469,0.9778387636723636,0.0221612363276363,0.26525649013430086,53.39278054202488,-2.5482810958797337
0.1795375,17.95375,0.03343491398343391,33.43491398343391,7.093790322580645,0.3720236289958296,0.27114957864221856,0.9778387636723636,0.0221612363276363,0.26514056874978936,52.515948244191584,-2.548073846294504
0.1798671875,17.98671875,0.0336101681239332,33.6101681239332,7.095917338709678,0.37180063426182813,0.2710310991673658,0.9778387636723636,0.0221612363276363,0.2650247149265787,51.62439462145525,-2.5478667687748624
0.180196875,18.0196875,0.033785789966395294,33.78578996639529,7.098044354838709,0.371577836971522,0.27091268669755236,0.9778387636723636,0.0221612363276363,0.26490892662349297,50.717802419190285,-2.5476598580476617
0.18052656250000002,18.052656250000002,0.03396128826579675,33.96128826579675,7.100171370967743,0.37135524258574903,0.27079434312529677,0.9778387636723636,0.0221612363276363,0.2647932056911101,49.7948933446654,-2.5474531187472955
0.18085625,18.085625,0.03413612070302721,34.13612070302721,7.102298387096774,0.37113284633988497,0.2706760668714451,0.9778387636723636,0.0221612363276363,0.2646775505852719,48.855121511970914,-2.5472465468693026
0.1811859375,18.11859375,0.03430969292908362,34.30969292908362,7.1044254032258065,0.3709106504949726,0.2705578587427756,0.9778387636723636,0.0221612363276363,0.26456196209487776,47.89727691792781,-2.5470401443450603
0.181515625,18.1515625,0.0344813580444319,34.4813580444319,7.106552419354839,0.37068865433198944,0.27043971853388443,0.9778387636723636,0.0221612363276363,0.2644464400190756,46.920290237129954,-2.5468339105880977
0.18184531250000002,18.184531250000003,0.034650416573089135,34.65041657308913,7.108679435483872,0.370466856077309,0.2703216456795743,0.9778387636723636,0.0221612363276363,0.26433098380519365,45.923106911200044,-2.54662784411998
0.182175,18.2175,0.03481611698964143,34.81611698964143,7.110806451612904,0.37024525903852423,0.27020364134481223,0.9778387636723636,0.0221612363276363,0.2642155945923819,44.903985111679134,-2.546421947757842
0.18250468749999998,18.25046875,0.034977656854604806,34.9776568546048,7.112933467741936,0.37002385779586316,0.2700857037217982,0.9778387636723636,0.0221612363276363,0.26410027061290337,43.862009045575036,-2.5462162169402713
0.182834375,18.2834375,0.035134184609121835,35.13418460912183,7.115060483870968,0.3698026585558792,0.2699678349645074,0.9778387636723636,0.0221612363276363,0.2639850139729986,42.794695409030815,-2.546010656936138
0.1831640625,18.31640625,0.03528480207385738,35.284802073857385,7.117187499999999,0.36958165501141915,0.26985003296088345,0.9778387636723636,0.0221612363276363,0.26386982260741676,41.70090876384795,-2.5458052624327125
0.18349375,18.349375000000002,0.03542856768904286,35.42856768904286,7.119314516129033,0.3693608509861243,0.2697322990535862,0.9778387636723636,0.0221612363276363,0.263754697829063,40.577930183675555,-2.5456000366843985
0.18382343750000002,18.38234375,0.035564500522892964,35.56450052289296,7.121441532258065,0.36914024418831987,0.2696146324989448,0.9778387636723636,0.0221612363276363,0.2636396389107468,39.42357370213842,-2.545394977773682
0.184153125,18.4153125,0.035691585064115676,35.69158506411568,7.123568548387097,0.3689198344369898,0.2694970332730027,0.9778387636723636,0.0221612363276363,0.2635246458290428,38.2350125389824,-2.5451900855678624
0.1844828125,18.44828125,0.0358087768010469,35.8087768010469,7.125695564516129,0.3686996234371385,0.26937950199710653,0.9778387636723636,0.0221612363276363,0.26340971919152767,37.00855588743471,-2.544985361530342
0.1848125,18.48125,0.03591500857522867,35.91500857522867,7.127822580645161,0.3684796070218453,0.26926203728404874,0.9778387636723636,0.0221612363276363,0.2632948576417362,35.741163751294756,-2.5447808021555467
0.185,18.5,0.03597012258518059,35.97012258518059,7.129032258064516,0.3683545677871461,0.2691952630251645,0.9778387636723636,0.0221612363276363,0.2632295631829836,34.999999999998025,-2.544664540040789
