z_m,B_T,target_region,z_mm,B_mT
-0.013,-0.002903652651723161,left_cubic_extension,-13.0,-2.9036526517231613
-0.012908450704225352,-0.0028918054231066226,left_cubic_extension,-12.908450704225352,-2.8918054231066224
-0.012816901408450704,-0.0028799567717032446,left_cubic_extension,-12.816901408450704,-2.879956771703245
-0.012725352112676057,-0.0028681066954269353,left_cubic_extension,-12.725352112676056,-2.868106695426935
-0.012633802816901407,-0.0028562551921916014,left_cubic_extension,-12.633802816901408,-2.8562551921916013
-0.01254225352112676,-0.002844402259911152,left_cubic_extension,-12.54225352112676,-2.844402259911152
-0.012450704225352112,-0.002832547896499493,left_cubic_extension,-12.450704225352112,-2.8325478964994932
-0.012359154929577464,-0.0028206920998705347,left_cubic_extension,-12.359154929577464,-2.8206920998705347
-0.012267605633802817,-0.0028088348679381828,left_cubic_extension,-12.267605633802816,-2.8088348679381827
-0.012176056338028169,-0.002796976198616346,left_cubic_extension,-12.17605633802817,-2.796976198616346
-0.012084507042253521,-0.0027851160898189316,left_cubic_extension,-12.084507042253522,-2.7851160898189318
-0.011992957746478872,-0.002773254539459847,left_cubic_extension,-11.992957746478872,-2.773254539459847
-0.011901408450704224,-0.0027613915454530007,left_cubic_extension,-11.901408450704224,-2.7613915454530007
-0.011809859154929577,-0.0027495271057123008,left_cubic_extension,-11.809859154929576,-2.7495271057123007
-0.01171830985915493,-0.0027376612181516545,left_cubic_extension,-11.71830985915493,-2.7376612181516546
-0.011626760563380282,-0.002725793880684969,left_cubic_extension,-11.626760563380282,-2.7257938806849693
-0.011535211267605634,-0.002713925091226153,left_cubic_extension,-11.535211267605634,-2.713925091226153
-0.011443661971830985,-0.0027020548476891135,left_cubic_extension,-11.443661971830984,-2.7020548476891135
-0.011352112676056337,-0.002690183147987759,left_cubic_extension,-11.352112676056336,-2.6901831479877587
-0.01126056338028169,-0.0026783099900359966,left_cubic_extension,-11.26056338028169,-2.678309990035997
-0.011169014084507042,-0.0026664353717477346,left_cubic_extension,-11.169014084507042,-2.6664353717477347
-0.011077464788732394,-0.0026545592910368803,left_cubic_extension,-11.077464788732394,-2.6545592910368803
-0.010985915492957746,-0.002642681745817341,left_cubic_extension,-10.985915492957746,-2.6426817458173413
-0.010894366197183099,-0.0026308027340030266,left_cubic_extension,-10.894366197183098,-2.6308027340030264
-0.010802816901408451,-0.0026189222535078424,left_cubic_extension,-10.802816901408452,-2.6189222535078422
-0.010711267605633802,-0.002607040302245697,left_cubic_extension,-10.711267605633802,-2.607040302245697
-0.010619718309859154,-0.0025951568781304984,left_cubic_extension,-10.619718309859154,-2.5951568781304983
-0.010528169014084507,-0.002583271979076154,left_cubic_extension,-10.528169014084506,-2.5832719790761542
-0.010436619718309859,-0.0025713856029965718,left_cubic_extension,-10.436619718309858,-2.5713856029965716
-0.010345070422535211,-0.0025594977478056603,left_cubic_extension,-10.345070422535212,-2.5594977478056604
-0.010253521126760562,-0.0025476084114173254,left_cubic_extension,-10.253521126760562,-2.5476084114173254
-0.010161971830985914,-0.0025357175917454767,left_cubic_extension,-10.161971830985914,-2.5357175917454766
-0.010070422535211267,-0.002523825286704021,left_cubic_extension,-10.070422535211266,-2.523825286704021
-0.009978873239436619,-0.002511931494206866,left_cubic_extension,-9.978873239436618,-2.5119314942068662
-0.009887323943661971,-0.00250003621216792,left_cubic_extension,-9.887323943661972,-2.5000362121679203
-0.009795774647887324,-0.0024881394385010904,left_cubic_extension,-9.795774647887324,-2.4881394385010904
-0.009704225352112676,-0.002476241171120285,left_cubic_extension,-9.704225352112676,-2.476241171120285
-0.009612676056338029,-0.0024643414079394115,left_cubic_extension,-9.612676056338028,-2.4643414079394117
-0.00952112676056338,-0.0024524401468723777,left_cubic_extension,-9.52112676056338,-2.4524401468723775
-0.009429577464788732,-0.0024405373858330916,left_cubic_extension,-9.429577464788732,-2.4405373858330917
-0.009338028169014084,-0.0024286331227354606,left_cubic_extension,-9.338028169014084,-2.4286331227354605
-0.009246478873239436,-0.0024167273554933926,left_cubic_extension,-9.246478873239436,-2.4167273554933923
-0.009154929577464789,-0.0024048200820207958,left_cubic_extension,-9.154929577464788,-2.404820082020796
-0.00906338028169014,-0.0023929113002315763,left_cubic_extension,-9.06338028169014,-2.3929113002315763
-0.008971830985915492,-0.002381001008039644,left_cubic_extension,-8.971830985915492,-2.381001008039644
-0.008880281690140844,-0.0023690892033589057,left_cubic_extension,-8.880281690140844,-2.3690892033589055
-0.008788732394366196,-0.002357175884103269,left_cubic_extension,-8.788732394366196,-2.357175884103269
-0.008697183098591549,-0.0023452610481866417,left_cubic_extension,-8.697183098591548,-2.3452610481866416
-0.008605633802816901,-0.0023333446935229316,left_cubic_extension,-8.605633802816902,-2.3333446935229314
-0.008514084507042254,-0.0023214268180260468,left_cubic_extension,-8.514084507042254,-2.3214268180260467
-0.008422535211267606,-0.0023095074196098947,left_cubic_extension,-8.422535211267606,-2.309507419609895
-0.008330985915492958,-0.0022975864961883832,left_cubic_extension,-8.330985915492958,-2.297586496188383
-0.00823943661971831,-0.00228566404567542,left_cubic_extension,-8.23943661971831,-2.2856640456754196
-0.008147887323943661,-0.0022737400659849126,left_cubic_extension,-8.147887323943662,-2.2737400659849127
-0.008056338028169014,-0.002261814555030769,left_cubic_extension,-8.056338028169014,-2.261814555030769
-0.007964788732394366,-0.0022498875107268973,left_cubic_extension,-7.964788732394366,-2.2498875107268974
-0.007873239436619717,-0.002237958930987205,left_cubic_extension,-7.873239436619716,-2.237958930987205
-0.00778169014084507,-0.0022260288137255996,left_cubic_extension,-7.78169014084507,-2.2260288137255997
-0.007690140845070422,-0.002214097156855989,left_cubic_extension,-7.690140845070422,-2.2140971568559893
-0.007598591549295774,-0.0022021639582922806,left_cubic_extension,-7.598591549295774,-2.2021639582922807
-0.007507042253521126,-0.0021902292159483834,left_cubic_extension,-7.507042253521126,-2.1902292159483836
-0.007415492957746479,-0.0021782929277382036,left_cubic_extension,-7.415492957746479,-2.1782929277382035
-0.007323943661971831,-0.00216635509157565,left_cubic_extension,-7.323943661971831,-2.16635509157565
-0.0072323943661971824,-0.00215441570537463,left_cubic_extension,-7.232394366197182,-2.15441570537463
-0.007140845070422535,-0.002142474767049051,left_cubic_extension,-7.140845070422535,-2.142474767049051
-0.007049295774647887,-0.0021305322745128214,left_cubic_extension,-7.049295774647887,-2.1305322745128215
-0.006957746478873239,-0.0021185882256798487,left_cubic_extension,-6.957746478873239,-2.118588225679849
-0.006866197183098591,-0.002106642618464041,left_cubic_extension,-6.866197183098591,-2.1066426184640408
-0.0067746478873239434,-0.002094695450779305,left_cubic_extension,-6.774647887323943,-2.094695450779305
-0.006683098591549296,-0.00208274672053955,left_cubic_extension,-6.683098591549296,-2.08274672053955
-0.006591549295774647,-0.0020707964256586817,left_cubic_extension,-6.591549295774647,-2.0707964256586817
-0.0065,-0.00205884456405061,left_cubic_extension,-6.5,-2.05884456405061
-0.006408450704225352,-0.0020468911336292413,left_cubic_extension,-6.408450704225352,-2.0468911336292415
-0.006316901408450704,-0.002034936132308484,left_cubic_extension,-6.316901408450704,-2.034936132308484
-0.006225352112676056,-0.0020229795580022454,left_cubic_extension,-6.225352112676056,-2.022979558002245
-0.006133802816901408,-0.0020110214086244338,left_cubic_extension,-6.133802816901408,-2.011021408624434
-0.00604225352112676,-0.0019990616820889564,left_cubic_extension,-6.04225352112676,-1.9990616820889564
-0.005950704225352112,-0.001987100376309721,left_cubic_extension,-5.950704225352112,-1.987100376309721
-0.005859154929577465,-0.001975137489200636,left_cubic_extension,-5.859154929577465,-1.9751374892006357
-0.005767605633802817,-0.0019631730186756083,left_cubic_extension,-5.767605633802817,-1.9631730186756082
-0.0056760563380281685,-0.001951206962648546,left_cubic_extension,-5.676056338028168,-1.951206962648546
-0.005584507042253521,-0.0019392393190333572,left_cubic_extension,-5.584507042253521,-1.9392393190333572
-0.005492957746478873,-0.0019272700857439493,left_cubic_extension,-5.492957746478873,-1.9272700857439493
-0.005401408450704225,-0.0019152992606942302,left_cubic_extension,-5.401408450704225,-1.91529926069423
-0.005309859154929577,-0.0019033268417981072,left_cubic_extension,-5.309859154929577,-1.9033268417981073
-0.0052183098591549295,-0.001891352826969489,left_cubic_extension,-5.218309859154929,-1.891352826969489
-0.005126760563380281,-0.0018793772141222822,left_cubic_extension,-5.126760563380281,-1.8793772141222822
-0.005035211267605633,-0.0018674000011703956,left_cubic_extension,-5.035211267605633,-1.8674000011703955
-0.004943661971830986,-0.0018554211860277363,left_cubic_extension,-4.943661971830986,-1.8554211860277363
-0.004852112676056338,-0.0018434407666082122,left_cubic_extension,-4.852112676056338,-1.8434407666082122
-0.0047605633802816905,-0.0018314587408257313,left_cubic_extension,-4.76056338028169,-1.8314587408257312
-0.004669014084507041,-0.001819475106594201,left_cubic_extension,-4.669014084507041,-1.819475106594201
-0.0045774647887323935,-0.0018074898618275293,left_cubic_extension,-4.577464788732393,-1.8074898618275292
-0.004485915492957746,-0.001795503004439624,left_cubic_extension,-4.485915492957746,-1.7955030044396239
-0.004394366197183098,-0.0017835145323443925,left_cubic_extension,-4.394366197183098,-1.7835145323443924
-0.004302816901408451,-0.001771524443455743,left_cubic_extension,-4.302816901408451,-1.7715244434557431
-0.004211267605633803,-0.0017595327356875828,left_cubic_extension,-4.211267605633803,-1.7595327356875827
-0.004119718309859155,-0.0017475394069538202,left_cubic_extension,-4.119718309859155,-1.7475394069538202
-0.004028169014084506,-0.0017355444551683623,left_cubic_extension,-4.028169014084506,-1.7355444551683623
-0.003936619718309858,-0.0017235478782451174,left_cubic_extension,-3.936619718309858,-1.7235478782451175
-0.0038450704225352107,-0.001711549674097993,left_cubic_extension,-3.8450704225352106,-1.711549674097993
-0.003753521126760563,-0.001699549840640897,left_cubic_extension,-3.753521126760563,-1.699549840640897
-0.0036619718309859155,-0.0016875483757877372,left_cubic_extension,-3.6619718309859155,-1.6875483757877372
-0.003570422535211268,-0.001675545277452421,left_cubic_extension,-3.570422535211268,-1.6755452774524209
-0.0034788732394366202,-0.0016635405435488566,left_cubic_extension,-3.4788732394366204,-1.6635405435488566
-0.003387323943661971,-0.001651534171990951,left_cubic_extension,-3.3873239436619706,-1.651534171990951
-0.0032957746478873232,-0.001639526160692613,left_cubic_extension,-3.295774647887323,-1.639526160692613
-0.0032042253521126756,-0.0016275165075677498,left_cubic_extension,-3.2042253521126756,-1.6275165075677498
-0.003112676056338028,-0.0016155052105302692,left_cubic_extension,-3.112676056338028,-1.6155052105302692
-0.0030211267605633804,-0.001603492267494079,left_cubic_extension,-3.0211267605633805,-1.603492267494079
-0.0029295774647887327,-0.0015914776763730869,left_cubic_extension,-2.929577464788733,-1.591477676373087
-0.002838028169014085,-0.0015794614350812006,left_cubic_extension,-2.838028169014085,-1.5794614350812006
-0.0027464788732394357,-0.0015674435415323276,left_cubic_extension,-2.7464788732394356,-1.5674435415323276
-0.002654929577464788,-0.0015554239936403766,left_cubic_extension,-2.654929577464788,-1.5554239936403766
-0.0025633802816901405,-0.0015434027893192544,left_cubic_extension,-2.5633802816901405,-1.5434027893192543
-0.002471830985915493,-0.0015313799264828692,left_cubic_extension,-2.471830985915493,-1.5313799264828691
-0.0023802816901408452,-0.0015193554030451287,left_cubic_extension,-2.380281690140845,-1.5193554030451288
-0.0022887323943661976,-0.0015073292169199405,left_cubic_extension,-2.2887323943661975,-1.5073292169199406
-0.0021971830985915482,-0.0014953013660212123,left_cubic_extension,-2.197183098591548,-1.4953013660212124
-0.0021056338028169006,-0.0014832718482628523,left_cubic_extension,-2.1056338028169006,-1.4832718482628524
-0.002014084507042253,-0.0014712406615587678,left_cubic_extension,-2.014084507042253,-1.4712406615587679
-0.0019225352112676054,-0.001459207803822867,left_cubic_extension,-1.9225352112676053,-1.4592078038228669
-0.0018309859154929577,-0.0014471732729690572,left_cubic_extension,-1.8309859154929577,-1.4471732729690572
-0.0017394366197183101,-0.0014351370669112465,left_cubic_extension,-1.7394366197183102,-1.4351370669112464
-0.0016478873239436625,-0.0014230991835633422,left_cubic_extension,-1.6478873239436624,-1.4230991835633422
-0.0015563380281690131,-0.0014110596208392523,left_cubic_extension,-1.5563380281690131,-1.4110596208392523
-0.0014647887323943655,-0.0013990183766528848,left_cubic_extension,-1.4647887323943656,-1.3990183766528848
-0.0013732394366197179,-0.0013869754489181474,left_cubic_extension,-1.3732394366197178,-1.3869754489181474
-0.0012816901408450702,-0.0013749308355489476,left_cubic_extension,-1.2816901408450703,-1.3749308355489476
-0.0011901408450704226,-0.0013628845344591932,left_cubic_extension,-1.1901408450704225,-1.3628845344591933
-0.001098591549295775,-0.0013508365435627922,left_cubic_extension,-1.098591549295775,-1.3508365435627923
-0.0010070422535211274,-0.001338786860773652,left_cubic_extension,-1.0070422535211274,-1.338786860773652
-0.000915492957746478,-0.0013267354840056805,left_cubic_extension,-0.915492957746478,-1.3267354840056804
-0.0008239436619718304,-0.0013146824111727857,left_cubic_extension,-0.8239436619718303,-1.3146824111727857
-0.0007323943661971827,-0.001302627640188875,left_cubic_extension,-0.7323943661971828,-1.302627640188875
-0.0006408450704225351,-0.0012905711689678563,left_cubic_extension,-0.6408450704225351,-1.2905711689678563
-0.0005492957746478875,-0.0012785129954236375,left_cubic_extension,-0.5492957746478875,-1.2785129954236374
-0.00045774647887323987,-0.0012664531174701261,left_cubic_extension,-0.4577464788732399,-1.2664531174701261
-0.00036619718309859224,-0.0012543915330212301,left_cubic_extension,-0.3661971830985922,-1.25439153302123
-0.0002746478873239429,-0.0012423282399908568,left_cubic_extension,-0.27464788732394285,-1.2423282399908568
-0.00018309859154929525,-0.0012302632362929146,left_cubic_extension,-0.18309859154929525,-1.2302632362929147
-9.154929577464763e-05,-0.001218196519841311,left_cubic_extension,-0.09154929577464763,-1.218196519841311
0.0,-0.0012061103387012,original_variable_s_data,0.0,-1.2061103387012
9.25e-05,-0.0011939159157909,original_variable_s_data,0.0925,-1.1939159157909
0.000185,-0.0011817197087059,original_variable_s_data,0.185,-1.1817197087059002
0.0002774999999999,-0.0011695217156963,original_variable_s_data,0.2774999999999,-1.1695217156963
0.00037,-0.0011573219350104,original_variable_s_data,0.37,-1.1573219350104
0.0004625,-0.0011451203648942,original_variable_s_data,0.4625,-1.1451203648942
0.0005549999999999,-0.0011329170035917,original_variable_s_data,0.5549999999999,-1.1329170035917
0.0006475,-0.0011207118493447,original_variable_s_data,0.6475,-1.1207118493447
0.00074,-0.0011085049003928,original_variable_s_data,0.74,-1.1085049003928
0.0008325,-0.0010962961549735,original_variable_s_data,0.8325,-1.0962961549735
0.000925,-0.0010840856113222,original_variable_s_data,0.925,-1.0840856113222
0.0010175,-0.0010718732676721,original_variable_s_data,1.0174999999999998,-1.0718732676721001
0.0011099999999999,-0.0010596591222542,original_variable_s_data,1.1099999999999,-1.0596591222542
0.0012025,-0.0010474431732975,original_variable_s_data,1.2025,-1.0474431732975
0.001295,-0.0010352254190286,original_variable_s_data,1.295,-1.0352254190286
0.0013875,-0.0010230058576723,original_variable_s_data,1.3875,-1.0230058576723
0.00148,-0.0010107844874507,original_variable_s_data,1.48,-1.0107844874507002
0.0015725,-0.0009985613065842,original_variable_s_data,1.5724999999999998,-0.9985613065842001
0.001665,-0.0009863363132909,original_variable_s_data,1.665,-0.9863363132908999
0.0017575,-0.0009741095057865,original_variable_s_data,1.7574999999999998,-0.9741095057865
0.00185,-0.0009618808822848,original_variable_s_data,1.85,-0.9618808822848001
0.0019425,-0.0009496504409972,original_variable_s_data,1.9425,-0.9496504409972001
0.002035,-0.0009374181801331,original_variable_s_data,2.0349999999999997,-0.9374181801331001
0.0021275,-0.0009251840978995,original_variable_s_data,2.1275,-0.9251840978995001
0.0022199999999999,-0.0009129481925014,original_variable_s_data,2.2199999999999,-0.9129481925014
0.0023125,-0.0009007104621414,original_variable_s_data,2.3125,-0.9007104621414
0.002405,-0.0008884709050201,original_variable_s_data,2.405,-0.8884709050201001
0.0024975,-0.0008762295193357,original_variable_s_data,2.4975,-0.8762295193356999
0.00259,-0.0008639863032843,original_variable_s_data,2.59,-0.8639863032842999
0.0026825,-0.0008517412550597,original_variable_s_data,2.6825,-0.8517412550597
0.002775,-0.0008394943728536,original_variable_s_data,2.775,-0.8394943728536
0.0028675,-0.0008272456548552,original_variable_s_data,2.8674999999999997,-0.8272456548552
0.00296,-0.0008149950992519,original_variable_s_data,2.96,-0.8149950992519
0.0030525,-0.0008027427042285,original_variable_s_data,3.0525,-0.8027427042285
0.003145,-0.0007904884679677,original_variable_s_data,3.1449999999999996,-0.7904884679677
0.0032375,-0.00077823238865,original_variable_s_data,3.2375,-0.77823238865
0.00333,-0.0007659744644535,original_variable_s_data,3.33,-0.7659744644534999
0.0034224999999999,-0.0007537146935541,original_variable_s_data,3.4224999999999,-0.7537146935540999
0.003515,-0.0007414530741257,original_variable_s_data,3.5149999999999997,-0.7414530741257
0.0036075,-0.0007291896043396,original_variable_s_data,3.6075,-0.7291896043396
0.0037,-0.0007169242823649,original_variable_s_data,3.7,-0.7169242823649
0.0037925,-0.0007046571063687,original_variable_s_data,3.7925,-0.7046571063687
0.003885,-0.0006923880745154,original_variable_s_data,3.885,-0.6923880745154
0.0039775,-0.0006801171849676,original_variable_s_data,3.9775,-0.6801171849676
0.00407,-0.0006678444358851,original_variable_s_data,4.069999999999999,-0.6678444358851
0.0041624999999999,-0.000655569825426,original_variable_s_data,4.1624999999999,-0.655569825426
0.004255,-0.0006432933517455,original_variable_s_data,4.255,-0.6432933517455
0.0043475,-0.0006310150129971,original_variable_s_data,4.3475,-0.6310150129970999
0.0044399999999999,-0.0006187348073315,original_variable_s_data,4.4399999999999,-0.6187348073315
0.0045325,-0.0006064527328974,original_variable_s_data,4.5325,-0.6064527328974001
0.004625,-0.0005941687878412,original_variable_s_data,4.625,-0.5941687878412
0.0047175,-0.0005818829703068,original_variable_s_data,4.7175,-0.5818829703068
0.00481,-0.000569595278436,original_variable_s_data,4.81,-0.569595278436
0.0049025,-0.0005573057103681,original_variable_s_data,4.9025,-0.5573057103681
0.004995,-0.0005450142642403,original_variable_s_data,4.995,-0.5450142642403
0.0050875,-0.0005327209381871,original_variable_s_data,5.0875,-0.5327209381871001
0.00518,-0.0005204257303412,original_variable_s_data,5.18,-0.5204257303412
0.0052725,-0.0005081286388325,original_variable_s_data,5.2725,-0.5081286388324999
0.005365,-0.0004958296617888,original_variable_s_data,5.365,-0.4958296617888
0.0054575,-0.0004835287973355,original_variable_s_data,5.4575,-0.48352879733549997
0.00555,-0.0004712260435957,original_variable_s_data,5.55,-0.47122604359570003
0.0056425,-0.00045892139869,original_variable_s_data,5.6425,-0.45892139869
0.005735,-0.000446614860737,original_variable_s_data,5.734999999999999,-0.44661486073699996
0.0058275,-0.0004343064278525,original_variable_s_data,5.827500000000001,-0.4343064278525
0.00592,-0.0004219960981502,original_variable_s_data,5.92,-0.4219960981502
0.0060125,-0.0004096838697414,original_variable_s_data,6.012499999999999,-0.4096838697414
0.006105,-0.0003973697407351,original_variable_s_data,6.105,-0.3973697407351
0.0061975,-0.0003850537092377,original_variable_s_data,6.1975,-0.3850537092377
0.00629,-0.0003727357733534,original_variable_s_data,6.289999999999999,-0.3727357733534
0.0063825,-0.0003604159311839,original_variable_s_data,6.3825,-0.36041593118390003
0.006475,-0.0003480941808288,original_variable_s_data,6.475,-0.3480941808288
0.0065674999999999,-0.000335770520385,original_variable_s_data,6.5674999999998995,-0.335770520385
0.00666,-0.000323444947947,original_variable_s_data,6.66,-0.323444947947
0.0067525,-0.0003111174616072,original_variable_s_data,6.7524999999999995,-0.3111174616072
0.0068449999999999,-0.0002987880594553,original_variable_s_data,6.844999999999899,-0.29878805945529996
0.0069375,-0.0002864567395787,original_variable_s_data,6.9375,-0.28645673957870005
0.00703,-0.0002741235000624,original_variable_s_data,7.029999999999999,-0.2741235000624
0.0071224999999999,-0.0002617883389889,original_variable_s_data,7.1224999999999,-0.26178833898889997
0.007215,-0.0002494512544385,original_variable_s_data,7.215,-0.24945125443849997
0.0073075,-0.0002371122444889,original_variable_s_data,7.3075,-0.2371122444889
0.0074,-0.0002247713072152,original_variable_s_data,7.4,-0.2247713072152
0.0074925,-0.0002124284406905,original_variable_s_data,7.4925,-0.21242844069050001
0.007585,-0.0002000836429852,original_variable_s_data,7.585,-0.2000836429852
0.0076775,-0.0001877369121671,original_variable_s_data,7.6775,-0.1877369121671
0.00777,-0.0001753882463019,original_variable_s_data,7.77,-0.1753882463019
0.0078625,-0.0001630376434526,original_variable_s_data,7.8625,-0.1630376434526
0.007955,-0.0001506851016799,original_variable_s_data,7.955,-0.15068510167989999
0.0080474999999999,-0.0001383306190419,original_variable_s_data,8.0474999999999,-0.1383306190419
0.00814,-0.0001259741935944,original_variable_s_data,8.139999999999999,-0.1259741935944
0.0082325,-0.0001136158233905,original_variable_s_data,8.2325,-0.1136158233905
0.0083249999999999,-0.0001012555064811,original_variable_s_data,8.3249999999999,-0.1012555064811
0.0084175,-8.88932409144686e-05,original_variable_s_data,8.4175,-0.0888932409144686
0.00851,-7.652902473630602e-05,original_variable_s_data,8.51,-0.07652902473630602
0.0086024999999999,-6.41628559899846e-05,original_variable_s_data,8.6024999999999,-0.0641628559899846
0.008695,-5.179473271633161e-05,original_variable_s_data,8.695,-0.05179473271633161
0.0087875,-3.942465295368426e-05,original_variable_s_data,8.7875,-0.03942465295368426
0.0088799999999999,-2.7052614737862405e-05,original_variable_s_data,8.8799999999999,-0.027052614737862406
0.0089725,-1.4678616102204184e-05,original_variable_s_data,8.9725,-0.014678616102204185
0.009065,-2.302655077512029e-06,original_variable_s_data,9.065,-0.0023026550775120287
0.0091575,1.0075270307910432e-05,original_variable_s_data,9.1575,0.010075270307910432
0.00925,2.2455162028274303e-05,original_variable_s_data,9.25,0.022455162028274304
0.0093425,3.483702206031813e-05,original_variable_s_data,9.3425,0.03483702206031813
0.009435,4.722085238331167e-05,original_variable_s_data,9.435,0.04722085238331167
0.0095275,5.960665497905149e-05,original_variable_s_data,9.5275,0.05960665497905149
0.00962,7.199443183187854e-05,original_variable_s_data,9.62,0.07199443183187854
0.0097125,8.438418492866057e-05,original_variable_s_data,9.7125,0.08438418492866057
0.009805,9.677591625882187e-05,original_variable_s_data,9.805,0.09677591625882187
0.0098975,0.0001091696278143,original_variable_s_data,9.8975,0.10916962781430001
0.00999,0.0001215653215897,original_variable_s_data,9.99,0.1215653215897
0.0100825,0.0001339629995821,original_variable_s_data,10.0825,0.1339629995821
0.010175,0.000146362663791,original_variable_s_data,10.175,0.14636266379100002
0.0102675,0.0001587643162189,original_variable_s_data,10.2675,0.1587643162189
0.01036,0.0001711679588703,original_variable_s_data,10.36,0.1711679588703
0.0104525,0.0001835735937528,original_variable_s_data,10.4525,0.1835735937528
0.010545,0.0001959812228762,original_variable_s_data,10.545,0.19598122287619998
0.0106375,0.0002083908482532,original_variable_s_data,10.6375,0.2083908482532
0.01073,0.0002208024718988,original_variable_s_data,10.73,0.22080247189879998
0.0108225,0.0002332160958308,original_variable_s_data,10.8225,0.23321609583080002
0.010915,0.0002456317220695,original_variable_s_data,10.915,0.2456317220695
0.0110075,0.0002580493526378,original_variable_s_data,11.0075,0.2580493526378
0.0111,0.0002704689895614,original_variable_s_data,11.1,0.2704689895614
0.0111925,0.0002828906348684,original_variable_s_data,11.192499999999999,0.2828906348684
0.011285,0.0002953142905895,original_variable_s_data,11.285,0.29531429058950004
0.0113775,0.0003077399587583,original_variable_s_data,11.377500000000001,0.30773995875829996
0.01147,0.0003201676414107,original_variable_s_data,11.469999999999999,0.3201676414107
0.0115625,0.0003325973405854,original_variable_s_data,11.5625,0.3325973405854
0.011655,0.0003450290583238,original_variable_s_data,11.655000000000001,0.3450290583238
0.0117475,0.0003574627966698,original_variable_s_data,11.747499999999999,0.3574627966698
0.01184,0.0003698985576701,original_variable_s_data,11.84,0.3698985576701
0.0119325,0.0003823363433739,original_variable_s_data,11.932500000000001,0.3823363433739
0.012025,0.0003947761558331,original_variable_s_data,12.024999999999999,0.3947761558331
0.0121175,0.0004072179971025,original_variable_s_data,12.1175,0.4072179971025
0.01221,0.0004196618692391,original_variable_s_data,12.21,0.41966186923910004
0.0123025,0.0004321077743031,original_variable_s_data,12.302499999999998,0.4321077743031
0.012395,0.0004445557143569,original_variable_s_data,12.395,0.4445557143569
0.0124875,0.000457005691466,original_variable_s_data,12.4875,0.457005691466
0.01258,0.0004694577076983,original_variable_s_data,12.579999999999998,0.4694577076983
0.0126725,0.0004819117651245,original_variable_s_data,12.6725,0.4819117651245
0.012765,0.000494367865818,original_variable_s_data,12.765,0.49436786581799996
0.0128575,0.0005068260118549,original_variable_s_data,12.8575,0.5068260118549001
0.01295,0.000519286205314,original_variable_s_data,12.95,0.5192862053139999
0.0130425,0.0005317484482768,original_variable_s_data,13.0425,0.5317484482768
0.0131349999999999,0.0005442127428276,original_variable_s_data,13.1349999999999,0.5442127428276
0.0132275,0.0005566790910533,original_variable_s_data,13.2275,0.5566790910533
0.01332,0.0005691474950437,original_variable_s_data,13.32,0.5691474950437
0.0134124999999999,0.0005816179568911,original_variable_s_data,13.4124999999999,0.5816179568911
0.013505,0.0005940904786908,original_variable_s_data,13.504999999999999,0.5940904786908
0.0135975,0.0006065650625406,original_variable_s_data,13.5975,0.6065650625405999
0.0136899999999999,0.0006190417105412,original_variable_s_data,13.6899999999999,0.6190417105411999
0.0137825,0.000631520424796,original_variable_s_data,13.782499999999999,0.631520424796
0.013875,0.0006440012074113,original_variable_s_data,13.875,0.6440012074113
0.0139674999999999,0.0006564840604959,original_variable_s_data,13.9674999999999,0.6564840604959
0.01406,0.0006689689861615,original_variable_s_data,14.059999999999999,0.6689689861615
0.0141525,0.0006814559865227,original_variable_s_data,14.1525,0.6814559865227
0.0142449999999999,0.0006939450636968,original_variable_s_data,14.2449999999999,0.6939450636968
0.0143375,0.0007064362198037,original_variable_s_data,14.3375,0.7064362198037001
0.01443,0.0007189294569664,original_variable_s_data,14.43,0.7189294569664
0.0145224999999999,0.0007314247773105,original_variable_s_data,14.5224999999999,0.7314247773104999
0.014615,0.0007439221829643,original_variable_s_data,14.615,0.7439221829643
0.0147075,0.0007564216760593,original_variable_s_data,14.7075,0.7564216760593
0.0148,0.0007689232587294,original_variable_s_data,14.8,0.7689232587294
0.0148925,0.0007814269331115,original_variable_s_data,14.8925,0.7814269331114999
0.014985,0.0007939327013454,original_variable_s_data,14.985,0.7939327013454
0.0150775,0.0008064405655735,original_variable_s_data,15.0775,0.8064405655735
0.01517,0.0008189505279413,original_variable_s_data,15.17,0.8189505279413
0.0152625,0.0008314625905969,original_variable_s_data,15.2625,0.8314625905969
0.015355,0.0008439767556913,original_variable_s_data,15.355,0.8439767556912999
0.0154475,0.0008564930253786,original_variable_s_data,15.4475,0.8564930253786
0.01554,0.0008690114018154,original_variable_s_data,15.54,0.8690114018154
0.0156325,0.0008815318871613,original_variable_s_data,15.6325,0.8815318871613
0.015725,0.0008940544835789,original_variable_s_data,15.725,0.8940544835789
0.0158174999999999,0.0009065791932334,original_variable_s_data,15.817499999999901,0.9065791932334
0.01591,0.0009191060182931,original_variable_s_data,15.91,0.9191060182931
0.0160025,0.0009316349609291,original_variable_s_data,16.002499999999998,0.9316349609291
0.0160949999999999,0.0009441660233154,original_variable_s_data,16.0949999999999,0.9441660233154
0.0161875,0.0009566992076288,original_variable_s_data,16.1875,0.9566992076288
0.01628,0.0009692345160493,original_variable_s_data,16.279999999999998,0.9692345160493
0.0163724999999999,0.0009817719507593,original_variable_s_data,16.372499999999903,0.9817719507593
0.016465,0.0009943115139446,original_variable_s_data,16.465,0.9943115139446
0.0165575,0.0010068532077936,original_variable_s_data,16.5575,1.0068532077936
0.0166499999999999,0.0010193970344978,original_variable_s_data,16.649999999999903,1.0193970344978
0.0167425,0.0010319429962515,original_variable_s_data,16.7425,1.0319429962515
0.016835,0.001044491095252,original_variable_s_data,16.835,1.044491095252
0.0169274999999999,0.0010570413336995,original_variable_s_data,16.927499999999903,1.0570413336995
0.01702,0.0010695937137972,original_variable_s_data,17.02,1.0695937137972
0.0171125,0.0010821482377511,original_variable_s_data,17.1125,1.0821482377511
0.0172049999999999,0.0010947049077705,original_variable_s_data,17.204999999999902,1.0947049077705
0.0172975,0.0011072637260671,original_variable_s_data,17.2975,1.1072637260670999
0.01739,0.0011198246948562,original_variable_s_data,17.39,1.1198246948562
0.0174824999999999,0.0011323878163555,original_variable_s_data,17.482499999999902,1.1323878163555001
0.017575,0.0011449530927861,original_variable_s_data,17.575,1.1449530927861
0.0176675,0.0011575205263718,original_variable_s_data,17.6675,1.1575205263718
0.0177599999999999,0.0011700901193396,original_variable_s_data,17.759999999999902,1.1700901193396
0.0178525,0.0011826618739193,original_variable_s_data,17.8525,1.1826618739193
0.017945,0.0011952357923438,original_variable_s_data,17.945,1.1952357923438
0.0180375,0.001207811876849,original_variable_s_data,18.0375,1.2078118768489998
0.01813,0.0012203901296738,original_variable_s_data,18.13,1.2203901296738
0.0182225,0.0012329705530601,original_variable_s_data,18.2225,1.2329705530601
0.018315,0.0012455531492529,original_variable_s_data,18.315,1.2455531492529
0.0184075,0.0012581379205002,original_variable_s_data,18.4075,1.2581379205002001
0.0185,0.0012707248690528,original_variable_s_data,18.5,1.2707248690528
0.0185925,0.0012833139971649,original_variable_s_data,18.5925,1.2833139971649001
0.018685,0.0012959053070935,original_variable_s_data,18.685,1.2959053070934998
0.0187775,0.0013084988010988,original_variable_s_data,18.7775,1.3084988010988001
0.01887,0.001321094481444,original_variable_s_data,18.87,1.321094481444
0.0189625,0.0013336923503952,original_variable_s_data,18.9625,1.3336923503952
0.019055,0.0013462924102218,original_variable_s_data,19.055,1.3462924102218
0.0191475,0.0013588946631963,original_variable_s_data,19.1475,1.3588946631963
0.01924,0.001371499111594,original_variable_s_data,19.24,1.371499111594
0.0193325,0.0013841057576935,original_variable_s_data,19.3325,1.3841057576935
0.019425,0.0013967146037764,original_variable_s_data,19.425,1.3967146037764
0.0195175,0.0014093256521276,original_variable_s_data,19.517500000000002,1.4093256521276
0.01961,0.0014219389050348,original_variable_s_data,19.61,1.4219389050348
0.0197025,0.001434554364789,original_variable_s_data,19.7025,1.434554364789
0.019795,0.0014471720336842,original_variable_s_data,19.795,1.4471720336842
0.0198875,0.0014597919140177,original_variable_s_data,19.8875,1.4597919140177
0.01998,0.0014724140080897,original_variable_s_data,19.98,1.4724140080897
0.0200725,0.0014850383182038,original_variable_s_data,20.0725,1.4850383182038
0.020165,0.0014976648466664,original_variable_s_data,20.165,1.4976648466664
0.0202575,0.0015102935957874,original_variable_s_data,20.2575,1.5102935957874
0.02035,0.0015229245678796,original_variable_s_data,20.35,1.5229245678796
0.0204425,0.0015355577652591,original_variable_s_data,20.4425,1.5355577652591
0.020535,0.001548193190245,original_variable_s_data,20.535,1.5481931902450001
0.0206275,0.0015608308451597,original_variable_s_data,20.6275,1.5608308451597002
0.02072,0.0015734707323288,original_variable_s_data,20.72,1.5734707323288
0.0208125,0.001586112854081,original_variable_s_data,20.8125,1.586112854081
0.020905,0.0015987572127482,original_variable_s_data,20.905,1.5987572127482002
0.0209975,0.0016114038106656,original_variable_s_data,20.9975,1.6114038106656
0.02109,0.0016240526501714,original_variable_s_data,21.09,1.6240526501713999
0.0211825,0.0016367037336072,original_variable_s_data,21.1825,1.6367037336072
0.021275,0.0016493570633177,original_variable_s_data,21.275,1.6493570633177
0.0213675,0.0016620126416509,original_variable_s_data,21.3675,1.6620126416509
0.02146,0.0016746704709578,original_variable_s_data,21.46,1.6746704709578
0.0215525,0.0016873305535931,original_variable_s_data,21.5525,1.6873305535931
0.021645,0.0016999928919142,original_variable_s_data,21.645,1.6999928919142
0.0217375,0.0017126574882821,original_variable_s_data,21.7375,1.7126574882821002
0.02183,0.0017253243450609,original_variable_s_data,21.83,1.7253243450609002
0.0219225,0.001737993464618,original_variable_s_data,21.9225,1.737993464618
0.022015,0.0017506648493241,original_variable_s_data,22.015,1.7506648493241002
0.0221075,0.001763338501553,original_variable_s_data,22.107499999999998,1.763338501553
0.0222,0.0017760144236821,original_variable_s_data,22.2,1.7760144236821
0.0222925,0.0017886926180918,original_variable_s_data,22.2925,1.7886926180918
0.022385,0.0018013730871659,original_variable_s_data,22.384999999999998,1.8013730871659
0.0224775,0.0018140558332913,original_variable_s_data,22.477500000000003,1.8140558332913002
0.02257,0.0018267408588586,original_variable_s_data,22.57,1.8267408588586
0.0226625,0.0018394281662614,original_variable_s_data,22.662499999999998,1.8394281662614
0.022755,0.0018521177578967,original_variable_s_data,22.755000000000003,1.8521177578966999
0.0228475,0.0018648096361648,original_variable_s_data,22.8475,1.8648096361647999
0.02294,0.0018775038034693,original_variable_s_data,22.939999999999998,1.8775038034693
0.0230325,0.0018902002622172,original_variable_s_data,23.032500000000002,1.8902002622172
0.023125,0.0019028990148189,original_variable_s_data,23.125,1.9028990148189
0.0232175,0.0019156000636879,original_variable_s_data,23.217499999999998,1.9156000636879
0.02331,0.0019283034112414,original_variable_s_data,23.310000000000002,1.9283034112414
0.0234025,0.0019410090598997,original_variable_s_data,23.4025,1.9410090598997
0.023495,0.0019537170120865,original_variable_s_data,23.494999999999997,1.9537170120865
0.0235875,0.001966427270229,original_variable_s_data,23.587500000000002,1.966427270229
0.02368,0.0019791398367577,original_variable_s_data,23.68,1.9791398367577
0.0237725,0.0019918547141064,original_variable_s_data,23.772499999999997,1.9918547141063998
0.023865,0.0020045719047124,original_variable_s_data,23.865000000000002,2.0045719047124
0.0239575,0.0020172914110164,original_variable_s_data,23.9575,2.0172914110163997
0.02405,0.0020300132354625,original_variable_s_data,24.049999999999997,2.0300132354625
0.0241425,0.0020427373804982,original_variable_s_data,24.142500000000002,2.0427373804982
0.024235,0.0020554638485744,original_variable_s_data,24.235,2.0554638485744
0.0243275,0.0020681926421454,original_variable_s_data,24.327499999999997,2.0681926421454
0.02442,0.0020809237636691,original_variable_s_data,24.42,2.0809237636691
0.0245125,0.0020936572156066,original_variable_s_data,24.5125,2.0936572156066
0.024605,0.0021063930004226,original_variable_s_data,24.604999999999997,2.1063930004226
0.0246975,0.0021191311205853,original_variable_s_data,24.6975,2.1191311205853
0.02479,0.0021318715785662,original_variable_s_data,24.79,2.1318715785662
0.0248825,0.0021446143768404,original_variable_s_data,24.882499999999997,2.1446143768404
0.024975,0.0021573595178864,original_variable_s_data,24.975,2.1573595178864
0.0250675,0.0021701070041862,original_variable_s_data,25.0675,2.1701070041862
0.02516,0.0021828568382252,original_variable_s_data,25.159999999999997,2.1828568382252
0.0252525,0.0021956090224926,original_variable_s_data,25.2525,2.1956090224926
0.025345,0.0022083635594808,original_variable_s_data,25.345,2.2083635594807998
0.0254375,0.0022211204516858,original_variable_s_data,25.4375,2.2211204516858
0.02553,0.0022338797016071,original_variable_s_data,25.53,2.2338797016071
0.0256225,0.0022466413117477,original_variable_s_data,25.6225,2.2466413117477
0.025715,0.0022594052846143,original_variable_s_data,25.715,2.2594052846143
0.0258075,0.0022721716227169,original_variable_s_data,25.8075,2.2721716227169
0.0259,0.0022849403285693,original_variable_s_data,25.9,2.2849403285693
0.0259924999999999,0.0022977114046885,original_variable_s_data,25.9924999999999,2.2977114046885
0.026085,0.0023104848535954,original_variable_s_data,26.085,2.3104848535954
0.0261775,0.0023232606778144,original_variable_s_data,26.1775,2.3232606778144
0.0262699999999999,0.0023360388798732,original_variable_s_data,26.2699999999999,2.3360388798732
0.0263625,0.0023488194623035,original_variable_s_data,26.3625,2.3488194623035
0.026455,0.0023616024276402,original_variable_s_data,26.455,2.3616024276402
0.0265474999999999,0.002374387778422,original_variable_s_data,26.5474999999999,2.3743877784219998
0.02664,0.0023871755171913,original_variable_s_data,26.64,2.3871755171912996
0.0267325,0.0023999656464939,original_variable_s_data,26.732499999999998,2.3999656464939
0.0268249999999999,0.0024127581688792,original_variable_s_data,26.8249999999999,2.4127581688792
0.0269175,0.0024255530869005,original_variable_s_data,26.9175,2.4255530869005
0.02701,0.0024383504031144,original_variable_s_data,27.009999999999998,2.4383504031144
0.0271024999999999,0.0024511501200814,original_variable_s_data,27.1024999999999,2.4511501200814
0.027195,0.0024639522403654,original_variable_s_data,27.195,2.4639522403654
0.0272875,0.0024767567665341,original_variable_s_data,27.287499999999998,2.4767567665341
0.0273799999999999,0.002489563701159,original_variable_s_data,27.3799999999999,2.489563701159
0.0274725,0.002502373046815,original_variable_s_data,27.4725,2.502373046815
0.027565,0.0025151848060808,original_variable_s_data,27.564999999999998,2.5151848060808
0.0276574999999999,0.0025279989815387,original_variable_s_data,27.6574999999999,2.5279989815387003
0.02775,0.0025408155757749,original_variable_s_data,27.75,2.5408155757749
0.0278425,0.0025536345913791,original_variable_s_data,27.842499999999998,2.5536345913791
0.0279349999999999,0.0025664560309447,original_variable_s_data,27.9349999999999,2.5664560309446998
0.0280275,0.0025792798970689,original_variable_s_data,28.0275,2.5792798970688997
0.02812,0.0025921061923527,original_variable_s_data,28.119999999999997,2.5921061923527002
0.0282124999999999,0.0026049349194005,original_variable_s_data,28.2124999999999,2.6049349194005
0.028305,0.0026177660808209,original_variable_s_data,28.305,2.6177660808209
0.0283975,0.0026305996792258,original_variable_s_data,28.3975,2.6305996792258
0.0284899999999999,0.0026434357172311,original_variable_s_data,28.489999999999903,2.6434357172311
0.0285825,0.0026562741974565,original_variable_s_data,28.5825,2.6562741974565003
0.028675,0.0026691151225253,original_variable_s_data,28.675,2.6691151225253
0.0287674999999999,0.0026819584950646,original_variable_s_data,28.767499999999902,2.6819584950646
0.02886,0.0026948043177053,original_variable_s_data,28.86,2.6948043177053
0.0289525,0.0027076525930822,original_variable_s_data,28.9525,2.7076525930822
0.0290449999999999,0.0027205033238338,original_variable_s_data,29.044999999999902,2.7205033238338
0.0291375,0.0027333565126024,original_variable_s_data,29.1375,2.7333565126023998
0.02923,0.002746212162034,original_variable_s_data,29.23,2.746212162034
0.0293224999999999,0.0027590702747787,original_variable_s_data,29.322499999999902,2.7590702747787
0.029415,0.0027719308534902,original_variable_s_data,29.415,2.7719308534902
0.0295075,0.002784793900826,original_variable_s_data,29.5075,2.784793900826
0.0296,0.0027976594194478,original_variable_s_data,29.6,2.7976594194478
0.0296925,0.0028105274120206,original_variable_s_data,29.6925,2.8105274120206003
0.029785,0.0028233978812137,original_variable_s_data,29.785,2.8233978812137
0.0298775,0.0028362708297002,original_variable_s_data,29.8775,2.8362708297002
0.02997,0.0028491462601568,original_variable_s_data,29.97,2.8491462601568003
0.0300625,0.0028620241752643,original_variable_s_data,30.0625,2.8620241752643
0.030155,0.0028749045777075,original_variable_s_data,30.155,2.8749045777075
0.0302475,0.0028877874701749,original_variable_s_data,30.2475,2.8877874701749002
0.03034,0.0029006728553589,original_variable_s_data,30.34,2.9006728553589
0.0304325,0.0029135607359559,original_variable_s_data,30.4325,2.9135607359558997
0.030525,0.0029264511146663,original_variable_s_data,30.525,2.9264511146663
0.0306175,0.0029393439941942,original_variable_s_data,30.6175,2.9393439941942003
0.03071,0.0029522393772478,original_variable_s_data,30.71,2.9522393772478
0.0308025,0.0029651372665392,original_variable_s_data,30.8025,2.9651372665392
0.030895,0.0029780376647846,original_variable_s_data,30.895,2.9780376647846
0.0309875,0.0029909405747038,original_variable_s_data,30.9875,2.9909405747038
0.03108,0.003003845999021,original_variable_s_data,31.08,3.003845999021
0.0311725,0.0030167539404641,original_variable_s_data,31.1725,3.0167539404641
0.031265,0.0030296644017651,original_variable_s_data,31.265,3.0296644017650998
0.0313574999999999,0.00304257738566,original_variable_s_data,31.3574999999999,3.04257738566
0.03145,0.0030554928948886,original_variable_s_data,31.45,3.0554928948885998
0.0315425,0.003068410932195,original_variable_s_data,31.5425,3.068410932195
0.0316349999999999,0.0030813315003271,original_variable_s_data,31.6349999999999,3.0813315003271002
0.0317275,0.0030942546020371,original_variable_s_data,31.7275,3.0942546020371
0.03182,0.0031071802400809,original_variable_s_data,31.82,3.1071802400808997
0.0319124999999999,0.0031201084172187,original_variable_s_data,31.9124999999999,3.1201084172187
0.032005,0.0031330391362146,original_variable_s_data,32.004999999999995,3.1330391362146
0.0320975,0.0031459723998368,original_variable_s_data,32.097500000000004,3.1459723998367997
0.0321899999999999,0.0031589082108577,original_variable_s_data,32.1899999999999,3.1589082108577
0.0322825,0.0031718465720536,original_variable_s_data,32.2825,3.1718465720536
0.032375,0.0031847874862049,original_variable_s_data,32.375,3.1847874862049
0.0324674999999999,0.0031977309560962,original_variable_s_data,32.4674999999999,3.1977309560962
0.03256,0.0032106769845162,original_variable_s_data,32.559999999999995,3.2106769845162
0.0326525,0.0032236255742576,original_variable_s_data,32.6525,3.2236255742576003
0.0327449999999999,0.0032365767281173,original_variable_s_data,32.7449999999999,3.2365767281173
0.0328375,0.0032495304488963,original_variable_s_data,32.8375,3.2495304488963
0.03293,0.0032624867393998,original_variable_s_data,32.93,3.2624867393998
0.0330224999999999,0.0032754456024371,original_variable_s_data,33.0224999999999,3.2754456024370997
0.033115,0.0032884070408217,original_variable_s_data,33.115,3.2884070408217
0.0332075,0.0033013710573712,original_variable_s_data,33.2075,3.3013710573712
0.0332999999999999,0.0033143376549073,original_variable_s_data,33.2999999999999,3.3143376549073
0.0333925,0.003327306836256,original_variable_s_data,33.3925,3.327306836256
0.033485,0.0033402786042476,original_variable_s_data,33.485,3.3402786042476
0.0335774999999999,0.0033532529617163,original_variable_s_data,33.5774999999999,3.3532529617163003
0.03367,0.0033662299115009,original_variable_s_data,33.67,3.3662299115009002
0.0337625,0.0033792094564439,original_variable_s_data,33.7625,3.3792094564439
0.0338549999999999,0.0033921915993925,original_variable_s_data,33.8549999999999,3.3921915993925
0.0339475,0.003405176343198,original_variable_s_data,33.9475,3.405176343198
0.03404,0.0034181636907157,original_variable_s_data,34.04,3.4181636907157
0.0341324999999999,0.0034311536448055,original_variable_s_data,34.1324999999999,3.4311536448055
0.034225,0.0034441462083314,original_variable_s_data,34.225,3.4441462083313996
0.0343175,0.0034571413841617,original_variable_s_data,34.3175,3.4571413841617
0.0344099999999999,0.0034701391751688,original_variable_s_data,34.4099999999999,3.4701391751688
0.0345025,0.0034831395842297,original_variable_s_data,34.5025,3.4831395842296997
0.034595,0.0034961426142255,original_variable_s_data,34.595,3.4961426142255
0.0346874999999999,0.0035091482680417,original_variable_s_data,34.6874999999999,3.5091482680417
0.03478,0.0035221565485679,original_variable_s_data,34.78,3.5221565485679003
0.0348725,0.0035351674586984,original_variable_s_data,34.8725,3.5351674586984
0.0349649999999999,0.0035481810013315,original_variable_s_data,34.9649999999999,3.5481810013315003
0.0350575,0.00356119717937,original_variable_s_data,35.0575,3.56119717937
0.03515,0.003574215995721,original_variable_s_data,35.15,3.574215995721
0.0352424999999999,0.003587237453296,original_variable_s_data,35.2424999999999,3.5872374532960003
0.035335,0.0036002615550108,original_variable_s_data,35.335,3.6002615550107997
0.0354275,0.0036132883037857,original_variable_s_data,35.4275,3.6132883037857
0.0355199999999999,0.0036263177025453,original_variable_s_data,35.5199999999999,3.6263177025453
0.0356125,0.0036393497542186,original_variable_s_data,35.6125,3.6393497542185997
0.035705,0.003652384461739,original_variable_s_data,35.705,3.652384461739
0.0357975,0.0036654218280444,original_variable_s_data,35.7975,3.6654218280444
0.03589,0.003678461856077,original_variable_s_data,35.89,3.678461856077
0.0359825,0.0036915045487836,original_variable_s_data,35.9825,3.6915045487836
0.036075,0.0037045499091152,original_variable_s_data,36.075,3.7045499091152
0.0361675,0.0037175979400276,original_variable_s_data,36.1675,3.7175979400276002
0.03626,0.0037306486444807,original_variable_s_data,36.26,3.7306486444807003
0.0363525,0.0037437020254391,original_variable_s_data,36.352500000000006,3.7437020254391
0.036445,0.0037567580858718,original_variable_s_data,36.445,3.7567580858718
0.0365375,0.0037698168287523,original_variable_s_data,36.5375,3.7698168287522997
0.03663,0.0037828782570587,original_variable_s_data,36.63,3.7828782570587003
0.0367225,0.0037959423737735,original_variable_s_data,36.7225,3.7959423737735
0.036815,0.0038090091818837,original_variable_s_data,36.815,3.8090091818836997
0.0369075,0.003822078684381,original_variable_s_data,36.907500000000006,3.8220786843809997
0.037,0.0038351508842613,original_variable_s_data,37.0,3.8351508842613
0.0370925,0.0038482257845255,original_variable_s_data,37.0925,3.8482257845255
0.037185,0.0038613033881788,original_variable_s_data,37.185,3.8613033881787997
0.0372775,0.0038743836982309,original_variable_s_data,37.277499999999996,3.8743836982309
0.03737,0.0038874667176962,original_variable_s_data,37.37,3.8874667176961997
0.0374625,0.0039005524495938,original_variable_s_data,37.462500000000006,3.9005524495937998
0.037555,0.0039136408969471,original_variable_s_data,37.555,3.9136408969471
0.0376475,0.0039267320627844,original_variable_s_data,37.6475,3.9267320627844
0.03774,0.0039398259501385,original_variable_s_data,37.74,3.9398259501385002
0.0378325,0.0039529225620468,original_variable_s_data,37.832499999999996,3.9529225620468
0.037925,0.0039660219015514,original_variable_s_data,37.925,3.9660219015513998
0.0380175,0.0039791239716989,original_variable_s_data,38.017500000000005,3.9791239716989004
0.03811,0.0039922287755409,original_variable_s_data,38.11,3.9922287755409003
0.0382025,0.0040053363161333,original_variable_s_data,38.2025,4.0053363161333
0.038295,0.0040184465965368,original_variable_s_data,38.295,4.0184465965368
0.0383875,0.0040315596198169,original_variable_s_data,38.387499999999996,4.0315596198169
0.03848,0.0040446753890438,original_variable_s_data,38.48,4.0446753890438
0.0385725,0.0040577939072921,original_variable_s_data,38.572500000000005,4.057793907292099
0.038665,0.0040709151776415,original_variable_s_data,38.665,4.0709151776415
0.0387575,0.0040840392031763,original_variable_s_data,38.7575,4.0840392031762995
0.03885,0.0040971659869854,original_variable_s_data,38.85,4.0971659869854005
0.0389425,0.0041102955321627,original_variable_s_data,38.942499999999995,4.1102955321627
0.039035,0.0041234278418066,original_variable_s_data,39.035000000000004,4.1234278418066
0.0391275,0.0041365629190206,original_variable_s_data,39.127500000000005,4.1365629190206
0.03922,0.0041497007669125,original_variable_s_data,39.22,4.1497007669125
0.0393125,0.0041628413885954,original_variable_s_data,39.3125,4.1628413885954005
0.039405,0.004175984787187,original_variable_s_data,39.405,4.175984787187001
0.0394975,0.0041891309658096,original_variable_s_data,39.497499999999995,4.1891309658096
0.03959,0.0042022799275906,original_variable_s_data,39.59,4.202279927590601
0.0396825,0.0042154316756623,original_variable_s_data,39.682500000000005,4.2154316756623
0.039775,0.0042285862131614,original_variable_s_data,39.775,4.2285862131614005
0.0398675,0.00424174354323,original_variable_s_data,39.8675,4.24174354323
0.03996,0.0042549036690147,original_variable_s_data,39.96,4.2549036690147
0.0400525,0.0042680665936672,original_variable_s_data,40.052499999999995,4.2680665936672
0.040145,0.0042812323203438,original_variable_s_data,40.145,4.2812323203438005
0.0402375,0.004294400852206,original_variable_s_data,40.237500000000004,4.2944008522059995
0.04033,0.00430757219242,original_variable_s_data,40.33,4.30757219242
0.0404225,0.0043207463441571,original_variable_s_data,40.4225,4.3207463441571
0.040515,0.0043339233105934,original_variable_s_data,40.515,4.3339233105934
0.0406075,0.00434710309491,original_variable_s_data,40.607499999999995,4.34710309491
0.0407,0.0043602857002928,original_variable_s_data,40.7,4.3602857002928
0.0407925,0.0043734711299329,original_variable_s_data,40.792500000000004,4.373471129932899
0.040885,0.0043866593870263,original_variable_s_data,40.885,4.3866593870263
0.0409775,0.0043998504747738,original_variable_s_data,40.9775,4.3998504747738005
0.04107,0.0044130443963814,original_variable_s_data,41.07,4.4130443963814
0.0411625,0.0044262411550601,original_variable_s_data,41.162499999999994,4.4262411550601
0.041255,0.0044394407540259,original_variable_s_data,41.255,4.4394407540259
0.0413475,0.0044526431964996,original_variable_s_data,41.347500000000004,4.4526431964996
0.04144,0.0044658484857074,original_variable_s_data,41.44,4.4658484857074
0.0415325,0.0044790566248804,original_variable_s_data,41.5325,4.479056624880401
0.041625,0.0044922676172546,original_variable_s_data,41.625,4.4922676172546
0.0417175,0.0045054814660712,original_variable_s_data,41.7175,4.5054814660712
0.04181,0.0045186981745767,original_variable_s_data,41.81,4.5186981745767
0.0419025,0.0045319177460224,original_variable_s_data,41.9025,4.5319177460224
0.041995,0.0045451401836647,original_variable_s_data,41.995,4.5451401836647
0.0420875,0.0045583654907654,original_variable_s_data,42.0875,4.5583654907654
0.04218,0.004571593670591,original_variable_s_data,42.18,4.571593670591
0.0422725,0.0045848247264136,original_variable_s_data,42.2725,4.5848247264136
0.042365,0.0045980586615102,original_variable_s_data,42.365,4.5980586615102
0.0424575,0.004611295479163,original_variable_s_data,42.4575,4.611295479163
0.04255,0.0046245351826593,original_variable_s_data,42.55,4.6245351826593
0.0426425,0.0046377777752917,original_variable_s_data,42.6425,4.6377777752917
0.042735,0.004651023260358,original_variable_s_data,42.735,4.6510232603579995
0.0428275,0.0046642716411612,original_variable_s_data,42.8275,4.6642716411612
0.04292,0.0046775229210093,original_variable_s_data,42.92,4.6775229210093
0.0430125,0.004690777103216,original_variable_s_data,43.0125,4.690777103216
0.043105,0.0047040341910998,original_variable_s_data,43.105,4.7040341910998
0.0431975,0.0047172941879846,original_variable_s_data,43.1975,4.717294187984599
0.04329,0.0047305570971996,original_variable_s_data,43.29,4.7305570971996
0.0433825,0.0047438229220794,original_variable_s_data,43.3825,4.7438229220794
0.043475,0.0047570916659637,original_variable_s_data,43.475,4.7570916659637
0.0435675,0.0047703633321975,original_variable_s_data,43.5675,4.7703633321975
0.04366,0.0047836379241312,original_variable_s_data,43.66,4.7836379241312
0.0437525,0.0047969154451205,original_variable_s_data,43.7525,4.7969154451205
0.043845,0.0048101958985265,original_variable_s_data,43.845,4.8101958985265005
0.0439375,0.0048234792877156,original_variable_s_data,43.9375,4.8234792877156
0.04403,0.0048367656160595,original_variable_s_data,44.03,4.8367656160595
0.0441225,0.0048500548869353,original_variable_s_data,44.1225,4.8500548869352995
0.044215,0.0048633471037257,original_variable_s_data,44.214999999999996,4.8633471037257
0.0443075,0.0048766422698184,original_variable_s_data,44.3075,4.8766422698184
0.0444,0.0048899403886068,original_variable_s_data,44.4,4.8899403886068
0.0444925,0.0049032414634897,original_variable_s_data,44.4925,4.9032414634896995
0.044585,0.0049165454978713,original_variable_s_data,44.585,4.9165454978713
0.0446775,0.0049298524951612,original_variable_s_data,44.6775,4.9298524951612
0.04477,0.0049431624587744,original_variable_s_data,44.769999999999996,4.9431624587744
0.0448625,0.0049564753921317,original_variable_s_data,44.8625,4.9564753921317
0.044955,0.0049697912986589,original_variable_s_data,44.955000000000005,4.9697912986589
0.0450475,0.0049831101817877,original_variable_s_data,45.0475,4.9831101817877
0.04514,0.0049964320449551,original_variable_s_data,45.14,4.9964320449551
0.0452325,0.0050097568916036,original_variable_s_data,45.2325,5.0097568916036
0.045325,0.0050230847251815,original_variable_s_data,45.324999999999996,5.0230847251815
0.0454175,0.0050364155491424,original_variable_s_data,45.4175,5.0364155491424
0.04551,0.0050497493669454,original_variable_s_data,45.510000000000005,5.0497493669454006
0.0456025,0.0050630861820555,original_variable_s_data,45.6025,5.0630861820555
0.045695,0.0050764259979428,original_variable_s_data,45.695,5.0764259979428
0.0457875,0.0050897688180835,original_variable_s_data,45.7875,5.0897688180835
0.04588,0.0051031146459592,original_variable_s_data,45.879999999999995,5.1031146459592
0.0459725,0.0051164634850569,original_variable_s_data,45.9725,5.1164634850569
0.046065,0.0051298153388696,original_variable_s_data,46.065000000000005,5.1298153388696
0.0461575,0.0051431702108957,original_variable_s_data,46.1575,5.1431702108957005
0.04625,0.0051565281046394,original_variable_s_data,46.25,5.1565281046394
0.0463425,0.0051698890236106,original_variable_s_data,46.3425,5.1698890236106
0.046435,0.0051832529713247,original_variable_s_data,46.434999999999995,5.183252971324699
0.0465275,0.0051966199513029,original_variable_s_data,46.527499999999996,5.1966199513029
0.04662,0.0052099899670723,original_variable_s_data,46.620000000000005,5.2099899670723
0.0467125,0.0052233630221653,original_variable_s_data,46.7125,5.2233630221653
0.046805,0.0052367391201205,original_variable_s_data,46.805,5.2367391201205
0.0468975,0.0052501182644819,original_variable_s_data,46.8975,5.2501182644819
0.04699,0.0052635004587995,original_variable_s_data,46.989999999999995,5.2635004587995
0.0470825,0.0052768857066289,original_variable_s_data,47.082499999999996,5.276885706628899
0.047175,0.0052902740115317,original_variable_s_data,47.175000000000004,5.2902740115317
0.0472675,0.005303665377075,original_variable_s_data,47.2675,5.303665377074999
0.04736,0.0053170598068321,original_variable_s_data,47.36,5.3170598068321
0.0474525,0.0053304573043819,original_variable_s_data,47.4525,5.3304573043819
0.047545,0.0053438578733091,original_variable_s_data,47.544999999999995,5.3438578733091
0.0476375,0.0053572615172043,original_variable_s_data,47.6375,5.3572615172043
0.04773,0.0053706682396641,original_variable_s_data,47.730000000000004,5.3706682396640995
0.0478225,0.0053840780442909,original_variable_s_data,47.8225,5.3840780442909
0.047915,0.005397490934693,original_variable_s_data,47.915,5.397490934693
0.0480075,0.0054109069144845,original_variable_s_data,48.0075,5.4109069144845
0.0481,0.0054243259872857,original_variable_s_data,48.099999999999994,5.4243259872857
0.0481925,0.0054377481567226,original_variable_s_data,48.1925,5.4377481567226
0.048285,0.0054511734264271,original_variable_s_data,48.285000000000004,5.451173426427101
0.0483775,0.0054646018000374,original_variable_s_data,48.3775,5.464601800037401
0.04847,0.0054780332811974,original_variable_s_data,48.47,5.4780332811973995
0.0485625,0.005491467873557,original_variable_s_data,48.5625,5.491467873557
0.048655,0.0055049055807722,original_variable_s_data,48.654999999999994,5.5049055807722
0.0487475,0.0055183464065052,original_variable_s_data,48.7475,5.5183464065051995
0.04884,0.0055317903544238,original_variable_s_data,48.84,5.5317903544238005
0.0489325,0.0055452374282022,original_variable_s_data,48.9325,5.5452374282022
0.049025,0.0055586876315205,original_variable_s_data,49.025,5.5586876315205
0.0491175,0.005572140968065,original_variable_s_data,49.1175,5.572140968065001
0.04921,0.005585597441528,original_variable_s_data,49.209999999999994,5.585597441528
0.0493025,0.005599057055608,original_variable_s_data,49.3025,5.599057055608
0.049395,0.0056125198140095,original_variable_s_data,49.395,5.6125198140095005
0.0494875,0.0056259857204432,original_variable_s_data,49.4875,5.6259857204432
0.04958,0.0056394547786259,original_variable_s_data,49.58,5.6394547786259
0.0496725,0.0056529269922808,original_variable_s_data,49.6725,5.6529269922808
0.049765,0.0056664023651368,original_variable_s_data,49.76499999999999,5.6664023651368005
0.0498575,0.0056798809009295,original_variable_s_data,49.8575,5.679880900929501
0.04995,0.0056933626034004,original_variable_s_data,49.95,5.6933626034004
0.0500425,0.0057068474762974,original_variable_s_data,50.0425,5.7068474762974
0.050135,0.0057203355233745,original_variable_s_data,50.135,5.7203355233745
0.0502275,0.0057338267483919,original_variable_s_data,50.2275,5.7338267483919
0.05032,0.0057473211551163,original_variable_s_data,50.31999999999999,5.7473211551163
0.0504125,0.0057608187473206,original_variable_s_data,50.4125,5.7608187473206005
0.050505,0.0057743195287837,original_variable_s_data,50.505,5.7743195287837
0.0505975,0.0057878235032913,original_variable_s_data,50.5975,5.787823503291301
0.05069,0.0058013306746351,original_variable_s_data,50.69,5.8013306746351
0.0507825,0.0058148410466132,original_variable_s_data,50.7825,5.8148410466132
0.050875,0.0058283546230301,original_variable_s_data,50.875,5.8283546230300995
0.0509675,0.0058418714076967,original_variable_s_data,50.9675,5.841871407696701
0.05106,0.0058553914044301,original_variable_s_data,51.06,5.8553914044301
0.0511525,0.005868914617054,original_variable_s_data,51.152499999999996,5.868914617054
0.051245,0.0058824410493985,original_variable_s_data,51.245,5.8824410493984995
0.0513375,0.0058959707053,original_variable_s_data,51.3375,5.8959707053
0.05143,0.0059095035886014,original_variable_s_data,51.43,5.9095035886014005
0.0515225,0.0059230397031522,original_variable_s_data,51.5225,5.923039703152201
0.051615,0.0059365790528081,original_variable_s_data,51.615,5.9365790528081
0.0517074999999999,0.0059501216414316,original_variable_s_data,51.7074999999999,5.9501216414316
0.0518,0.0059636674728915,original_variable_s_data,51.8,5.9636674728915
0.0518925,0.0059772165510632,original_variable_s_data,51.8925,5.9772165510632
0.0519849999999999,0.0059907688798285,original_variable_s_data,51.9849999999999,5.9907688798285
0.0520775,0.0060043244630761,original_variable_s_data,52.0775,6.004324463076101
0.05217,0.0060178833047008,original_variable_s_data,52.17,6.0178833047008
0.0522624999999999,0.0060314454086044,original_variable_s_data,52.262499999999896,6.0314454086044
0.052355,0.006045010778695,original_variable_s_data,52.355,6.045010778695
0.0524475,0.0060585794188875,original_variable_s_data,52.4475,6.0585794188875
0.0525399999999999,0.0060721513331033,original_variable_s_data,52.5399999999999,6.0721513331032995
0.0526325,0.0060857265252707,original_variable_s_data,52.6325,6.0857265252707
0.052725,0.0060993049993242,original_variable_s_data,52.725,6.0993049993241994
0.0528174999999999,0.0061128867592056,original_variable_s_data,52.817499999999896,6.1128867592056
0.05291,0.0061264718088627,original_variable_s_data,52.91,6.126471808862701
0.0530025,0.0061400601522507,original_variable_s_data,53.0025,6.1400601522507
0.0530949999999999,0.0061536517933309,original_variable_s_data,53.0949999999999,6.1536517933309
0.0531875,0.0061672467360718,original_variable_s_data,53.1875,6.1672467360718
0.05328,0.0061808449844485,original_variable_s_data,53.28,6.1808449844485
0.0533724999999999,0.0061944465424428,original_variable_s_data,53.372499999999896,6.1944465424428
0.053465,0.0062080514140434,original_variable_s_data,53.464999999999996,6.208051414043401
0.0535575,0.0062216596032457,original_variable_s_data,53.5575,6.2216596032457
0.0536499999999999,0.0062352711140521,original_variable_s_data,53.6499999999999,6.2352711140521
0.0537425,0.0062488859504717,original_variable_s_data,53.7425,6.2488859504717
0.053835,0.0062625041165204,original_variable_s_data,53.835,6.262504116520399
0.0539274999999999,0.0062761256162212,original_variable_s_data,53.9274999999999,6.276125616221201
0.05402,0.0062897504536038,original_variable_s_data,54.019999999999996,6.2897504536038
0.0541125,0.0063033786327049,original_variable_s_data,54.112500000000004,6.3033786327048995
0.0542049999999999,0.006317010157568,original_variable_s_data,54.2049999999999,6.317010157568
0.0542975,0.0063306450322437,original_variable_s_data,54.2975,6.3306450322437
0.05439,0.0063442832607894,original_variable_s_data,54.39,6.3442832607894
0.0544824999999999,0.0063579248472696,original_variable_s_data,54.4824999999999,6.3579248472696
0.054575,0.0063715697957558,original_variable_s_data,54.574999999999996,6.3715697957558
0.0546675,0.0063852181103264,original_variable_s_data,54.667500000000004,6.3852181103264
0.0547599999999999,0.0063988697950668,original_variable_s_data,54.7599999999999,6.3988697950668
0.0548525,0.0064125248540697,original_variable_s_data,54.8525,6.4125248540697
0.054945,0.0064261832914345,original_variable_s_data,54.945,6.4261832914345
0.0550374999999999,0.006439845111268,original_variable_s_data,55.0374999999999,6.439845111267999
0.05513,0.0064535103176839,original_variable_s_data,55.129999999999995,6.4535103176839
0.0552225,0.0064671789148029,original_variable_s_data,55.222500000000004,6.4671789148029
0.0553149999999999,0.0064808509067532,original_variable_s_data,55.3149999999999,6.4808509067532
0.0554075,0.0064945262976699,original_variable_s_data,55.4075,6.4945262976699
0.0555,0.0065082050916951,original_variable_s_data,55.5,6.5082050916951
0.0555924999999999,0.0065218872929785,original_variable_s_data,55.5924999999999,6.5218872929785
0.055685,0.0065355729056766,original_variable_s_data,55.684999999999995,6.5355729056766
0.0557775,0.0065492619339534,original_variable_s_data,55.7775,6.5492619339533995
0.0558699999999999,0.0065629543819799,original_variable_s_data,55.8699999999999,6.5629543819799006
0.0559625,0.0065766502539345,original_variable_s_data,55.9625,6.5766502539345
0.056055,0.0065903495540029,original_variable_s_data,56.055,6.590349554002899
0.0561474999999999,0.0066040522863779,original_variable_s_data,56.1474999999999,6.604052286377899
0.05624,0.0066177584552598,original_variable_s_data,56.239999999999995,6.6177584552598
0.0563325,0.0066314680648561,original_variable_s_data,56.3325,6.6314680648561
0.0564249999999999,0.0066451811193817,original_variable_s_data,56.4249999999999,6.6451811193817
0.0565175,0.0066588976230588,original_variable_s_data,56.5175,6.658897623058801
0.05661,0.006672617580117,original_variable_s_data,56.61,6.6726175801170005
0.0567024999999999,0.0066863409947933,original_variable_s_data,56.7024999999999,6.6863409947933
0.056795,0.0067000678713322,original_variable_s_data,56.795,6.7000678713322
0.0568875,0.0067137982139854,original_variable_s_data,56.8875,6.7137982139854
0.0569799999999999,0.0067275320270123,original_variable_s_data,56.9799999999999,6.7275320270123
0.0570725,0.0067412693146796,original_variable_s_data,57.0725,6.7412693146796006
0.057165,0.0067550100812616,original_variable_s_data,57.165,6.7550100812616005
0.0572574999999999,0.00676875433104,original_variable_s_data,57.2574999999999,6.76875433104
0.05735,0.006782502068304,original_variable_s_data,57.35,6.782502068304
0.0574425,0.0067962532973505,original_variable_s_data,57.4425,6.7962532973505
0.0575349999999999,0.0068100080224838,original_variable_s_data,57.5349999999999,6.8100080224837996
0.0576275,0.0068237662480158,original_variable_s_data,57.6275,6.8237662480158
0.05772,0.0068375279782662,original_variable_s_data,57.72,6.8375279782662
0.0578124999999999,0.0068512932175619,original_variable_s_data,57.8124999999999,6.8512932175619
0.057905,0.0068650619702379,original_variable_s_data,57.905,6.8650619702379
0.0579975,0.0068788342406366,original_variable_s_data,57.9975,6.878834240636601
0.0580899999999999,0.006892610033108,original_variable_s_data,58.0899999999999,6.892610033108
0.0581825,0.0069063893520099,original_variable_s_data,58.1825,6.9063893520099
0.058275,0.006920172201708,original_variable_s_data,58.275,6.920172201708
0.0583674999999999,0.0069339585865753,original_variable_s_data,58.3674999999999,6.9339585865753
0.05846,0.0069477485109929,original_variable_s_data,58.46,6.9477485109929
0.0585525,0.0069615419793495,original_variable_s_data,58.5525,6.9615419793495
0.0586449999999999,0.0069753389960416,original_variable_s_data,58.6449999999999,6.9753389960416
0.0587375,0.0069891395654737,original_variable_s_data,58.7375,6.9891395654737005
0.05883,0.0070029436920578,original_variable_s_data,58.83,7.0029436920578005
0.0589224999999999,0.0070167513802141,original_variable_s_data,58.9224999999999,7.0167513802140995
0.059015,0.0070305626343703,original_variable_s_data,59.015,7.0305626343703
0.0591075,0.0070443774589622,original_variable_s_data,59.1075,7.0443774589622
0.0592,0.0070581958584335,original_variable_s_data,59.2,7.0581958584335
0.0592925,0.0070720178372357,original_variable_s_data,59.2925,7.0720178372357
0.059385,0.0070858433998285,original_variable_s_data,59.385,7.0858433998285
0.0594775,0.0070996725506793,original_variable_s_data,59.4775,7.0996725506793
0.05957,0.0071135052942636,original_variable_s_data,59.57,7.113505294263599
0.0596625,0.0071273416350649,original_variable_s_data,59.6625,7.1273416350649
0.059755,0.0071411815775746,original_variable_s_data,59.755,7.1411815775746
0.0598475,0.0071550251262924,original_variable_s_data,59.8475,7.1550251262924
0.05994,0.0071688722857258,original_variable_s_data,59.94,7.168872285725801
0.0600325,0.0071827230603906,original_variable_s_data,60.032500000000006,7.1827230603906
0.060125,0.0071965774548105,original_variable_s_data,60.125,7.1965774548105
0.0602175,0.0072104354735175,original_variable_s_data,60.2175,7.210435473517499
0.06031,0.0072242971210517,original_variable_s_data,60.31,7.2242971210517
0.0604025,0.0072381624019613,original_variable_s_data,60.402499999999996,7.238162401961301
0.060495,0.0072520313208027,original_variable_s_data,60.495,7.2520313208027005
0.0605875,0.0072659038821406,original_variable_s_data,60.587500000000006,7.2659038821406
0.06068,0.0072797800905478,original_variable_s_data,60.68,7.2797800905478
0.0607725,0.0072936599506055,original_variable_s_data,60.7725,7.2936599506055
0.060865,0.007307543466903,original_variable_s_data,60.865,7.307543466903001
0.0609575,0.007321430644038,original_variable_s_data,60.957499999999996,7.321430644038
0.06105,0.0073353214866166,original_variable_s_data,61.05,7.3353214866166
0.0611425,0.0073492159992529,original_variable_s_data,61.142500000000005,7.3492159992529
0.061235,0.0073631141865698,original_variable_s_data,61.235,7.3631141865698
0.0613275,0.0073770160531982,original_variable_s_data,61.3275,7.377016053198201
0.06142,0.0073909216037776,original_variable_s_data,61.42,7.3909216037776
0.0615125,0.0074048308429559,original_variable_s_data,61.512499999999996,7.4048308429559
0.061605,0.0074187437753894,original_variable_s_data,61.605,7.4187437753894
0.0616975,0.0074326604057428,original_variable_s_data,61.697500000000005,7.4326604057428005
0.06179,0.0074465807386894,original_variable_s_data,61.79,7.4465807386894
0.0618825,0.007460504778911,original_variable_s_data,61.8825,7.460504778911
0.061975,0.0074744325310978,original_variable_s_data,61.975,7.4744325310978
0.0620675,0.0074883639999487,original_variable_s_data,62.067499999999995,7.4883639999486995
0.06216,0.0075022991901711,original_variable_s_data,62.16,7.5022991901711
0.0622525,0.0075162381064809,original_variable_s_data,62.252500000000005,7.5162381064809
0.062345,0.0075301807536029,original_variable_s_data,62.345,7.5301807536029
0.0624375,0.0075441271362701,original_variable_s_data,62.4375,7.5441271362701
0.06253,0.0075580772592246,original_variable_s_data,62.53,7.5580772592246
0.0626225,0.0075720311272168,original_variable_s_data,62.622499999999995,7.572031127216801
0.0627149999999999,0.0075859887450062,original_variable_s_data,62.7149999999999,7.5859887450062
0.0628075,0.0075999501173606,original_variable_s_data,62.807500000000005,7.5999501173606
0.0629,0.007613915249057,original_variable_s_data,62.9,7.6139152490569995
0.0629924999999999,0.0076278841448807,original_variable_s_data,62.99249999999989,7.6278841448807
0.063085,0.0076418568096261,original_variable_s_data,63.085,7.6418568096261
0.0631775,0.0076558332480964,original_variable_s_data,63.177499999999995,7.6558332480964
0.0632699999999999,0.0076698134651035,original_variable_s_data,63.2699999999999,7.6698134651035
0.0633625,0.0076837974654683,original_variable_s_data,63.362500000000004,7.683797465468301
0.063455,0.0076977852540204,original_variable_s_data,63.455,7.6977852540204
0.0635474999999999,0.0077117768355986,original_variable_s_data,63.54749999999989,7.7117768355986
0.06364,0.0077257722150504,original_variable_s_data,63.64,7.7257722150504
0.0637325,0.0077397713972322,original_variable_s_data,63.732499999999995,7.739771397232199
0.0638249999999999,0.0077537743870097,original_variable_s_data,63.824999999999896,7.7537743870097
0.0639175,0.0077677811892571,original_variable_s_data,63.917500000000004,7.7677811892571
0.06401,0.0077817918088582,original_variable_s_data,64.00999999999999,7.7817918088582
0.0641024999999999,0.0077958062507054,original_variable_s_data,64.10249999999989,7.795806250705399
0.064195,0.0078098245197004,original_variable_s_data,64.19500000000001,7.8098245197004
0.0642875,0.0078238466207539,original_variable_s_data,64.2875,7.8238466207539
0.0643799999999999,0.0078378725587857,original_variable_s_data,64.3799999999999,7.837872558785699
0.0644725,0.0078519023387248,original_variable_s_data,64.4725,7.851902338724801
0.064565,0.0078659359655094,original_variable_s_data,64.565,7.865935965509401
0.0646574999999999,0.0078799734440868,original_variable_s_data,64.6574999999999,7.879973444086801
0.06475,0.0078940147794135,original_variable_s_data,64.75,7.8940147794135
0.0648425,0.0079080599764553,original_variable_s_data,64.8425,7.9080599764553
0.0649349999999999,0.0079221090401873,original_variable_s_data,64.93499999999989,7.9221090401872996
0.0650275,0.0079361619755939,original_variable_s_data,65.0275,7.936161975593899
0.06512,0.0079502187876686,original_variable_s_data,65.11999999999999,7.950218787668601
0.0652124999999999,0.0079642794814144,original_variable_s_data,65.21249999999989,7.964279481414401
0.065305,0.0079783440618437,original_variable_s_data,65.305,7.978344061843701
0.0653975,0.0079924125339782,original_variable_s_data,65.3975,7.992412533978199
0.0654899999999999,0.008006484902849,original_variable_s_data,65.4899999999999,8.006484902849
0.0655825,0.0080205611734967,original_variable_s_data,65.5825,8.0205611734967
0.065675,0.0080346413509713,original_variable_s_data,65.675,8.034641350971299
0.0657674999999999,0.0080487254403322,original_variable_s_data,65.7674999999999,8.048725440332198
0.06586,0.0080628134466486,original_variable_s_data,65.86,8.062813446648601
0.0659525,0.0080769053749989,original_variable_s_data,65.9525,8.076905374998901
0.0660449999999999,0.0080910012304713,original_variable_s_data,66.0449999999999,8.091001230471301
0.0661375,0.0081051010181634,original_variable_s_data,66.1375,8.1051010181634
0.06623,0.0081192047431825,original_variable_s_data,66.23,8.1192047431825
0.0663224999999999,0.0081333124106456,original_variable_s_data,66.32249999999989,8.1333124106456
0.066415,0.0081474240256792,original_variable_s_data,66.415,8.1474240256792
0.0665075,0.0081615395934195,original_variable_s_data,66.5075,8.1615395934195
0.0665999999999999,0.0081756591190127,original_variable_s_data,66.5999999999999,8.175659119012701
0.0666925,0.0081897826076143,original_variable_s_data,66.6925,8.189782607614301
0.066785,0.0082039100643899,original_variable_s_data,66.785,8.2039100643899
0.0668774999999999,0.0082180414945147,original_variable_s_data,66.8774999999999,8.2180414945147
0.06697,0.0082321769031738,original_variable_s_data,66.97,8.2321769031738
0.0670625,0.0082463162955622,original_variable_s_data,67.0625,8.246316295562199
0.0671549999999999,0.0082604596768845,original_variable_s_data,67.1549999999999,8.2604596768845
0.0672475,0.0082746070523556,original_variable_s_data,67.2475,8.2746070523556
0.06734,0.0082887584272,original_variable_s_data,67.34,8.2887584272
0.0674324999999999,0.0083029138066522,original_variable_s_data,67.43249999999989,8.3029138066522
0.067525,0.0083170731959567,original_variable_s_data,67.525,8.3170731959567
0.0676175,0.0083312366003681,original_variable_s_data,67.61749999999999,8.331236600368099
0.0677099999999999,0.0083454040251509,original_variable_s_data,67.7099999999999,8.3454040251509
0.0678025,0.0083595754755798,original_variable_s_data,67.8025,8.3595754755798
0.067895,0.0083737509569393,original_variable_s_data,67.895,8.3737509569393
0.0679874999999999,0.0083879304745242,original_variable_s_data,67.9874999999999,8.3879304745242
0.06808,0.0084021140336396,original_variable_s_data,68.08,8.4021140336396
0.0681725,0.0084163016396003,original_variable_s_data,68.1725,8.4163016396003
0.0682649999999999,0.0084304932977318,original_variable_s_data,68.2649999999999,8.4304932977318
0.0683575,0.0084446890133695,original_variable_s_data,68.3575,8.4446890133695
0.06845,0.0084588887918591,original_variable_s_data,68.45,8.458888791859101
0.0685424999999999,0.0084730926385565,original_variable_s_data,68.54249999999989,8.473092638556501
0.068635,0.0084873005588282,original_variable_s_data,68.635,8.487300558828201
0.0687275,0.0085015125580506,original_variable_s_data,68.72749999999999,8.5015125580506
0.0688199999999999,0.0085157286416109,original_variable_s_data,68.8199999999999,8.5157286416109
0.0689125,0.0085299488149062,original_variable_s_data,68.91250000000001,8.5299488149062
0.069005,0.0085441730833445,original_variable_s_data,69.005,8.5441730833445
0.0690974999999999,0.0085584014523438,original_variable_s_data,69.0974999999999,8.5584014523438
0.06919,0.0085726339273329,original_variable_s_data,69.19,8.5726339273329
0.0692825,0.0085868705137509,original_variable_s_data,69.2825,8.586870513750899
0.0693749999999999,0.0086011112170475,original_variable_s_data,69.3749999999999,8.6011112170475
0.0694675,0.0086153560426829,original_variable_s_data,69.4675,8.6153560426829
0.06956,0.008629604996128,original_variable_s_data,69.56,8.629604996128
0.0696524999999999,0.0086438580828642,original_variable_s_data,69.65249999999989,8.6438580828642
0.069745,0.0086581153083836,original_variable_s_data,69.745,8.6581153083836
0.0698375,0.0086723766781888,original_variable_s_data,69.83749999999999,8.6723766781888
0.0699299999999999,0.0086866421977933,original_variable_s_data,69.9299999999999,8.6866421977933
0.0700225,0.0087009118727213,original_variable_s_data,70.02250000000001,8.7009118727213
0.070115,0.0087151857085077,original_variable_s_data,70.115,8.7151857085077
0.0702074999999999,0.0087294637106981,original_variable_s_data,70.2074999999999,8.729463710698099
0.0703,0.0087437458848491,original_variable_s_data,70.3,8.7437458848491
0.0703925,0.0087580322365281,original_variable_s_data,70.3925,8.7580322365281
0.0704849999999999,0.0087723227713131,original_variable_s_data,70.4849999999999,8.7723227713131
0.0705775,0.0087866174947935,original_variable_s_data,70.5775,8.7866174947935
0.07067,0.0088009164125692,original_variable_s_data,70.67,8.8009164125692
0.0707624999999999,0.0088152195302512,original_variable_s_data,70.76249999999989,8.8152195302512
0.070855,0.0088295268534616,original_variable_s_data,70.855,8.829526853461601
0.0709475,0.0088438383878334,original_variable_s_data,70.94749999999999,8.8438383878334
0.0710399999999999,0.0088581541390107,original_variable_s_data,71.03999999999989,8.8581541390107
0.0711325,0.0088724741126487,original_variable_s_data,71.13250000000001,8.8724741126487
0.071225,0.0088867983144136,original_variable_s_data,71.225,8.8867983144136
0.0713175,0.0089011267499829,original_variable_s_data,71.31750000000001,8.901126749982899
0.07141,0.0089154594250452,original_variable_s_data,71.41,8.9154594250452
0.0715025,0.0089297963453002,original_variable_s_data,71.5025,8.9297963453002
0.071595,0.0089441375164592,original_variable_s_data,71.595,8.9441375164592
0.0716875,0.0089584829442443,original_variable_s_data,71.6875,8.958482944244299
0.07178,0.0089728326343892,original_variable_s_data,71.78,8.9728326343892
0.0718725,0.0089871865926388,original_variable_s_data,71.8725,8.9871865926388
0.071965,0.0090015448247495,original_variable_s_data,71.965,9.0015448247495
0.0720575,0.009015907336489,original_variable_s_data,72.05749999999999,9.015907336489
0.07215,0.0090302741336363,original_variable_s_data,72.15,9.030274133636299
0.0722425,0.0090446452219822,original_variable_s_data,72.2425,9.0446452219822
0.072335,0.0090590206073286,original_variable_s_data,72.335,9.0590206073286
0.0724275,0.0090734002954891,original_variable_s_data,72.42750000000001,9.073400295489101
0.07252,0.009087784292289,original_variable_s_data,72.52,9.087784292289
0.0726125,0.0091021726035649,original_variable_s_data,72.6125,9.1021726035649
0.072705,0.0091165652351652,original_variable_s_data,72.70500000000001,9.1165652351652
0.0727975,0.00913096219295,original_variable_s_data,72.7975,9.13096219295
0.07289,0.0091453634827908,original_variable_s_data,72.89,9.1453634827908
0.0729825,0.0091597691105711,original_variable_s_data,72.9825,9.159769110571101
0.073075,0.0091741790821861,original_variable_s_data,73.075,9.174179082186098
0.0731675,0.0091885934035427,original_variable_s_data,73.16749999999999,9.188593403542699
0.07326,0.0092030120805596,original_variable_s_data,73.26,9.203012080559601
0.0733525,0.0092174351191674,original_variable_s_data,73.3525,9.2174351191674
0.073445,0.0092318625253087,original_variable_s_data,73.445,9.2318625253087
0.0735375,0.0092462943049377,original_variable_s_data,73.53750000000001,9.2462943049377
0.07363,0.0092607304640208,original_variable_s_data,73.63,9.2607304640208
0.0737225,0.0092751710085364,original_variable_s_data,73.7225,9.2751710085364
0.073815,0.0092896159444748,original_variable_s_data,73.81500000000001,9.2896159444748
0.0739075,0.0093040652778383,original_variable_s_data,73.9075,9.3040652778383
0.074,0.0093185190146414,original_variable_s_data,74.0,9.3185190146414
0.0740925,0.0093329771609108,original_variable_s_data,74.0925,9.332977160910799
0.074185,0.009347439722685,original_variable_s_data,74.185,9.347439722685
0.0742775,0.0093619067060151,original_variable_s_data,74.2775,9.3619067060151
0.07437,0.0093763781169642,original_variable_s_data,74.37,9.376378116964199
0.0744625,0.0093908539616076,original_variable_s_data,74.4625,9.3908539616076
0.074555,0.0094053342460331,original_variable_s_data,74.55499999999999,9.4053342460331
0.0746475,0.0094198189763406,original_variable_s_data,74.64750000000001,9.4198189763406
0.07474,0.0094343081586425,original_variable_s_data,74.74,9.434308158642501
0.0748325,0.0094488017990636,original_variable_s_data,74.8325,9.448801799063599
0.074925,0.009463299903741,original_variable_s_data,74.92500000000001,9.463299903741
0.0750175,0.0094778024788244,original_variable_s_data,75.0175,9.477802478824401
0.07511,0.009492309530476,original_variable_s_data,75.11,9.492309530476001
0.0752025,0.0095068210648703,original_variable_s_data,75.2025,9.5068210648703
0.075295,0.0095213370881948,original_variable_s_data,75.295,9.5213370881948
0.0753875,0.0095358576066492,original_variable_s_data,75.3875,9.5358576066492
0.07548,0.009550382626446,original_variable_s_data,75.48,9.550382626446
0.0755725,0.0095649121538105,original_variable_s_data,75.5725,9.5649121538105
0.075665,0.0095794461949806,original_variable_s_data,75.66499999999999,9.5794461949806
0.0757575,0.0095939847562068,original_variable_s_data,75.75750000000001,9.593984756206801
0.07585,0.0096085278437527,original_variable_s_data,75.85,9.6085278437527
0.0759425,0.0096230754638944,original_variable_s_data,75.9425,9.6230754638944
0.076035,0.0096376276229213,original_variable_s_data,76.03500000000001,9.6376276229213
0.0761275,0.0096521843271352,original_variable_s_data,76.1275,9.6521843271352
0.07622,0.0096667455828511,original_variable_s_data,76.22,9.6667455828511
0.0763125,0.009681311396397,original_variable_s_data,76.3125,9.681311396397
0.076405,0.0096958817741138,original_variable_s_data,76.405,9.6958817741138
0.0764975,0.0097104567223556,original_variable_s_data,76.4975,9.7104567223556
0.07659,0.0097250362474894,original_variable_s_data,76.59,9.7250362474894
0.0766825,0.0097396203558953,original_variable_s_data,76.6825,9.7396203558953
0.076775,0.0097542090539669,original_variable_s_data,76.77499999999999,9.7542090539669
0.0768675,0.0097688023481107,original_variable_s_data,76.8675,9.7688023481107
0.07696,0.0097834002447465,original_variable_s_data,76.96,9.7834002447465
0.0770525,0.0097980027503073,original_variable_s_data,77.0525,9.798002750307301
0.077145,0.0098126098712396,original_variable_s_data,77.14500000000001,9.8126098712396
0.0772375,0.0098272216140031,original_variable_s_data,77.2375,9.8272216140031
0.07733,0.009841837985071,original_variable_s_data,77.33,9.841837985070999
0.0774225,0.0098564589909298,original_variable_s_data,77.4225,9.8564589909298
0.077515,0.0098710846380796,original_variable_s_data,77.515,9.8710846380796
0.0776075,0.009885714933034,original_variable_s_data,77.6075,9.885714933033999
0.0777,0.0099003498823201,original_variable_s_data,77.7,9.9003498823201
0.0777925,0.0099149894924785,original_variable_s_data,77.7925,9.9149894924785
0.077885,0.0099296337700636,original_variable_s_data,77.88499999999999,9.9296337700636
0.0779775,0.0099442827216434,original_variable_s_data,77.9775,9.9442827216434
0.07807,0.0099589363537995,original_variable_s_data,78.07000000000001,9.9589363537995
0.0781625,0.0099735946731275,original_variable_s_data,78.1625,9.9735946731275
0.078255,0.0099882576862366,original_variable_s_data,78.25500000000001,9.988257686236599
0.0783475,0.0100029253997497,original_variable_s_data,78.3475,10.0029253997497
0.07844,0.010017597820304,original_variable_s_data,78.44,10.017597820304
0.0785325,0.0100322749545501,original_variable_s_data,78.5325,10.032274954550099
0.078625,0.010046956809153,original_variable_s_data,78.625,10.046956809153
0.0787175,0.0100616433907913,original_variable_s_data,78.7175,10.0616433907913
0.07881,0.010076334706158,original_variable_s_data,78.81,10.076334706157999
0.0789025,0.0100910307619598,original_variable_s_data,78.9025,10.0910307619598
0.078995,0.0101057315649179,original_variable_s_data,78.99499999999999,10.1057315649179
0.0790875,0.0101204371217673,original_variable_s_data,79.0875,10.120437121767301
0.07918,0.0101351474392575,original_variable_s_data,79.18,10.135147439257501
0.0792725,0.010149862524152,original_variable_s_data,79.2725,10.149862524152
0.079365,0.0101645823832288,original_variable_s_data,79.36500000000001,10.1645823832288
0.0794575,0.0101793070232801,original_variable_s_data,79.4575,10.179307023280101
0.07955,0.0101940364511123,original_variable_s_data,79.55,10.1940364511123
0.0796425,0.0102087706735467,original_variable_s_data,79.6425,10.2087706735467
0.079735,0.0102235096974185,original_variable_s_data,79.735,10.2235096974185
0.0798275,0.0102382535295777,original_variable_s_data,79.8275,10.238253529577701
0.07992,0.0102530021768889,original_variable_s_data,79.92,10.2530021768889
0.0800125,0.0102677556462311,original_variable_s_data,80.0125,10.2677556462311
0.080105,0.0102825139444979,original_variable_s_data,80.10499999999999,10.2825139444979
0.0801975,0.0102972770785978,original_variable_s_data,80.1975,10.297277078597801
0.08029,0.0103120450554537,original_variable_s_data,80.29,10.3120450554537
0.0803825,0.0103268178820037,original_variable_s_data,80.3825,10.326817882003699
0.080475,0.0103415955652002,original_variable_s_data,80.47500000000001,10.3415955652002
0.0805675,0.0103563781120108,original_variable_s_data,80.5675,10.3563781120108
0.08066,0.0103711655294178,original_variable_s_data,80.66,10.3711655294178
0.0807525,0.0103859578244185,original_variable_s_data,80.7525,10.3859578244185
0.080845,0.0104007550040253,original_variable_s_data,80.845,10.400755004025301
0.0809375,0.0104155570752654,original_variable_s_data,80.9375,10.4155570752654
0.08103,0.0104303640451812,original_variable_s_data,81.03,10.4303640451812
0.0811225,0.0104451759208302,original_variable_s_data,81.1225,10.4451759208302
0.081215,0.0104599927092851,original_variable_s_data,81.21499999999999,10.459992709285101
0.0813075,0.0104748144176337,original_variable_s_data,81.3075,10.474814417633699
0.0814,0.0104896410529791,original_variable_s_data,81.4,10.489641052979099
0.0814925,0.0105044726224398,original_variable_s_data,81.49249999999999,10.5044726224398
0.081585,0.0105193091331494,original_variable_s_data,81.58500000000001,10.5193091331494
0.0816775,0.0105341505922572,original_variable_s_data,81.6775,10.5341505922572
0.08177,0.0105489970069276,original_variable_s_data,81.77,10.5489970069276
0.0818625,0.0105638483843409,original_variable_s_data,81.86250000000001,10.5638483843409
0.081955,0.0105787047316925,original_variable_s_data,81.955,10.578704731692499
0.0820475,0.0105935660561936,original_variable_s_data,82.0475,10.5935660561936
0.08214,0.0106084323650711,original_variable_s_data,82.14,10.6084323650711
0.0822325,0.0106233036655674,original_variable_s_data,82.2325,10.6233036655674
0.082325,0.0106381799649406,original_variable_s_data,82.32499999999999,10.638179964940601
0.0824175,0.0106530612704648,original_variable_s_data,82.4175,10.6530612704648
0.08251,0.0106679475894297,original_variable_s_data,82.51,10.6679475894297
0.0826025,0.0106828389291409,original_variable_s_data,82.60249999999999,10.6828389291409
0.082695,0.01069773529692,original_variable_s_data,82.69500000000001,10.697735296920001
0.0827875,0.0107126367001045,original_variable_s_data,82.7875,10.7126367001045
0.08288,0.010727543146048,original_variable_s_data,82.88,10.727543146048
0.0829725,0.0107424546421199,original_variable_s_data,82.97250000000001,10.742454642119899
0.083065,0.0107573711957059,original_variable_s_data,83.065,10.757371195705899
0.0831575,0.0107722928142079,original_variable_s_data,83.1575,10.7722928142079
0.08325,0.010787219505044,original_variable_s_data,83.25,10.787219505044
0.0833425,0.0108021512756485,original_variable_s_data,83.3425,10.8021512756485
0.083435,0.0108170881334719,original_variable_s_data,83.435,10.817088133471898
0.0835275,0.0108320300859811,original_variable_s_data,83.5275,10.832030085981101
0.08362,0.0108469771406597,original_variable_s_data,83.62,10.8469771406597
0.0837125,0.0108619293050074,original_variable_s_data,83.71249999999999,10.8619293050074
0.083805,0.0108768865865405,original_variable_s_data,83.805,10.8768865865405
0.0838975,0.0108918489927919,original_variable_s_data,83.8975,10.8918489927919
0.08399,0.0109068165313112,original_variable_s_data,83.99,10.9068165313112
0.0840825,0.0109217892096644,original_variable_s_data,84.08250000000001,10.9217892096644
0.084175,0.0109367670354346,original_variable_s_data,84.175,10.936767035434599
0.0842675,0.0109517500162212,original_variable_s_data,84.2675,10.9517500162212
0.08436,0.0109667381596407,original_variable_s_data,84.36,10.9667381596407
0.0844525,0.0109817314733266,original_variable_s_data,84.4525,10.9817314733266
0.084545,0.010996729964929,original_variable_s_data,84.545,10.996729964929
0.0846375,0.0110117336421151,original_variable_s_data,84.6375,11.0117336421151
0.08473,0.0110267425125691,original_variable_s_data,84.73,11.0267425125691
0.0848225,0.0110417565839925,original_variable_s_data,84.82249999999999,11.0417565839925
0.084915,0.0110567758641036,original_variable_s_data,84.915,11.056775864103601
0.0850075,0.0110718003606381,original_variable_s_data,85.0075,11.0718003606381
0.0851,0.0110868300813489,original_variable_s_data,85.1,11.0868300813489
0.0851925,0.0111018650340061,original_variable_s_data,85.19250000000001,11.101865034006101
0.085285,0.0111169052263972,original_variable_s_data,85.285,11.116905226397199
0.0853775,0.0111319506663272,original_variable_s_data,85.3775,11.1319506663272
0.08547,0.0111470013616185,original_variable_s_data,85.47,11.1470013616185
0.0855625,0.0111620573201108,original_variable_s_data,85.5625,11.1620573201108
0.085655,0.0111771185496617,original_variable_s_data,85.655,11.1771185496617
0.0857475,0.0111921850581463,original_variable_s_data,85.7475,11.1921850581463
0.08584,0.0112072568534572,original_variable_s_data,85.84,11.2072568534572
0.0859325,0.0112223339435049,original_variable_s_data,85.93249999999999,11.2223339435049
0.086025,0.0112374163362178,original_variable_s_data,86.025,11.2374163362178
0.0861175,0.0112525040395419,original_variable_s_data,86.11749999999999,11.252504039541899
0.08621,0.0112675970614412,original_variable_s_data,86.21,11.2675970614412
0.0863025,0.0112826954098976,original_variable_s_data,86.30250000000001,11.2826954098976
0.086395,0.0112977990929112,original_variable_s_data,86.395,11.2977990929112
0.0864875,0.0113129081185,original_variable_s_data,86.4875,11.3129081185
0.08658,0.0113280224947002,original_variable_s_data,86.58,11.3280224947002
0.0866725,0.011343142229566,original_variable_s_data,86.6725,11.343142229566
0.086765,0.0113582673311701,original_variable_s_data,86.765,11.3582673311701
0.0868575,0.0113733978076034,original_variable_s_data,86.8575,11.3733978076034
0.08695,0.0113885336669752,original_variable_s_data,86.95,11.3885336669752
0.0870425,0.011403674917413,original_variable_s_data,87.04249999999999,11.403674917413001
0.087135,0.0114188215670631,original_variable_s_data,87.135,11.4188215670631
0.0872275,0.0114339736240901,original_variable_s_data,87.2275,11.4339736240901
0.08732,0.0114491310966773,original_variable_s_data,87.32,11.449131096677299
0.0874125,0.0114642939930265,original_variable_s_data,87.41250000000001,11.4642939930265
0.087505,0.0114794623213585,original_variable_s_data,87.505,11.4794623213585
0.0875975,0.0114946360899125,original_variable_s_data,87.5975,11.4946360899125
0.08769,0.0115098153069469,original_variable_s_data,87.69,11.5098153069469
0.0877825,0.0115249999807388,original_variable_s_data,87.7825,11.5249999807388
0.087875,0.0115401901195842,original_variable_s_data,87.875,11.540190119584201
0.0879675,0.0115553857317982,original_variable_s_data,87.9675,11.5553857317982
0.08806,0.011570586825715,original_variable_s_data,88.06,11.570586825715
0.0881525,0.0115857934096879,original_variable_s_data,88.15249999999999,11.5857934096879
0.088245,0.0116010054920893,original_variable_s_data,88.245,11.6010054920893
0.0883375,0.011616223081311,original_variable_s_data,88.3375,11.616223081311
0.08843,0.0116314461857641,original_variable_s_data,88.42999999999999,11.6314461857641
0.0885225,0.011646674813879,original_variable_s_data,88.52250000000001,11.646674813879
0.088615,0.0116619089741056,original_variable_s_data,88.615,11.6619089741056
0.0887075,0.0116771486749133,original_variable_s_data,88.7075,11.677148674913301
0.0888,0.0116923939247911,original_variable_s_data,88.8,11.6923939247911
0.0888925,0.0117076447322476,original_variable_s_data,88.8925,11.707644732247601
0.088985,0.011722901105811,original_variable_s_data,88.985,11.722901105811
0.0890775,0.0117381630540296,original_variable_s_data,89.0775,11.7381630540296
0.08917,0.0117534305854711,original_variable_s_data,89.17,11.753430585471099
0.0892625,0.0117687037087233,original_variable_s_data,89.26249999999999,11.7687037087233
0.089355,0.011783982432394,original_variable_s_data,89.355,11.783982432394
0.0894475,0.0117992667651109,original_variable_s_data,89.4475,11.799266765110898
0.08954,0.0118145567155219,original_variable_s_data,89.53999999999999,11.814556715521901
0.0896325,0.011829852292295,original_variable_s_data,89.63250000000001,11.829852292295001
0.089725,0.0118451535041183,original_variable_s_data,89.725,11.8451535041183
0.0898175,0.0118604603597004,original_variable_s_data,89.8175,11.860460359700399
0.08991,0.01187577286777,original_variable_s_data,89.91000000000001,11.87577286777
0.0900025,0.0118910910370766,original_variable_s_data,90.0025,11.8910910370766
0.090095,0.0119064148763897,original_variable_s_data,90.095,11.906414876389698
0.0901875,0.0119217443944997,original_variable_s_data,90.1875,11.9217443944997
0.09028,0.0119370796002174,original_variable_s_data,90.28,11.9370796002174
0.0903725,0.0119524205023746,original_variable_s_data,90.37249999999999,11.9524205023746
0.090465,0.0119677671098234,original_variable_s_data,90.465,11.967767109823399
0.0905575,0.0119831194314371,original_variable_s_data,90.5575,11.9831194314371
0.09065,0.0119984774761096,original_variable_s_data,90.64999999999999,11.998477476109601
0.0907425,0.0120138412527561,original_variable_s_data,90.7425,12.0138412527561
0.090835,0.0120292107703125,original_variable_s_data,90.835,12.029210770312499
0.0909275,0.012044586037736,original_variable_s_data,90.9275,12.044586037736
0.09102,0.0120599670640049,original_variable_s_data,91.02000000000001,12.0599670640049
0.0911125,0.0120753538581186,original_variable_s_data,91.1125,12.0753538581186
0.091205,0.0120907464290981,original_variable_s_data,91.205,12.0907464290981
0.0912975,0.0121061447859855,original_variable_s_data,91.2975,12.1061447859855
0.09139,0.0121215489378445,original_variable_s_data,91.39,12.1215489378445
0.0914825,0.0121369588937603,original_variable_s_data,91.48249999999999,12.1369588937603
0.091575,0.0121523746628397,original_variable_s_data,91.575,12.1523746628397
0.0916675,0.0121677962542111,original_variable_s_data,91.6675,12.1677962542111
0.09176,0.0121832236770247,original_variable_s_data,91.75999999999999,12.1832236770247
0.0918525,0.0121986569404524,original_variable_s_data,91.8525,12.1986569404524
0.091945,0.0122140960536881,original_variable_s_data,91.945,12.214096053688099
0.0920375,0.0122295410259476,original_variable_s_data,92.0375,12.2295410259476
0.09213,0.0122449918664688,original_variable_s_data,92.13000000000001,12.2449918664688
0.0922225,0.0122604485845117,original_variable_s_data,92.2225,12.2604485845117
0.092315,0.0122759111893582,original_variable_s_data,92.315,12.2759111893582
0.0924075,0.0122913796903128,original_variable_s_data,92.4075,12.2913796903128
0.0925,0.0123068540967021,original_variable_s_data,92.5,12.3068540967021
0.0925925,0.0123223344178753,original_variable_s_data,92.5925,12.322334417875298
0.092685,0.012337820663204,original_variable_s_data,92.685,12.337820663203999
0.0927775,0.0123533128420821,original_variable_s_data,92.7775,12.3533128420821
0.09287,0.0123688109639265,original_variable_s_data,92.86999999999999,12.368810963926501
0.0929625,0.0123843150381765,original_variable_s_data,92.9625,12.3843150381765
0.093055,0.0123998250742944,original_variable_s_data,93.05499999999999,12.3998250742944
0.0931475,0.0124153410817653,original_variable_s_data,93.1475,12.4153410817653
0.09324,0.0124308630700972,original_variable_s_data,93.24000000000001,12.4308630700972
0.0933325,0.012446391048821,original_variable_s_data,93.3325,12.446391048821
0.093425,0.0124619250274909,original_variable_s_data,93.425,12.461925027490901
0.0935175,0.0124774650156841,original_variable_s_data,93.5175,12.4774650156841
0.09361,0.0124930110230011,original_variable_s_data,93.61,12.493011023001099
0.0937025,0.0125085630590658,original_variable_s_data,93.7025,12.5085630590658
0.093795,0.0125241211335254,original_variable_s_data,93.795,12.5241211335254
0.0938875,0.0125396852560506,original_variable_s_data,93.8875,12.5396852560506
0.09398,0.0125552554363358,original_variable_s_data,93.97999999999999,12.5552554363358
0.0940725,0.0125708316840988,original_variable_s_data,94.0725,12.570831684098799
0.094165,0.0125864140090812,original_variable_s_data,94.16499999999999,12.5864140090812
0.0942575,0.0126020024210486,original_variable_s_data,94.2575,12.6020024210486
0.09435,0.0126175969297903,original_variable_s_data,94.35000000000001,12.6175969297903
0.0944425,0.0126331975451195,original_variable_s_data,94.4425,12.6331975451195
0.094535,0.0126488042768737,original_variable_s_data,94.535,12.648804276873701
0.0946275,0.0126644171349143,original_variable_s_data,94.6275,12.664417134914299
0.09472,0.0126800361291271,original_variable_s_data,94.72,12.6800361291271
0.0948125,0.012695661269422,original_variable_s_data,94.8125,12.695661269422
0.094905,0.0127112925657335,original_variable_s_data,94.905,12.711292565733501
0.0949975,0.0127269300280204,original_variable_s_data,94.9975,12.7269300280204
0.09509,0.0127425736662661,original_variable_s_data,95.08999999999999,12.7425736662661
0.0951825,0.0127582234904786,original_variable_s_data,95.1825,12.7582234904786
0.095275,0.0127738795106908,original_variable_s_data,95.275,12.7738795106908
0.0953675,0.0127895417369602,original_variable_s_data,95.36749999999999,12.7895417369602
0.09546,0.0128052101793692,original_variable_s_data,95.46000000000001,12.8052101793692
0.0955525,0.0128208848480253,original_variable_s_data,95.5525,12.820884848025301
0.095645,0.012836565753061,original_variable_s_data,95.645,12.836565753061
0.0957375,0.012852252904634,original_variable_s_data,95.7375,12.852252904634
0.09583,0.0128679463129272,original_variable_s_data,95.83,12.8679463129272
0.0959225,0.0128836459881487,original_variable_s_data,95.9225,12.883645988148698
0.096015,0.0128993519405323,original_variable_s_data,96.015,12.8993519405323
0.0961075,0.0129150641803371,original_variable_s_data,96.1075,12.9150641803371
0.0962,0.0129307827178477,original_variable_s_data,96.19999999999999,12.9307827178477
0.0962925,0.0129465075633748,original_variable_s_data,96.2925,12.9465075633748
0.096385,0.0129622387272543,original_variable_s_data,96.385,12.962238727254299
0.0964775,0.0129779762198484,original_variable_s_data,96.47749999999999,12.9779762198484
0.09657,0.0129937200515452,original_variable_s_data,96.57000000000001,12.9937200515452
0.0966625,0.0130094702327585,original_variable_s_data,96.6625,13.0094702327585
0.096755,0.0130252267739287,original_variable_s_data,96.755,13.0252267739287
0.0968475,0.0130409896855222,original_variable_s_data,96.8475,13.0409896855222
0.09694,0.0130567589780316,original_variable_s_data,96.94,13.056758978031601
0.0970325,0.0130725346619762,original_variable_s_data,97.0325,13.0725346619762
0.097125,0.0130883167479016,original_variable_s_data,97.125,13.0883167479016
0.0972175,0.0131041052463799,original_variable_s_data,97.2175,13.1041052463799
0.09731,0.0131199001680103,original_variable_s_data,97.30999999999999,13.1199001680103
0.0974025,0.0131357015234183,original_variable_s_data,97.4025,13.1357015234183
0.097495,0.0131515093232567,original_variable_s_data,97.495,13.1515093232567
0.0975875,0.013167323578205,original_variable_s_data,97.58749999999999,13.167323578205
0.09768,0.0131831442989698,original_variable_s_data,97.68,13.183144298969799
0.0977725,0.013198971496285,original_variable_s_data,97.7725,13.198971496284999
0.097865,0.0132148051809116,original_variable_s_data,97.865,13.214805180911599
0.0979575,0.0132306453636382,original_variable_s_data,97.9575,13.2306453636382
0.09805,0.0132464920552806,original_variable_s_data,98.05,13.2464920552806
0.0981425,0.0132623452666823,original_variable_s_data,98.1425,13.2623452666823
0.098235,0.0132782050087145,original_variable_s_data,98.235,13.278205008714501
0.0983275,0.013294071292276,original_variable_s_data,98.3275,13.294071292276
0.09842,0.0133099441282935,original_variable_s_data,98.41999999999999,13.3099441282935
0.0985125,0.0133258235277217,original_variable_s_data,98.5125,13.3258235277217
0.098605,0.0133417095015434,original_variable_s_data,98.605,13.3417095015434
0.0986975,0.0133576020607694,original_variable_s_data,98.69749999999999,13.3576020607694
0.09879,0.013373501216439,original_variable_s_data,98.79,13.373501216439
0.0988825,0.0133894069796195,original_variable_s_data,98.8825,13.3894069796195
0.098975,0.013405319361407,original_variable_s_data,98.975,13.405319361407
0.0990675,0.0134212383729259,original_variable_s_data,99.06750000000001,13.4212383729259
0.09916,0.0134371640253295,original_variable_s_data,99.16,13.4371640253295
0.0992525,0.0134530963297997,original_variable_s_data,99.2525,13.453096329799699
0.099345,0.0134690352975473,original_variable_s_data,99.345,13.4690352975473
0.0994375,0.0134849809398121,original_variable_s_data,99.4375,13.4849809398121
0.09953,0.0135009332678629,original_variable_s_data,99.52999999999999,13.5009332678629
0.0996225,0.0135168922929979,original_variable_s_data,99.6225,13.5168922929979
0.099715,0.0135328580265444,original_variable_s_data,99.715,13.5328580265444
0.0998075,0.0135488304798591,original_variable_s_data,99.80749999999999,13.5488304798591
0.0999,0.0135648096643282,original_variable_s_data,99.9,13.5648096643282
0.0999925,0.0135807955913677,original_variable_s_data,99.99249999999999,13.5807955913677
0.100085,0.013596788272423,original_variable_s_data,100.085,13.596788272423
0.1001775,0.0136127877189697,original_variable_s_data,100.17750000000001,13.612787718969699
0.10027,0.0136287939425129,original_variable_s_data,100.27,13.6287939425129
0.1003625,0.0136448069545882,original_variable_s_data,100.3625,13.644806954588201
0.100455,0.013660826766761,original_variable_s_data,100.455,13.660826766761
0.1005475,0.0136768533906272,original_variable_s_data,100.5475,13.6768533906272
0.10064,0.0136928868378129,original_variable_s_data,100.63999999999999,13.6928868378129
0.1007325,0.0137089271199748,original_variable_s_data,100.7325,13.7089271199748
0.100825,0.0137249742488001,original_variable_s_data,100.825,13.7249742488001
0.1009175,0.0137410282360068,original_variable_s_data,100.91749999999999,13.7410282360068
0.10101,0.0137570890933438,original_variable_s_data,101.01,13.757089093343799
0.1011025,0.0137731568325907,original_variable_s_data,101.10249999999999,13.773156832590699
0.101195,0.0137892314655583,original_variable_s_data,101.195,13.789231465558299
0.1012875,0.0138053130040886,original_variable_s_data,101.28750000000001,13.805313004088601
0.10138,0.0138214014600549,original_variable_s_data,101.38,13.821401460054899
0.1014725,0.0138374968453617,original_variable_s_data,101.4725,13.8374968453617
0.101565,0.0138535991719452,original_variable_s_data,101.565,13.8535991719452
0.1016575,0.0138697084517731,original_variable_s_data,101.6575,13.8697084517731
0.10175,0.0138858246968451,original_variable_s_data,101.75,13.8858246968451
0.1018425,0.0139019479191924,original_variable_s_data,101.8425,13.9019479191924
0.101935,0.0139180781308785,original_variable_s_data,101.935,13.918078130878499
0.1020275,0.0139342153439988,original_variable_s_data,102.02749999999999,13.9342153439988
0.10212,0.013950359570681,original_variable_s_data,102.12,13.950359570681
0.1022125,0.0139665108230852,original_variable_s_data,102.21249999999999,13.9665108230852
0.102305,0.0139826691134038,original_variable_s_data,102.30499999999999,13.9826691134038
0.1023975,0.0139988344538619,original_variable_s_data,102.39750000000001,13.9988344538619
0.10249,0.0140150068567174,original_variable_s_data,102.49,14.0150068567174
0.1025825,0.0140311863342608,original_variable_s_data,102.5825,14.0311863342608
0.102675,0.0140473728988156,original_variable_s_data,102.675,14.0473728988156
0.1027675,0.0140635665627387,original_variable_s_data,102.7675,14.0635665627387
0.10286,0.0140797673384196,original_variable_s_data,102.86,14.0797673384196
0.1029525,0.0140959752382818,original_variable_s_data,102.9525,14.0959752382818
0.103045,0.0141121902747817,original_variable_s_data,103.045,14.1121902747817
0.1031375,0.0141284124604095,original_variable_s_data,103.13749999999999,14.1284124604095
0.10323,0.0141446418076892,original_variable_s_data,103.23,14.144641807689199
0.1033225,0.0141608783291785,original_variable_s_data,103.32249999999999,14.1608783291785
0.1034149999999999,0.014177122037469,original_variable_s_data,103.41499999999989,14.177122037469001
0.1035075,0.0141933729451865,original_variable_s_data,103.50750000000001,14.1933729451865
0.1036,0.014209631064991,original_variable_s_data,103.6,14.209631064991001
0.1036924999999999,0.0142258964095767,original_variable_s_data,103.6924999999999,14.2258964095767
0.103785,0.0142421689916726,original_variable_s_data,103.785,14.2421689916726
0.1038775,0.014258448824042,original_variable_s_data,103.8775,14.258448824041999
0.1039699999999999,0.014274735919483,original_variable_s_data,103.9699999999999,14.274735919483
0.1040625,0.0142910302908287,original_variable_s_data,104.0625,14.291030290828699
0.104155,0.014307331950947,original_variable_s_data,104.155,14.307331950946999
0.1042474999999999,0.0143236409127412,original_variable_s_data,104.2474999999999,14.323640912741201
0.10434,0.0143399571891496,original_variable_s_data,104.34,14.3399571891496
0.1044325,0.014356280793146,original_variable_s_data,104.4325,14.356280793145999
0.1045249999999999,0.0143726117377399,original_variable_s_data,104.52499999999989,14.3726117377399
0.1046175,0.0143889500359762,original_variable_s_data,104.6175,14.388950035976201
0.10471,0.0144052957009358,original_variable_s_data,104.71,14.405295700935799
0.1048024999999999,0.0144216487457356,original_variable_s_data,104.8024999999999,14.4216487457356
0.104895,0.0144380091835284,original_variable_s_data,104.895,14.4380091835284
0.1049875,0.0144543770275033,original_variable_s_data,104.9875,14.454377027503298
0.1050799999999999,0.0144707522908859,original_variable_s_data,105.0799999999999,14.470752290885901
0.1051725,0.0144871349869381,original_variable_s_data,105.1725,14.487134986938099
0.105265,0.0145035251289586,original_variable_s_data,105.265,14.5035251289586
0.1053574999999999,0.0145199227302829,original_variable_s_data,105.3574999999999,14.5199227302829
0.10545,0.0145363278042832,original_variable_s_data,105.45,14.5363278042832
0.1055425,0.0145527403643692,original_variable_s_data,105.5425,14.5527403643692
0.1056349999999999,0.0145691604239874,original_variable_s_data,105.63499999999989,14.5691604239874
0.1057275,0.0145855879966219,original_variable_s_data,105.7275,14.5855879966219
0.10582,0.0146020230957942,original_variable_s_data,105.82,14.6020230957942
0.1059124999999999,0.0146184657350635,original_variable_s_data,105.9124999999999,14.6184657350635
0.106005,0.014634915928027,original_variable_s_data,106.005,14.634915928027
0.1060975,0.0146513736883194,original_variable_s_data,106.0975,14.651373688319401
0.1061899999999999,0.0146678390296139,original_variable_s_data,106.1899999999999,14.6678390296139
0.1062825,0.0146843119656218,original_variable_s_data,106.2825,14.6843119656218
0.106375,0.0147007925100928,original_variable_s_data,106.375,14.7007925100928
0.1064674999999999,0.0147172806768151,original_variable_s_data,106.4674999999999,14.7172806768151
0.10656,0.0147337764796157,original_variable_s_data,106.56,14.7337764796157
0.1066525,0.0147502799323604,original_variable_s_data,106.6525,14.750279932360401
0.1067449999999999,0.0147667910489541,original_variable_s_data,106.74499999999989,14.7667910489541
0.1068375,0.0147833098433406,original_variable_s_data,106.8375,14.7833098433406
0.10693,0.0147998363295032,original_variable_s_data,106.92999999999999,14.799836329503199
0.1070224999999999,0.0148163705214647,original_variable_s_data,107.0224999999999,14.8163705214647
0.107115,0.0148329124332875,original_variable_s_data,107.115,14.8329124332875
0.1072075,0.0148494620790737,original_variable_s_data,107.2075,14.8494620790737
0.1072999999999999,0.0148660194729654,original_variable_s_data,107.2999999999999,14.8660194729654
0.1073925,0.0148825846291447,original_variable_s_data,107.3925,14.8825846291447
0.107485,0.0148991575618341,original_variable_s_data,107.485,14.8991575618341
0.1075774999999999,0.0149157382852964,original_variable_s_data,107.5774999999999,14.915738285296401
0.10767,0.0149323268138351,original_variable_s_data,107.67,14.932326813835099
0.1077625,0.0149489231617942,original_variable_s_data,107.7625,14.9489231617942
0.1078549999999999,0.0149655273435589,original_variable_s_data,107.85499999999989,14.9655273435589
0.1079475,0.0149821393735553,original_variable_s_data,107.9475,14.9821393735553
0.10804,0.0149987592662507,original_variable_s_data,108.03999999999999,14.998759266250701
0.1081324999999999,0.0150153870361538,original_variable_s_data,108.1324999999999,15.0153870361538
0.108225,0.0150320226978149,original_variable_s_data,108.22500000000001,15.0320226978149
0.1083175,0.015048666265826,original_variable_s_data,108.3175,15.048666265826
0.1084099999999999,0.0150653177548211,original_variable_s_data,108.4099999999999,15.0653177548211
0.1085025,0.0150819771794759,original_variable_s_data,108.5025,15.0819771794759
0.108595,0.0150986445545089,original_variable_s_data,108.595,15.0986445545089
0.1086874999999999,0.0151153198946804,original_variable_s_data,108.6874999999999,15.1153198946804
0.10878,0.0151320032147937,original_variable_s_data,108.78,15.1320032147937
0.1088725,0.0151486945296947,original_variable_s_data,108.8725,15.1486945296947
0.1089649999999999,0.0151653938542721,original_variable_s_data,108.96499999999989,15.1653938542721
0.1090575,0.0151821012034578,original_variable_s_data,109.0575,15.1821012034578
0.10915,0.0151988165922269,original_variable_s_data,109.14999999999999,15.1988165922269
0.1092424999999999,0.0152155400355981,original_variable_s_data,109.2424999999999,15.215540035598101
0.109335,0.0152322715486336,original_variable_s_data,109.33500000000001,15.232271548633602
0.1094275,0.0152490111464392,original_variable_s_data,109.4275,15.249011146439202
0.1095199999999999,0.0152657588441649,original_variable_s_data,109.5199999999999,15.2657588441649
0.1096125,0.015282514657005,original_variable_s_data,109.6125,15.282514657004999
0.109705,0.0152992786001976,original_variable_s_data,109.705,15.2992786001976
0.1097974999999999,0.0153160506890258,original_variable_s_data,109.7974999999999,15.316050689025799
0.10989,0.0153328309388172,original_variable_s_data,109.89,15.3328309388172
0.1099825,0.0153496193649442,original_variable_s_data,109.9825,15.3496193649442
0.1100749999999999,0.0153664159828245,original_variable_s_data,110.07499999999989,15.3664159828245
0.1101675,0.0153832208079207,original_variable_s_data,110.1675,15.3832208079207
0.11026,0.0154000338557411,original_variable_s_data,110.25999999999999,15.4000338557411
0.1103524999999999,0.0154168551418394,original_variable_s_data,110.35249999999989,15.416855141839399
0.110445,0.0154336846818154,original_variable_s_data,110.44500000000001,15.4336846818154
0.1105375,0.0154505224913145,original_variable_s_data,110.5375,15.450522491314501
0.1106299999999999,0.0154673685860287,original_variable_s_data,110.6299999999999,15.4673685860287
0.1107225,0.0154842229816959,original_variable_s_data,110.7225,15.4842229816959
0.110815,0.015501085694101,original_variable_s_data,110.815,15.501085694101
0.1109074999999999,0.0155179567390754,original_variable_s_data,110.9074999999999,15.5179567390754
0.111,0.0155348361324975,original_variable_s_data,111.0,15.534836132497501
0.1110925,0.0155517238902929,original_variable_s_data,111.0925,15.5517238902929
0.1111849999999999,0.0155686200284344,original_variable_s_data,111.18499999999989,15.5686200284344
0.1112775,0.0155855245629425,original_variable_s_data,111.2775,15.5855245629425
0.11137,0.0156024375098852,original_variable_s_data,111.36999999999999,15.6024375098852
0.1114624999999999,0.0156193588853788,original_variable_s_data,111.46249999999989,15.6193588853788
0.111555,0.0156362887055875,original_variable_s_data,111.555,15.6362887055875
0.1116475,0.0156532269867237,original_variable_s_data,111.6475,15.653226986723698
0.1117399999999999,0.0156701737450485,original_variable_s_data,111.7399999999999,15.670173745048501
0.1118325,0.0156871289968718,original_variable_s_data,111.8325,15.687128996871799
0.111925,0.0157040927585524,original_variable_s_data,111.925,15.7040927585524
0.1120174999999999,0.0157210650464981,original_variable_s_data,112.0174999999999,15.721065046498099
0.11211,0.0157380458771662,original_variable_s_data,112.11,15.7380458771662
0.1122025,0.0157550352670636,original_variable_s_data,112.2025,15.755035267063601
0.1122949999999999,0.0157720332327468,original_variable_s_data,112.29499999999989,15.772033232746798
0.1123875,0.0157890397908224,original_variable_s_data,112.3875,15.789039790822399
0.11248,0.0158060549579471,original_variable_s_data,112.47999999999999,15.8060549579471
0.1125724999999999,0.0158230787508282,original_variable_s_data,112.57249999999989,15.823078750828198
0.112665,0.0158401111862234,original_variable_s_data,112.665,15.840111186223398
0.1127575,0.0158571522809414,original_variable_s_data,112.7575,15.857152280941401
0.1128499999999999,0.0158742020518418,original_variable_s_data,112.8499999999999,15.874202051841799
0.1129425,0.0158912605158355,original_variable_s_data,112.9425,15.8912605158355
0.113035,0.015908327689885,original_variable_s_data,113.035,15.908327689885
0.1131274999999999,0.0159254035910043,original_variable_s_data,113.1274999999999,15.925403591004299
0.11322,0.0159424882362595,original_variable_s_data,113.22,15.9424882362595
0.1133125,0.0159595816427688,original_variable_s_data,113.3125,15.9595816427688
0.1134049999999999,0.0159766838277027,original_variable_s_data,113.4049999999999,15.9766838277027
0.1134975,0.0159937948082843,original_variable_s_data,113.4975,15.9937948082843
0.11359,0.0160109146017897,original_variable_s_data,113.59,16.0109146017897
0.1136824999999999,0.0160280432255477,original_variable_s_data,113.68249999999989,16.0280432255477
0.113775,0.0160451806969407,original_variable_s_data,113.775,16.045180696940697
0.1138675,0.0160623270334043,original_variable_s_data,113.86749999999999,16.0623270334043
0.1139599999999999,0.0160794822524281,original_variable_s_data,113.9599999999999,16.079482252428097
0.1140525,0.0160966463715556,original_variable_s_data,114.0525,16.0966463715556
0.114145,0.0161138194083844,original_variable_s_data,114.145,16.1138194083844
0.1142374999999999,0.0161310013805664,original_variable_s_data,114.2374999999999,16.1310013805664
0.11433,0.0161481923058086,original_variable_s_data,114.33,16.1481923058086
0.1144225,0.0161653922018725,original_variable_s_data,114.4225,16.1653922018725
0.1145149999999999,0.0161826010865748,original_variable_s_data,114.5149999999999,16.182601086574802
0.1146075,0.0161998189777878,original_variable_s_data,114.6075,16.1998189777878
0.1147,0.0162170458934392,original_variable_s_data,114.7,16.2170458934392
0.1147924999999999,0.0162342818515125,original_variable_s_data,114.79249999999989,16.2342818515125
0.114885,0.0162515268700477,original_variable_s_data,114.885,16.251526870047698
0.1149775,0.0162687809671406,original_variable_s_data,114.97749999999999,16.2687809671406
0.1150699999999999,0.0162860441609441,original_variable_s_data,115.0699999999999,16.2860441609441
0.1151625,0.0163033164696676,original_variable_s_data,115.1625,16.303316469667603
0.115255,0.0163205979115776,original_variable_s_data,115.255,16.3205979115776
0.1153474999999999,0.0163378885049983,original_variable_s_data,115.3474999999999,16.337888504998297
0.11544,0.0163551882683111,original_variable_s_data,115.44,16.3551882683111
0.1155325,0.0163724972199554,original_variable_s_data,115.5325,16.372497219955402
0.1156249999999999,0.0163898153784287,original_variable_s_data,115.6249999999999,16.3898153784287
0.1157175,0.0164071427622868,original_variable_s_data,115.7175,16.4071427622868
0.11581,0.0164244793901442,original_variable_s_data,115.81,16.4244793901442
0.1159024999999999,0.0164418252806743,original_variable_s_data,115.90249999999989,16.4418252806743
0.115995,0.0164591804526095,original_variable_s_data,115.995,16.4591804526095
0.1160875,0.0164765449247416,original_variable_s_data,116.08749999999999,16.4765449247416
0.1161799999999999,0.0164939187159223,original_variable_s_data,116.1799999999999,16.4939187159223
0.1162725,0.0165113018450629,original_variable_s_data,116.27250000000001,16.5113018450629
0.116365,0.0165286943311352,original_variable_s_data,116.365,16.5286943311352
0.1164574999999999,0.0165460961931711,original_variable_s_data,116.4574999999999,16.5460961931711
0.11655,0.0165635074502636,original_variable_s_data,116.55,16.5635074502636
0.1166425,0.0165809281215665,original_variable_s_data,116.6425,16.5809281215665
0.1167349999999999,0.0165983582262948,original_variable_s_data,116.7349999999999,16.5983582262948
0.1168275,0.0166157977837252,original_variable_s_data,116.8275,16.615797783725203
0.11692,0.0166332468131962,original_variable_s_data,116.92,16.633246813196198
0.1170124999999999,0.0166507053341084,original_variable_s_data,117.01249999999989,16.650705334108398
0.117105,0.0166681733659247,original_variable_s_data,117.105,16.6681733659247
0.1171975,0.0166856509281707,original_variable_s_data,117.19749999999999,16.6856509281707
0.1172899999999999,0.016703138040435,original_variable_s_data,117.28999999999989,16.703138040434997
0.1173825,0.0167206347223693,original_variable_s_data,117.38250000000001,16.7206347223693
0.117475,0.016738140993689,original_variable_s_data,117.475,16.738140993689
0.1175674999999999,0.016755656874173,original_variable_s_data,117.5674999999999,16.755656874173
0.11766,0.0167731823836646,original_variable_s_data,117.66,16.7731823836646
0.1177525,0.0167907175420713,original_variable_s_data,117.7525,16.790717542071302
0.1178449999999999,0.0168082623693654,original_variable_s_data,117.8449999999999,16.8082623693654
0.1179375,0.0168258168855839,original_variable_s_data,117.9375,16.8258168855839
0.11803,0.0168433811108294,original_variable_s_data,118.03,16.843381110829398
0.1181224999999999,0.0168609550652698,original_variable_s_data,118.12249999999989,16.8609550652698
0.118215,0.016878538769139,original_variable_s_data,118.215,16.878538769139002
0.1183075,0.0168961322427369,original_variable_s_data,118.30749999999999,16.8961322427369
0.1184,0.0169137355064301,original_variable_s_data,118.4,16.913735506430097
0.1184925,0.0169313485806516,original_variable_s_data,118.4925,16.931348580651598
0.118585,0.0169489714859019,original_variable_s_data,118.585,16.9489714859019
0.1186775,0.0169666042427486,original_variable_s_data,118.67750000000001,16.9666042427486
0.11877,0.016984246871827,original_variable_s_data,118.77,16.984246871827
0.1188625,0.0170018993938404,original_variable_s_data,118.8625,17.0018993938404
0.118955,0.0170195618295606,original_variable_s_data,118.955,17.0195618295606
0.1190475,0.0170372341998278,original_variable_s_data,119.0475,17.037234199827797
0.11914,0.0170549165255512,original_variable_s_data,119.14,17.0549165255512
0.1192325,0.0170726088277093,original_variable_s_data,119.2325,17.0726088277093
0.119325,0.0170903111273501,original_variable_s_data,119.325,17.0903111273501
0.1194175,0.0171080234455918,original_variable_s_data,119.41749999999999,17.1080234455918
0.11951,0.0171257458036224,original_variable_s_data,119.51,17.125745803622397
0.1196025,0.0171434782227007,original_variable_s_data,119.6025,17.143478222700697
0.119695,0.0171612207241563,original_variable_s_data,119.695,17.161220724156298
0.1197875,0.0171789733293902,original_variable_s_data,119.78750000000001,17.1789733293902
0.11988,0.0171967360598747,original_variable_s_data,119.88,17.1967360598747
0.1199725,0.0172145089371542,original_variable_s_data,119.9725,17.2145089371542
0.120065,0.0172322919828451,original_variable_s_data,120.06500000000001,17.2322919828451
0.1201575,0.0172500852186366,original_variable_s_data,120.1575,17.2500852186366
0.12025,0.0172678886662905,original_variable_s_data,120.25,17.2678886662905
0.1203425,0.0172857023476421,original_variable_s_data,120.3425,17.2857023476421
0.120435,0.0173035262846002,original_variable_s_data,120.435,17.3035262846002
0.1205275,0.0173213604991476,original_variable_s_data,120.52749999999999,17.3213604991476
0.12062,0.0173392050133413,original_variable_s_data,120.62,17.3392050133413
0.1207125,0.0173570598493129,original_variable_s_data,120.7125,17.3570598493129
0.120805,0.017374925029269,original_variable_s_data,120.80499999999999,17.374925029269
0.1208975,0.0173928005754917,original_variable_s_data,120.89750000000001,17.392800575491698
0.12099,0.0174106865103387,original_variable_s_data,120.99,17.4106865103387
0.1210825,0.0174285828562435,original_variable_s_data,121.0825,17.4285828562435
0.121175,0.0174464896357166,original_variable_s_data,121.17500000000001,17.4464896357166
0.1212675,0.0174644068713446,original_variable_s_data,121.2675,17.4644068713446
0.12136,0.0174823345857919,original_variable_s_data,121.36,17.4823345857919
0.1214525,0.0175002728018,original_variable_s_data,121.4525,17.500272801799998
0.121545,0.0175182215421884,original_variable_s_data,121.545,17.5182215421884
0.1216375,0.0175361808298548,original_variable_s_data,121.63749999999999,17.5361808298548
0.12173,0.0175541506877758,original_variable_s_data,121.73,17.5541506877758
0.1218225,0.0175721311390067,original_variable_s_data,121.8225,17.5721311390067
0.121915,0.0175901222066824,original_variable_s_data,121.91499999999999,17.5901222066824
0.1220075,0.0176081239140175,original_variable_s_data,122.00750000000001,17.6081239140175
0.1221,0.0176261362843068,original_variable_s_data,122.1,17.6261362843068
0.1221925,0.0176441593409255,original_variable_s_data,122.1925,17.644159340925498
0.122285,0.01766219310733,original_variable_s_data,122.28500000000001,17.662193107329998
0.1223775,0.0176802376070579,original_variable_s_data,122.3775,17.680237607057897
0.12247,0.0176982928637285,original_variable_s_data,122.47,17.6982928637285
0.1225625,0.0177163589010433,original_variable_s_data,122.5625,17.7163589010433
0.122655,0.0177344357427862,original_variable_s_data,122.655,17.7344357427862
0.1227475,0.0177525234128242,original_variable_s_data,122.7475,17.7525234128242
0.12284,0.0177706219351075,original_variable_s_data,122.84,17.7706219351075
0.1229325,0.0177887313336702,original_variable_s_data,122.9325,17.788731333670203
0.123025,0.0178068516326302,original_variable_s_data,123.02499999999999,17.8068516326302
0.1231175,0.0178249828561903,original_variable_s_data,123.1175,17.8249828561903
0.12321,0.0178431250286382,original_variable_s_data,123.21,17.8431250286382
0.1233025,0.017861278174347,original_variable_s_data,123.3025,17.861278174347
0.123395,0.0178794423177754,original_variable_s_data,123.39500000000001,17.8794423177754
0.1234875,0.0178976174834686,original_variable_s_data,123.4875,17.8976174834686
0.12358,0.0179158036960584,original_variable_s_data,123.58,17.9158036960584
0.1236725,0.0179340009802635,original_variable_s_data,123.6725,17.9340009802635
0.123765,0.0179522093608905,original_variable_s_data,123.765,17.952209360890503
0.1238575,0.0179704288628335,original_variable_s_data,123.8575,17.9704288628335
0.12395,0.0179886595110752,original_variable_s_data,123.95,17.9886595110752
0.1240425,0.0180069013306873,original_variable_s_data,124.0425,18.0069013306873
0.124135,0.0180251543468305,original_variable_s_data,124.13499999999999,18.0251543468305
0.1242275,0.0180434185847552,original_variable_s_data,124.2275,18.0434185847552
0.12432,0.0180616940698023,original_variable_s_data,124.32,18.0616940698023
0.1244125,0.0180799808274029,original_variable_s_data,124.4125,18.0799808274029
0.124505,0.0180982788830795,original_variable_s_data,124.50500000000001,18.0982788830795
0.1245975,0.0181165882624458,original_variable_s_data,124.5975,18.116588262445802
0.12469,0.0181349089912077,original_variable_s_data,124.69,18.134908991207702
0.1247825,0.0181532410951635,original_variable_s_data,124.7825,18.153241095163498
0.124875,0.0181715846002044,original_variable_s_data,124.875,18.1715846002044
0.1249675,0.0181899395323149,original_variable_s_data,124.9675,18.1899395323149
0.12506,0.0182083059175735,original_variable_s_data,125.06,18.2083059175735
0.1251525,0.0182266837821528,original_variable_s_data,125.1525,18.2266837821528
0.125245,0.0182450731523205,original_variable_s_data,125.24499999999999,18.2450731523205
0.1253375,0.0182634740544392,original_variable_s_data,125.33749999999999,18.2634740544392
0.1254299999999999,0.0182818865149676,original_variable_s_data,125.42999999999991,18.2818865149676
0.1255225,0.0183003105604605,original_variable_s_data,125.52250000000001,18.300310560460503
0.125615,0.0183187462175693,original_variable_s_data,125.61500000000001,18.3187462175693
0.1257075,0.0183371935130429,original_variable_s_data,125.7075,18.3371935130429
0.1258,0.0183556524737278,original_variable_s_data,125.8,18.3556524737278
0.1258925,0.0183741231265686,original_variable_s_data,125.89249999999998,18.3741231265686
0.1259849999999999,0.0183926054986088,original_variable_s_data,125.9849999999999,18.3926054986088
0.1260775,0.0184110996169911,original_variable_s_data,126.07750000000001,18.411099616991102
0.12617,0.0184296055089579,original_variable_s_data,126.17,18.4296055089579
0.1262625,0.0184481232018519,original_variable_s_data,126.2625,18.4481232018519
0.126355,0.0184666527231165,original_variable_s_data,126.35499999999999,18.4666527231165
0.1264475,0.0184851941002964,original_variable_s_data,126.44749999999999,18.4851941002964
0.1265399999999999,0.0185037473610382,original_variable_s_data,126.5399999999999,18.5037473610382
0.1266325,0.0185223125330908,original_variable_s_data,126.63250000000001,18.5223125330908
0.126725,0.018540889644306,original_variable_s_data,126.72500000000001,18.540889644306
0.1268175,0.0185594787226388,original_variable_s_data,126.8175,18.5594787226388
0.12691,0.0185780797961484,original_variable_s_data,126.91,18.5780797961484
0.1270025,0.0185966928929983,original_variable_s_data,127.00249999999998,18.5966928929983
0.1270949999999999,0.0186153180414572,original_variable_s_data,127.0949999999999,18.6153180414572
0.1271875,0.0186339552698993,original_variable_s_data,127.18750000000001,18.633955269899303
0.12728,0.0186526046068048,original_variable_s_data,127.28,18.6526046068048
0.1273725,0.0186712660807607,original_variable_s_data,127.3725,18.6712660807607
0.127465,0.0186899397204612,original_variable_s_data,127.46499999999999,18.6899397204612
0.1275575,0.0187086255547084,original_variable_s_data,127.55749999999999,18.7086255547084
0.1276499999999999,0.0187273236124126,original_variable_s_data,127.6499999999999,18.7273236124126
0.1277425,0.0187460339225931,original_variable_s_data,127.7425,18.746033922593103
0.127835,0.0187647565143788,original_variable_s_data,127.83500000000001,18.7647565143788
0.1279275,0.0187834914170087,original_variable_s_data,127.9275,18.7834914170087
0.12802,0.0188022386598322,original_variable_s_data,128.01999999999998,18.802238659832202
0.1281125,0.0188209982723102,original_variable_s_data,128.11249999999998,18.820998272310202
0.1282049999999999,0.0188397702840155,original_variable_s_data,128.2049999999999,18.8397702840155
0.1282975,0.0188585547246331,original_variable_s_data,128.2975,18.8585547246331
0.12839,0.0188773516239614,original_variable_s_data,128.39000000000001,18.8773516239614
0.1284825,0.018896161011912,original_variable_s_data,128.4825,18.896161011912
0.128575,0.018914982918511,original_variable_s_data,128.575,18.914982918511
0.1286675,0.0189338173738994,original_variable_s_data,128.6675,18.933817373899398
0.1287599999999999,0.0189526644083336,original_variable_s_data,128.7599999999999,18.9526644083336
0.1288525,0.018971524052186,original_variable_s_data,128.85250000000002,18.971524052186
0.128945,0.0189903963359459,original_variable_s_data,128.945,18.9903963359459
0.1290375,0.0190092812902199,original_variable_s_data,129.0375,19.0092812902199
0.12913,0.0190281789457323,original_variable_s_data,129.13,19.0281789457323
0.1292225,0.0190470893333264,original_variable_s_data,129.2225,19.0470893333264
0.1293149999999999,0.0190660124839646,original_variable_s_data,129.3149999999999,19.066012483964602
0.1294075,0.0190849484287291,original_variable_s_data,129.4075,19.084948428729103
0.1295,0.0191038971988227,original_variable_s_data,129.5,19.1038971988227
0.1295925,0.0191228588255695,original_variable_s_data,129.5925,19.1228588255695
0.129685,0.0191418333404154,original_variable_s_data,129.685,19.141833340415403
0.1297775,0.0191608207749287,original_variable_s_data,129.7775,19.1608207749287
0.1298699999999999,0.019179821160801,original_variable_s_data,129.8699999999999,19.179821160801
0.1299625,0.0191988345298477,original_variable_s_data,129.9625,19.198834529847698
0.130055,0.019217860914009,original_variable_s_data,130.055,19.217860914009
0.1301475,0.0192369003453498,original_variable_s_data,130.1475,19.2369003453498
0.13024,0.0192559528560615,original_variable_s_data,130.23999999999998,19.255952856061498
0.1303325,0.0192750184784616,original_variable_s_data,130.33249999999998,19.2750184784616
0.1304249999999999,0.0192940972449951,original_variable_s_data,130.4249999999999,19.2940972449951
0.1305175,0.0193131891882352,original_variable_s_data,130.5175,19.3131891882352
0.13061,0.0193322943408834,original_variable_s_data,130.61,19.3322943408834
0.1307025,0.0193514127357708,original_variable_s_data,130.7025,19.3514127357708
0.130795,0.0193705444058588,original_variable_s_data,130.795,19.3705444058588
0.1308875,0.0193896893842394,original_variable_s_data,130.8875,19.3896893842394
0.1309799999999999,0.0194088477041362,original_variable_s_data,130.9799999999999,19.4088477041362
0.1310725,0.0194280193989053,original_variable_s_data,131.07250000000002,19.4280193989053
0.131165,0.0194472045020357,original_variable_s_data,131.165,19.4472045020357
0.1312575,0.0194664030471501,original_variable_s_data,131.2575,19.4664030471501
0.13135,0.019485615068006,original_variable_s_data,131.35,19.485615068006002
0.1314425,0.019504840598496,original_variable_s_data,131.4425,19.504840598496
0.1315349999999999,0.0195240796726487,original_variable_s_data,131.5349999999999,19.5240796726487
0.1316275,0.0195433323246298,original_variable_s_data,131.6275,19.543332324629798
0.13172,0.0195625985887421,original_variable_s_data,131.72,19.5625985887421
0.1318125,0.0195818784994273,original_variable_s_data,131.8125,19.581878499427297
0.131905,0.0196011720912658,original_variable_s_data,131.905,19.601172091265802
0.1319975,0.0196204793989782,original_variable_s_data,131.9975,19.6204793989782
0.1320899999999999,0.0196398004574257,original_variable_s_data,132.0899999999999,19.6398004574257
0.1321825,0.0196591353016109,original_variable_s_data,132.1825,19.6591353016109
0.132275,0.0196784839666791,original_variable_s_data,132.275,19.678483966679103
0.1323675,0.0196978464879182,original_variable_s_data,132.3675,19.697846487918202
0.13246,0.0197172229007605,original_variable_s_data,132.46,19.7172229007605
0.1325525,0.0197366132407828,original_variable_s_data,132.55249999999998,19.7366132407828
0.1326449999999999,0.0197560175437076,original_variable_s_data,132.6449999999999,19.7560175437076
0.1327375,0.0197754358454038,original_variable_s_data,132.7375,19.7754358454038
0.13283,0.0197948681818875,original_variable_s_data,132.83,19.794868181887498
0.1329225,0.0198143145893229,original_variable_s_data,132.92249999999999,19.814314589322898
0.133015,0.0198337751040234,original_variable_s_data,133.015,19.8337751040234
0.1331075,0.019853249762452,original_variable_s_data,133.1075,19.853249762452002
0.1331999999999999,0.0198727386012224,original_variable_s_data,133.1999999999999,19.872738601222398
0.1332925,0.0198922416570998,original_variable_s_data,133.29250000000002,19.8922416570998
0.133385,0.019911758967002,original_variable_s_data,133.385,19.911758967002
0.1334775,0.0199312905680001,original_variable_s_data,133.4775,19.9312905680001
0.13357,0.0199508364973193,original_variable_s_data,133.57,19.9508364973193
0.1336625,0.0199703967923398,original_variable_s_data,133.6625,19.9703967923398
0.1337549999999999,0.0199899714905982,original_variable_s_data,133.7549999999999,19.9899714905982
0.1338475,0.0200095606297876,original_variable_s_data,133.8475,20.0095606297876
0.13394,0.0200291642477592,original_variable_s_data,133.94,20.0291642477592
0.1340325,0.0200487823825229,original_variable_s_data,134.0325,20.0487823825229
0.134125,0.0200684150722482,original_variable_s_data,134.125,20.0684150722482
0.1342175,0.0200880623552653,original_variable_s_data,134.2175,20.0880623552653
0.1343099999999999,0.0201077242700661,original_variable_s_data,134.3099999999999,20.107724270066097
0.1344025,0.0201274008553049,original_variable_s_data,134.4025,20.1274008553049
0.134495,0.0201470921497994,original_variable_s_data,134.495,20.147092149799402
0.1345875,0.020166798192532,original_variable_s_data,134.5875,20.166798192532
0.13468,0.0201865190226503,original_variable_s_data,134.68,20.186519022650298
0.1347725,0.0202062546794684,original_variable_s_data,134.77249999999998,20.2062546794684
0.1348649999999999,0.020226005202468,original_variable_s_data,134.8649999999999,20.226005202468
0.1349575,0.0202457706312988,original_variable_s_data,134.9575,20.2457706312988
0.13505,0.0202655510057804,original_variable_s_data,135.05,20.2655510057804
0.1351425,0.0202853463659023,original_variable_s_data,135.1425,20.2853463659023
0.135235,0.0203051567518259,original_variable_s_data,135.23499999999999,20.3051567518259
0.1353275,0.0203249822038847,original_variable_s_data,135.3275,20.324982203884698
0.1354199999999999,0.020344822762586,original_variable_s_data,135.4199999999999,20.344822762586
0.1355125,0.0203646784686115,original_variable_s_data,135.51250000000002,20.3646784686115
0.135605,0.0203845493628185,original_variable_s_data,135.605,20.3845493628185
0.1356975,0.020404435486241,original_variable_s_data,135.6975,20.404435486241002
0.13579,0.0204243368800907,original_variable_s_data,135.79,20.4243368800907
0.1358825,0.0204442535857582,original_variable_s_data,135.8825,20.4442535857582
0.1359749999999999,0.0204641856448139,original_variable_s_data,135.9749999999999,20.4641856448139
0.1360675,0.0204841330990092,original_variable_s_data,136.0675,20.484133099009203
0.13616,0.0205040959902775,original_variable_s_data,136.16,20.5040959902775
0.1362525,0.0205240743607357,original_variable_s_data,136.2525,20.524074360735703
0.136345,0.0205440682526847,original_variable_s_data,136.345,20.544068252684703
0.1364375,0.020564077708611,original_variable_s_data,136.4375,20.564077708611
0.1365299999999999,0.0205841027711876,original_variable_s_data,136.5299999999999,20.5841027711876
0.1366225,0.0206041434832754,original_variable_s_data,136.6225,20.6041434832754
0.136715,0.020624199887924,original_variable_s_data,136.715,20.624199887924
0.1368075,0.0206442720283732,original_variable_s_data,136.8075,20.6442720283732
0.1369,0.0206643599480539,original_variable_s_data,136.9,20.6643599480539
0.1369925,0.0206844636905896,original_variable_s_data,136.99249999999998,20.6844636905896
0.1370849999999999,0.0207045832997971,original_variable_s_data,137.0849999999999,20.7045832997971
0.1371775,0.0207247188196884,original_variable_s_data,137.1775,20.724718819688402
0.13727,0.0207448702944711,original_variable_s_data,137.27,20.7448702944711
0.1373625,0.0207650377685504,original_variable_s_data,137.3625,20.7650377685504
0.137455,0.0207852212865297,original_variable_s_data,137.45499999999998,20.785221286529698
0.1375475,0.0208054208932122,original_variable_s_data,137.54749999999999,20.8054208932122
0.1376399999999999,0.0208256366336022,original_variable_s_data,137.6399999999999,20.8256366336022
0.1377325,0.0208458685529061,original_variable_s_data,137.73250000000002,20.8458685529061
0.137825,0.0208661166965338,original_variable_s_data,137.82500000000002,20.8661166965338
0.1379175,0.0208863811100999,original_variable_s_data,137.9175,20.8863811100999
0.13801,0.0209066618394253,original_variable_s_data,138.01,20.9066618394253
0.1381025,0.020926958930538,original_variable_s_data,138.1025,20.926958930538
0.1381949999999999,0.0209472724296748,original_variable_s_data,138.1949999999999,20.947272429674797
0.1382875,0.0209676023832826,original_variable_s_data,138.2875,20.9676023832826
0.13838,0.0209879488380195,original_variable_s_data,138.38,20.987948838019502
0.1384725,0.0210083118407565,original_variable_s_data,138.4725,21.0083118407565
0.138565,0.0210286914385782,original_variable_s_data,138.565,21.0286914385782
0.1386575,0.0210490876787852,original_variable_s_data,138.6575,21.0490876787852
0.1387499999999999,0.0210695006088945,original_variable_s_data,138.74999999999991,21.069500608894497
0.1388425,0.0210899302766413,original_variable_s_data,138.8425,21.0899302766413
0.138935,0.0211103767299806,original_variable_s_data,138.935,21.1103767299806
0.1390275,0.0211308400170882,original_variable_s_data,139.0275,21.1308400170882
0.13912,0.0211513201863624,original_variable_s_data,139.12,21.151320186362398
0.1392125,0.0211718172864254,original_variable_s_data,139.21249999999998,21.1718172864254
0.1393049999999999,0.0211923313661245,original_variable_s_data,139.3049999999999,21.1923313661245
0.1393975,0.0212128624745341,original_variable_s_data,139.3975,21.2128624745341
0.13949,0.0212334106609566,original_variable_s_data,139.49,21.2334106609566
0.1395825,0.0212539759749242,original_variable_s_data,139.5825,21.2539759749242
0.139675,0.0212745584662003,original_variable_s_data,139.67499999999998,21.2745584662003
0.1397675,0.0212951581847811,original_variable_s_data,139.76749999999998,21.2951581847811
0.1398599999999999,0.021315775180897,original_variable_s_data,139.8599999999999,21.315775180897
0.1399525,0.0213364095050142,original_variable_s_data,139.95250000000001,21.336409505014203
0.140045,0.0213570612078364,original_variable_s_data,140.04500000000002,21.357061207836402
0.1401375,0.0213777303403058,original_variable_s_data,140.1375,21.3777303403058
0.14023,0.0213984169536056,original_variable_s_data,140.23,21.3984169536056
0.1403225,0.0214191210991606,original_variable_s_data,140.3225,21.4191210991606
0.1404149999999999,0.0214398428286397,original_variable_s_data,140.4149999999999,21.439842828639698
0.1405075,0.0214605821939567,original_variable_s_data,140.5075,21.4605821939567
0.1406,0.0214813392472726,original_variable_s_data,140.6,21.4813392472726
0.1406925,0.0215021140409969,original_variable_s_data,140.6925,21.5021140409969
0.140785,0.0215229066277891,original_variable_s_data,140.785,21.5229066277891
0.1408775,0.0215437170605609,original_variable_s_data,140.8775,21.5437170605609
0.1409699999999999,0.0215645453924774,original_variable_s_data,140.9699999999999,21.5645453924774
0.1410625,0.021585391676959,original_variable_s_data,141.0625,21.585391676959002
0.141155,0.0216062559676832,original_variable_s_data,141.155,21.6062559676832
0.1412475,0.021627138318586,original_variable_s_data,141.2475,21.627138318586
0.14134,0.0216480387838641,original_variable_s_data,141.34,21.6480387838641
0.1414325,0.0216689574179762,original_variable_s_data,141.43249999999998,21.668957417976202
0.1415249999999999,0.0216898942756453,original_variable_s_data,141.5249999999999,21.6898942756453
0.1416175,0.0217108494118599,original_variable_s_data,141.6175,21.7108494118599
0.14171,0.0217318228818762,original_variable_s_data,141.71,21.731822881876198
0.1418025,0.02175281474122,original_variable_s_data,141.8025,21.75281474122
0.141895,0.0217738250456881,original_variable_s_data,141.89499999999998,21.7738250456881
0.1419875,0.0217948538513505,original_variable_s_data,141.98749999999998,21.7948538513505
0.1420799999999999,0.0218159012145522,original_variable_s_data,142.0799999999999,21.815901214552202
0.1421725,0.0218369671919152,original_variable_s_data,142.1725,21.8369671919152
0.142265,0.0218580518403401,original_variable_s_data,142.26500000000001,21.8580518403401
0.1423575,0.0218791552170083,original_variable_s_data,142.3575,21.8791552170083
0.14245,0.0219002773793837,original_variable_s_data,142.45,21.900277379383702
0.1425425,0.021921418385215,original_variable_s_data,142.5425,21.921418385215
0.142635,0.0219425782925374,original_variable_s_data,142.63500000000002,21.9425782925374
0.1427275,0.0219637571596744,original_variable_s_data,142.72750000000002,21.963757159674397
0.14282,0.0219849550452406,original_variable_s_data,142.82,21.9849550452406
0.1429125,0.0220061720081426,original_variable_s_data,142.9125,22.0061720081426
0.143005,0.0220274081075819,original_variable_s_data,143.005,22.0274081075819
0.1430975,0.0220486634030569,original_variable_s_data,143.0975,22.0486634030569
0.14319,0.0220699379543645,original_variable_s_data,143.19,22.069937954364498
0.1432825,0.0220912318216025,original_variable_s_data,143.2825,22.091231821602502
0.143375,0.0221125450651717,original_variable_s_data,143.375,22.112545065171698
0.1434675,0.0221338777457782,original_variable_s_data,143.4675,22.1338777457782
0.14356,0.0221552299244353,original_variable_s_data,143.56,22.1552299244353
0.1436525,0.0221766016624656,original_variable_s_data,143.65249999999997,22.1766016624656
0.143745,0.0221979930215036,original_variable_s_data,143.745,22.1979930215036
0.1438375,0.0222194040634975,original_variable_s_data,143.8375,22.2194040634975
0.14393,0.0222408348507118,original_variable_s_data,143.93,22.2408348507118
0.1440225,0.0222622854457293,original_variable_s_data,144.0225,22.2622854457293
0.144115,0.0222837559114534,original_variable_s_data,144.11499999999998,22.2837559114534
0.1442075,0.0223052463111104,original_variable_s_data,144.20749999999998,22.3052463111104
0.1443,0.0223267567082522,original_variable_s_data,144.3,22.3267567082522
0.1443925,0.0223482871667579,original_variable_s_data,144.3925,22.3482871667579
0.144485,0.0223698377508369,original_variable_s_data,144.485,22.3698377508369
0.1445775,0.0223914085250307,original_variable_s_data,144.5775,22.391408525030702
0.14467,0.0224129995542158,original_variable_s_data,144.67,22.4129995542158
0.1447625,0.0224346109036059,original_variable_s_data,144.7625,22.4346109036059
0.144855,0.0224562426387542,original_variable_s_data,144.85500000000002,22.4562426387542
0.1449475,0.0224778948255561,original_variable_s_data,144.94750000000002,22.477894825556103
0.14504,0.0224995675302517,original_variable_s_data,145.04,22.4995675302517
0.1451325,0.0225212608194283,original_variable_s_data,145.1325,22.5212608194283
0.145225,0.0225429747600227,original_variable_s_data,145.225,22.5429747600227
0.1453175,0.0225647094193241,original_variable_s_data,145.3175,22.5647094193241
0.14541,0.0225864648649767,original_variable_s_data,145.41000000000003,22.586464864976698
0.1455025,0.022608241164982,original_variable_s_data,145.5025,22.608241164982
0.145595,0.0226300383877017,original_variable_s_data,145.595,22.6300383877017
0.1456875,0.0226518566018602,original_variable_s_data,145.6875,22.6518566018602
0.14578,0.0226736958765477,original_variable_s_data,145.78,22.6736958765477
0.1458725,0.0226955562812223,original_variable_s_data,145.8725,22.695556281222302
0.145965,0.0227174378857133,original_variable_s_data,145.965,22.717437885713302
0.1460575,0.0227393407602235,original_variable_s_data,146.0575,22.7393407602235
0.14615,0.0227612649753326,original_variable_s_data,146.15,22.761264975332598
0.1462425,0.0227832106019992,original_variable_s_data,146.2425,22.783210601999198
0.146335,0.0228051777115646,original_variable_s_data,146.33499999999998,22.8051777115646
0.1464275,0.0228271663757549,original_variable_s_data,146.42749999999998,22.8271663757549
0.14652,0.0228491766666844,original_variable_s_data,146.52,22.8491766666844
0.1466125,0.0228712086568581,original_variable_s_data,146.6125,22.8712086568581
0.146705,0.0228932624191752,original_variable_s_data,146.705,22.893262419175198
0.1467975,0.0229153380269316,original_variable_s_data,146.79749999999999,22.9153380269316
0.14689,0.0229374355538234,original_variable_s_data,146.89,22.9374355538234
0.1469825,0.0229595550739495,original_variable_s_data,146.9825,22.9595550739495
0.147075,0.0229816966618149,original_variable_s_data,147.07500000000002,22.9816966618149
0.1471675,0.0230038603923338,original_variable_s_data,147.16750000000002,23.0038603923338
0.14726,0.0230260463408329,original_variable_s_data,147.26,23.026046340832902
0.1473525,0.0230482545830542,original_variable_s_data,147.3525,23.0482545830542
0.147445,0.0230704851951586,original_variable_s_data,147.445,23.0704851951586
0.1475375,0.0230927382537289,original_variable_s_data,147.5375,23.0927382537289
0.14763,0.0231150138357731,original_variable_s_data,147.63000000000002,23.1150138357731
0.1477225,0.0231373120187279,original_variable_s_data,147.7225,23.1373120187279
0.147815,0.0231596328804617,original_variable_s_data,147.815,23.1596328804617
0.1479075,0.0231819764992784,original_variable_s_data,147.9075,23.1819764992784
0.148,0.0232043429539204,original_variable_s_data,148.0,23.2043429539204
0.1480925,0.0232267323235721,original_variable_s_data,148.0925,23.2267323235721
0.148185,0.0232491446878639,original_variable_s_data,148.185,23.2491446878639
0.1482775,0.0232715801268748,original_variable_s_data,148.2775,23.2715801268748
0.14837,0.0232940387211368,original_variable_s_data,148.37,23.2940387211368
0.1484625,0.0233165205516379,original_variable_s_data,148.4625,23.3165205516379
0.148555,0.0233390256998262,original_variable_s_data,148.555,23.3390256998262
0.1486475,0.0233615542476131,original_variable_s_data,148.64749999999998,23.3615542476131
0.14874,0.0233841062773771,original_variable_s_data,148.74,23.3841062773771
0.1488325,0.0234066818719679,original_variable_s_data,148.8325,23.406681871967898
0.148925,0.0234292811147098,original_variable_s_data,148.925,23.429281114709802
0.1490175,0.0234519040894054,original_variable_s_data,149.01749999999998,23.4519040894054
0.14911,0.0234745508803399,original_variable_s_data,149.10999999999999,23.474550880339898
0.1492025,0.0234972215722846,original_variable_s_data,149.2025,23.4972215722846
0.149295,0.0235199162505011,original_variable_s_data,149.29500000000002,23.5199162505011
0.1493875,0.023542635000745,original_variable_s_data,149.38750000000002,23.542635000745
0.14948,0.0235653779092699,original_variable_s_data,149.48,23.565377909269902
0.1495725,0.0235881450628321,original_variable_s_data,149.5725,23.588145062832098
0.149665,0.0236109365486935,original_variable_s_data,149.665,23.6109365486935
0.1497575,0.0236337524546271,original_variable_s_data,149.7575,23.6337524546271
0.14985,0.02365659286892,original_variable_s_data,149.85000000000002,23.65659286892
0.1499425,0.0236794578803785,original_variable_s_data,149.9425,23.6794578803785
0.150035,0.0237023475783316,original_variable_s_data,150.035,23.7023475783316
0.1501275,0.023725262052636,original_variable_s_data,150.1275,23.725262052636
0.15022,0.0237482013936802,original_variable_s_data,150.22,23.7482013936802
0.1503125,0.0237711656923888,original_variable_s_data,150.3125,23.7711656923888
0.150405,0.0237941550402269,original_variable_s_data,150.405,23.794155040226897
0.1504975,0.0238171695292049,original_variable_s_data,150.4975,23.8171695292049
0.15059,0.023840209251883,original_variable_s_data,150.59,23.840209251883003
0.1506825,0.0238632743013753,original_variable_s_data,150.6825,23.8632743013753
0.150775,0.0238863647713553,original_variable_s_data,150.775,23.8863647713553
0.1508675,0.0239094807560598,original_variable_s_data,150.86749999999998,23.9094807560598
0.15096,0.023932622350294,original_variable_s_data,150.96,23.932622350294
0.1510525,0.0239557896494365,original_variable_s_data,151.0525,23.9557896494365
0.151145,0.0239789827494438,original_variable_s_data,151.145,23.9789827494438
0.1512375,0.0240022017468553,original_variable_s_data,151.23749999999998,24.0022017468553
0.15133,0.0240254467387983,original_variable_s_data,151.32999999999998,24.025446738798298
0.1514225,0.0240487178229931,original_variable_s_data,151.42249999999999,24.0487178229931
0.151515,0.024072015097758,original_variable_s_data,151.51500000000001,24.072015097757998
0.1516075,0.0240953386620143,original_variable_s_data,151.60750000000002,24.0953386620143
0.1517,0.0241186886152916,original_variable_s_data,151.7,24.118688615291603
0.1517925,0.0241420650577331,original_variable_s_data,151.7925,24.1420650577331
0.151885,0.0241654680901009,original_variable_s_data,151.885,24.1654680901009
0.1519775,0.024188897813781,original_variable_s_data,151.9775,24.188897813780997
0.15207,0.0242123543307893,original_variable_s_data,152.07000000000002,24.2123543307893
0.1521625,0.0242358377437766,original_variable_s_data,152.1625,24.2358377437766
0.152255,0.0242593481560344,original_variable_s_data,152.255,24.259348156034402
0.1523475,0.0242828856715002,original_variable_s_data,152.3475,24.2828856715002
0.15244,0.0243064503947637,original_variable_s_data,152.44,24.3064503947637
0.1525325,0.024330042431072,original_variable_s_data,152.5325,24.330042431072002
0.152625,0.0243536618863355,original_variable_s_data,152.625,24.3536618863355
0.1527175,0.0243773088671341,original_variable_s_data,152.7175,24.3773088671341
0.15281,0.0244009834807227,original_variable_s_data,152.81,24.400983480722697
0.1529025,0.0244246858350372,original_variable_s_data,152.9025,24.424685835037202
0.152995,0.0244484160387012,original_variable_s_data,152.995,24.4484160387012
0.1530875,0.0244721742010311,original_variable_s_data,153.08749999999998,24.472174201031102
0.15318,0.0244959604320432,original_variable_s_data,153.18,24.4959604320432
0.1532725,0.0245197748424596,original_variable_s_data,153.2725,24.5197748424596
0.153365,0.0245436175437142,original_variable_s_data,153.365,24.5436175437142
0.1534575,0.02456748864796,original_variable_s_data,153.4575,24.56748864796
0.15355,0.0245913882680746,original_variable_s_data,153.54999999999998,24.5913882680746
0.1536425,0.0246153165176676,original_variable_s_data,153.64249999999998,24.6153165176676
0.153735,0.0246392735110866,original_variable_s_data,153.735,24.6392735110866
0.1538275,0.0246632593634244,original_variable_s_data,153.82750000000001,24.6632593634244
0.15392,0.0246872741905254,original_variable_s_data,153.92,24.6872741905254
0.1540125,0.0247113181089928,original_variable_s_data,154.0125,24.7113181089928
0.154105,0.0247353912361954,original_variable_s_data,154.105,24.735391236195397
0.1541975,0.0247594936902747,original_variable_s_data,154.1975,24.7594936902747
0.15429,0.0247836255901519,original_variable_s_data,154.29000000000002,24.7836255901519
0.1543825,0.0248077870555354,original_variable_s_data,154.3825,24.8077870555354
0.154475,0.0248319782069277,original_variable_s_data,154.475,24.831978206927698
0.1545675,0.0248561991656331,original_variable_s_data,154.5675,24.8561991656331
0.15466,0.0248804500537651,original_variable_s_data,154.66,24.8804500537651
0.1547525,0.0249047309942538,original_variable_s_data,154.7525,24.9047309942538
0.154845,0.0249290421108539,original_variable_s_data,154.845,24.9290421108539
0.1549375,0.0249533835281519,original_variable_s_data,154.9375,24.9533835281519
0.15503,0.0249777553715745,original_variable_s_data,155.03,24.977755371574503
0.1551225,0.0250021577673962,original_variable_s_data,155.1225,25.0021577673962
0.155215,0.0250265908427476,original_variable_s_data,155.215,25.0265908427476
0.1553075,0.025051054725623,original_variable_s_data,155.30749999999998,25.051054725623
0.1554,0.0250755495448893,original_variable_s_data,155.4,25.0755495448893
0.1554925,0.0251000754302939,original_variable_s_data,155.4925,25.100075430293902
0.155585,0.0251246325124732,original_variable_s_data,155.585,25.1246325124732
0.1556775,0.0251492209229613,original_variable_s_data,155.6775,25.1492209229613
0.15577,0.0251738407941983,original_variable_s_data,155.76999999999998,25.173840794198302
0.1558625,0.0251984922595396,original_variable_s_data,155.86249999999998,25.198492259539602
0.155955,0.025223175453264,original_variable_s_data,155.955,25.223175453264
0.1560475,0.0252478905105834,original_variable_s_data,156.0475,25.2478905105834
0.15614,0.0252726375676515,original_variable_s_data,156.14000000000001,25.2726375676515
0.1562325,0.025297416761573,original_variable_s_data,156.2325,25.297416761573
0.156325,0.0253222282304131,original_variable_s_data,156.325,25.3222282304131
0.1564175,0.0253470721132066,original_variable_s_data,156.4175,25.3470721132066
0.15651,0.0253719485499677,original_variable_s_data,156.51000000000002,25.3719485499677
0.1566025,0.0253968576816998,original_variable_s_data,156.6025,25.3968576816998
0.156695,0.0254217996504048,original_variable_s_data,156.695,25.4217996504048
0.1567875,0.0254467745990936,original_variable_s_data,156.7875,25.4467745990936
0.15688,0.0254717826717956,original_variable_s_data,156.88,25.4717826717956
0.1569725,0.0254968240135692,original_variable_s_data,156.9725,25.4968240135692
0.157065,0.0255218987705121,original_variable_s_data,157.065,25.5218987705121
0.1571575,0.0255470070897717,original_variable_s_data,157.1575,25.5470070897717
0.15725,0.0255721491195553,original_variable_s_data,157.25,25.5721491195553
0.1573425,0.0255973250091415,original_variable_s_data,157.3425,25.5973250091415
0.157435,0.0256225349088905,original_variable_s_data,157.435,25.6225349088905
0.1575275,0.0256477789702552,original_variable_s_data,157.52749999999997,25.6477789702552
0.15762,0.0256730573457926,original_variable_s_data,157.62,25.6730573457926
0.1577125,0.0256983701891746,original_variable_s_data,157.7125,25.6983701891746
0.157805,0.0257237176551998,original_variable_s_data,157.805,25.7237176551998
0.1578975,0.0257490998998051,original_variable_s_data,157.8975,25.7490998998051
0.15799,0.025774517080077,original_variable_s_data,157.98999999999998,25.774517080077
0.1580825,0.0257999693542641,original_variable_s_data,158.08249999999998,25.7999693542641
0.158175,0.0258254568817886,original_variable_s_data,158.175,25.8254568817886
0.1582675,0.0258509798232587,original_variable_s_data,158.2675,25.8509798232587
0.15836,0.0258765383404812,original_variable_s_data,158.36,25.8765383404812
0.1584525,0.0259021325964735,original_variable_s_data,158.4525,25.9021325964735
0.158545,0.0259277627554769,original_variable_s_data,158.545,25.9277627554769
0.1586375,0.025953428982969,original_variable_s_data,158.6375,25.953428982968997
0.15873,0.0259791314456772,original_variable_s_data,158.73000000000002,25.9791314456772
0.1588225,0.0260048703115913,original_variable_s_data,158.82250000000002,26.0048703115913
0.158915,0.0260306457499776,original_variable_s_data,158.915,26.030645749977598
0.1590075,0.0260564579313919,original_variable_s_data,159.0075,26.0564579313919
0.1591,0.0260823070276938,original_variable_s_data,159.1,26.0823070276938
0.1591925,0.0261081932120602,original_variable_s_data,159.1925,26.1081932120602
0.159285,0.0261341166589997,original_variable_s_data,159.285,26.1341166589997
0.1593775,0.0261600775443669,original_variable_s_data,159.3775,26.1600775443669
0.15947,0.0261860760453771,original_variable_s_data,159.47,26.1860760453771
0.1595625,0.0262121123406207,original_variable_s_data,159.5625,26.212112340620703
0.159655,0.0262381866100785,original_variable_s_data,159.655,26.238186610078497
0.1597475,0.0262642990351369,original_variable_s_data,159.74749999999997,26.2642990351369
0.15984,0.0262904497986029,original_variable_s_data,159.84,26.2904497986029
0.1599325,0.02631663908472,original_variable_s_data,159.9325,26.316639084720002
0.160025,0.0263428670791841,original_variable_s_data,160.025,26.3428670791841
0.1601175,0.0263691339691593,original_variable_s_data,160.1175,26.3691339691593
0.16021,0.0263954399432942,original_variable_s_data,160.20999999999998,26.3954399432942
0.1603025,0.0264217851917388,original_variable_s_data,160.30249999999998,26.421785191738802
0.160395,0.0264481699061606,original_variable_s_data,160.395,26.448169906160597
0.1604875,0.0264745942797622,original_variable_s_data,160.4875,26.4745942797622
0.16058,0.0265010585072981,original_variable_s_data,160.58,26.5010585072981
0.1606725,0.0265275627850924,original_variable_s_data,160.67249999999999,26.5275627850924
0.160765,0.0265541073110566,original_variable_s_data,160.765,26.5541073110566
0.1608575,0.0265806922847072,original_variable_s_data,160.8575,26.580692284707197
0.16095,0.0266073179071844,original_variable_s_data,160.95000000000002,26.6073179071844
0.1610425,0.0266339843812706,original_variable_s_data,161.04250000000002,26.6339843812706
0.161135,0.0266606919114087,original_variable_s_data,161.135,26.660691911408698
0.1612275,0.0266874407037218,original_variable_s_data,161.2275,26.687440703721798
0.16132,0.0267142309660322,original_variable_s_data,161.32,26.7142309660322
0.1614125,0.0267410629078811,original_variable_s_data,161.4125,26.7410629078811
0.161505,0.0267679367405485,original_variable_s_data,161.505,26.7679367405485
0.1615975,0.0267948526770736,original_variable_s_data,161.5975,26.7948526770736
0.16169,0.0268218109322752,original_variable_s_data,161.69,26.8218109322752
0.1617825,0.0268488117227725,original_variable_s_data,161.7825,26.8488117227725
0.161875,0.0268758552670064,original_variable_s_data,161.875,26.8758552670064
0.1619675,0.026902941785261,original_variable_s_data,161.96749999999997,26.902941785261003
0.16206,0.0269300714996851,original_variable_s_data,162.06,26.9300714996851
0.1621525,0.0269572446343147,original_variable_s_data,162.1525,26.9572446343147
0.162245,0.0269844614150955,original_variable_s_data,162.245,26.984461415095502
0.1623375,0.0270117220699053,original_variable_s_data,162.3375,27.0117220699053
0.16243,0.0270390268285775,original_variable_s_data,162.42999999999998,27.039026828577498
0.1625225,0.0270663759229248,original_variable_s_data,162.52249999999998,27.0663759229248
0.162615,0.0270937695867626,original_variable_s_data,162.615,27.0937695867626
0.1627075,0.0271212080559338,original_variable_s_data,162.7075,27.1212080559338
0.1628,0.0271486915683331,original_variable_s_data,162.8,27.1486915683331
0.1628925,0.0271762203639321,original_variable_s_data,162.89249999999998,27.1762203639321
0.162985,0.0272037946848049,original_variable_s_data,162.98499999999999,27.2037946848049
0.1630775,0.0272314147751537,original_variable_s_data,163.0775,27.231414775153702
0.16317,0.0272590808813352,original_variable_s_data,163.17000000000002,27.2590808813352
0.1632625,0.0272867932518873,original_variable_s_data,163.26250000000002,27.2867932518873
0.163355,0.0273145521375559,original_variable_s_data,163.355,27.3145521375559
0.1634475,0.027342357791323,original_variable_s_data,163.4475,27.342357791323
0.16354,0.0273702104684338,original_variable_s_data,163.54,27.3702104684338
0.1636325,0.027398110426426,original_variable_s_data,163.6325,27.398110426425998
0.163725,0.0274260579251582,original_variable_s_data,163.72500000000002,27.4260579251582
0.1638175,0.027454053226839,original_variable_s_data,163.8175,27.454053226839
0.16391,0.0274820965960576,original_variable_s_data,163.91,27.482096596057602
0.1640025,0.0275101882998133,original_variable_s_data,164.0025,27.5101882998133
0.164095,0.0275383286075469,original_variable_s_data,164.095,27.538328607546898
0.1641875,0.0275665177911715,original_variable_s_data,164.1875,27.5665177911715
0.16428,0.0275947561251049,original_variable_s_data,164.28,27.5947561251049
0.1643725,0.0276230438863014,original_variable_s_data,164.3725,27.6230438863014
0.164465,0.027651381354285,original_variable_s_data,164.465,27.651381354285
0.1645575,0.0276797688111829,original_variable_s_data,164.5575,27.6797688111829
0.16465,0.0277082065417594,original_variable_s_data,164.64999999999998,27.7082065417594
0.1647425,0.0277366948334505,original_variable_s_data,164.74249999999998,27.7366948334505
0.164835,0.0277652339763991,original_variable_s_data,164.835,27.765233976399102
0.1649275,0.0277938242634905,original_variable_s_data,164.9275,27.7938242634905
0.16502,0.0278224659903893,original_variable_s_data,165.02,27.8224659903893
0.1651125,0.0278511594555761,original_variable_s_data,165.11249999999998,27.851159455576102
0.165205,0.0278799049603849,original_variable_s_data,165.20499999999998,27.879904960384902
0.1652974999999999,0.0279087028090419,original_variable_s_data,165.2974999999999,27.9087028090419
0.16539,0.027937553308704,original_variable_s_data,165.39000000000001,27.937553308704
0.1654825,0.0279664567694988,original_variable_s_data,165.48250000000002,27.966456769498798
0.165575,0.0279954135045643,original_variable_s_data,165.575,27.9954135045643
0.1656675,0.0280244238300909,original_variable_s_data,165.6675,28.0244238300909
0.16576,0.028053488065362,original_variable_s_data,165.76,28.053488065362
0.1658524999999999,0.0280826065327974,original_variable_s_data,165.8524999999999,28.0826065327974
0.165945,0.0281117795579962,original_variable_s_data,165.94500000000002,28.1117795579962
0.1660375,0.0281410074697803,original_variable_s_data,166.0375,28.141007469780302
0.16613,0.0281702906002403,original_variable_s_data,166.13,28.1702906002403
0.1662225,0.02819962928478,original_variable_s_data,166.2225,28.19962928478
0.166315,0.0282290238621633,original_variable_s_data,166.315,28.229023862163302
0.1664074999999999,0.0282584746745614,original_variable_s_data,166.4074999999999,28.2584746745614
0.1665,0.028287982067601,original_variable_s_data,166.5,28.287982067601
0.1665925,0.028317546390413,original_variable_s_data,166.5925,28.317546390413
0.166685,0.0283471679956826,original_variable_s_data,166.685,28.347167995682597
0.1667775,0.0283768472397,original_variable_s_data,166.7775,28.3768472397
0.16687,0.0284065844824121,original_variable_s_data,166.87,28.4065844824121
0.1669624999999999,0.0284363800874754,original_variable_s_data,166.9624999999999,28.4363800874754
0.167055,0.0284662344223092,original_variable_s_data,167.055,28.466234422309203
0.1671475,0.0284961478581508,original_variable_s_data,167.1475,28.4961478581508
0.16724,0.0285261207701107,original_variable_s_data,167.24,28.5261207701107
0.1673325,0.0285561535372298,original_variable_s_data,167.33249999999998,28.5561535372298
0.167425,0.0285862465425368,original_variable_s_data,167.42499999999998,28.5862465425368
0.1675174999999999,0.0286164001731073,original_variable_s_data,167.5174999999999,28.616400173107298
0.16761,0.0286466148201241,original_variable_s_data,167.61,28.6466148201241
0.1677025,0.0286768908789376,original_variable_s_data,167.70250000000001,28.6768908789376
0.167795,0.0287072287491289,original_variable_s_data,167.795,28.707228749128898
0.1678875,0.0287376288345732,original_variable_s_data,167.8875,28.7376288345732
0.16798,0.0287680915435042,original_variable_s_data,167.98,28.768091543504198
0.1680724999999999,0.0287986172885808,original_variable_s_data,168.0724999999999,28.7986172885808
0.168165,0.0288292064869537,original_variable_s_data,168.16500000000002,28.829206486953698
0.1682575,0.0288598595603346,original_variable_s_data,168.2575,28.8598595603346
0.16835,0.0288905769350662,original_variable_s_data,168.35,28.8905769350662
0.1684425,0.0289213590421932,original_variable_s_data,168.4425,28.921359042193203
0.168535,0.0289522063175357,original_variable_s_data,168.535,28.9522063175357
0.1686274999999999,0.0289831192017629,original_variable_s_data,168.6274999999999,28.9831192017629
0.16872,0.0290140981404692,original_variable_s_data,168.72,29.0140981404692
0.1688125,0.0290451435842518,original_variable_s_data,168.8125,29.0451435842518
0.168905,0.0290762559887887,original_variable_s_data,168.905,29.0762559887887
0.1689975,0.0291074358149201,original_variable_s_data,168.9975,29.107435814920102
0.16909,0.02913868352873,original_variable_s_data,169.09,29.13868352873
0.1691824999999999,0.0291699996016302,original_variable_s_data,169.1824999999999,29.1699996016302
0.169275,0.0292013845104456,original_variable_s_data,169.275,29.2013845104456
0.1693675,0.029232838737502,original_variable_s_data,169.3675,29.232838737502
0.16946,0.0292643627707145,original_variable_s_data,169.46,29.264362770714502
0.1695525,0.0292959571036792,original_variable_s_data,169.5525,29.2959571036792
0.169645,0.0293276222357658,original_variable_s_data,169.64499999999998,29.3276222357658
0.1697374999999999,0.0293593586722124,original_variable_s_data,169.7374999999999,29.359358672212398
0.16983,0.0293911669242224,original_variable_s_data,169.83,29.3911669242224
0.1699225,0.0294230475090636,original_variable_s_data,169.9225,29.4230475090636
0.170015,0.0294550009501691,original_variable_s_data,170.015,29.4550009501691
0.1701075,0.0294870277772407,original_variable_s_data,170.1075,29.4870277772407
0.1702,0.0295191285263542,original_variable_s_data,170.2,29.519128526354198
0.1702924999999999,0.0295513037400671,original_variable_s_data,170.2924999999999,29.551303740067098
0.170385,0.0295835539675291,original_variable_s_data,170.38500000000002,29.5835539675291
0.1704775,0.0296158797645942,original_variable_s_data,170.4775,29.6158797645942
0.17057,0.029648281693936,original_variable_s_data,170.57,29.648281693936
0.1706625,0.0296807603251651,original_variable_s_data,170.6625,29.6807603251651
0.170755,0.0297133162349492,original_variable_s_data,170.755,29.7133162349492
0.1708474999999999,0.0297459500071363,original_variable_s_data,170.8474999999999,29.745950007136297
0.17094,0.0297786622328799,original_variable_s_data,170.94,29.7786622328799
0.1710325,0.0298114535107679,original_variable_s_data,171.0325,29.811453510767898
0.171125,0.0298443244469536,original_variable_s_data,171.125,29.8443244469536
0.1712175,0.0298772756552904,original_variable_s_data,171.2175,29.8772756552904
0.17131,0.0299103077574689,original_variable_s_data,171.31,29.9103077574689
0.1714024999999999,0.0299434213831579,original_variable_s_data,171.4024999999999,29.9434213831579
0.171495,0.0299766171701481,original_variable_s_data,171.495,29.976617170148103
0.1715875,0.0300098957644994,original_variable_s_data,171.5875,30.0098957644994
0.17168,0.0300432578206917,original_variable_s_data,171.68,30.0432578206917
0.1717725,0.0300767040017788,original_variable_s_data,171.7725,30.076704001778797
0.171865,0.0301102349795468,original_variable_s_data,171.86499999999998,30.1102349795468
0.1719574999999999,0.0301438514346753,original_variable_s_data,171.9574999999999,30.143851434675298
0.17205,0.0301775540569032,original_variable_s_data,172.05,30.1775540569032
0.1721425,0.030211343545198,original_variable_s_data,172.1425,30.211343545197998
0.172235,0.0302452206079297,original_variable_s_data,172.23499999999999,30.2452206079297
0.1723275,0.0302791859630482,original_variable_s_data,172.3275,30.2791859630482
0.17242,0.0303132403382659,original_variable_s_data,172.42,30.3132403382659
0.1725124999999999,0.030347384471244,original_variable_s_data,172.5124999999999,30.347384471244002
0.172605,0.0303816191097837,original_variable_s_data,172.60500000000002,30.381619109783703
0.1726975,0.0304159450120227,original_variable_s_data,172.6975,30.4159450120227
0.17279,0.0304503629466356,original_variable_s_data,172.79,30.4503629466356
0.1728825,0.0304848736930399,original_variable_s_data,172.8825,30.484873693039898
0.172975,0.0305194780416073,original_variable_s_data,172.975,30.5194780416073
0.1730674999999999,0.0305541767938804,original_variable_s_data,173.0674999999999,30.5541767938804
0.17316,0.0305889707627941,original_variable_s_data,173.16,30.588970762794098
0.1732525,0.030623860772904,original_variable_s_data,173.2525,30.623860772904
0.173345,0.0306588476606196,original_variable_s_data,173.345,30.6588476606196
0.1734375,0.0306939322744443,original_variable_s_data,173.4375,30.6939322744443
0.17353,0.0307291154752211,original_variable_s_data,173.53,30.7291154752211
0.1736224999999999,0.0307643981363851,original_variable_s_data,173.6224999999999,30.7643981363851
0.173715,0.0307997811442229,original_variable_s_data,173.715,30.799781144222898
0.1738075,0.030835265398138,original_variable_s_data,173.8075,30.835265398138
0.1739,0.0308708518109246,original_variable_s_data,173.9,30.8708518109246
0.1739925,0.0309065413090474,original_variable_s_data,173.9925,30.9065413090474
0.174085,0.0309423348329304,original_variable_s_data,174.08499999999998,30.9423348329304
0.1741774999999999,0.030978233337252,original_variable_s_data,174.1774999999999,30.978233337252
0.17427,0.0310142377912497,original_variable_s_data,174.27,31.014237791249702
0.1743625,0.0310503491790322,original_variable_s_data,174.3625,31.0503491790322
0.174455,0.0310865684999003,original_variable_s_data,174.455,31.0865684999003
0.1745475,0.0311228967686775,original_variable_s_data,174.54749999999999,31.1228967686775
0.17464,0.0311593350160487,original_variable_s_data,174.64,31.1593350160487
0.1747324999999999,0.0311958842889095,original_variable_s_data,174.7324999999999,31.1958842889095
0.174825,0.031232545650725,original_variable_s_data,174.82500000000002,31.232545650724997
0.1749175,0.0312693201818987,original_variable_s_data,174.9175,31.2693201818987
0.17501,0.0313062089801522,original_variable_s_data,175.01,31.3062089801522
0.1751025,0.0313432131609165,original_variable_s_data,175.1025,31.3432131609165
0.175195,0.0313803338577336,original_variable_s_data,175.195,31.380333857733604
0.1752874999999999,0.0314175722226705,original_variable_s_data,175.2874999999999,31.417572222670497
0.17538,0.0314549294267459,original_variable_s_data,175.38,31.454929426745903
0.1754725,0.0314924066603685,original_variable_s_data,175.4725,31.492406660368495
0.175565,0.0315300051337894,original_variable_s_data,175.565,31.530005133789402
0.1756575,0.0315677260775678,original_variable_s_data,175.6575,31.567726077567798
0.17575,0.0316055707430506,original_variable_s_data,175.75,31.6055707430506
0.1758424999999999,0.0316435404028674,original_variable_s_data,175.84249999999992,31.643540402867398
0.175935,0.0316816363514395,original_variable_s_data,175.935,31.6816363514395
0.1760275,0.031719859905506,original_variable_s_data,176.0275,31.719859905506
0.17612,0.0317582124046656,original_variable_s_data,176.12,31.7582124046656
0.1762125,0.0317966952119353,original_variable_s_data,176.2125,31.7966952119353
0.176305,0.0318353097143275,original_variable_s_data,176.30499999999998,31.8353097143275
0.1763974999999999,0.0318740573234445,original_variable_s_data,176.3974999999999,31.874057323444497
0.17649,0.0319129394760933,original_variable_s_data,176.49,31.9129394760933
0.1765825,0.0319519576349187,original_variable_s_data,176.5825,31.951957634918696
0.176675,0.0319911132890589,original_variable_s_data,176.675,31.9911132890589
0.1767675,0.0320304079548208,original_variable_s_data,176.76749999999998,32.0304079548208
0.17686,0.032069843176379,original_variable_s_data,176.85999999999999,32.069843176379
0.1769524999999999,0.0321094205264971,original_variable_s_data,176.9524999999999,32.109420526497104
0.177045,0.0321491416072739,original_variable_s_data,177.04500000000002,32.1491416072739
0.1771375,0.0321890080509142,original_variable_s_data,177.13750000000002,32.189008050914204
0.17723,0.0322290215205263,original_variable_s_data,177.23,32.2290215205263
0.1773225,0.0322691837109469,original_variable_s_data,177.3225,32.2691837109469
0.177415,0.0323094963495938,original_variable_s_data,177.415,32.3094963495938
0.1775074999999999,0.0323499611973494,original_variable_s_data,177.5074999999999,32.349961197349394
0.1776,0.0323905800494739,original_variable_s_data,177.6,32.3905800494739
0.1776925,0.0324313547365523,original_variable_s_data,177.6925,32.4313547365523
0.177785,0.0324722871254739,original_variable_s_data,177.785,32.4722871254739
0.1778775,0.0325133791204475,original_variable_s_data,177.8775,32.5133791204475
0.17797,0.0325546326640537,original_variable_s_data,177.97,32.5546326640537
0.1780624999999999,0.0325960497383349,original_variable_s_data,178.06249999999991,32.596049738334905
0.178155,0.0326376323659264,original_variable_s_data,178.155,32.6376323659264
0.1782475,0.0326793826112283,original_variable_s_data,178.2475,32.6793826112283
0.17834,0.0327213025816225,original_variable_s_data,178.34,32.7213025816225
0.1784325,0.0327633944287346,original_variable_s_data,178.4325,32.7633944287346
0.178525,0.0328056603497448,original_variable_s_data,178.52499999999998,32.805660349744805
0.1786174999999999,0.0328481025887482,original_variable_s_data,178.6174999999999,32.8481025887482
0.17871,0.0328907234381685,original_variable_s_data,178.71,32.8907234381685
0.1788025,0.0329335252402263,original_variable_s_data,178.8025,32.9335252402263
0.178895,0.0329765103884663,original_variable_s_data,178.895,32.9765103884663
0.1789875,0.0330196813293436,original_variable_s_data,178.98749999999998,33.019681329343605
0.17908,0.0330630405638752,original_variable_s_data,179.07999999999998,33.0630405638752
0.1791724999999999,0.0331065906493572,original_variable_s_data,179.1724999999999,33.1065906493572
0.179265,0.0331503342011531,original_variable_s_data,179.26500000000001,33.1503342011531
0.1793575,0.0331942738945546,original_variable_s_data,179.35750000000002,33.1942738945546
0.17945,0.0332384124667209,original_variable_s_data,179.45,33.2384124667209
0.1795425,0.0332827527186987,original_variable_s_data,179.5425,33.282752718698696
0.179635,0.0333272975175284,original_variable_s_data,179.635,33.3272975175284
0.1797274999999999,0.0333720497984394,original_variable_s_data,179.7274999999999,33.3720497984394
0.17982,0.0334170125671413,original_variable_s_data,179.82000000000002,33.4170125671413
0.1799125,0.0334621889022142,original_variable_s_data,179.9125,33.4621889022142
0.180005,0.033507581957605,original_variable_s_data,180.005,33.507581957605
0.1800975,0.0335531949652333,original_variable_s_data,180.0975,33.553194965233295
0.18019,0.0335990312377165,original_variable_s_data,180.19,33.5990312377165
0.1802824999999999,0.0336450941712161,original_variable_s_data,180.2824999999999,33.645094171216094
0.180375,0.0336913872484162,original_variable_s_data,180.375,33.6913872484162
0.1804675,0.033737914041639,original_variable_s_data,180.4675,33.737914041639
0.18056,0.0337846782161062,original_variable_s_data,180.56,33.7846782161062
0.1806525,0.0338316835333549,original_variable_s_data,180.6525,33.831683533354905
0.180745,0.0338789338548159,original_variable_s_data,180.74499999999998,33.8789338548159
0.1808374999999999,0.0339264331455653,original_variable_s_data,180.8374999999999,33.926433145565305
0.18093,0.0339741854782593,original_variable_s_data,180.93,33.974185478259294
0.1810225,0.0340221950372625,original_variable_s_data,181.0225,34.0221950372625
0.181115,0.0340704661229825,original_variable_s_data,181.115,34.0704661229825
0.1812075,0.0341190031564235,original_variable_s_data,181.20749999999998,34.1190031564235
0.1813,0.0341678106839712,original_variable_s_data,181.29999999999998,34.1678106839712
0.1813924999999999,0.0342168933824256,original_variable_s_data,181.3924999999999,34.2168933824256
0.181485,0.0342662560642957,original_variable_s_data,181.485,34.2662560642957
0.1815775,0.0343159036833743,original_variable_s_data,181.57750000000001,34.3159036833743
0.18167,0.0343658413406106,original_variable_s_data,181.67,34.3658413406106
0.1817625,0.0344160742902996,original_variable_s_data,181.7625,34.416074290299605
0.181855,0.0344666079466116,original_variable_s_data,181.855,34.466607946611596
0.1819474999999999,0.0345174478904823,original_variable_s_data,181.9474999999999,34.5174478904823
0.18204,0.0345685998768901,original_variable_s_data,182.04000000000002,34.5685998768901
0.1821325,0.0346200698425461,original_variable_s_data,182.1325,34.6200698425461
0.182225,0.0346718639140271,original_variable_s_data,182.225,34.6718639140271
0.1823175,0.0347239884163823,original_variable_s_data,182.3175,34.7239884163823
0.18241,0.0347764498822483,original_variable_s_data,182.41,34.7764498822483
0.1825024999999999,0.0348292550615086,original_variable_s_data,182.5024999999999,34.8292550615086
0.182595,0.03488241093154,original_variable_s_data,182.595,34.88241093154
0.1826875,0.0349359247080875,original_variable_s_data,182.6875,34.9359247080875
0.18278,0.0349898038568177,original_variable_s_data,182.78,34.9898038568177
0.1828725,0.0350440561056012,original_variable_s_data,182.8725,35.0440561056012
0.182965,0.035098689457583,original_variable_s_data,182.96499999999997,35.098689457583
0.1830574999999999,0.0351537122051018,original_variable_s_data,183.0574999999999,35.1537122051018
0.18315,0.0352091329445278,original_variable_s_data,183.15,35.2091329445278
0.1832425,0.0352649605920937,original_variable_s_data,183.2425,35.2649605920937
0.183335,0.0353212044008008,original_variable_s_data,183.335,35.321204400800795
0.1834275,0.0353778739784928,original_variable_s_data,183.42749999999998,35.3778739784928
0.18352,0.0354349793071939,original_variable_s_data,183.51999999999998,35.4349793071939
0.1836124999999999,0.0354925307638254,original_variable_s_data,183.6124999999999,35.4925307638254
0.183705,0.0355505391424189,original_variable_s_data,183.705,35.5505391424189
0.1837975,0.0356090156779624,original_variable_s_data,183.7975,35.609015677962404
0.18389,0.0356679720720288,original_variable_s_data,183.89,35.667972072028796
0.1839825,0.0357274205203508,original_variable_s_data,183.9825,35.7274205203508
0.184075,0.0357873737425269,original_variable_s_data,184.075,35.787373742526896
0.1841674999999999,0.0358478450140638,original_variable_s_data,184.1674999999999,35.8478450140638
0.18426,0.0359088482009824,original_variable_s_data,184.26000000000002,35.9088482009824
0.1843525,0.0359703977972446,original_variable_s_data,184.3525,35.9703977972446
0.184445,0.0360325089652842,original_variable_s_data,184.445,36.0325089652842
0.1845375,0.036095197579966,original_variable_s_data,184.5375,36.095197579966005
0.18463,0.0361584802763312,original_variable_s_data,184.63,36.158480276331204
0.1847224999999999,0.0362223745015375,original_variable_s_data,184.7224999999999,36.2223745015375
0.184815,0.036286898571452,original_variable_s_data,184.815,36.286898571452
0.1849075,0.036352071732417,original_variable_s_data,184.9075,36.352071732417
0.185,0.03641791422878,original_variable_s_data,185.0,36.41791422878
0.18509219858156029,0.036360733292851055,right_cubic_extension,185.0921985815603,36.36073329285105
0.18518439716312057,0.036417409450084315,right_cubic_extension,185.18439716312056,36.417409450084314
0.18527659574468086,0.03647430179913236,right_cubic_extension,185.27659574468086,36.474301799132355
0.18536879432624112,0.03653141110895897,right_cubic_extension,185.36879432624113,36.53141110895896
0.1854609929078014,0.03658873814852737,right_cubic_extension,185.4609929078014,36.58873814852737
0.1855531914893617,0.03664628368680145,right_cubic_extension,185.5531914893617,36.64628368680145
0.18564539007092198,0.03670404849274389,right_cubic_extension,185.645390070922,36.704048492743894
0.18573758865248227,0.036762033335319466,right_cubic_extension,185.73758865248226,36.762033335319465
0.18582978723404256,0.03682023898349063,right_cubic_extension,185.82978723404256,36.820238983490626
0.18592198581560285,0.0368786662062216,right_cubic_extension,185.92198581560285,36.8786662062216
0.1860141843971631,0.0369373157724755,right_cubic_extension,186.01418439716312,36.9373157724755
0.1861063829787234,0.03699618845121577,right_cubic_extension,186.1063829787234,36.99618845121577
0.18619858156028368,0.03705528501140598,right_cubic_extension,186.19858156028369,37.05528501140598
0.18629078014184397,0.03711460622201013,right_cubic_extension,186.29078014184398,37.114606222010124
0.18638297872340426,0.03717415285199144,right_cubic_extension,186.38297872340425,37.17415285199144
0.18647517730496455,0.03723392567031325,right_cubic_extension,186.47517730496455,37.23392567031325
0.18656737588652483,0.037293925445939236,right_cubic_extension,186.56737588652484,37.29392544593924
0.1866595744680851,0.0373541529478324,right_cubic_extension,186.65957446808508,37.3541529478324
0.18675177304964538,0.037414608944957406,right_cubic_extension,186.75177304964538,37.41460894495741
0.18684397163120567,0.03747529420627682,right_cubic_extension,186.84397163120568,37.47529420627682
0.18693617021276596,0.037536209500754425,right_cubic_extension,186.93617021276594,37.536209500754424
0.18702836879432624,0.037597355597353666,right_cubic_extension,187.02836879432624,37.59735559735367
0.18712056737588653,0.037658733265038546,right_cubic_extension,187.12056737588654,37.65873326503855
0.18721276595744682,0.037720343272771406,right_cubic_extension,187.2127659574468,37.72034327277141
0.18730496453900708,0.037782186389517136,right_cubic_extension,187.30496453900707,37.782186389517136
0.18739716312056737,0.03784426338423841,right_cubic_extension,187.39716312056737,37.84426338423841
0.18748936170212765,0.037906575025899336,right_cubic_extension,187.48936170212767,37.906575025899336
0.18758156028368794,0.037969122083463036,right_cubic_extension,187.58156028368793,37.969122083463034
0.18767375886524823,0.0380319053258924,right_cubic_extension,187.67375886524823,38.0319053258924
0.18776595744680852,0.03809492552215221,right_cubic_extension,187.76595744680853,38.09492552215221
0.1878581560283688,0.03815818344120503,right_cubic_extension,187.8581560283688,38.158183441205026
0.18795035460992907,0.03822167985201541,right_cubic_extension,187.95035460992906,38.22167985201541
0.18804255319148935,0.03828541552354581,right_cubic_extension,188.04255319148936,38.28541552354581
0.18813475177304964,0.03834939122476022,right_cubic_extension,188.13475177304963,38.34939122476022
0.18822695035460993,0.03841360772462166,right_cubic_extension,188.22695035460993,38.413607724621656
0.18831914893617022,0.03847806579209445,right_cubic_extension,188.31914893617022,38.478065792094455
0.1884113475177305,0.038542766196141276,right_cubic_extension,188.4113475177305,38.54276619614127
0.1885035460992908,0.0386077097057268,right_cubic_extension,188.5035460992908,38.6077097057268
0.18859574468085105,0.038672897089813585,right_cubic_extension,188.59574468085106,38.67289708981359
0.18868794326241134,0.03873832911736497,right_cubic_extension,188.68794326241135,38.73832911736497
0.18878014184397163,0.03880400655734517,right_cubic_extension,188.78014184397162,38.804006557345176
0.18887234042553191,0.03886993017871743,right_cubic_extension,188.87234042553192,38.869930178717425
0.1889645390070922,0.03893610075044551,right_cubic_extension,188.9645390070922,38.93610075044551
0.1890567375886525,0.03900251904149232,right_cubic_extension,189.05673758865248,39.00251904149232
0.18914893617021278,0.039069185820822194,right_cubic_extension,189.14893617021278,39.06918582082219
0.18924113475177307,0.03913610185739769,right_cubic_extension,189.24113475177307,39.13610185739769
0.18933333333333333,0.03920326792018314,right_cubic_extension,189.33333333333331,39.20326792018314
0.1894255319148936,0.03927068477814155,right_cubic_extension,189.4255319148936,39.27068477814155
0.1895177304964539,0.03933835320023682,right_cubic_extension,189.5177304964539,39.33835320023682
0.1896099290780142,0.03940627395543239,right_cubic_extension,189.60992907801418,39.40627395543239
0.18970212765957448,0.03947444781269127,right_cubic_extension,189.70212765957447,39.474447812691274
0.18979432624113476,0.039542875540977684,right_cubic_extension,189.79432624113477,39.54287554097768
0.18988652482269502,0.039611557909254747,right_cubic_extension,189.88652482269504,39.61155790925475
0.1899787234042553,0.03968049568648613,right_cubic_extension,189.9787234042553,39.680495686486125
0.1900709219858156,0.03974968964163528,right_cubic_extension,190.0709219858156,39.74968964163528
0.1901631205673759,0.039819140543665754,right_cubic_extension,190.1631205673759,39.81914054366575
0.19025531914893618,0.03988884916154101,right_cubic_extension,190.25531914893617,39.888849161541
0.19034751773049646,0.03995881626422493,right_cubic_extension,190.34751773049646,39.95881626422493
0.19043971631205675,0.04002904262067997,right_cubic_extension,190.43971631205676,40.02904262067997
0.19053191489361704,0.040099528999871126,right_cubic_extension,190.53191489361703,40.099528999871126
0.1906241134751773,0.04017027617076063,right_cubic_extension,190.6241134751773,40.17027617076063
0.19071631205673759,0.0402412849023126,right_cubic_extension,190.7163120567376,40.2412849023126
0.19080851063829787,0.040312555963490815,right_cubic_extension,190.80851063829786,40.312555963490816
0.19090070921985816,0.0403840901232585,right_cubic_extension,190.90070921985816,40.384090123258495
0.19099290780141845,0.04045588815057877,right_cubic_extension,190.99290780141845,40.455888150578765
0.19108510638297874,0.040527950814415514,right_cubic_extension,191.08510638297875,40.52795081441551
0.191177304964539,0.04060027888373241,right_cubic_extension,191.177304964539,40.60027888373241
0.19126950354609928,0.0406728731274929,right_cubic_extension,191.2695035460993,40.672873127492906
0.19136170212765957,0.04074573431466033,right_cubic_extension,191.36170212765958,40.74573431466033
0.19145390070921986,0.04081886321419803,right_cubic_extension,191.45390070921985,40.81886321419803
0.19154609929078015,0.04089226059507012,right_cubic_extension,191.54609929078015,40.89226059507012
0.19163829787234044,0.040965927226239374,right_cubic_extension,191.63829787234044,40.96592722623937
0.19173049645390072,0.041039863876670135,right_cubic_extension,191.7304964539007,41.03986387667013
0.191822695035461,0.04111407131532574,right_cubic_extension,191.822695035461,41.11407131532574
0.19191489361702127,0.0411885503111693,right_cubic_extension,191.91489361702128,41.1885503111693
0.19200709219858156,0.04126330163316394,right_cubic_extension,192.00709219858155,41.26330163316394
0.19209929078014185,0.0413383260502741,right_cubic_extension,192.09929078014184,41.3383260502741
0.19219148936170213,0.041413624331462895,right_cubic_extension,192.19148936170214,41.4136243314629
0.19228368794326242,0.04148919724569422,right_cubic_extension,192.2836879432624,41.48919724569422
0.1923758865248227,0.04156504556193097,right_cubic_extension,192.3758865248227,41.56504556193097
0.192468085106383,0.041641170049137144,right_cubic_extension,192.468085106383,41.641170049137145
0.19256028368794326,0.04171757147627564,right_cubic_extension,192.56028368794327,41.71757147627564
0.19265248226950354,0.04179425061231046,right_cubic_extension,192.65248226950354,41.79425061231046
0.19274468085106383,0.04187120822620538,right_cubic_extension,192.74468085106383,41.87120822620538
0.19283687943262412,0.041948445086923636,right_cubic_extension,192.83687943262413,41.948445086923634
0.1929290780141844,0.04202596196342834,right_cubic_extension,192.9290780141844,42.02596196342834
0.1930212765957447,0.0421037596246836,right_cubic_extension,193.0212765957447,42.103759624683605
0.19311347517730498,0.04218183883965276,right_cubic_extension,193.113475177305,42.18183883965276
0.19320567375886524,0.04226020037729916,right_cubic_extension,193.20567375886523,42.260200377299164
0.19329787234042553,0.04233884500658658,right_cubic_extension,193.29787234042553,42.33884500658658
0.19339007092198582,0.04241777349647835,right_cubic_extension,193.39007092198582,42.41777349647835
0.1934822695035461,0.042496986615937926,right_cubic_extension,193.4822695035461,42.49698661593793
0.1935744680851064,0.042576485133928976,right_cubic_extension,193.5744680851064,42.576485133928976
0.19366666666666668,0.04265626981941495,right_cubic_extension,193.66666666666669,42.65626981941495
0.19375886524822697,0.042736341441359404,right_cubic_extension,193.75886524822698,42.73634144135941
0.19385106382978723,0.04281670076872568,right_cubic_extension,193.85106382978722,42.81670076872568
0.19394326241134752,0.04289734857047789,right_cubic_extension,193.94326241134752,42.89734857047789
0.1940354609929078,0.042978285615578704,right_cubic_extension,194.03546099290782,42.978285615578706
0.1941276595744681,0.04305951267299246,right_cubic_extension,194.12765957446808,43.05951267299246
0.19421985815602838,0.043141030511681944,right_cubic_extension,194.21985815602838,43.14103051168195
0.19431205673758867,0.04322283990061082,right_cubic_extension,194.31205673758868,43.22283990061082
0.19440425531914896,0.043304941608742875,right_cubic_extension,194.40425531914894,43.30494160874287
0.19449645390070922,0.04338733640504211,right_cubic_extension,194.4964539007092,43.387336405042106
0.1945886524822695,0.043470025058471196,right_cubic_extension,194.5886524822695,43.470025058471194
0.1946808510638298,0.043553008337993804,right_cubic_extension,194.68085106382978,43.5530083379938
0.19477304964539008,0.04363628701257327,right_cubic_extension,194.77304964539007,43.63628701257327
0.19486524822695037,0.043719861851173825,right_cubic_extension,194.86524822695037,43.719861851173825
0.19495744680851065,0.04380373362275802,right_cubic_extension,194.95744680851067,43.803733622758024
0.19504964539007094,0.043887903096290426,right_cubic_extension,195.04964539007094,43.88790309629043
0.1951418439716312,0.04397237104073415,right_cubic_extension,195.1418439716312,43.972371040734146
0.1952340425531915,0.044057138225052084,right_cubic_extension,195.2340425531915,44.057138225052086
0.19532624113475178,0.0441422054182089,right_cubic_extension,195.32624113475177,44.1422054182089
0.19541843971631206,0.04422757338916672,right_cubic_extension,195.41843971631207,44.22757338916672
0.19551063829787235,0.04431324290689065,right_cubic_extension,195.51063829787236,44.31324290689065
0.19560283687943264,0.04439921474034292,right_cubic_extension,195.60283687943263,44.39921474034292
0.19569503546099293,0.044485489658487865,right_cubic_extension,195.69503546099293,44.485489658487865
0.1957872340425532,0.04457206843028816,right_cubic_extension,195.7872340425532,44.572068430288155
0.19587943262411348,0.04465895182470836,right_cubic_extension,195.87943262411346,44.65895182470836
0.19597163120567376,0.044746140610710916,right_cubic_extension,195.97163120567376,44.74614061071092
0.19606382978723405,0.04483363555725994,right_cubic_extension,196.06382978723406,44.833635557259946
0.19615602836879434,0.04492143743331911,right_cubic_extension,196.15602836879435,44.92143743331911
0.19624822695035463,0.04500954700785176,right_cubic_extension,196.24822695035462,45.00954700785176
0.1963404255319149,0.04509796504982133,right_cubic_extension,196.34042553191492,45.09796504982133
0.19643262411347517,0.04518669232819128,right_cubic_extension,196.43262411347519,45.18669232819128
0.19652482269503546,0.04527572961192494,right_cubic_extension,196.52482269503545,45.275729611924945
0.19661702127659575,0.04536507766998632,right_cubic_extension,196.61702127659575,45.36507766998632
0.19670921985815604,0.04545473727133875,right_cubic_extension,196.70921985815605,45.45473727133875
0.19680141843971632,0.045544709184945686,right_cubic_extension,196.80141843971631,45.54470918494569
0.1968936170212766,0.04563499417977068,right_cubic_extension,196.8936170212766,45.634994179770686
0.1969858156028369,0.04572559302477719,right_cubic_extension,196.9858156028369,45.72559302477719
0.19707801418439716,0.045816506488928654,right_cubic_extension,197.07801418439715,45.81650648892865
0.19717021276595745,0.04590773534118919,right_cubic_extension,197.17021276595744,45.907735341189195
0.19726241134751774,0.045999280350521476,right_cubic_extension,197.26241134751774,45.999280350521474
0.19735460992907802,0.04609114228588973,right_cubic_extension,197.354609929078,46.09114228588973
0.1974468085106383,0.04618332191625674,right_cubic_extension,197.4468085106383,46.18332191625674
0.1975390070921986,0.04627582001058639,right_cubic_extension,197.5390070921986,46.275820010586386
0.1976312056737589,0.04636863733784247,right_cubic_extension,197.6312056737589,46.368637337842465
0.19772340425531915,0.046461774666987865,right_cubic_extension,197.72340425531914,46.461774666987864
0.19781560283687943,0.04655523276698692,right_cubic_extension,197.81560283687944,46.55523276698692
0.19790780141843972,0.046649012406802304,right_cubic_extension,197.90780141843973,46.649012406802306
0.198,0.04674311435539835,right_cubic_extension,198.0,46.743114355398355
