z_m,B_T,target_region,z_mm,B_mT
-0.013,-0.009824773050278918,left_cubic_extension,-13.0,-9.82477305027892
-0.012908450704225352,-0.009811590937505223,left_cubic_extension,-12.908450704225352,-9.811590937505223
-0.012816901408450704,-0.009798406906851475,left_cubic_extension,-12.816901408450704,-9.798406906851476
-0.012725352112676057,-0.009785220955867402,left_cubic_extension,-12.725352112676056,-9.785220955867402
-0.012633802816901407,-0.009772033082102729,left_cubic_extension,-12.633802816901408,-9.772033082102729
-0.01254225352112676,-0.009758843283107185,left_cubic_extension,-12.54225352112676,-9.758843283107185
-0.012450704225352112,-0.009745651556430495,left_cubic_extension,-12.450704225352112,-9.745651556430495
-0.012359154929577464,-0.009732457899622387,left_cubic_extension,-12.359154929577464,-9.732457899622387
-0.012267605633802817,-0.009719262310232587,left_cubic_extension,-12.267605633802816,-9.719262310232587
-0.012176056338028169,-0.009706064785810821,left_cubic_extension,-12.17605633802817,-9.70606478581082
-0.012084507042253521,-0.009692865323906818,left_cubic_extension,-12.084507042253522,-9.692865323906819
-0.011992957746478872,-0.009679663922070304,left_cubic_extension,-11.992957746478872,-9.679663922070304
-0.011901408450704224,-0.009666460577851005,left_cubic_extension,-11.901408450704224,-9.666460577851005
-0.011809859154929577,-0.009653255288798648,left_cubic_extension,-11.809859154929576,-9.653255288798647
-0.01171830985915493,-0.00964004805246296,left_cubic_extension,-11.71830985915493,-9.640048052462959
-0.011626760563380282,-0.009626838866393669,left_cubic_extension,-11.626760563380282,-9.626838866393669
-0.011535211267605634,-0.009613627728140499,left_cubic_extension,-11.535211267605634,-9.613627728140498
-0.011443661971830985,-0.00960041463525318,left_cubic_extension,-11.443661971830984,-9.60041463525318
-0.011352112676056337,-0.009587199585281436,left_cubic_extension,-11.352112676056336,-9.587199585281436
-0.01126056338028169,-0.009573982575774995,left_cubic_extension,-11.26056338028169,-9.573982575774995
-0.011169014084507042,-0.009560763604283585,left_cubic_extension,-11.169014084507042,-9.560763604283585
-0.011077464788732394,-0.009547542668356931,left_cubic_extension,-11.077464788732394,-9.54754266835693
-0.010985915492957746,-0.009534319765544762,left_cubic_extension,-10.985915492957746,-9.534319765544762
-0.010894366197183099,-0.009521094893396802,left_cubic_extension,-10.894366197183098,-9.521094893396802
-0.010802816901408451,-0.009507868049462779,left_cubic_extension,-10.802816901408452,-9.507868049462779
-0.010711267605633802,-0.00949463923129242,left_cubic_extension,-10.711267605633802,-9.49463923129242
-0.010619718309859154,-0.00948140843643545,left_cubic_extension,-10.619718309859154,-9.48140843643545
-0.010528169014084507,-0.0094681756624416,left_cubic_extension,-10.528169014084506,-9.4681756624416
-0.010436619718309859,-0.009454940906860594,left_cubic_extension,-10.436619718309858,-9.454940906860594
-0.010345070422535211,-0.009441704167242158,left_cubic_extension,-10.345070422535212,-9.441704167242158
-0.010253521126760562,-0.00942846544113602,left_cubic_extension,-10.253521126760562,-9.428465441136021
-0.010161971830985914,-0.009415224726091909,left_cubic_extension,-10.161971830985914,-9.415224726091909
-0.010070422535211267,-0.009401982019659548,left_cubic_extension,-10.070422535211266,-9.401982019659547
-0.009978873239436619,-0.009388737319388664,left_cubic_extension,-9.978873239436618,-9.388737319388664
-0.009887323943661971,-0.009375490622828987,left_cubic_extension,-9.887323943661972,-9.375490622828986
-0.009795774647887324,-0.00936224192753024,left_cubic_extension,-9.795774647887324,-9.36224192753024
-0.009704225352112676,-0.009348991231042153,left_cubic_extension,-9.704225352112676,-9.348991231042154
-0.009612676056338029,-0.009335738530914451,left_cubic_extension,-9.612676056338028,-9.335738530914451
-0.00952112676056338,-0.009322483824696862,left_cubic_extension,-9.52112676056338,-9.322483824696862
-0.009429577464788732,-0.009309227109939111,left_cubic_extension,-9.429577464788732,-9.309227109939112
-0.009338028169014084,-0.009295968384190927,left_cubic_extension,-9.338028169014084,-9.295968384190926
-0.009246478873239436,-0.009282707645002036,left_cubic_extension,-9.246478873239436,-9.282707645002036
-0.009154929577464789,-0.009269444889922164,left_cubic_extension,-9.154929577464788,-9.269444889922164
-0.00906338028169014,-0.009256180116501037,left_cubic_extension,-9.06338028169014,-9.256180116501037
-0.008971830985915492,-0.009242913322288385,left_cubic_extension,-8.971830985915492,-9.242913322288386
-0.008880281690140844,-0.009229644504833932,left_cubic_extension,-8.880281690140844,-9.229644504833932
-0.008788732394366196,-0.009216373661687406,left_cubic_extension,-8.788732394366196,-9.216373661687406
-0.008697183098591549,-0.009203100790398534,left_cubic_extension,-8.697183098591548,-9.203100790398533
-0.008605633802816901,-0.009189825888517042,left_cubic_extension,-8.605633802816902,-9.189825888517042
-0.008514084507042254,-0.009176548953592656,left_cubic_extension,-8.514084507042254,-9.176548953592656
-0.008422535211267606,-0.009163269983175105,left_cubic_extension,-8.422535211267606,-9.163269983175105
-0.008330985915492958,-0.009149988974814114,left_cubic_extension,-8.330985915492958,-9.149988974814114
-0.00823943661971831,-0.009136705926059412,left_cubic_extension,-8.23943661971831,-9.136705926059411
-0.008147887323943661,-0.009123420834460723,left_cubic_extension,-8.147887323943662,-9.123420834460722
-0.008056338028169014,-0.009110133697567776,left_cubic_extension,-8.056338028169014,-9.110133697567775
-0.007964788732394366,-0.009096844512930297,left_cubic_extension,-7.964788732394366,-9.096844512930296
-0.007873239436619717,-0.009083553278098011,left_cubic_extension,-7.873239436619716,-9.08355327809801
-0.00778169014084507,-0.009070259990620649,left_cubic_extension,-7.78169014084507,-9.070259990620649
-0.007690140845070422,-0.009056964648047934,left_cubic_extension,-7.690140845070422,-9.056964648047934
-0.007598591549295774,-0.009043667247929594,left_cubic_extension,-7.598591549295774,-9.043667247929594
-0.007507042253521126,-0.009030367787815356,left_cubic_extension,-7.507042253521126,-9.030367787815356
-0.007415492957746479,-0.009017066265254947,left_cubic_extension,-7.415492957746479,-9.017066265254947
-0.007323943661971831,-0.009003762677798094,left_cubic_extension,-7.323943661971831,-9.003762677798093
-0.0072323943661971824,-0.008990457022994523,left_cubic_extension,-7.232394366197182,-8.990457022994523
-0.007140845070422535,-0.00897714929839396,left_cubic_extension,-7.140845070422535,-8.977149298393961
-0.007049295774647887,-0.008963839501546136,left_cubic_extension,-7.049295774647887,-8.963839501546136
-0.006957746478873239,-0.008950527630000772,left_cubic_extension,-6.957746478873239,-8.950527630000773
-0.006866197183098591,-0.008937213681307598,left_cubic_extension,-6.866197183098591,-8.937213681307599
-0.0067746478873239434,-0.00892389765301634,left_cubic_extension,-6.774647887323943,-8.92389765301634
-0.006683098591549296,-0.008910579542676727,left_cubic_extension,-6.683098591549296,-8.910579542676727
-0.006591549295774647,-0.008897259347838483,left_cubic_extension,-6.591549295774647,-8.897259347838483
-0.0065,-0.008883937066051334,left_cubic_extension,-6.5,-8.883937066051335
-0.006408450704225352,-0.008870612694865011,left_cubic_extension,-6.408450704225352,-8.870612694865011
-0.006316901408450704,-0.008857286231829237,left_cubic_extension,-6.316901408450704,-8.857286231829237
-0.006225352112676056,-0.008843957674493742,left_cubic_extension,-6.225352112676056,-8.843957674493742
-0.006133802816901408,-0.008830627020408249,left_cubic_extension,-6.133802816901408,-8.830627020408249
-0.00604225352112676,-0.008817294267122487,left_cubic_extension,-6.04225352112676,-8.817294267122486
-0.005950704225352112,-0.008803959412186183,left_cubic_extension,-5.950704225352112,-8.803959412186183
-0.005859154929577465,-0.008790622453149065,left_cubic_extension,-5.859154929577465,-8.790622453149064
-0.005767605633802817,-0.008777283387560855,left_cubic_extension,-5.767605633802817,-8.777283387560855
-0.0056760563380281685,-0.008763942212971285,left_cubic_extension,-5.676056338028168,-8.763942212971285
-0.005584507042253521,-0.00875059892693008,left_cubic_extension,-5.584507042253521,-8.75059892693008
-0.005492957746478873,-0.008737253526986965,left_cubic_extension,-5.492957746478873,-8.737253526986965
-0.005401408450704225,-0.00872390601069167,left_cubic_extension,-5.401408450704225,-8.72390601069167
-0.005309859154929577,-0.008710556375593918,left_cubic_extension,-5.309859154929577,-8.710556375593919
-0.0052183098591549295,-0.008697204619243441,left_cubic_extension,-5.218309859154929,-8.697204619243442
-0.005126760563380281,-0.008683850739189961,left_cubic_extension,-5.126760563380281,-8.68385073918996
-0.005035211267605633,-0.008670494732983206,left_cubic_extension,-5.035211267605633,-8.670494732983206
-0.004943661971830986,-0.008657136598172905,left_cubic_extension,-4.943661971830986,-8.657136598172904
-0.004852112676056338,-0.008643776332308784,left_cubic_extension,-4.852112676056338,-8.643776332308784
-0.0047605633802816905,-0.008630413932940567,left_cubic_extension,-4.76056338028169,-8.630413932940566
-0.004669014084507041,-0.008617049397617982,left_cubic_extension,-4.669014084507041,-8.617049397617983
-0.0045774647887323935,-0.008603682723890758,left_cubic_extension,-4.577464788732393,-8.603682723890758
-0.004485915492957746,-0.00859031390930862,left_cubic_extension,-4.485915492957746,-8.59031390930862
-0.004394366197183098,-0.008576942951421297,left_cubic_extension,-4.394366197183098,-8.576942951421296
-0.004302816901408451,-0.00856356984777851,left_cubic_extension,-4.302816901408451,-8.56356984777851
-0.004211267605633803,-0.008550194595929993,left_cubic_extension,-4.211267605633803,-8.550194595929993
-0.004119718309859155,-0.008536817193425469,left_cubic_extension,-4.119718309859155,-8.536817193425469
-0.004028169014084506,-0.008523437637814666,left_cubic_extension,-4.028169014084506,-8.523437637814666
-0.003936619718309858,-0.008510055926647308,left_cubic_extension,-3.936619718309858,-8.510055926647308
-0.0038450704225352107,-0.008496672057473127,left_cubic_extension,-3.8450704225352106,-8.496672057473127
-0.003753521126760563,-0.008483286027841845,left_cubic_extension,-3.753521126760563,-8.483286027841844
-0.0036619718309859155,-0.008469897835303192,left_cubic_extension,-3.6619718309859155,-8.469897835303192
-0.003570422535211268,-0.008456507477406892,left_cubic_extension,-3.570422535211268,-8.456507477406893
-0.0034788732394366202,-0.008443114951702673,left_cubic_extension,-3.4788732394366204,-8.443114951702674
-0.003387323943661971,-0.008429720255740262,left_cubic_extension,-3.3873239436619706,-8.429720255740262
-0.0032957746478873232,-0.008416323387069387,left_cubic_extension,-3.295774647887323,-8.416323387069387
-0.0032042253521126756,-0.008402924343239773,left_cubic_extension,-3.2042253521126756,-8.402924343239773
-0.003112676056338028,-0.008389523121801147,left_cubic_extension,-3.112676056338028,-8.389523121801147
-0.0030211267605633804,-0.008376119720303237,left_cubic_extension,-3.0211267605633805,-8.376119720303237
-0.0029295774647887327,-0.008362714136295768,left_cubic_extension,-2.929577464788733,-8.362714136295768
-0.002838028169014085,-0.008349306367328469,left_cubic_extension,-2.838028169014085,-8.349306367328468
-0.0027464788732394357,-0.008335896410951065,left_cubic_extension,-2.7464788732394356,-8.335896410951065
-0.002654929577464788,-0.008322484264713284,left_cubic_extension,-2.654929577464788,-8.322484264713284
-0.0025633802816901405,-0.008309069926164852,left_cubic_extension,-2.5633802816901405,-8.309069926164852
-0.002471830985915493,-0.008295653392855496,left_cubic_extension,-2.471830985915493,-8.295653392855497
-0.0023802816901408452,-0.008282234662334943,left_cubic_extension,-2.380281690140845,-8.282234662334943
-0.0022887323943661976,-0.008268813732152918,left_cubic_extension,-2.2887323943661975,-8.268813732152918
-0.0021971830985915482,-0.008255390599859152,left_cubic_extension,-2.197183098591548,-8.255390599859151
-0.0021056338028169006,-0.008241965263003368,left_cubic_extension,-2.1056338028169006,-8.241965263003367
-0.002014084507042253,-0.008228537719135294,left_cubic_extension,-2.014084507042253,-8.228537719135295
-0.0019225352112676054,-0.008215107965804656,left_cubic_extension,-1.9225352112676053,-8.215107965804656
-0.0018309859154929577,-0.008201676000561183,left_cubic_extension,-1.8309859154929577,-8.201676000561182
-0.0017394366197183101,-0.0081882418209546,left_cubic_extension,-1.7394366197183102,-8.1882418209546
-0.0016478873239436625,-0.008174805424534635,left_cubic_extension,-1.6478873239436624,-8.174805424534636
-0.0015563380281690131,-0.008161366808851012,left_cubic_extension,-1.5563380281690131,-8.161366808851012
-0.0014647887323943655,-0.008147925971453461,left_cubic_extension,-1.4647887323943656,-8.14792597145346
-0.0013732394366197179,-0.008134482909891709,left_cubic_extension,-1.3732394366197178,-8.134482909891709
-0.0012816901408450702,-0.00812103762171548,left_cubic_extension,-1.2816901408450703,-8.12103762171548
-0.0011901408450704226,-0.008107590104474503,left_cubic_extension,-1.1901408450704225,-8.107590104474504
-0.001098591549295775,-0.008094140355718503,left_cubic_extension,-1.098591549295775,-8.094140355718503
-0.0010070422535211274,-0.008080688372997209,left_cubic_extension,-1.0070422535211274,-8.080688372997209
-0.000915492957746478,-0.008067234153860346,left_cubic_extension,-0.915492957746478,-8.067234153860346
-0.0008239436619718304,-0.008053777695857642,left_cubic_extension,-0.8239436619718303,-8.053777695857642
-0.0007323943661971827,-0.008040318996538823,left_cubic_extension,-0.7323943661971828,-8.040318996538824
-0.0006408450704225351,-0.008026858053453614,left_cubic_extension,-0.6408450704225351,-8.026858053453614
-0.0005492957746478875,-0.008013394864151747,left_cubic_extension,-0.5492957746478875,-8.013394864151747
-0.00045774647887323987,-0.007999929426182944,left_cubic_extension,-0.4577464788732399,-7.999929426182944
-0.00036619718309859224,-0.007986461737096934,left_cubic_extension,-0.3661971830985922,-7.986461737096934
-0.0002746478873239429,-0.007972991794443444,left_cubic_extension,-0.27464788732394285,-7.972991794443444
-0.00018309859154929525,-0.007959519595772199,left_cubic_extension,-0.18309859154929525,-7.959519595772199
-9.154929577464763e-05,-0.007946045138632927,left_cubic_extension,-0.09154929577464763,-7.946045138632927
0.0,-0.0079325471085013,original_variable_s_data,0.0,-7.9325471085013
9.25e-05,-0.0079189294356314,original_variable_s_data,0.0925,-7.918929435631401
0.000185,-0.0079053094144943,original_variable_s_data,0.185,-7.905309414494299
0.0002774999999999,-0.0078916870430452,original_variable_s_data,0.2774999999999,-7.8916870430452
0.00037,-0.0078780623192369,original_variable_s_data,0.37,-7.878062319236901
0.0004625,-0.0078644352410195,original_variable_s_data,0.4625,-7.864435241019501
0.0005549999999999,-0.0078508058063405,original_variable_s_data,0.5549999999999,-7.8508058063405
0.0006475,-0.0078371740131448,original_variable_s_data,0.6475,-7.8371740131448
0.00074,-0.007823539859375,original_variable_s_data,0.74,-7.823539859375001
0.0008325,-0.0078099033429709,original_variable_s_data,0.8325,-7.8099033429709
0.000925,-0.0077962644618696,original_variable_s_data,0.925,-7.796264461869599
0.0010175,-0.007782623214006,original_variable_s_data,1.0174999999999998,-7.7826232140060005
0.0011099999999999,-0.0077689795973122,original_variable_s_data,1.1099999999999,-7.7689795973122004
0.0012025,-0.0077553336097176,original_variable_s_data,1.2025,-7.7553336097176
0.001295,-0.0077416852491492,original_variable_s_data,1.295,-7.7416852491492
0.0013875,-0.0077280345135313,original_variable_s_data,1.3875,-7.7280345135313
0.00148,-0.0077143814007856,original_variable_s_data,1.48,-7.714381400785601
0.0015725,-0.0077007259088312,original_variable_s_data,1.5724999999999998,-7.7007259088312
0.001665,-0.0076870680355847,original_variable_s_data,1.665,-7.6870680355847005
0.0017575,-0.0076734077789598,original_variable_s_data,1.7574999999999998,-7.6734077789598
0.00185,-0.007659745136868,original_variable_s_data,1.85,-7.6597451368680005
0.0019425,-0.0076460801072177,original_variable_s_data,1.9425,-7.6460801072177
0.002035,-0.0076324126879151,original_variable_s_data,2.0349999999999997,-7.6324126879150995
0.0021275,-0.0076187428768635,original_variable_s_data,2.1275,-7.6187428768635
0.0022199999999999,-0.0076050706719635,original_variable_s_data,2.2199999999999,-7.6050706719634995
0.0023125,-0.0075913960711134,original_variable_s_data,2.3125,-7.5913960711134
0.002405,-0.0075777190722085,original_variable_s_data,2.405,-7.5777190722085
0.0024975,-0.0075640396731416,original_variable_s_data,2.4975,-7.5640396731415995
0.00259,-0.0075503578718028,original_variable_s_data,2.59,-7.5503578718028
0.0026825,-0.0075366736660796,original_variable_s_data,2.6825,-7.5366736660796
0.002775,-0.0075229870538569,original_variable_s_data,2.775,-7.5229870538569
0.0028675,-0.0075092980330166,original_variable_s_data,2.8674999999999997,-7.5092980330166
0.00296,-0.0074956066014382,original_variable_s_data,2.96,-7.4956066014382
0.0030525,-0.0074819127569986,original_variable_s_data,3.0525,-7.4819127569986
0.003145,-0.0074682164975718,original_variable_s_data,3.1449999999999996,-7.468216497571801
0.0032375,-0.0074545178210291,original_variable_s_data,3.2375,-7.4545178210291
0.00333,-0.0074408167252392,original_variable_s_data,3.33,-7.4408167252392
0.0034224999999999,-0.0074271132080682,original_variable_s_data,3.4224999999999,-7.427113208068199
0.003515,-0.0074134072673793,original_variable_s_data,3.5149999999999997,-7.4134072673792994
0.0036075,-0.0073996989010331,original_variable_s_data,3.6075,-7.3996989010331005
0.0037,-0.0073859881068874,original_variable_s_data,3.7,-7.3859881068874005
0.0037925,-0.0073722748827974,original_variable_s_data,3.7925,-7.3722748827974005
0.003885,-0.0073585592266154,original_variable_s_data,3.885,-7.3585592266154
0.0039775,-0.0073448411361912,original_variable_s_data,3.9775,-7.3448411361912
0.00407,-0.0073311206093718,original_variable_s_data,4.069999999999999,-7.3311206093718
0.0041624999999999,-0.0073173976440012,original_variable_s_data,4.1624999999999,-7.3173976440012005
0.004255,-0.007303672237921,original_variable_s_data,4.255,-7.303672237921
0.0043475,-0.0072899443889699,original_variable_s_data,4.3475,-7.2899443889699
0.0044399999999999,-0.0072762140949838,original_variable_s_data,4.4399999999999,-7.2762140949838
0.0045325,-0.007262481353796,original_variable_s_data,4.5325,-7.262481353796
0.004625,-0.0072487461632368,original_variable_s_data,4.625,-7.248746163236801
0.0047175,-0.007235008521134,original_variable_s_data,4.7175,-7.235008521134
0.00481,-0.0072212684253125,original_variable_s_data,4.81,-7.2212684253125
0.0049025,-0.0072075258735943,original_variable_s_data,4.9025,-7.2075258735943
0.004995,-0.0071937808637988,original_variable_s_data,4.995,-7.1937808637988
0.0050875,-0.0071800333937426,original_variable_s_data,5.0875,-7.1800333937426
0.00518,-0.0071662834612394,original_variable_s_data,5.18,-7.1662834612393995
0.0052725,-0.0071525310641001,original_variable_s_data,5.2725,-7.1525310641001
0.005365,-0.0071387762001329,original_variable_s_data,5.365,-7.1387762001329005
0.0054575,-0.0071250188671432,original_variable_s_data,5.4575,-7.1250188671432
0.00555,-0.0071112590629335,original_variable_s_data,5.55,-7.111259062933501
0.0056425,-0.0070974967853035,original_variable_s_data,5.6425,-7.0974967853035
0.005735,-0.00708373203205,original_variable_s_data,5.734999999999999,-7.08373203205
0.0058275,-0.0070699648009672,original_variable_s_data,5.827500000000001,-7.069964800967201
0.00592,-0.0070561950898463,original_variable_s_data,5.92,-7.0561950898463
0.0060125,-0.0070424228964756,original_variable_s_data,6.012499999999999,-7.0424228964756
0.006105,-0.0070286482186408,original_variable_s_data,6.105,-7.0286482186408
0.0061975,-0.0070148710541245,original_variable_s_data,6.1975,-7.0148710541245
0.00629,-0.0070010914007066,original_variable_s_data,6.289999999999999,-7.0010914007066
0.0063825,-0.006987309256164,original_variable_s_data,6.3825,-6.987309256164
0.006475,-0.0069735246182708,original_variable_s_data,6.475,-6.9735246182708
0.0065674999999999,-0.0069597374847984,original_variable_s_data,6.5674999999998995,-6.9597374847984
0.00666,-0.0069459478535152,original_variable_s_data,6.66,-6.9459478535152
0.0067525,-0.0069321557221865,original_variable_s_data,6.7524999999999995,-6.9321557221865
0.0068449999999999,-0.0069183610885751,original_variable_s_data,6.844999999999899,-6.9183610885751
0.0069375,-0.0069045639504406,original_variable_s_data,6.9375,-6.9045639504406005
0.00703,-0.0068907643055399,original_variable_s_data,7.029999999999999,-6.890764305539901
0.0071224999999999,-0.006876962151627,original_variable_s_data,7.1224999999999,-6.8769621516270005
0.007215,-0.0068631574864528,original_variable_s_data,7.215,-6.8631574864528
0.0073075,-0.0068493503077655,original_variable_s_data,7.3075,-6.8493503077655005
0.0074,-0.0068355406133103,original_variable_s_data,7.4,-6.8355406133103
0.0074925,-0.0068217284008294,original_variable_s_data,7.4925,-6.8217284008294
0.007585,-0.0068079136680623,original_variable_s_data,7.585,-6.807913668062301
0.0076775,-0.0067940964127453,original_variable_s_data,7.6775,-6.7940964127453
0.00777,-0.006780276632612,original_variable_s_data,7.77,-6.780276632612
0.0078625,-0.0067664543253928,original_variable_s_data,7.8625,-6.7664543253928
0.007955,-0.0067526294888155,original_variable_s_data,7.955,-6.7526294888155
0.0080474999999999,-0.0067388021206045,original_variable_s_data,8.0474999999999,-6.7388021206044995
0.00814,-0.0067249722184818,original_variable_s_data,8.139999999999999,-6.724972218481801
0.0082325,-0.0067111397801658,original_variable_s_data,8.2325,-6.7111397801658
0.0083249999999999,-0.0066973048033725,original_variable_s_data,8.3249999999999,-6.6973048033725
0.0084175,-0.0066834672858146,original_variable_s_data,8.4175,-6.6834672858146
0.00851,-0.0066696272252019,original_variable_s_data,8.51,-6.6696272252019
0.0086024999999999,-0.0066557846192412,original_variable_s_data,8.6024999999999,-6.655784619241199
0.008695,-0.0066419394656364,original_variable_s_data,8.695,-6.6419394656363995
0.0087875,-0.0066280917620883,original_variable_s_data,8.7875,-6.6280917620882995
0.0088799999999999,-0.0066142415062947,original_variable_s_data,8.8799999999999,-6.614241506294699
0.0089725,-0.0066003886959505,original_variable_s_data,8.9725,-6.6003886959505
0.009065,-0.0065865333287474,original_variable_s_data,9.065,-6.5865333287474
0.0091575,-0.0065726754023744,original_variable_s_data,9.1575,-6.572675402374401
0.00925,-0.0065588149145171,original_variable_s_data,9.25,-6.558814914517099
0.0093425,-0.0065449518628583,original_variable_s_data,9.3425,-6.5449518628583
0.009435,-0.0065310862450777,original_variable_s_data,9.435,-6.5310862450777
0.0095275,-0.006517218058852,original_variable_s_data,9.5275,-6.5172180588519995
0.00962,-0.0065033473018549,original_variable_s_data,9.62,-6.5033473018549
0.0097125,-0.0064894739717569,original_variable_s_data,9.7125,-6.4894739717569
0.009805,-0.0064755980662255,original_variable_s_data,9.805,-6.4755980662254995
0.0098975,-0.0064617195829252,original_variable_s_data,9.8975,-6.4617195829252
0.00999,-0.0064478385195174,original_variable_s_data,9.99,-6.4478385195174
0.0100825,-0.0064339548736604,original_variable_s_data,10.0825,-6.4339548736604
0.010175,-0.0064200686430096,original_variable_s_data,10.175,-6.4200686430096
0.0102675,-0.0064061798252169,original_variable_s_data,10.2675,-6.4061798252169
0.01036,-0.0063922884179316,original_variable_s_data,10.36,-6.3922884179316
0.0104525,-0.0063783944187995,original_variable_s_data,10.4525,-6.3783944187995
0.010545,-0.0063644978254636,original_variable_s_data,10.545,-6.3644978254636
0.0106375,-0.0063505986355636,original_variable_s_data,10.6375,-6.3505986355636
0.01073,-0.0063366968467362,original_variable_s_data,10.73,-6.3366968467362
0.0108225,-0.006322792456615,original_variable_s_data,10.8225,-6.322792456615
0.010915,-0.0063088854628303,original_variable_s_data,10.915,-6.3088854628303
0.0110075,-0.0062949758630094,original_variable_s_data,11.0075,-6.2949758630094
0.0111,-0.0062810636547765,original_variable_s_data,11.1,-6.2810636547765
0.0111925,-0.0062671488357527,original_variable_s_data,11.192499999999999,-6.2671488357527
0.011285,-0.0062532314035557,original_variable_s_data,11.285,-6.2532314035556995
0.0113775,-0.0062393113558002,original_variable_s_data,11.377500000000001,-6.2393113558002
0.01147,-0.0062253886900979,original_variable_s_data,11.469999999999999,-6.2253886900979
0.0115625,-0.0062114634040571,original_variable_s_data,11.5625,-6.2114634040571
0.011655,-0.0061975354952831,original_variable_s_data,11.655000000000001,-6.1975354952831
0.0117475,-0.0061836049613778,original_variable_s_data,11.747499999999999,-6.1836049613778
0.01184,-0.0061696717999402,original_variable_s_data,11.84,-6.1696717999401995
0.0119325,-0.0061557360085659,original_variable_s_data,11.932500000000001,-6.1557360085659
0.012025,-0.0061417975848474,original_variable_s_data,12.024999999999999,-6.141797584847399
0.0121175,-0.006127856526374,original_variable_s_data,12.1175,-6.127856526374
0.01221,-0.0061139128307318,original_variable_s_data,12.21,-6.1139128307318
0.0123025,-0.0060999664955036,original_variable_s_data,12.302499999999998,-6.0999664955036
0.012395,-0.0060860175182691,original_variable_s_data,12.395,-6.0860175182691005
0.0124875,-0.0060720658966047,original_variable_s_data,12.4875,-6.0720658966047
0.01258,-0.0060581116280836,original_variable_s_data,12.579999999999998,-6.0581116280836
0.0126725,-0.0060441547102758,original_variable_s_data,12.6725,-6.044154710275801
0.012765,-0.006030195140748,original_variable_s_data,12.765,-6.030195140748001
0.0128575,-0.0060162329170637,original_variable_s_data,12.8575,-6.0162329170637
0.01295,-0.006002268036783,original_variable_s_data,12.95,-6.002268036783
0.0130425,-0.005988300497463,original_variable_s_data,13.0425,-5.988300497462999
0.0131349999999999,-0.0059743302966574,original_variable_s_data,13.1349999999999,-5.9743302966574
0.0132275,-0.0059603574319165,original_variable_s_data,13.2275,-5.9603574319165
0.01332,-0.0059463819007876,original_variable_s_data,13.32,-5.9463819007876
0.0134124999999999,-0.0059324037008145,original_variable_s_data,13.4124999999999,-5.9324037008145005
0.013505,-0.0059184228295378,original_variable_s_data,13.504999999999999,-5.9184228295378
0.0135975,-0.0059044392844947,original_variable_s_data,13.5975,-5.904439284494701
0.0136899999999999,-0.0058904530632193,original_variable_s_data,13.6899999999999,-5.8904530632193
0.0137825,-0.0058764641632421,original_variable_s_data,13.782499999999999,-5.8764641632421
0.013875,-0.0058624725820907,original_variable_s_data,13.875,-5.8624725820906995
0.0139674999999999,-0.0058484783172889,original_variable_s_data,13.9674999999999,-5.8484783172889
0.01406,-0.0058344813663576,original_variable_s_data,14.059999999999999,-5.8344813663576005
0.0141525,-0.0058204817268141,original_variable_s_data,14.1525,-5.8204817268141
0.0142449999999999,-0.0058064793961725,original_variable_s_data,14.2449999999999,-5.8064793961725
0.0143375,-0.0057924743719433,original_variable_s_data,14.3375,-5.7924743719433
0.01443,-0.0057784666516341,original_variable_s_data,14.43,-5.7784666516341
0.0145224999999999,-0.0057644562327487,original_variable_s_data,14.5224999999999,-5.7644562327487
0.014615,-0.0057504431127878,original_variable_s_data,14.615,-5.7504431127878
0.0147075,-0.0057364272892487,original_variable_s_data,14.7075,-5.7364272892487005
0.0148,-0.0057224087596252,original_variable_s_data,14.8,-5.722408759625201
0.0148925,-0.0057083875214078,original_variable_s_data,14.8925,-5.708387521407801
0.014985,-0.0056943635720836,original_variable_s_data,14.985,-5.6943635720836
0.0150775,-0.0056803369091364,original_variable_s_data,15.0775,-5.6803369091364
0.01517,-0.0056663075300464,original_variable_s_data,15.17,-5.666307530046399
0.0152625,-0.0056522754322905,original_variable_s_data,15.2625,-5.652275432290501
0.015355,-0.0056382406133423,original_variable_s_data,15.355,-5.6382406133423
0.0154475,-0.0056242030706717,original_variable_s_data,15.4475,-5.6242030706717
0.01554,-0.0056101628017455,original_variable_s_data,15.54,-5.6101628017455
0.0156325,-0.0055961198040267,original_variable_s_data,15.6325,-5.5961198040267
0.015725,-0.0055820740749753,original_variable_s_data,15.725,-5.582074074975299
0.0158174999999999,-0.0055680256120474,original_variable_s_data,15.817499999999901,-5.5680256120474
0.01591,-0.005553974412696,original_variable_s_data,15.91,-5.553974412696
0.0160025,-0.0055399204743704,original_variable_s_data,16.002499999999998,-5.5399204743704
0.0160949999999999,-0.0055258637945167,original_variable_s_data,16.0949999999999,-5.5258637945167
0.0161875,-0.0055118043705771,original_variable_s_data,16.1875,-5.511804370577099
0.01628,-0.0054977421999908,original_variable_s_data,16.279999999999998,-5.4977421999908
0.0163724999999999,-0.0054836772801932,original_variable_s_data,16.372499999999903,-5.4836772801932
0.016465,-0.0054696096086163,original_variable_s_data,16.465,-5.4696096086163
0.0165575,-0.0054555391826887,original_variable_s_data,16.5575,-5.4555391826887
0.0166499999999999,-0.0054414659998352,original_variable_s_data,16.649999999999903,-5.4414659998352
0.0167425,-0.0054273900574774,original_variable_s_data,16.7425,-5.4273900574774006
0.016835,-0.0054133113530334,original_variable_s_data,16.835,-5.4133113530334
0.0169274999999999,-0.0053992298839173,original_variable_s_data,16.927499999999903,-5.399229883917299
0.01702,-0.0053851456475404,original_variable_s_data,17.02,-5.3851456475404
0.0171125,-0.0053710586413097,original_variable_s_data,17.1125,-5.3710586413097
0.0172049999999999,-0.0053569688626292,original_variable_s_data,17.204999999999902,-5.3569688626292
0.0172975,-0.0053428763088992,original_variable_s_data,17.2975,-5.3428763088992
0.01739,-0.0053287809775164,original_variable_s_data,17.39,-5.3287809775164
0.0174824999999999,-0.0053146828658738,original_variable_s_data,17.482499999999902,-5.3146828658738
0.017575,-0.005300581971361,original_variable_s_data,17.575,-5.300581971361
0.0176675,-0.0052864782913642,original_variable_s_data,17.6675,-5.2864782913642
0.0177599999999999,-0.0052723718232655,original_variable_s_data,17.759999999999902,-5.2723718232655
0.0178525,-0.0052582625644439,original_variable_s_data,17.8525,-5.2582625644439
0.017945,-0.0052441505122745,original_variable_s_data,17.945,-5.2441505122745005
0.0180375,-0.005230035664129,original_variable_s_data,18.0375,-5.230035664129
0.01813,-0.0052159180173752,original_variable_s_data,18.13,-5.2159180173752
0.0182225,-0.0052017975693777,original_variable_s_data,18.2225,-5.2017975693777
0.018315,-0.005187674317497,original_variable_s_data,18.315,-5.187674317497
0.0184075,-0.0051735482590904,original_variable_s_data,18.4075,-5.1735482590904
0.0185,-0.0051594193915112,original_variable_s_data,18.5,-5.1594193915112
0.0185925,-0.0051452877121093,original_variable_s_data,18.5925,-5.145287712109299
0.018685,-0.0051311532182308,original_variable_s_data,18.685,-5.1311532182308
0.0187775,-0.0051170159072181,original_variable_s_data,18.7775,-5.1170159072181
0.01887,-0.0051028757764102,original_variable_s_data,18.87,-5.1028757764102
0.0189625,-0.0050887328231421,original_variable_s_data,18.9625,-5.0887328231421
0.019055,-0.0050745870447453,original_variable_s_data,19.055,-5.0745870447453
0.0191475,-0.0050604384385475,original_variable_s_data,19.1475,-5.0604384385475
0.01924,-0.0050462870018729,original_variable_s_data,19.24,-5.0462870018729005
0.0193325,-0.0050321327320417,original_variable_s_data,19.3325,-5.0321327320417
0.019425,-0.0050179756263706,original_variable_s_data,19.425,-5.017975626370601
0.0195175,-0.0050038156821726,original_variable_s_data,19.517500000000002,-5.0038156821726
0.01961,-0.0049896528967568,original_variable_s_data,19.61,-4.9896528967568
0.0197025,-0.0049754872674287,original_variable_s_data,19.7025,-4.9754872674287
0.019795,-0.00496131879149,original_variable_s_data,19.795,-4.96131879149
0.0198875,-0.0049471474662387,original_variable_s_data,19.8875,-4.9471474662387
0.01998,-0.0049329732889689,original_variable_s_data,19.98,-4.9329732889689
0.0200725,-0.0049187962569712,original_variable_s_data,20.0725,-4.9187962569712
0.020165,-0.0049046163675322,original_variable_s_data,20.165,-4.904616367532199
0.0202575,-0.0048904336179349,original_variable_s_data,20.2575,-4.8904336179348995
0.02035,-0.0048762480054583,original_variable_s_data,20.35,-4.8762480054583
0.0204425,-0.0048620595273777,original_variable_s_data,20.4425,-4.8620595273777
0.020535,-0.0048478681809648,original_variable_s_data,20.535,-4.8478681809648005
0.0206275,-0.0048336739634871,original_variable_s_data,20.6275,-4.8336739634871
0.02072,-0.0048194768722087,original_variable_s_data,20.72,-4.8194768722087
0.0208125,-0.0048052769043895,original_variable_s_data,20.8125,-4.805276904389499
0.020905,-0.0047910740572859,original_variable_s_data,20.905,-4.7910740572859005
0.0209975,-0.0047768683281502,original_variable_s_data,20.9975,-4.7768683281502
0.02109,-0.0047626597142311,original_variable_s_data,21.09,-4.7626597142311
0.0211825,-0.0047484482127731,original_variable_s_data,21.1825,-4.7484482127731
0.021275,-0.0047342338210173,original_variable_s_data,21.275,-4.7342338210173
0.0213675,-0.0047200165362005,original_variable_s_data,21.3675,-4.7200165362005
0.02146,-0.0047057963555559,original_variable_s_data,21.46,-4.7057963555559
0.0215525,-0.0046915732763128,original_variable_s_data,21.5525,-4.6915732763128
0.021645,-0.0046773472956964,original_variable_s_data,21.645,-4.6773472956964
0.0217375,-0.0046631184109282,original_variable_s_data,21.7375,-4.663118410928201
0.02183,-0.0046488866192258,original_variable_s_data,21.83,-4.6488866192258
0.0219225,-0.0046346519178028,original_variable_s_data,21.9225,-4.6346519178028
0.022015,-0.0046204143038688,original_variable_s_data,22.015,-4.6204143038688
0.0221075,-0.0046061737746298,original_variable_s_data,22.107499999999998,-4.6061737746298
0.0222,-0.0045919303272874,original_variable_s_data,22.2,-4.5919303272873995
0.0222925,-0.0045776839590396,original_variable_s_data,22.2925,-4.5776839590396
0.022385,-0.0045634346670804,original_variable_s_data,22.384999999999998,-4.563434667080401
0.0224775,-0.0045491824485998,original_variable_s_data,22.477500000000003,-4.5491824485998
0.02257,-0.0045349273007837,original_variable_s_data,22.57,-4.5349273007837
0.0226625,-0.0045206692208143,original_variable_s_data,22.662499999999998,-4.5206692208143
0.022755,-0.0045064082058695,original_variable_s_data,22.755000000000003,-4.5064082058695005
0.0228475,-0.0044921442531236,original_variable_s_data,22.8475,-4.4921442531236
0.02294,-0.0044778773597464,original_variable_s_data,22.939999999999998,-4.4778773597464
0.0230325,-0.0044636075229042,original_variable_s_data,23.032500000000002,-4.4636075229042
0.023125,-0.004449334739759,original_variable_s_data,23.125,-4.449334739759
0.0232175,-0.0044350590074688,original_variable_s_data,23.217499999999998,-4.4350590074688
0.02331,-0.0044207803231877,original_variable_s_data,23.310000000000002,-4.420780323187699
0.0234025,-0.0044064986840655,original_variable_s_data,23.4025,-4.406498684065499
0.023495,-0.0043922140872483,original_variable_s_data,23.494999999999997,-4.3922140872483
0.0235875,-0.0043779265298778,original_variable_s_data,23.587500000000002,-4.377926529877801
0.02368,-0.004363636009092,original_variable_s_data,23.68,-4.363636009092001
0.0237725,-0.0043493425220245,original_variable_s_data,23.772499999999997,-4.3493425220245
0.023865,-0.0043350460658051,original_variable_s_data,23.865000000000002,-4.335046065805099
0.0239575,-0.0043207466375592,original_variable_s_data,23.9575,-4.3207466375592
0.02405,-0.0043064442344084,original_variable_s_data,24.049999999999997,-4.3064442344084
0.0241425,-0.0042921388534701,original_variable_s_data,24.142500000000002,-4.2921388534701
0.024235,-0.0042778304918575,original_variable_s_data,24.235,-4.2778304918575
0.0243275,-0.0042635191466798,original_variable_s_data,24.327499999999997,-4.2635191466797995
0.02442,-0.0042492048150421,original_variable_s_data,24.42,-4.2492048150421
0.0245125,-0.0042348874940451,original_variable_s_data,24.5125,-4.2348874940451
0.024605,-0.0042205671807857,original_variable_s_data,24.604999999999997,-4.2205671807857
0.0246975,-0.0042062438723565,original_variable_s_data,24.6975,-4.2062438723565
0.02479,-0.0041919175658458,original_variable_s_data,24.79,-4.1919175658458
0.0248825,-0.0041775882583381,original_variable_s_data,24.882499999999997,-4.1775882583381
0.024975,-0.0041632559469133,original_variable_s_data,24.975,-4.1632559469133
0.0250675,-0.0041489206286474,original_variable_s_data,25.0675,-4.1489206286474
0.02516,-0.0041345823006121,original_variable_s_data,25.159999999999997,-4.1345823006121
0.0252525,-0.004120240959875,original_variable_s_data,25.2525,-4.120240959875
0.025345,-0.0041058966034993,original_variable_s_data,25.345,-4.105896603499301
0.0254375,-0.0040915492285442,original_variable_s_data,25.4375,-4.0915492285442
0.02553,-0.0040771988320644,original_variable_s_data,25.53,-4.0771988320644
0.0256225,-0.0040628454111107,original_variable_s_data,25.6225,-4.0628454111107
0.025715,-0.0040484889627294,original_variable_s_data,25.715,-4.0484889627294
0.0258075,-0.0040341294839627,original_variable_s_data,25.8075,-4.0341294839627
0.0259,-0.0040197669718484,original_variable_s_data,25.9,-4.0197669718484
0.0259924999999999,-0.0040054014234202,original_variable_s_data,25.9924999999999,-4.0054014234202
0.026085,-0.0039910328357073,original_variable_s_data,26.085,-3.9910328357072995
0.0261775,-0.0039766612057349,original_variable_s_data,26.1775,-3.9766612057349
0.0262699999999999,-0.0039622865305237,original_variable_s_data,26.2699999999999,-3.9622865305237003
0.0263625,-0.0039479088070901,original_variable_s_data,26.3625,-3.9479088070900996
0.026455,-0.0039335280324463,original_variable_s_data,26.455,-3.9335280324463002
0.0265474999999999,-0.0039191442036001,original_variable_s_data,26.5474999999999,-3.9191442036000996
0.02664,-0.003904757317555,original_variable_s_data,26.64,-3.904757317555
0.0267325,-0.0038903673713101,original_variable_s_data,26.732499999999998,-3.8903673713101
0.0268249999999999,-0.0038759743618602,original_variable_s_data,26.8249999999999,-3.8759743618602003
0.0269175,-0.0038615782861959,original_variable_s_data,26.9175,-3.8615782861959
0.02701,-0.0038471791413031,original_variable_s_data,27.009999999999998,-3.8471791413031
0.0271024999999999,-0.0038327769241636,original_variable_s_data,27.1024999999999,-3.8327769241636
0.027195,-0.0038183716317547,original_variable_s_data,27.195,-3.8183716317547
0.0272875,-0.0038039632610494,original_variable_s_data,27.287499999999998,-3.8039632610494
0.0273799999999999,-0.0037895518090161,original_variable_s_data,27.3799999999999,-3.7895518090161002
0.0274725,-0.0037751372726191,original_variable_s_data,27.4725,-3.7751372726191
0.027565,-0.0037607196488181,original_variable_s_data,27.564999999999998,-3.7607196488181
0.0276574999999999,-0.0037462989345683,original_variable_s_data,27.6574999999999,-3.7462989345683
0.02775,-0.0037318751268206,original_variable_s_data,27.75,-3.7318751268206
0.0278425,-0.0037174482225214,original_variable_s_data,27.842499999999998,-3.7174482225214
0.0279349999999999,-0.0037030182186127,original_variable_s_data,27.9349999999999,-3.7030182186127
0.0280275,-0.0036885851120319,original_variable_s_data,28.0275,-3.6885851120319
0.02812,-0.0036741488997121,original_variable_s_data,28.119999999999997,-3.6741488997120997
0.0282124999999999,-0.0036597095785819,original_variable_s_data,28.2124999999999,-3.6597095785819
0.028305,-0.0036452671455652,original_variable_s_data,28.305,-3.6452671455652
0.0283975,-0.0036308215975817,original_variable_s_data,28.3975,-3.6308215975817
0.0284899999999999,-0.0036163729315464,original_variable_s_data,28.489999999999903,-3.6163729315464
0.0285825,-0.0036019211443697,original_variable_s_data,28.5825,-3.6019211443697
0.028675,-0.0035874662329578,original_variable_s_data,28.675,-3.5874662329577998
0.0287674999999999,-0.0035730081942122,original_variable_s_data,28.767499999999902,-3.5730081942122
0.02886,-0.0035585470250296,original_variable_s_data,28.86,-3.5585470250296
0.0289525,-0.0035440827223025,original_variable_s_data,28.9525,-3.5440827223025
0.0290449999999999,-0.0035296152829187,original_variable_s_data,29.044999999999902,-3.5296152829187
0.0291375,-0.0035151447037615,original_variable_s_data,29.1375,-3.5151447037615
0.02923,-0.0035006709817094,original_variable_s_data,29.23,-3.5006709817094
0.0293224999999999,-0.0034861941136366,original_variable_s_data,29.322499999999902,-3.4861941136366
0.029415,-0.0034717140964126,original_variable_s_data,29.415,-3.4717140964126
0.0295075,-0.0034572309269021,original_variable_s_data,29.5075,-3.4572309269021
0.0296,-0.0034427446019654,original_variable_s_data,29.6,-3.4427446019654
0.0296925,-0.0034282551184581,original_variable_s_data,29.6925,-3.4282551184581
0.029785,-0.0034137624732312,original_variable_s_data,29.785,-3.4137624732312
0.0298775,-0.0033992666631309,original_variable_s_data,29.8775,-3.3992666631309003
0.02997,-0.003384767684999,original_variable_s_data,29.97,-3.3847676849990003
0.0300625,-0.0033702655356725,original_variable_s_data,30.0625,-3.3702655356725
0.030155,-0.0033557602119836,original_variable_s_data,30.155,-3.3557602119836
0.0302475,-0.00334125171076,original_variable_s_data,30.2475,-3.34125171076
0.03034,-0.0033267400288246,original_variable_s_data,30.34,-3.3267400288246
0.0304325,-0.0033122251629957,original_variable_s_data,30.4325,-3.3122251629957002
0.030525,-0.0032977071100867,original_variable_s_data,30.525,-3.2977071100867
0.0306175,-0.0032831858669065,original_variable_s_data,30.6175,-3.2831858669065
0.03071,-0.0032686614302591,original_variable_s_data,30.71,-3.2686614302591
0.0308025,-0.0032541337969438,original_variable_s_data,30.8025,-3.2541337969438002
0.030895,-0.0032396029637551,original_variable_s_data,30.895,-3.2396029637551
0.0309875,-0.0032250689274829,original_variable_s_data,30.9875,-3.2250689274829
0.03108,-0.0032105316849121,original_variable_s_data,31.08,-3.2105316849121
0.0311725,-0.0031959912328231,original_variable_s_data,31.1725,-3.1959912328230997
0.031265,-0.0031814475679912,original_variable_s_data,31.265,-3.1814475679912
0.0313574999999999,-0.003166900687187,original_variable_s_data,31.3574999999999,-3.166900687187
0.03145,-0.0031523505871764,original_variable_s_data,31.45,-3.1523505871763997
0.0315425,-0.0031377972647204,original_variable_s_data,31.5425,-3.1377972647204
0.0316349999999999,-0.0031232407165751,original_variable_s_data,31.6349999999999,-3.1232407165750997
0.0317275,-0.0031086809394919,original_variable_s_data,31.7275,-3.1086809394919
0.03182,-0.0030941179302171,original_variable_s_data,31.82,-3.0941179302171
0.0319124999999999,-0.0030795516854925,original_variable_s_data,31.9124999999999,-3.0795516854925
0.032005,-0.0030649822020547,original_variable_s_data,32.004999999999995,-3.0649822020547
0.0320975,-0.0030504094766356,original_variable_s_data,32.097500000000004,-3.0504094766356
0.0321899999999999,-0.0030358335059622,original_variable_s_data,32.1899999999999,-3.0358335059622
0.0322825,-0.0030212542867563,original_variable_s_data,32.2825,-3.0212542867563
0.032375,-0.0030066718157353,original_variable_s_data,32.375,-3.0066718157353
0.0324674999999999,-0.0029920860896113,original_variable_s_data,32.4674999999999,-2.9920860896112997
0.03256,-0.0029774971050914,original_variable_s_data,32.559999999999995,-2.9774971050914
0.0326525,-0.0029629048588782,original_variable_s_data,32.6525,-2.9629048588782
0.0327449999999999,-0.0029483093476689,original_variable_s_data,32.7449999999999,-2.9483093476689
0.0328375,-0.0029337105681559,original_variable_s_data,32.8375,-2.9337105681558997
0.03293,-0.0029191085170267,original_variable_s_data,32.93,-2.9191085170266997
0.0330224999999999,-0.0029045031909636,original_variable_s_data,33.0224999999999,-2.9045031909636
0.033115,-0.0028898945866442,original_variable_s_data,33.115,-2.8898945866442
0.0332075,-0.0028752827007407,original_variable_s_data,33.2075,-2.8752827007407
0.0332999999999999,-0.0028606675299208,original_variable_s_data,33.2999999999999,-2.8606675299208
0.0333925,-0.0028460490708466,original_variable_s_data,33.3925,-2.8460490708466
0.033485,-0.0028314273201756,original_variable_s_data,33.485,-2.8314273201756
0.0335774999999999,-0.00281680227456,original_variable_s_data,33.5774999999999,-2.81680227456
0.03367,-0.002802173930647,original_variable_s_data,33.67,-2.8021739306469997
0.0337625,-0.0027875422850789,original_variable_s_data,33.7625,-2.7875422850789002
0.0338549999999999,-0.0027729073344927,original_variable_s_data,33.8549999999999,-2.7729073344926998
0.0339475,-0.0027582690755203,original_variable_s_data,33.9475,-2.7582690755203
0.03404,-0.0027436275047887,original_variable_s_data,34.04,-2.7436275047887
0.0341324999999999,-0.0027289826189195,original_variable_s_data,34.1324999999999,-2.7289826189195
0.034225,-0.0027143344145294,original_variable_s_data,34.225,-2.7143344145294
0.0343175,-0.00269968288823,original_variable_s_data,34.3175,-2.69968288823
0.0344099999999999,-0.0026850280366275,original_variable_s_data,34.4099999999999,-2.6850280366275
0.0345025,-0.0026703698563232,original_variable_s_data,34.5025,-2.6703698563232
0.034595,-0.002655708343913,original_variable_s_data,34.595,-2.655708343913
0.0346874999999999,-0.0026410434959879,original_variable_s_data,34.6874999999999,-2.6410434959879
0.03478,-0.0026263753091334,original_variable_s_data,34.78,-2.6263753091334
0.0348725,-0.0026117037799301,original_variable_s_data,34.8725,-2.6117037799301
0.0349649999999999,-0.002597028904953,original_variable_s_data,34.9649999999999,-2.597028904953
0.0350575,-0.0025823506807723,original_variable_s_data,35.0575,-2.5823506807723
0.03515,-0.0025676691039528,original_variable_s_data,35.15,-2.5676691039528
0.0352424999999999,-0.0025529841710539,original_variable_s_data,35.2424999999999,-2.5529841710539003
0.035335,-0.0025382958786299,original_variable_s_data,35.335,-2.5382958786299
0.0354275,-0.0025236042232298,original_variable_s_data,35.4275,-2.5236042232298
0.0355199999999999,-0.0025089092013974,original_variable_s_data,35.5199999999999,-2.5089092013974
0.0356125,-0.0024942108096711,original_variable_s_data,35.6125,-2.4942108096710998
0.035705,-0.002479509044584,original_variable_s_data,35.705,-2.4795090445840002
0.0357975,-0.0024648039026639,original_variable_s_data,35.7975,-2.4648039026639
0.03589,-0.0024500953804333,original_variable_s_data,35.89,-2.4500953804333
0.0359825,-0.0024353834744093,original_variable_s_data,35.9825,-2.4353834744093
0.036075,-0.0024206681811038,original_variable_s_data,36.075,-2.4206681811038
0.0361675,-0.0024059494970233,original_variable_s_data,36.1675,-2.4059494970233
0.03626,-0.0023912274186687,original_variable_s_data,36.26,-2.3912274186687
0.0363525,-0.0023765019425358,original_variable_s_data,36.352500000000006,-2.3765019425358
0.036445,-0.0023617730651148,original_variable_s_data,36.445,-2.3617730651148
0.0365375,-0.0023470407828907,original_variable_s_data,36.5375,-2.3470407828907
0.03663,-0.002332305092343,original_variable_s_data,36.63,-2.3323050923429998
0.0367225,-0.0023175659899456,original_variable_s_data,36.7225,-2.3175659899456003
0.036815,-0.0023028234721673,original_variable_s_data,36.815,-2.3028234721673
0.0369075,-0.002288077535471,original_variable_s_data,36.907500000000006,-2.288077535471
0.037,-0.0022733281763146,original_variable_s_data,37.0,-2.2733281763146
0.0370925,-0.0022585753911503,original_variable_s_data,37.0925,-2.2585753911503
0.037185,-0.0022438191764247,original_variable_s_data,37.185,-2.2438191764247
0.0372775,-0.0022290595285791,original_variable_s_data,37.277499999999996,-2.2290595285791
0.03737,-0.0022142964440493,original_variable_s_data,37.37,-2.2142964440493
0.0374625,-0.0021995299192654,original_variable_s_data,37.462500000000006,-2.1995299192654
0.037555,-0.002184759950652,original_variable_s_data,37.555,-2.184759950652
0.0376475,-0.0021699865346283,original_variable_s_data,37.6475,-2.1699865346283
0.03774,-0.0021552096676078,original_variable_s_data,37.74,-2.1552096676078003
0.0378325,-0.0021404293459986,original_variable_s_data,37.832499999999996,-2.1404293459986
0.037925,-0.002125645566203,original_variable_s_data,37.925,-2.125645566203
0.0380175,-0.0021108583246178,original_variable_s_data,38.017500000000005,-2.1108583246177997
0.03811,-0.0020960676176342,original_variable_s_data,38.11,-2.0960676176342
0.0382025,-0.0020812734416379,original_variable_s_data,38.2025,-2.0812734416379
0.038295,-0.0020664757930086,original_variable_s_data,38.295,-2.0664757930086
0.0383875,-0.0020516746681209,original_variable_s_data,38.387499999999996,-2.0516746681209
0.03848,-0.0020368700633432,original_variable_s_data,38.48,-2.0368700633432
0.0385725,-0.0020220619750386,original_variable_s_data,38.572500000000005,-2.0220619750386
0.038665,-0.0020072503995643,original_variable_s_data,38.665,-2.0072503995643
0.0387575,-0.0019924353332721,original_variable_s_data,38.7575,-1.9924353332720999
0.03885,-0.0019776167725077,original_variable_s_data,38.85,-1.9776167725076998
0.0389425,-0.0019627947136114,original_variable_s_data,38.942499999999995,-1.9627947136114
0.039035,-0.0019479691529177,original_variable_s_data,39.035000000000004,-1.9479691529177
0.0391275,-0.0019331400867551,original_variable_s_data,39.127500000000005,-1.9331400867550999
0.03922,-0.0019183075114467,original_variable_s_data,39.22,-1.9183075114467
0.0393125,-0.0019034714233097,original_variable_s_data,39.3125,-1.9034714233096999
0.039405,-0.0018886318186555,original_variable_s_data,39.405,-1.8886318186555
0.0394975,-0.0018737886937897,original_variable_s_data,39.497499999999995,-1.8737886937897001
0.03959,-0.001858942045012,original_variable_s_data,39.59,-1.858942045012
0.0396825,-0.0018440918686166,original_variable_s_data,39.682500000000005,-1.8440918686166001
0.039775,-0.0018292381608915,original_variable_s_data,39.775,-1.8292381608915
0.0398675,-0.001814380918119,original_variable_s_data,39.8675,-1.814380918119
0.03996,-0.0017995201365757,original_variable_s_data,39.96,-1.7995201365756999
0.0400525,-0.0017846558125321,original_variable_s_data,40.052499999999995,-1.7846558125321
0.040145,-0.0017697879422529,original_variable_s_data,40.145,-1.7697879422529
0.0402375,-0.0017549165219969,original_variable_s_data,40.237500000000004,-1.7549165219968998
0.04033,-0.0017400415480171,original_variable_s_data,40.33,-1.7400415480170999
0.0404225,-0.0017251630165603,original_variable_s_data,40.4225,-1.7251630165603
0.040515,-0.0017102809238677,original_variable_s_data,40.515,-1.7102809238677
0.0406075,-0.0016953952661744,original_variable_s_data,40.607499999999995,-1.6953952661743998
0.0407,-0.0016805060397094,original_variable_s_data,40.7,-1.6805060397094
0.0407925,-0.0016656132406961,original_variable_s_data,40.792500000000004,-1.6656132406961
0.040885,-0.0016507168653514,original_variable_s_data,40.885,-1.6507168653514
0.0409775,-0.0016358169098866,original_variable_s_data,40.9775,-1.6358169098866
0.04107,-0.0016209133705069,original_variable_s_data,41.07,-1.6209133705068999
0.0411625,-0.0016060062434115,original_variable_s_data,41.162499999999994,-1.6060062434115001
0.041255,-0.0015910955247933,original_variable_s_data,41.255,-1.5910955247933
0.0413475,-0.0015761812108395,original_variable_s_data,41.347500000000004,-1.5761812108395
0.04144,-0.001561263297731,original_variable_s_data,41.44,-1.561263297731
0.0415325,-0.0015463417816427,original_variable_s_data,41.5325,-1.5463417816426999
0.041625,-0.0015314166587435,original_variable_s_data,41.625,-1.5314166587434999
0.0417175,-0.001516487925196,original_variable_s_data,41.7175,-1.516487925196
0.04181,-0.0015015555771567,original_variable_s_data,41.81,-1.5015555771567
0.0419025,-0.0014866196107763,original_variable_s_data,41.9025,-1.4866196107763
0.041995,-0.0014716800221988,original_variable_s_data,41.995,-1.4716800221988
0.0420875,-0.0014567368075625,original_variable_s_data,42.0875,-1.4567368075625
0.04218,-0.0014417899629993,original_variable_s_data,42.18,-1.4417899629993
0.0422725,-0.001426839484635,original_variable_s_data,42.2725,-1.4268394846349999
0.042365,-0.0014118853685892,original_variable_s_data,42.365,-1.4118853685892
0.0424575,-0.0013969276109751,original_variable_s_data,42.4575,-1.3969276109751
0.04255,-0.0013819662078999,original_variable_s_data,42.55,-1.3819662078999
0.0426425,-0.0013670011554645,original_variable_s_data,42.6425,-1.3670011554645
0.042735,-0.0013520324497635,original_variable_s_data,42.735,-1.3520324497635001
0.0428275,-0.0013370600868852,original_variable_s_data,42.8275,-1.3370600868851998
0.04292,-0.0013220840629117,original_variable_s_data,42.92,-1.3220840629117
0.0430125,-0.0013071043739187,original_variable_s_data,43.0125,-1.3071043739187
0.043105,-0.0012921210159757,original_variable_s_data,43.105,-1.2921210159757
0.0431975,-0.0012771339851457,original_variable_s_data,43.1975,-1.2771339851457
0.04329,-0.0012621432774856,original_variable_s_data,43.29,-1.2621432774855998
0.0433825,-0.0012471488890457,original_variable_s_data,43.3825,-1.2471488890456999
0.043475,-0.0012321508158701,original_variable_s_data,43.475,-1.2321508158701
0.0435675,-0.0012171490539964,original_variable_s_data,43.5675,-1.2171490539964
0.04366,-0.0012021435994558,original_variable_s_data,43.66,-1.2021435994558
0.0437525,-0.0011871344482733,original_variable_s_data,43.7525,-1.1871344482733
0.043845,-0.0011721215964672,original_variable_s_data,43.845,-1.1721215964672
0.0439375,-0.0011571050400494,original_variable_s_data,43.9375,-1.1571050400494
0.04403,-0.0011420847750256,original_variable_s_data,44.03,-1.1420847750256
0.0441225,-0.0011270607973946,original_variable_s_data,44.1225,-1.1270607973946
0.044215,-0.001112033103149,original_variable_s_data,44.214999999999996,-1.112033103149
0.0443075,-0.001097001688275,original_variable_s_data,44.3075,-1.097001688275
0.0444,-0.0010819665487519,original_variable_s_data,44.4,-1.0819665487519
0.0444925,-0.0010669276805528,original_variable_s_data,44.4925,-1.0669276805527999
0.044585,-0.0010518850796442,original_variable_s_data,44.585,-1.0518850796442
0.0446775,-0.0010368387419858,original_variable_s_data,44.6775,-1.0368387419858
0.04477,-0.0010217886635311,original_variable_s_data,44.769999999999996,-1.0217886635311
0.0448625,-0.0010067348402268,original_variable_s_data,44.8625,-1.0067348402268
0.044955,-0.0009916772680129,original_variable_s_data,44.955000000000005,-0.9916772680128999
0.0450475,-0.0009766159428229,original_variable_s_data,45.0475,-0.9766159428229
0.04514,-0.0009615508605837,original_variable_s_data,45.14,-0.9615508605837
0.0452325,-0.0009464820172155,original_variable_s_data,45.2325,-0.9464820172155
0.045325,-0.0009314094086318,original_variable_s_data,45.324999999999996,-0.9314094086318
0.0454175,-0.0009163330307395,original_variable_s_data,45.4175,-0.9163330307395
0.04551,-0.0009012528794387,original_variable_s_data,45.510000000000005,-0.9012528794387
0.0456025,-0.0008861689506229,original_variable_s_data,45.6025,-0.8861689506228999
0.045695,-0.0008710812401789,original_variable_s_data,45.695,-0.8710812401789
0.0457875,-0.0008559897439864,original_variable_s_data,45.7875,-0.8559897439863999
0.04588,-0.0008408944579189,original_variable_s_data,45.879999999999995,-0.8408944579188999
0.0459725,-0.0008257953778427,original_variable_s_data,45.9725,-0.8257953778427
0.046065,-0.0008106924996175,original_variable_s_data,46.065000000000005,-0.8106924996175
0.0461575,-0.0007955858190961,original_variable_s_data,46.1575,-0.7955858190961
0.04625,-0.0007804753321246,original_variable_s_data,46.25,-0.7804753321246001
0.0463425,-0.0007653610345422,original_variable_s_data,46.3425,-0.7653610345422001
0.046435,-0.0007502429221811,original_variable_s_data,46.434999999999995,-0.7502429221811
0.0465275,-0.000735120990867,original_variable_s_data,46.527499999999996,-0.735120990867
0.04662,-0.0007199952364183,original_variable_s_data,46.620000000000005,-0.7199952364183001
0.0467125,-0.0007048656546467,original_variable_s_data,46.7125,-0.7048656546466999
0.046805,-0.0006897322413571,original_variable_s_data,46.805,-0.6897322413571
0.0468975,-0.0006745949923473,original_variable_s_data,46.8975,-0.6745949923472999
0.04699,-0.0006594539034082,original_variable_s_data,46.989999999999995,-0.6594539034082
0.0470825,-0.0006443089703237,original_variable_s_data,47.082499999999996,-0.6443089703236999
0.047175,-0.0006291601888708,original_variable_s_data,47.175000000000004,-0.6291601888707999
0.0472675,-0.0006140075548195,original_variable_s_data,47.2675,-0.6140075548195
0.04736,-0.0005988510639327,original_variable_s_data,47.36,-0.5988510639327
0.0474525,-0.0005836907119663,original_variable_s_data,47.4525,-0.5836907119663001
0.047545,-0.0005685264946693,original_variable_s_data,47.544999999999995,-0.5685264946692999
0.0476375,-0.0005533584077834,original_variable_s_data,47.6375,-0.5533584077834001
0.04773,-0.0005381864470434,original_variable_s_data,47.730000000000004,-0.5381864470434
0.0478225,-0.000523010608177,original_variable_s_data,47.8225,-0.5230106081770001
0.047915,-0.0005078308869047,original_variable_s_data,47.915,-0.5078308869047
0.0480075,-0.00049264727894,original_variable_s_data,48.0075,-0.49264727894000004
0.0481,-0.0004774597799891,original_variable_s_data,48.099999999999994,-0.4774597799891
0.0481925,-0.0004622683857511,original_variable_s_data,48.1925,-0.4622683857511
0.048285,-0.000447073091918,original_variable_s_data,48.285000000000004,-0.447073091918
0.0483775,-0.0004318738941745,original_variable_s_data,48.3775,-0.4318738941745
0.04847,-0.0004166707881983,original_variable_s_data,48.47,-0.4166707881983
0.0485625,-0.0004014637696596,original_variable_s_data,48.5625,-0.4014637696596
0.048655,-0.0003862528342215,original_variable_s_data,48.654999999999994,-0.3862528342215
0.0487475,-0.0003710379775398,original_variable_s_data,48.7475,-0.3710379775398
0.04884,-0.0003558191952631,original_variable_s_data,48.84,-0.3558191952631
0.0489325,-0.0003405964830326,original_variable_s_data,48.9325,-0.3405964830326
0.049025,-0.0003253698364824,original_variable_s_data,49.025,-0.3253698364824
0.0491175,-0.0003101392512389,original_variable_s_data,49.1175,-0.31013925123889996
0.04921,-0.0002949047229215,original_variable_s_data,49.209999999999994,-0.2949047229215
0.0493025,-0.0002796662471421,original_variable_s_data,49.3025,-0.2796662471421
0.049395,-0.0002644238195052,original_variable_s_data,49.395,-0.2644238195052
0.0494875,-0.000249177435608,original_variable_s_data,49.4875,-0.249177435608
0.04958,-0.0002339270910402,original_variable_s_data,49.58,-0.23392709104019999
0.0496725,-0.000218672781384,original_variable_s_data,49.6725,-0.218672781384
0.049765,-0.0002034145022144,original_variable_s_data,49.76499999999999,-0.2034145022144
0.0498575,-0.0001881522490987,original_variable_s_data,49.8575,-0.1881522490987
0.04995,-0.0001728860175968,original_variable_s_data,49.95,-0.1728860175968
0.0500425,-0.0001576158032612,original_variable_s_data,50.0425,-0.15761580326119998
0.050135,-0.0001423416016366,original_variable_s_data,50.135,-0.1423416016366
0.0502275,-0.0001270634082605,original_variable_s_data,50.2275,-0.1270634082605
0.05032,-0.0001117812186626,original_variable_s_data,50.31999999999999,-0.11178121866259999
0.0504125,-9.64950283652204e-05,original_variable_s_data,50.4125,-0.0964950283652204
0.050505,-8.120483288286876e-05,original_variable_s_data,50.505,-0.08120483288286875
0.0505975,-6.591062772262159e-05,original_variable_s_data,50.5975,-0.06591062772262159
0.05069,-5.061240838388286e-05,original_variable_s_data,50.69,-0.05061240838388286
0.0507825,-3.531017035839395e-05,original_variable_s_data,50.7825,-0.03531017035839395
0.050875,-2.0003909130259303e-05,original_variable_s_data,50.875,-0.020003909130259304
0.0509675,-4.693620175888332e-06,original_variable_s_data,50.9675,-0.004693620175888332
0.05106,1.062070103599683e-05,original_variable_s_data,51.06,0.010620701035996829
0.0511525,2.5939059044410237e-05,original_variable_s_data,51.152499999999996,0.025939059044410236
0.051245,4.126145839607085e-05,original_variable_s_data,51.245,0.04126145839607085
0.0513375,5.658790364548297e-05,original_variable_s_data,51.3375,0.05658790364548297
0.05143,7.191839935488672e-05,original_variable_s_data,51.43,0.07191839935488673
0.0515225,8.725295009434669e-05,original_variable_s_data,51.5225,0.08725295009434669
0.051615,0.0001025915604417,original_variable_s_data,51.615,0.1025915604417
0.0517074999999999,0.0001179342349826,original_variable_s_data,51.7074999999999,0.1179342349826
0.0518,0.0001332809783107,original_variable_s_data,51.8,0.1332809783107
0.0518925,0.0001486317950273,original_variable_s_data,51.8925,0.1486317950273
0.0519849999999999,0.0001639866897417,original_variable_s_data,51.9849999999999,0.1639866897417
0.0520775,0.000179345667071,original_variable_s_data,52.0775,0.179345667071
0.05217,0.0001947087316404,original_variable_s_data,52.17,0.19470873164039998
0.0522624999999999,0.0002100758880829,original_variable_s_data,52.262499999999896,0.2100758880829
0.052355,0.0002254471410395,original_variable_s_data,52.355,0.2254471410395
0.0524475,0.0002408224951592,original_variable_s_data,52.4475,0.2408224951592
0.0525399999999999,0.0002562019550989,original_variable_s_data,52.5399999999999,0.2562019550989
0.0526325,0.0002715855255237,original_variable_s_data,52.6325,0.27158552552369997
0.052725,0.0002869732111065,original_variable_s_data,52.725,0.2869732111065
0.0528174999999999,0.0003023650165285,original_variable_s_data,52.817499999999896,0.3023650165285
0.05291,0.0003177609464787,original_variable_s_data,52.91,0.3177609464787
0.0530025,0.0003331610056544,original_variable_s_data,53.0025,0.33316100565440004
0.0530949999999999,0.000348565198761,original_variable_s_data,53.0949999999999,0.348565198761
0.0531875,0.000363973530512,original_variable_s_data,53.1875,0.36397353051200004
0.05328,0.000379386005629,original_variable_s_data,53.28,0.379386005629
0.0533724999999999,0.0003948026288419,original_variable_s_data,53.372499999999896,0.39480262884190004
0.053465,0.0004102234048885,original_variable_s_data,53.464999999999996,0.4102234048885
0.0535575,0.0004256483385152,original_variable_s_data,53.5575,0.4256483385152
0.0536499999999999,0.0004410774344764,original_variable_s_data,53.6499999999999,0.4410774344764
0.0537425,0.0004565106975347,original_variable_s_data,53.7425,0.4565106975347
0.053835,0.0004719481324612,original_variable_s_data,53.835,0.47194813246120004
0.0539274999999999,0.0004873897440351,original_variable_s_data,53.9274999999999,0.4873897440351
0.05402,0.000502835537044,original_variable_s_data,54.019999999999996,0.502835537044
0.0541125,0.0005182855162837,original_variable_s_data,54.112500000000004,0.5182855162837
0.0542049999999999,0.0005337396865585,original_variable_s_data,54.2049999999999,0.5337396865585
0.0542975,0.0005491980526811,original_variable_s_data,54.2975,0.5491980526811
0.05439,0.0005646606194724,original_variable_s_data,54.39,0.5646606194724
0.0544824999999999,0.0005801273917619,original_variable_s_data,54.4824999999999,0.5801273917619
0.054575,0.0005955983743875,original_variable_s_data,54.574999999999996,0.5955983743875
0.0546675,0.0006110735721954,original_variable_s_data,54.667500000000004,0.6110735721953999
0.0547599999999999,0.0006265529900404,original_variable_s_data,54.7599999999999,0.6265529900404
0.0548525,0.0006420366327858,original_variable_s_data,54.8525,0.6420366327858
0.054945,0.0006575245053034,original_variable_s_data,54.945,0.6575245053034
0.0550374999999999,0.0006730166124736,original_variable_s_data,55.0374999999999,0.6730166124736
0.05513,0.0006885129591851,original_variable_s_data,55.129999999999995,0.6885129591851
0.0552225,0.0007040135503356,original_variable_s_data,55.222500000000004,0.7040135503356
0.0553149999999999,0.000719518390831,original_variable_s_data,55.3149999999999,0.719518390831
0.0554075,0.000735027485586,original_variable_s_data,55.4075,0.735027485586
0.0555,0.000750540839524,original_variable_s_data,55.5,0.750540839524
0.0555924999999999,0.0007660584575769,original_variable_s_data,55.5924999999999,0.7660584575769
0.055685,0.0007815803446854,original_variable_s_data,55.684999999999995,0.7815803446854
0.0557775,0.0007971065057988,original_variable_s_data,55.7775,0.7971065057987999
0.0558699999999999,0.0008126369458754,original_variable_s_data,55.8699999999999,0.8126369458753999
0.0559625,0.0008281716698819,original_variable_s_data,55.9625,0.8281716698819
0.056055,0.0008437106827939,original_variable_s_data,56.055,0.8437106827938999
0.0561474999999999,0.0008592539895959,original_variable_s_data,56.1474999999999,0.8592539895959
0.05624,0.000874801595281,original_variable_s_data,56.239999999999995,0.874801595281
0.0563325,0.0008903535048513,original_variable_s_data,56.3325,0.8903535048512999
0.0564249999999999,0.0009059097233178,original_variable_s_data,56.4249999999999,0.9059097233178
0.0565175,0.0009214702557001,original_variable_s_data,56.5175,0.9214702557001
0.05661,0.0009370351070271,original_variable_s_data,56.61,0.9370351070271
0.0567024999999999,0.0009526042823362,original_variable_s_data,56.7024999999999,0.9526042823362
0.056795,0.0009681777866741,original_variable_s_data,56.795,0.9681777866740999
0.0568875,0.0009837556250962,original_variable_s_data,56.8875,0.9837556250962001
0.0569799999999999,0.0009993378026671,original_variable_s_data,56.9799999999999,0.9993378026671
0.0570725,0.0010149243244603,original_variable_s_data,57.0725,1.0149243244603
0.057165,0.0010305151955583,original_variable_s_data,57.165,1.0305151955583
0.0572574999999999,0.0010461104210527,original_variable_s_data,57.2574999999999,1.0461104210527
0.05735,0.0010617100060442,original_variable_s_data,57.35,1.0617100060442002
0.0574425,0.0010773139556426,original_variable_s_data,57.4425,1.0773139556426001
0.0575349999999999,0.0010929222749668,original_variable_s_data,57.5349999999999,1.0929222749668002
0.0576275,0.0011085349691447,original_variable_s_data,57.6275,1.1085349691447
0.05772,0.0011241520433137,original_variable_s_data,57.72,1.1241520433137
0.0578124999999999,0.0011397735026202,original_variable_s_data,57.8124999999999,1.1397735026202
0.057905,0.0011553993522197,original_variable_s_data,57.905,1.1553993522197
0.0579975,0.0011710295972771,original_variable_s_data,57.9975,1.1710295972771
0.0580899999999999,0.0011866642429665,original_variable_s_data,58.0899999999999,1.1866642429665
0.0581825,0.0012023032944714,original_variable_s_data,58.1825,1.2023032944714
0.058275,0.0012179467569844,original_variable_s_data,58.275,1.2179467569844
0.0583674999999999,0.0012335946357075,original_variable_s_data,58.3674999999999,1.2335946357075
0.05846,0.0012492469358522,original_variable_s_data,58.46,1.2492469358522
0.0585525,0.0012649036626392,original_variable_s_data,58.5525,1.2649036626392
0.0586449999999999,0.0012805648212986,original_variable_s_data,58.6449999999999,1.2805648212986
0.0587375,0.0012962304170702,original_variable_s_data,58.7375,1.2962304170702
0.05883,0.0013119004552028,original_variable_s_data,58.83,1.3119004552028002
0.0589224999999999,0.001327574940955,original_variable_s_data,58.9224999999999,1.3275749409550002
0.059015,0.0013432538795949,original_variable_s_data,59.015,1.3432538795948998
0.0591075,0.0013589372763998,original_variable_s_data,59.1075,1.3589372763998
0.0592,0.0013746251366569,original_variable_s_data,59.2,1.3746251366569
0.0592925,0.0013903174656628,original_variable_s_data,59.2925,1.3903174656628001
0.059385,0.0014060142687238,original_variable_s_data,59.385,1.4060142687238
0.0594775,0.0014217155511556,original_variable_s_data,59.4775,1.4217155511555999
0.05957,0.0014374213182838,original_variable_s_data,59.57,1.4374213182838
0.0596625,0.0014531315754434,original_variable_s_data,59.6625,1.4531315754434
0.059755,0.0014688463279793,original_variable_s_data,59.755,1.4688463279793
0.0598475,0.001484565581246,original_variable_s_data,59.8475,1.4845655812460001
0.05994,0.0015002893406079,original_variable_s_data,59.94,1.5002893406079
0.0600325,0.0015160176114389,original_variable_s_data,60.032500000000006,1.5160176114389001
0.060125,0.0015317503991228,original_variable_s_data,60.125,1.5317503991228
0.0602175,0.0015474877090534,original_variable_s_data,60.2175,1.5474877090533998
0.06031,0.001563229546634,original_variable_s_data,60.31,1.563229546634
0.0604025,0.0015789759172781,original_variable_s_data,60.402499999999996,1.5789759172781002
0.060495,0.0015947268264088,original_variable_s_data,60.495,1.5947268264088
0.0605875,0.0016104822794593,original_variable_s_data,60.587500000000006,1.6104822794593
0.06068,0.0016262422818725,original_variable_s_data,60.68,1.6262422818725
0.0607725,0.0016420068391017,original_variable_s_data,60.7725,1.6420068391017
0.060865,0.0016577759566098,original_variable_s_data,60.865,1.6577759566098
0.0609575,0.0016735496398697,original_variable_s_data,60.957499999999996,1.6735496398697
0.06105,0.0016893278943647,original_variable_s_data,61.05,1.6893278943646999
0.0611425,0.0017051107255878,original_variable_s_data,61.142500000000005,1.7051107255878
0.061235,0.0017208981390423,original_variable_s_data,61.235,1.7208981390423
0.0613275,0.0017366901402414,original_variable_s_data,61.3275,1.7366901402414001
0.06142,0.0017524867347088,original_variable_s_data,61.42,1.7524867347088
0.0615125,0.001768287927978,original_variable_s_data,61.512499999999996,1.768287927978
0.061605,0.0017840937255929,original_variable_s_data,61.605,1.7840937255929001
0.0616975,0.0017999041331076,original_variable_s_data,61.697500000000005,1.7999041331076
0.06179,0.0018157191560864,original_variable_s_data,61.79,1.8157191560864
0.0618825,0.0018315388001038,original_variable_s_data,61.8825,1.8315388001038
0.061975,0.0018473630707448,original_variable_s_data,61.975,1.8473630707448
0.0620675,0.0018631919736046,original_variable_s_data,62.067499999999995,1.8631919736046
0.06216,0.0018790255142887,original_variable_s_data,62.16,1.8790255142887
0.0622525,0.0018948636984131,original_variable_s_data,62.252500000000005,1.8948636984131
0.062345,0.0019107065316042,original_variable_s_data,62.345,1.9107065316042
0.0624375,0.0019265540194988,original_variable_s_data,62.4375,1.9265540194988
0.06253,0.001942406167744,original_variable_s_data,62.53,1.9424061677439999
0.0626225,0.0019582629819976,original_variable_s_data,62.622499999999995,1.9582629819976
0.0627149999999999,0.0019741244679279,original_variable_s_data,62.7149999999999,1.9741244679278998
0.0628075,0.0019899906312137,original_variable_s_data,62.807500000000005,1.9899906312137
0.0629,0.0020058614775443,original_variable_s_data,62.9,2.0058614775443
0.0629924999999999,0.0020217370126197,original_variable_s_data,62.99249999999989,2.0217370126197
0.063085,0.0020376172421505,original_variable_s_data,63.085,2.0376172421505
0.0631775,0.0020535021718578,original_variable_s_data,63.177499999999995,2.0535021718578
0.0632699999999999,0.0020693918074737,original_variable_s_data,63.2699999999999,2.0693918074737003
0.0633625,0.0020852861547407,original_variable_s_data,63.362500000000004,2.0852861547407
0.063455,0.0021011852194122,original_variable_s_data,63.455,2.1011852194122
0.0635474999999999,0.0021170890072523,original_variable_s_data,63.54749999999989,2.1170890072522996
0.06364,0.0021329975240359,original_variable_s_data,63.64,2.1329975240359
0.0637325,0.0021489107755487,original_variable_s_data,63.732499999999995,2.1489107755487
0.0638249999999999,0.0021648287675874,original_variable_s_data,63.824999999999896,2.1648287675874
0.0639175,0.0021807515059593,original_variable_s_data,63.917500000000004,2.1807515059593
0.06401,0.0021966789964829,original_variable_s_data,64.00999999999999,2.1966789964829
0.0641024999999999,0.0022126112449874,original_variable_s_data,64.10249999999989,2.2126112449874
0.064195,0.002228548257313,original_variable_s_data,64.19500000000001,2.2285482573129998
0.0642875,0.002244490039311,original_variable_s_data,64.2875,2.2444900393109997
0.0643799999999999,0.0022604365968437,original_variable_s_data,64.3799999999999,2.2604365968437
0.0644725,0.0022763879357844,original_variable_s_data,64.4725,2.2763879357844
0.064565,0.0022923440620174,original_variable_s_data,64.565,2.2923440620174
0.0646574999999999,0.0023083049814383,original_variable_s_data,64.6574999999999,2.3083049814383
0.06475,0.0023242706999536,original_variable_s_data,64.75,2.3242706999536002
0.0648425,0.0023402412234812,original_variable_s_data,64.8425,2.3402412234812
0.0649349999999999,0.00235621655795,original_variable_s_data,64.93499999999989,2.35621655795
0.0650275,0.0023721967093003,original_variable_s_data,65.0275,2.3721967093003
0.06512,0.0023881816834836,original_variable_s_data,65.11999999999999,2.3881816834836003
0.0652124999999999,0.0024041714864625,original_variable_s_data,65.21249999999989,2.4041714864625003
0.065305,0.0024201661242111,original_variable_s_data,65.305,2.4201661242110997
0.0653975,0.0024361656027149,original_variable_s_data,65.3975,2.4361656027148997
0.0654899999999999,0.0024521699279705,original_variable_s_data,65.4899999999999,2.4521699279705
0.0655825,0.0024681791059863,original_variable_s_data,65.5825,2.4681791059863
0.065675,0.0024841931427817,original_variable_s_data,65.675,2.4841931427817
0.0657674999999999,0.002500212044388,original_variable_s_data,65.7674999999999,2.5002120443880003
0.06586,0.0025162358168475,original_variable_s_data,65.86,2.5162358168475003
0.0659525,0.0025322644662145,original_variable_s_data,65.9525,2.5322644662145
0.0660449999999999,0.0025482979985546,original_variable_s_data,66.0449999999999,2.5482979985545997
0.0661375,0.002564336419945,original_variable_s_data,66.1375,2.564336419945
0.06623,0.0025803797364746,original_variable_s_data,66.23,2.5803797364745997
0.0663224999999999,0.0025964279542439,original_variable_s_data,66.32249999999989,2.5964279542439
0.066415,0.002612481079365,original_variable_s_data,66.415,2.612481079365
0.0665075,0.0026285391179619,original_variable_s_data,66.5075,2.6285391179618998
0.0665999999999999,0.0026446020761701,original_variable_s_data,66.5999999999999,2.6446020761701
0.0666925,0.0026606699601372,original_variable_s_data,66.6925,2.6606699601372
0.066785,0.0026767427760222,original_variable_s_data,66.785,2.6767427760222
0.0668774999999999,0.0026928205299963,original_variable_s_data,66.8774999999999,2.6928205299963
0.06697,0.0027089032282423,original_variable_s_data,66.97,2.7089032282423
0.0670625,0.0027249908769551,original_variable_s_data,67.0625,2.7249908769551
0.0671549999999999,0.0027410834823413,original_variable_s_data,67.1549999999999,2.7410834823413004
0.0672475,0.0027571810506198,original_variable_s_data,67.2475,2.7571810506198
0.06734,0.0027732835880213,original_variable_s_data,67.34,2.7732835880213003
0.0674324999999999,0.0027893911007884,original_variable_s_data,67.43249999999989,2.7893911007884
0.067525,0.0028055035951759,original_variable_s_data,67.525,2.8055035951759
0.0676175,0.0028216210774507,original_variable_s_data,67.61749999999999,2.8216210774506996
0.0677099999999999,0.0028377435538919,original_variable_s_data,67.7099999999999,2.8377435538919
0.0678025,0.0028538710307906,original_variable_s_data,67.8025,2.8538710307906
0.067895,0.0028700035144502,original_variable_s_data,67.895,2.8700035144502003
0.0679874999999999,0.0028861410111862,original_variable_s_data,67.9874999999999,2.8861410111862
0.06808,0.0029022835273266,original_variable_s_data,68.08,2.9022835273266003
0.0681725,0.0029184310692113,original_variable_s_data,68.1725,2.9184310692113
0.0682649999999999,0.002934583643193,original_variable_s_data,68.2649999999999,2.9345836431929997
0.0683575,0.0029507412556363,original_variable_s_data,68.3575,2.9507412556363
0.06845,0.0029669039129186,original_variable_s_data,68.45,2.9669039129186
0.0685424999999999,0.0029830716214293,original_variable_s_data,68.54249999999989,2.9830716214293
0.068635,0.0029992443875707,original_variable_s_data,68.635,2.9992443875707
0.0687275,0.0030154222177573,original_variable_s_data,68.72749999999999,3.0154222177573
0.0688199999999999,0.0030316051184161,original_variable_s_data,68.8199999999999,3.0316051184161
0.0689125,0.0030477930959869,original_variable_s_data,68.91250000000001,3.0477930959868997
0.069005,0.003063986156922,original_variable_s_data,69.005,3.063986156922
0.0690974999999999,0.0030801843076861,original_variable_s_data,69.0974999999999,3.0801843076860997
0.06919,0.0030963875547569,original_variable_s_data,69.19,3.0963875547569
0.0692825,0.0031125959046245,original_variable_s_data,69.2825,3.1125959046245
0.0693749999999999,0.0031288093637921,original_variable_s_data,69.3749999999999,3.1288093637921
0.0694675,0.0031450279387752,original_variable_s_data,69.4675,3.1450279387752
0.06956,0.0031612516361026,original_variable_s_data,69.56,3.1612516361026004
0.0696524999999999,0.0031774804623154,original_variable_s_data,69.65249999999989,3.1774804623154
0.069745,0.0031937144239681,original_variable_s_data,69.745,3.1937144239681
0.0698375,0.0032099535276278,original_variable_s_data,69.83749999999999,3.2099535276278
0.0699299999999999,0.0032261977798745,original_variable_s_data,69.9299999999999,3.2261977798745
0.0700225,0.0032424471873015,original_variable_s_data,70.02250000000001,3.2424471873015
0.070115,0.0032587017565147,original_variable_s_data,70.115,3.2587017565147
0.0702074999999999,0.0032749614941333,original_variable_s_data,70.2074999999999,3.2749614941333003
0.0703,0.0032912264067896,original_variable_s_data,70.3,3.2912264067895998
0.0703925,0.0033074965011289,original_variable_s_data,70.3925,3.3074965011289
0.0704849999999999,0.0033237717838098,original_variable_s_data,70.4849999999999,3.3237717838098
0.0705775,0.0033400522615039,original_variable_s_data,70.5775,3.3400522615039003
0.07067,0.0033563379408963,original_variable_s_data,70.67,3.3563379408963003
0.0707624999999999,0.0033726288286851,original_variable_s_data,70.76249999999989,3.3726288286851
0.070855,0.0033889249315818,original_variable_s_data,70.855,3.3889249315818
0.0709475,0.0034052262563113,original_variable_s_data,70.94749999999999,3.4052262563112996
0.0710399999999999,0.0034215328096119,original_variable_s_data,71.03999999999989,3.4215328096118998
0.0711325,0.0034378445982352,original_variable_s_data,71.13250000000001,3.4378445982351997
0.071225,0.0034541616289464,original_variable_s_data,71.225,3.4541616289464
0.0713175,0.0034704839085239,original_variable_s_data,71.31750000000001,3.4704839085239003
0.07141,0.00348681144376,original_variable_s_data,71.41,3.4868114437599997
0.0715025,0.0035031442414603,original_variable_s_data,71.5025,3.5031442414603
0.071595,0.0035194823084441,original_variable_s_data,71.595,3.5194823084441
0.0716875,0.0035358256515445,original_variable_s_data,71.6875,3.5358256515445
0.07178,0.0035521742776079,original_variable_s_data,71.78,3.5521742776079
0.0718725,0.0035685281934947,original_variable_s_data,71.8725,3.5685281934947
0.071965,0.0035848874060791,original_variable_s_data,71.965,3.5848874060791003
0.0720575,0.0036012519222488,original_variable_s_data,72.05749999999999,3.6012519222488
0.07215,0.0036176217489057,original_variable_s_data,72.15,3.6176217489057003
0.0722425,0.0036339968929653,original_variable_s_data,72.2425,3.6339968929652997
0.072335,0.0036503773613572,original_variable_s_data,72.335,3.6503773613572
0.0724275,0.0036667631610247,original_variable_s_data,72.42750000000001,3.6667631610247002
0.07252,0.0036831542989253,original_variable_s_data,72.52,3.6831542989253
0.0726125,0.0036995507820304,original_variable_s_data,72.6125,3.6995507820304
0.072705,0.0037159526173257,original_variable_s_data,72.70500000000001,3.7159526173257
0.0727975,0.0037323598118108,original_variable_s_data,72.7975,3.7323598118108
0.07289,0.0037487723724994,original_variable_s_data,72.89,3.7487723724994
0.0729825,0.0037651903064196,original_variable_s_data,72.9825,3.7651903064196
0.073075,0.0037816136206134,original_variable_s_data,73.075,3.7816136206134003
0.0731675,0.0037980423221375,original_variable_s_data,73.16749999999999,3.7980423221375
0.07326,0.0038144764180626,original_variable_s_data,73.26,3.8144764180626
0.0733525,0.0038309159154738,original_variable_s_data,73.3525,3.8309159154738
0.073445,0.0038473608214706,original_variable_s_data,73.445,3.8473608214706
0.0735375,0.003863811143167,original_variable_s_data,73.53750000000001,3.863811143167
0.07363,0.0038802668876915,original_variable_s_data,73.63,3.8802668876915
0.0737225,0.0038967280621868,original_variable_s_data,73.7225,3.8967280621867997
0.073815,0.0039131946738106,original_variable_s_data,73.81500000000001,3.9131946738106
0.0739075,0.0039296667297348,original_variable_s_data,73.9075,3.9296667297348002
0.074,0.0039461442371462,original_variable_s_data,74.0,3.9461442371462
0.0740925,0.0039626272032462,original_variable_s_data,74.0925,3.9626272032462
0.074185,0.0039791156352509,original_variable_s_data,74.185,3.9791156352508996
0.0742775,0.0039956095403912,original_variable_s_data,74.2775,3.9956095403912
0.07437,0.0040121089259126,original_variable_s_data,74.37,4.0121089259126
0.0744625,0.0040286137990759,original_variable_s_data,74.4625,4.028613799075901
0.074555,0.0040451241671562,original_variable_s_data,74.55499999999999,4.0451241671562
0.0746475,0.004061640037444,original_variable_s_data,74.64750000000001,4.0616400374440005
0.07474,0.0040781614172447,original_variable_s_data,74.74,4.0781614172447
0.0748325,0.0040946883138784,original_variable_s_data,74.8325,4.094688313878399
0.074925,0.0041112207346806,original_variable_s_data,74.92500000000001,4.1112207346806
0.0750175,0.0041277586870018,original_variable_s_data,75.0175,4.1277586870017995
0.07511,0.0041443021782076,original_variable_s_data,75.11,4.1443021782075995
0.0752025,0.0041608512156788,original_variable_s_data,75.2025,4.160851215678799
0.075295,0.0041774058068115,original_variable_s_data,75.295,4.1774058068115
0.0753875,0.0041939659590171,original_variable_s_data,75.3875,4.1939659590171
0.07548,0.004210531679722,original_variable_s_data,75.48,4.210531679722
0.0755725,0.0042271029763685,original_variable_s_data,75.5725,4.2271029763685
0.075665,0.0042436798564138,original_variable_s_data,75.66499999999999,4.2436798564138005
0.0757575,0.0042602623273309,original_variable_s_data,75.75750000000001,4.2602623273309
0.07585,0.0042768503966082,original_variable_s_data,75.85,4.2768503966082
0.0759425,0.0042934440717495,original_variable_s_data,75.9425,4.2934440717495
0.076035,0.0043100433602745,original_variable_s_data,76.03500000000001,4.310043360274499
0.0761275,0.0043266482697181,original_variable_s_data,76.1275,4.3266482697181
0.07622,0.0043432588076313,original_variable_s_data,76.22,4.3432588076313
0.0763125,0.0043598749815806,original_variable_s_data,76.3125,4.3598749815806
0.076405,0.0043764967991483,original_variable_s_data,76.405,4.3764967991483
0.0764975,0.0043931242679325,original_variable_s_data,76.4975,4.3931242679324995
0.07659,0.0044097573955473,original_variable_s_data,76.59,4.4097573955473
0.0766825,0.0044263961896225,original_variable_s_data,76.6825,4.4263961896225
0.076775,0.004443040657804,original_variable_s_data,76.77499999999999,4.4430406578040005
0.0768675,0.0044596908077536,original_variable_s_data,76.8675,4.4596908077536
0.07696,0.0044763466471493,original_variable_s_data,76.96,4.4763466471493
0.0770525,0.0044930081836851,original_variable_s_data,77.0525,4.4930081836851
0.077145,0.0045096754250711,original_variable_s_data,77.14500000000001,4.5096754250711
0.0772375,0.0045263483790336,original_variable_s_data,77.2375,4.5263483790336
0.07733,0.0045430270533152,original_variable_s_data,77.33,4.5430270533152
0.0774225,0.0045597114556747,original_variable_s_data,77.4225,4.559711455674701
0.077515,0.0045764015938874,original_variable_s_data,77.515,4.5764015938874
0.0776075,0.0045930974757449,original_variable_s_data,77.6075,4.5930974757449
0.0777,0.004609799109055,original_variable_s_data,77.7,4.6097991090549995
0.0777925,0.0046265065016422,original_variable_s_data,77.7925,4.6265065016422
0.077885,0.0046432196613477,original_variable_s_data,77.88499999999999,4.6432196613477
0.0779775,0.0046599385960289,original_variable_s_data,77.9775,4.6599385960288995
0.07807,0.00467666331356,original_variable_s_data,78.07000000000001,4.67666331356
0.0781625,0.0046933938218318,original_variable_s_data,78.1625,4.6933938218318
0.078255,0.0047101301287521,original_variable_s_data,78.25500000000001,4.7101301287521
0.0783475,0.0047268722422451,original_variable_s_data,78.3475,4.7268722422451
0.07844,0.0047436201702519,original_variable_s_data,78.44,4.7436201702519
0.0785325,0.0047603739207307,original_variable_s_data,78.5325,4.7603739207307
0.078625,0.0047771335016564,original_variable_s_data,78.625,4.7771335016564
0.0787175,0.004793898921021,original_variable_s_data,78.7175,4.793898921021
0.07881,0.0048106701868333,original_variable_s_data,78.81,4.8106701868333
0.0789025,0.0048274473071194,original_variable_s_data,78.9025,4.8274473071193995
0.078995,0.0048442302899224,original_variable_s_data,78.99499999999999,4.8442302899224
0.0790875,0.0048610191433028,original_variable_s_data,79.0875,4.8610191433028
0.07918,0.0048778138753379,original_variable_s_data,79.18,4.877813875337901
0.0792725,0.0048946144941227,original_variable_s_data,79.2725,4.8946144941227
0.079365,0.0049114210077693,original_variable_s_data,79.36500000000001,4.9114210077693
0.0794575,0.0049282334244071,original_variable_s_data,79.4575,4.9282334244071
0.07955,0.0049450517521832,original_variable_s_data,79.55,4.9450517521832005
0.0796425,0.004961875999262,original_variable_s_data,79.6425,4.961875999261999
0.079735,0.0049787061738255,original_variable_s_data,79.735,4.9787061738255005
0.0798275,0.0049955422840731,original_variable_s_data,79.8275,4.9955422840731
0.07992,0.0050123843382222,original_variable_s_data,79.92,5.0123843382222
0.0800125,0.0050292323445075,original_variable_s_data,80.0125,5.029232344507499
0.080105,0.0050460863111818,original_variable_s_data,80.10499999999999,5.0460863111818
0.0801975,0.0050629462465155,original_variable_s_data,80.1975,5.062946246515501
0.08029,0.0050798121587968,original_variable_s_data,80.29,5.0798121587968
0.0803825,0.005096684056332,original_variable_s_data,80.3825,5.096684056331999
0.080475,0.0051135619474452,original_variable_s_data,80.47500000000001,5.1135619474452
0.0805675,0.0051304458404786,original_variable_s_data,80.5675,5.1304458404785995
0.08066,0.0051473357437925,original_variable_s_data,80.66,5.1473357437925005
0.0807525,0.0051642316657651,original_variable_s_data,80.7525,5.1642316657651
0.080845,0.0051811336147931,original_variable_s_data,80.845,5.1811336147931
0.0809375,0.0051980415992912,original_variable_s_data,80.9375,5.1980415992912
0.08103,0.0052149556276926,original_variable_s_data,81.03,5.2149556276926
0.0811225,0.0052318757084485,original_variable_s_data,81.1225,5.2318757084485
0.081215,0.0052488018500289,original_variable_s_data,81.21499999999999,5.2488018500289
0.0813075,0.005265734060922,original_variable_s_data,81.3075,5.265734060922
0.0814,0.0052826723496345,original_variable_s_data,81.4,5.2826723496345
0.0814925,0.0052996167246919,original_variable_s_data,81.49249999999999,5.299616724691901
0.081585,0.0053165671946381,original_variable_s_data,81.58500000000001,5.3165671946381
0.0816775,0.0053335237680358,original_variable_s_data,81.6775,5.3335237680358
0.08177,0.0053504864534664,original_variable_s_data,81.77,5.3504864534664
0.0818625,0.0053674552595301,original_variable_s_data,81.86250000000001,5.3674552595301
0.081955,0.0053844301948459,original_variable_s_data,81.955,5.3844301948458995
0.0820475,0.0054014112680518,original_variable_s_data,82.0475,5.401411268051801
0.08214,0.0054183984878047,original_variable_s_data,82.14,5.4183984878047
0.0822325,0.0054353918627806,original_variable_s_data,82.2325,5.4353918627806
0.082325,0.0054523914016745,original_variable_s_data,82.32499999999999,5.4523914016745
0.0824175,0.0054693971132007,original_variable_s_data,82.4175,5.469397113200699
0.08251,0.0054864090060924,original_variable_s_data,82.51,5.4864090060924005
0.0826025,0.0055034270891025,original_variable_s_data,82.60249999999999,5.5034270891025
0.082695,0.0055204513710028,original_variable_s_data,82.69500000000001,5.5204513710028
0.0827875,0.0055374818605847,original_variable_s_data,82.7875,5.5374818605847
0.08288,0.005554518566659,original_variable_s_data,82.88,5.554518566659
0.0829725,0.005571561498056,original_variable_s_data,82.97250000000001,5.571561498056
0.083065,0.0055886106636256,original_variable_s_data,83.065,5.5886106636256
0.0831575,0.0056056660722373,original_variable_s_data,83.1575,5.6056660722373
0.08325,0.0056227277327802,original_variable_s_data,83.25,5.6227277327802
0.0833425,0.0056397956541633,original_variable_s_data,83.3425,5.639795654163301
0.083435,0.0056568698453152,original_variable_s_data,83.435,5.6568698453151995
0.0835275,0.0056739503151845,original_variable_s_data,83.5275,5.673950315184499
0.08362,0.0056910370727399,original_variable_s_data,83.62,5.6910370727399
0.0837125,0.0057081301269696,original_variable_s_data,83.71249999999999,5.7081301269696
0.083805,0.0057252294868824,original_variable_s_data,83.805,5.7252294868824
0.0838975,0.0057423351615068,original_variable_s_data,83.8975,5.7423351615068
0.08399,0.0057594471598918,original_variable_s_data,83.99,5.7594471598918
0.0840825,0.0057765654911063,original_variable_s_data,84.08250000000001,5.776565491106299
0.084175,0.0057936901642399,original_variable_s_data,84.175,5.7936901642399
0.0842675,0.0058108211884021,original_variable_s_data,84.2675,5.8108211884021
0.08436,0.0058279585727233,original_variable_s_data,84.36,5.8279585727233
0.0844525,0.0058451023263541,original_variable_s_data,84.4525,5.8451023263541
0.084545,0.0058622524584658,original_variable_s_data,84.545,5.8622524584658
0.0846375,0.0058794089782501,original_variable_s_data,84.6375,5.8794089782501
0.08473,0.0058965718949197,original_variable_s_data,84.73,5.8965718949197
0.0848225,0.0059137412177078,original_variable_s_data,84.82249999999999,5.9137412177078
0.084915,0.0059309169558686,original_variable_s_data,84.915,5.9309169558686
0.0850075,0.005948099118677,original_variable_s_data,85.0075,5.948099118677
0.0851,0.005965287715429,original_variable_s_data,85.1,5.965287715429
0.0851925,0.0059824827554417,original_variable_s_data,85.19250000000001,5.9824827554417
0.085285,0.0059996842480529,original_variable_s_data,85.285,5.9996842480529
0.0853775,0.006016892202622,original_variable_s_data,85.3775,6.016892202622
0.08547,0.0060341066285293,original_variable_s_data,85.47,6.0341066285293
0.0855625,0.0060513275351765,original_variable_s_data,85.5625,6.0513275351765
0.085655,0.0060685549319866,original_variable_s_data,85.655,6.068554931986601
0.0857475,0.0060857888284042,original_variable_s_data,85.7475,6.0857888284042
0.08584,0.0061030292338952,original_variable_s_data,85.84,6.1030292338952
0.0859325,0.006120276157947,original_variable_s_data,85.93249999999999,6.120276157947
0.086025,0.0061375296100687,original_variable_s_data,86.025,6.137529610068699
0.0861175,0.0061547895997913,original_variable_s_data,86.11749999999999,6.1547895997913
0.08621,0.0061720561366672,original_variable_s_data,86.21,6.1720561366672
0.0863025,0.0061893292302709,original_variable_s_data,86.30250000000001,6.1893292302709
0.086395,0.0062066088901986,original_variable_s_data,86.395,6.2066088901986
0.0864875,0.0062238951260686,original_variable_s_data,86.4875,6.2238951260686
0.08658,0.0062411879475212,original_variable_s_data,86.58,6.2411879475212
0.0866725,0.0062584873642189,original_variable_s_data,86.6725,6.2584873642189
0.086765,0.0062757933858462,original_variable_s_data,86.765,6.2757933858462
0.0868575,0.0062931060221099,original_variable_s_data,86.8575,6.2931060221099
0.08695,0.0063104252827393,original_variable_s_data,86.95,6.3104252827393
0.0870425,0.0063277511774858,original_variable_s_data,87.04249999999999,6.3277511774857995
0.087135,0.0063450837161236,original_variable_s_data,87.135,6.3450837161236
0.0872275,0.0063624229084491,original_variable_s_data,87.2275,6.3624229084491
0.08732,0.0063797687642816,original_variable_s_data,87.32,6.3797687642816
0.0874125,0.0063971212934629,original_variable_s_data,87.41250000000001,6.3971212934629005
0.087505,0.0064144805058576,original_variable_s_data,87.505,6.4144805058575995
0.0875975,0.0064318464113532,original_variable_s_data,87.5975,6.431846411353201
0.08769,0.00644921901986,original_variable_s_data,87.69,6.44921901986
0.0877825,0.0064665983413113,original_variable_s_data,87.7825,6.4665983413113
0.087875,0.0064839843856636,original_variable_s_data,87.875,6.4839843856636
0.0879675,0.0065013771628962,original_variable_s_data,87.9675,6.5013771628962
0.08806,0.006518776683012,original_variable_s_data,88.06,6.518776683012
0.0881525,0.0065361829560369,original_variable_s_data,88.15249999999999,6.5361829560369
0.088245,0.0065535959920203,original_variable_s_data,88.245,6.5535959920203
0.0883375,0.0065710158010349,original_variable_s_data,88.3375,6.5710158010349
0.08843,0.006588442393177,original_variable_s_data,88.42999999999999,6.588442393177
0.0885225,0.0066058757785664,original_variable_s_data,88.52250000000001,6.6058757785664
0.088615,0.0066233159673466,original_variable_s_data,88.615,6.6233159673466
0.0887075,0.006640762969685,original_variable_s_data,88.7075,6.640762969685
0.0888,0.0066582167957725,original_variable_s_data,88.8,6.6582167957725
0.0888925,0.0066756774558242,original_variable_s_data,88.8925,6.6756774558242
0.088985,0.0066931449600789,original_variable_s_data,88.985,6.6931449600789
0.0890775,0.0067106193187996,original_variable_s_data,89.0775,6.7106193187995995
0.08917,0.0067281005422733,original_variable_s_data,89.17,6.7281005422733
0.0892625,0.0067455886408115,original_variable_s_data,89.26249999999999,6.7455886408115
0.089355,0.0067630836247497,original_variable_s_data,89.355,6.7630836247497
0.0894475,0.0067805855044478,original_variable_s_data,89.4475,6.7805855044478
0.08954,0.0067980942902902,original_variable_s_data,89.53999999999999,6.7980942902902
0.0896325,0.0068156099926859,original_variable_s_data,89.63250000000001,6.8156099926859
0.089725,0.0068331326220684,original_variable_s_data,89.725,6.833132622068399
0.0898175,0.0068506621888958,original_variable_s_data,89.8175,6.850662188895799
0.08991,0.0068681987036513,original_variable_s_data,89.91000000000001,6.8681987036513
0.0900025,0.0068857421768425,original_variable_s_data,90.0025,6.8857421768425
0.090095,0.0069032926190024,original_variable_s_data,90.095,6.9032926190024
0.0901875,0.0069208500406886,original_variable_s_data,90.1875,6.9208500406886
0.09028,0.0069384144524842,original_variable_s_data,90.28,6.9384144524842
0.0903725,0.006955985864997,original_variable_s_data,90.37249999999999,6.9559858649969994
0.090465,0.0069735642888605,original_variable_s_data,90.465,6.9735642888605005
0.0905575,0.0069911497347334,original_variable_s_data,90.5575,6.9911497347334
0.09065,0.0070087422132997,original_variable_s_data,90.64999999999999,7.0087422132997
0.0907425,0.0070263417352691,original_variable_s_data,90.7425,7.0263417352691
0.090835,0.0070439483113769,original_variable_s_data,90.835,7.043948311376901
0.0909275,0.007061561952384,original_variable_s_data,90.9275,7.061561952383999
0.09102,0.0070791826690771,original_variable_s_data,91.02000000000001,7.0791826690771
0.0911125,0.0070968104722687,original_variable_s_data,91.1125,7.0968104722687
0.091205,0.0071144453727974,original_variable_s_data,91.205,7.1144453727974
0.0912975,0.0071320873815277,original_variable_s_data,91.2975,7.1320873815276995
0.09139,0.0071497365093504,original_variable_s_data,91.39,7.1497365093504
0.0914825,0.0071673927671822,original_variable_s_data,91.48249999999999,7.1673927671822
0.091575,0.0071850561659664,original_variable_s_data,91.575,7.1850561659664
0.0916675,0.0072027267166725,original_variable_s_data,91.6675,7.2027267166725
0.09176,0.0072204044302966,original_variable_s_data,91.75999999999999,7.2204044302966
0.0918525,0.0072380893178613,original_variable_s_data,91.8525,7.2380893178613
0.091945,0.0072557813904158,original_variable_s_data,91.945,7.2557813904158
0.0920375,0.0072734806590362,original_variable_s_data,92.0375,7.2734806590362
0.09213,0.0072911871348253,original_variable_s_data,92.13000000000001,7.2911871348253
0.0922225,0.0073089008289129,original_variable_s_data,92.2225,7.3089008289129005
0.092315,0.0073266217524557,original_variable_s_data,92.315,7.326621752455701
0.0924075,0.0073443499166377,original_variable_s_data,92.4075,7.3443499166377
0.0925,0.0073620853326699,original_variable_s_data,92.5,7.3620853326699
0.0925925,0.0073798280117908,original_variable_s_data,92.5925,7.3798280117908
0.092685,0.007397577965266,original_variable_s_data,92.685,7.397577965266
0.0927775,0.0074153352043889,original_variable_s_data,92.7775,7.4153352043889
0.09287,0.0074330997404802,original_variable_s_data,92.86999999999999,7.4330997404802
0.0929625,0.0074508715848885,original_variable_s_data,92.9625,7.4508715848885
0.093055,0.00746865074899,original_variable_s_data,93.05499999999999,7.46865074899
0.0931475,0.0074864372441887,original_variable_s_data,93.1475,7.4864372441887
0.09324,0.0075042310819169,original_variable_s_data,93.24000000000001,7.5042310819169
0.0933325,0.0075220322736344,original_variable_s_data,93.3325,7.522032273634401
0.093425,0.0075398408308296,original_variable_s_data,93.425,7.5398408308296005
0.0935175,0.007557656765019,original_variable_s_data,93.5175,7.557656765019
0.09361,0.0075754800877473,original_variable_s_data,93.61,7.5754800877473
0.0937025,0.0075933108105878,original_variable_s_data,93.7025,7.5933108105878
0.093795,0.0076111489451423,original_variable_s_data,93.795,7.6111489451423004
0.0938875,0.0076289945030413,original_variable_s_data,93.8875,7.6289945030413
0.09398,0.0076468474959437,original_variable_s_data,93.97999999999999,7.6468474959437005
0.0940725,0.0076647079355376,original_variable_s_data,94.0725,7.6647079355376
0.094165,0.0076825758335398,original_variable_s_data,94.16499999999999,7.6825758335398
0.0942575,0.0077004512016963,original_variable_s_data,94.2575,7.7004512016963
0.09435,0.0077183340517821,original_variable_s_data,94.35000000000001,7.7183340517821
0.0944425,0.0077362243956015,original_variable_s_data,94.4425,7.7362243956015
0.094535,0.007754122244988,original_variable_s_data,94.535,7.754122244988
0.0946275,0.0077720276118047,original_variable_s_data,94.6275,7.7720276118047
0.09472,0.0077899405079441,original_variable_s_data,94.72,7.789940507944101
0.0948125,0.0078078609453284,original_variable_s_data,94.8125,7.8078609453284
0.094905,0.0078257889359095,original_variable_s_data,94.905,7.825788935909499
0.0949975,0.0078437244916692,original_variable_s_data,94.9975,7.8437244916692
0.09509,0.0078616676246192,original_variable_s_data,95.08999999999999,7.8616676246192
0.0951825,0.0078796183468013,original_variable_s_data,95.1825,7.8796183468012995
0.095275,0.0078975766702874,original_variable_s_data,95.275,7.8975766702874
0.0953675,0.0079155426071796,original_variable_s_data,95.36749999999999,7.915542607179599
0.09546,0.0079335161696105,original_variable_s_data,95.46000000000001,7.933516169610501
0.0955525,0.0079514973697431,original_variable_s_data,95.5525,7.951497369743101
0.095645,0.007969486219771,original_variable_s_data,95.645,7.9694862197709995
0.0957375,0.0079874827319186,original_variable_s_data,95.7375,7.9874827319185995
0.09583,0.0080054869184407,original_variable_s_data,95.83,8.005486918440699
0.0959225,0.0080234987916235,original_variable_s_data,95.9225,8.0234987916235
0.096015,0.008041518363784,original_variable_s_data,96.015,8.041518363784
0.0961075,0.0080595456472702,original_variable_s_data,96.1075,8.0595456472702
0.0962,0.0080775806544614,original_variable_s_data,96.19999999999999,8.0775806544614
0.0962925,0.0080956233977685,original_variable_s_data,96.2925,8.0956233977685
0.096385,0.0081136738896334,original_variable_s_data,96.385,8.1136738896334
0.0964775,0.0081317321425299,original_variable_s_data,96.47749999999999,8.1317321425299
0.09657,0.0081497981689635,original_variable_s_data,96.57000000000001,8.1497981689635
0.0966625,0.0081678719814711,original_variable_s_data,96.6625,8.167871981471102
0.096755,0.0081859535926219,original_variable_s_data,96.755,8.185953592621901
0.0968475,0.008204043015017,original_variable_s_data,96.8475,8.204043015017
0.09694,0.0082221402612896,original_variable_s_data,96.94,8.222140261289601
0.0970325,0.0082402453441051,original_variable_s_data,97.0325,8.2402453441051
0.097125,0.0082583582761613,original_variable_s_data,97.125,8.258358276161301
0.0972175,0.0082764790701885,original_variable_s_data,97.2175,8.2764790701885
0.09731,0.0082946077389495,original_variable_s_data,97.30999999999999,8.2946077389495
0.0974025,0.0083127442952399,original_variable_s_data,97.4025,8.3127442952399
0.097495,0.0083308887518881,original_variable_s_data,97.495,8.3308887518881
0.0975875,0.0083490411217555,original_variable_s_data,97.58749999999999,8.3490411217555
0.09768,0.0083672014177363,original_variable_s_data,97.68,8.3672014177363
0.0977725,0.0083853696527582,original_variable_s_data,97.7725,8.3853696527582
0.097865,0.008403545839782,original_variable_s_data,97.865,8.403545839782
0.0979575,0.008421729991802,original_variable_s_data,97.9575,8.421729991802
0.09805,0.0084399221218459,original_variable_s_data,98.05,8.4399221218459
0.0981425,0.0084581222429753,original_variable_s_data,98.1425,8.4581222429753
0.098235,0.0084763303682853,original_variable_s_data,98.235,8.4763303682853
0.0983275,0.0084945465109051,original_variable_s_data,98.3275,8.4945465109051
0.09842,0.0085127706839979,original_variable_s_data,98.41999999999999,8.5127706839979
0.0985125,0.008531002900761,original_variable_s_data,98.5125,8.531002900760999
0.098605,0.0085492431744258,original_variable_s_data,98.605,8.5492431744258
0.0986975,0.0085674915182585,original_variable_s_data,98.69749999999999,8.5674915182585
0.09879,0.0085857479455594,original_variable_s_data,98.79,8.5857479455594
0.0988825,0.0086040124696637,original_variable_s_data,98.8825,8.604012469663699
0.098975,0.0086222851039413,original_variable_s_data,98.975,8.6222851039413
0.0990675,0.0086405658617969,original_variable_s_data,99.06750000000001,8.640565861796901
0.09916,0.0086588547566704,original_variable_s_data,99.16,8.6588547566704
0.0992525,0.0086771518020367,original_variable_s_data,99.2525,8.6771518020367
0.099345,0.0086954570114061,original_variable_s_data,99.345,8.6954570114061
0.0994375,0.0087137703983242,original_variable_s_data,99.4375,8.713770398324199
0.09953,0.0087320919763722,original_variable_s_data,99.52999999999999,8.7320919763722
0.0996225,0.008750421759167,original_variable_s_data,99.6225,8.750421759166999
0.099715,0.0087687597603611,original_variable_s_data,99.715,8.7687597603611
0.0998075,0.0087871059936432,original_variable_s_data,99.80749999999999,8.7871059936432
0.0999,0.0088054604727379,original_variable_s_data,99.9,8.8054604727379
0.0999925,0.0088238232114061,original_variable_s_data,99.99249999999999,8.8238232114061
0.100085,0.0088421942234449,original_variable_s_data,100.085,8.8421942234449
0.1001775,0.0088605735226879,original_variable_s_data,100.17750000000001,8.8605735226879
0.10027,0.0088789611230054,original_variable_s_data,100.27,8.8789611230054
0.1003625,0.0088973570383043,original_variable_s_data,100.3625,8.8973570383043
0.100455,0.0089157612825284,original_variable_s_data,100.455,8.915761282528399
0.1005475,0.0089341738696586,original_variable_s_data,100.5475,8.9341738696586
0.10064,0.0089525948137128,original_variable_s_data,100.63999999999999,8.9525948137128
0.1007325,0.0089710241287462,original_variable_s_data,100.7325,8.971024128746201
0.100825,0.0089894618288516,original_variable_s_data,100.825,8.9894618288516
0.1009175,0.0090079079281592,original_variable_s_data,100.91749999999999,9.007907928159199
0.10101,0.0090263624408367,original_variable_s_data,101.01,9.0263624408367
0.1011025,0.0090448253810901,original_variable_s_data,101.10249999999999,9.0448253810901
0.101195,0.0090632967631631,original_variable_s_data,101.195,9.0632967631631
0.1012875,0.0090817766013374,original_variable_s_data,101.28750000000001,9.081776601337399
0.10138,0.0091002649099332,original_variable_s_data,101.38,9.1002649099332
0.1014725,0.0091187617033089,original_variable_s_data,101.4725,9.1187617033089
0.101565,0.0091372669958618,original_variable_s_data,101.565,9.1372669958618
0.1016575,0.0091557808020275,original_variable_s_data,101.6575,9.1557808020275
0.10175,0.0091743031362805,original_variable_s_data,101.75,9.1743031362805
0.1018425,0.0091928340131346,original_variable_s_data,101.8425,9.1928340131346
0.101935,0.0092113734471424,original_variable_s_data,101.935,9.2113734471424
0.1020275,0.0092299214528959,original_variable_s_data,102.02749999999999,9.2299214528959
0.10212,0.0092484780450264,original_variable_s_data,102.12,9.2484780450264
0.1022125,0.0092670432382051,original_variable_s_data,102.21249999999999,9.267043238205101
0.102305,0.0092856170471426,original_variable_s_data,102.30499999999999,9.2856170471426
0.1023975,0.0093041994865894,original_variable_s_data,102.39750000000001,9.3041994865894
0.10249,0.0093227905713363,original_variable_s_data,102.49,9.3227905713363
0.1025825,0.009341390316214,original_variable_s_data,102.5825,9.341390316214
0.102675,0.0093599987360937,original_variable_s_data,102.675,9.359998736093699
0.1027675,0.0093786158458868,original_variable_s_data,102.7675,9.3786158458868
0.10286,0.0093972416605458,original_variable_s_data,102.86,9.397241660545799
0.1029525,0.0094158761950636,original_variable_s_data,102.9525,9.415876195063602
0.103045,0.0094345194644741,original_variable_s_data,103.045,9.4345194644741
0.1031375,0.0094531714838526,original_variable_s_data,103.13749999999999,9.4531714838526
0.10323,0.0094718322683153,original_variable_s_data,103.23,9.4718322683153
0.1033225,0.00949050183302,original_variable_s_data,103.32249999999999,9.49050183302
0.1034149999999999,0.0095091801931661,original_variable_s_data,103.41499999999989,9.5091801931661
0.1035075,0.0095278673639945,original_variable_s_data,103.50750000000001,9.5278673639945
0.1036,0.0095465633607884,original_variable_s_data,103.6,9.5465633607884
0.1036924999999999,0.0095652681988727,original_variable_s_data,103.6924999999999,9.5652681988727
0.103785,0.0095839818936147,original_variable_s_data,103.785,9.5839818936147
0.1038775,0.0096027044604239,original_variable_s_data,103.8775,9.602704460423901
0.1039699999999999,0.0096214359147527,original_variable_s_data,103.9699999999999,9.6214359147527
0.1040625,0.0096401762720958,original_variable_s_data,104.0625,9.640176272095799
0.104155,0.009658925547991,original_variable_s_data,104.155,9.658925547991
0.1042474999999999,0.0096776837580191,original_variable_s_data,104.2474999999999,9.6776837580191
0.10434,0.0096964509178041,original_variable_s_data,104.34,9.6964509178041
0.1044325,0.0097152270430134,original_variable_s_data,104.4325,9.7152270430134
0.1045249999999999,0.0097340121493579,original_variable_s_data,104.52499999999989,9.7340121493579
0.1046175,0.0097528062525922,original_variable_s_data,104.6175,9.7528062525922
0.10471,0.0097716093685148,original_variable_s_data,104.71,9.7716093685148
0.1048024999999999,0.0097904215129682,original_variable_s_data,104.8024999999999,9.7904215129682
0.104895,0.0098092427018393,original_variable_s_data,104.895,9.809242701839299
0.1049875,0.0098280729510592,original_variable_s_data,104.9875,9.8280729510592
0.1050799999999999,0.0098469122766036,original_variable_s_data,105.0799999999999,9.8469122766036
0.1051725,0.009865760694493,original_variable_s_data,105.1725,9.865760694493002
0.105265,0.0098846182207928,original_variable_s_data,105.265,9.8846182207928
0.1053574999999999,0.0099034848716135,original_variable_s_data,105.3574999999999,9.9034848716135
0.10545,0.0099223606631109,original_variable_s_data,105.45,9.922360663110899
0.1055425,0.0099412456114861,original_variable_s_data,105.5425,9.9412456114861
0.1056349999999999,0.0099601397329859,original_variable_s_data,105.63499999999989,9.9601397329859
0.1057275,0.0099790430439031,original_variable_s_data,105.7275,9.9790430439031
0.10582,0.0099979555605761,original_variable_s_data,105.82,9.9979555605761
0.1059124999999999,0.0100168772993899,original_variable_s_data,105.9124999999999,10.0168772993899
0.106005,0.0100358082767755,original_variable_s_data,106.005,10.0358082767755
0.1060975,0.0100547485092106,original_variable_s_data,106.0975,10.054748509210599
0.1061899999999999,0.0100736980132195,original_variable_s_data,106.1899999999999,10.073698013219499
0.1062825,0.0100926568053736,original_variable_s_data,106.2825,10.092656805373599
0.106375,0.0101116249022913,original_variable_s_data,106.375,10.1116249022913
0.1064674999999999,0.010130602320638,original_variable_s_data,106.4674999999999,10.130602320638
0.10656,0.0101495890771271,original_variable_s_data,106.56,10.1495890771271
0.1066525,0.0101685851885192,original_variable_s_data,106.6525,10.168585188519199
0.1067449999999999,0.0101875906716229,original_variable_s_data,106.74499999999989,10.1875906716229
0.1068375,0.0102066055432948,original_variable_s_data,106.8375,10.2066055432948
0.10693,0.0102256298204398,original_variable_s_data,106.92999999999999,10.2256298204398
0.1070224999999999,0.0102446635200112,original_variable_s_data,107.0224999999999,10.2446635200112
0.107115,0.0102637066590108,original_variable_s_data,107.115,10.2637066590108
0.1072075,0.0102827592544892,original_variable_s_data,107.2075,10.2827592544892
0.1072999999999999,0.0103018213235463,original_variable_s_data,107.2999999999999,10.3018213235463
0.1073925,0.0103208928833308,original_variable_s_data,107.3925,10.320892883330801
0.107485,0.010339973951041,original_variable_s_data,107.485,10.339973951041
0.1075774999999999,0.0103590645439248,original_variable_s_data,107.5774999999999,10.3590645439248
0.10767,0.0103781646792797,original_variable_s_data,107.67,10.3781646792797
0.1077625,0.0103972743744536,original_variable_s_data,107.7625,10.3972743744536
0.1078549999999999,0.0104163936468441,original_variable_s_data,107.85499999999989,10.416393646844101
0.1079475,0.0104355225138996,original_variable_s_data,107.9475,10.4355225138996
0.10804,0.0104546609931188,original_variable_s_data,108.03999999999999,10.4546609931188
0.1081324999999999,0.0104738091020514,original_variable_s_data,108.1324999999999,10.4738091020514
0.108225,0.0104929668582981,original_variable_s_data,108.22500000000001,10.4929668582981
0.1083175,0.0105121342795108,original_variable_s_data,108.3175,10.5121342795108
0.1084099999999999,0.0105313113833927,original_variable_s_data,108.4099999999999,10.5313113833927
0.1085025,0.0105504981876988,original_variable_s_data,108.5025,10.5504981876988
0.108595,0.0105696947102358,original_variable_s_data,108.595,10.5696947102358
0.1086874999999999,0.0105889009688627,original_variable_s_data,108.6874999999999,10.588900968862701
0.10878,0.0106081169814906,original_variable_s_data,108.78,10.6081169814906
0.1088725,0.010627342766083,original_variable_s_data,108.8725,10.627342766083
0.1089649999999999,0.0106465783406563,original_variable_s_data,108.96499999999989,10.6465783406563
0.1090575,0.0106658237232796,original_variable_s_data,109.0575,10.665823723279601
0.10915,0.0106850789320754,original_variable_s_data,109.14999999999999,10.6850789320754
0.1092424999999999,0.0107043439852194,original_variable_s_data,109.2424999999999,10.704343985219401
0.109335,0.0107236189009407,original_variable_s_data,109.33500000000001,10.7236189009407
0.1094275,0.0107429036975226,original_variable_s_data,109.4275,10.7429036975226
0.1095199999999999,0.0107621983933021,original_variable_s_data,109.5199999999999,10.7621983933021
0.1096125,0.0107815030066705,original_variable_s_data,109.6125,10.781503006670501
0.109705,0.0108008175560736,original_variable_s_data,109.705,10.8008175560736
0.1097974999999999,0.0108201420600119,original_variable_s_data,109.7974999999999,10.8201420600119
0.10989,0.0108394765370407,original_variable_s_data,109.89,10.839476537040701
0.1099825,0.0108588210057705,original_variable_s_data,109.9825,10.8588210057705
0.1100749999999999,0.0108781754848674,original_variable_s_data,110.07499999999989,10.8781754848674
0.1101675,0.0108975399930526,original_variable_s_data,110.1675,10.8975399930526
0.11026,0.0109169145491037,original_variable_s_data,110.25999999999999,10.9169145491037
0.1103524999999999,0.0109362991718539,original_variable_s_data,110.35249999999989,10.9362991718539
0.110445,0.0109556938801929,original_variable_s_data,110.44500000000001,10.9556938801929
0.1105375,0.010975098693067,original_variable_s_data,110.5375,10.975098693067
0.1106299999999999,0.010994513629479,original_variable_s_data,110.6299999999999,10.994513629479
0.1107225,0.0110139387084891,original_variable_s_data,110.7225,11.0139387084891
0.110815,0.0110333739492145,original_variable_s_data,110.815,11.0333739492145
0.1109074999999999,0.0110528193708298,original_variable_s_data,110.9074999999999,11.0528193708298
0.111,0.0110722749925674,original_variable_s_data,111.0,11.072274992567399
0.1110925,0.0110917408337179,original_variable_s_data,111.0925,11.0917408337179
0.1111849999999999,0.0111112169136298,original_variable_s_data,111.18499999999989,11.1112169136298
0.1112775,0.0111307032517103,original_variable_s_data,111.2775,11.130703251710301
0.11137,0.011150199867425,original_variable_s_data,111.36999999999999,11.150199867425
0.1114624999999999,0.0111697067802988,original_variable_s_data,111.46249999999989,11.1697067802988
0.111555,0.0111892240099156,original_variable_s_data,111.555,11.1892240099156
0.1116475,0.0112087515759188,original_variable_s_data,111.6475,11.2087515759188
0.1117399999999999,0.0112282894980115,original_variable_s_data,111.7399999999999,11.2282894980115
0.1118325,0.0112478377959568,original_variable_s_data,111.8325,11.247837795956801
0.111925,0.0112673964895779,original_variable_s_data,111.925,11.2673964895779
0.1120174999999999,0.0112869655987587,original_variable_s_data,112.0174999999999,11.2869655987587
0.11211,0.0113065451434435,original_variable_s_data,112.11,11.306545143443499
0.1122025,0.0113261351436379,original_variable_s_data,112.2025,11.326135143637899
0.1122949999999999,0.0113457356194085,original_variable_s_data,112.29499999999989,11.345735619408499
0.1123875,0.0113653465908837,original_variable_s_data,112.3875,11.3653465908837
0.11248,0.0113849680782534,original_variable_s_data,112.47999999999999,11.3849680782534
0.1125724999999999,0.0114046001017696,original_variable_s_data,112.57249999999989,11.404600101769601
0.112665,0.0114242426817467,original_variable_s_data,112.665,11.4242426817467
0.1127575,0.0114438958385616,original_variable_s_data,112.7575,11.4438958385616
0.1128499999999999,0.0114635595926541,original_variable_s_data,112.8499999999999,11.4635595926541
0.1129425,0.011483233964527,original_variable_s_data,112.9425,11.483233964527
0.113035,0.0115029189747466,original_variable_s_data,113.035,11.502918974746601
0.1131274999999999,0.0115226146439428,original_variable_s_data,113.1274999999999,11.5226146439428
0.11322,0.0115423209928095,original_variable_s_data,113.22,11.542320992809499
0.1133125,0.0115620380421047,original_variable_s_data,113.3125,11.5620380421047
0.1134049999999999,0.011581765812651,original_variable_s_data,113.4049999999999,11.581765812651
0.1134975,0.0116015043253357,original_variable_s_data,113.4975,11.6015043253357
0.11359,0.0116212536011112,original_variable_s_data,113.59,11.621253601111201
0.1136824999999999,0.0116410136609951,original_variable_s_data,113.68249999999989,11.6410136609951
0.113775,0.0116607845260709,original_variable_s_data,113.775,11.6607845260709
0.1138675,0.0116805662174877,original_variable_s_data,113.86749999999999,11.6805662174877
0.1139599999999999,0.0117003587564609,original_variable_s_data,113.9599999999999,11.7003587564609
0.1140525,0.0117201621642725,original_variable_s_data,114.0525,11.7201621642725
0.114145,0.0117399764622712,original_variable_s_data,114.145,11.7399764622712
0.1142374999999999,0.0117598016718726,original_variable_s_data,114.2374999999999,11.7598016718726
0.11433,0.0117796378145599,original_variable_s_data,114.33,11.7796378145599
0.1144225,0.0117994849118838,original_variable_s_data,114.4225,11.7994849118838
0.1145149999999999,0.0118193429854631,original_variable_s_data,114.5149999999999,11.8193429854631
0.1146075,0.0118392120569848,original_variable_s_data,114.6075,11.8392120569848
0.1147,0.0118590921482043,original_variable_s_data,114.7,11.859092148204299
0.1147924999999999,0.011878983280946,original_variable_s_data,114.79249999999989,11.878983280946
0.114885,0.0118988854771035,original_variable_s_data,114.885,11.8988854771035
0.1149775,0.0119187987586398,original_variable_s_data,114.97749999999999,11.9187987586398
0.1150699999999999,0.0119387231475876,original_variable_s_data,115.0699999999999,11.9387231475876
0.1151625,0.0119586586660499,original_variable_s_data,115.1625,11.9586586660499
0.115255,0.0119786053361999,original_variable_s_data,115.255,11.9786053361999
0.1153474999999999,0.0119985631802816,original_variable_s_data,115.3474999999999,11.9985631802816
0.11544,0.0120185322206099,original_variable_s_data,115.44,12.0185322206099
0.1155325,0.0120385124795714,original_variable_s_data,115.5325,12.0385124795714
0.1156249999999999,0.0120585039796239,original_variable_s_data,115.6249999999999,12.058503979623898
0.1157175,0.0120785067432974,original_variable_s_data,115.7175,12.0785067432974
0.11581,0.0120985207931943,original_variable_s_data,115.81,12.0985207931943
0.1159024999999999,0.0121185461519895,original_variable_s_data,115.90249999999989,12.1185461519895
0.115995,0.0121385828424308,original_variable_s_data,115.995,12.1385828424308
0.1160875,0.0121586308873394,original_variable_s_data,116.08749999999999,12.1586308873394
0.1161799999999999,0.0121786903096102,original_variable_s_data,116.1799999999999,12.1786903096102
0.1162725,0.0121987611322117,original_variable_s_data,116.27250000000001,12.1987611322117
0.116365,0.0122188433781871,original_variable_s_data,116.365,12.218843378187099
0.1164574999999999,0.0122389370706539,original_variable_s_data,116.4574999999999,12.238937070653899
0.11655,0.0122590422328047,original_variable_s_data,116.55,12.2590422328047
0.1166425,0.0122791588879074,original_variable_s_data,116.6425,12.2791588879074
0.1167349999999999,0.0122992870593053,original_variable_s_data,116.7349999999999,12.2992870593053
0.1168275,0.0123194267704181,original_variable_s_data,116.8275,12.3194267704181
0.11692,0.0123395780447415,original_variable_s_data,116.92,12.3395780447415
0.1170124999999999,0.0123597409058479,original_variable_s_data,117.01249999999989,12.3597409058479
0.117105,0.0123799153773869,original_variable_s_data,117.105,12.379915377386899
0.1171975,0.0124001014830852,original_variable_s_data,117.19749999999999,12.4001014830852
0.1172899999999999,0.0124202992467474,original_variable_s_data,117.28999999999989,12.4202992467474
0.1173825,0.0124405086922562,original_variable_s_data,117.38250000000001,12.4405086922562
0.117475,0.0124607298435727,original_variable_s_data,117.475,12.4607298435727
0.1175674999999999,0.0124809627247367,original_variable_s_data,117.5674999999999,12.480962724736699
0.11766,0.0125012073598674,original_variable_s_data,117.66,12.5012073598674
0.1177525,0.0125214637731632,original_variable_s_data,117.7525,12.5214637731632
0.1178449999999999,0.0125417319889027,original_variable_s_data,117.8449999999999,12.5417319889027
0.1179375,0.0125620120314445,original_variable_s_data,117.9375,12.562012031444501
0.11803,0.012582303925228,original_variable_s_data,118.03,12.582303925228
0.1181224999999999,0.0126026076947736,original_variable_s_data,118.12249999999989,12.6026076947736
0.118215,0.012622923364683,original_variable_s_data,118.215,12.622923364683
0.1183075,0.0126432509596396,original_variable_s_data,118.30749999999999,12.6432509596396
0.1184,0.0126635905044092,original_variable_s_data,118.4,12.663590504409202
0.1184925,0.0126839420238398,original_variable_s_data,118.4925,12.6839420238398
0.118585,0.0127043055428625,original_variable_s_data,118.585,12.704305542862501
0.1186775,0.0127246810864916,original_variable_s_data,118.67750000000001,12.7246810864916
0.11877,0.0127450686798252,original_variable_s_data,118.77,12.7450686798252
0.1188625,0.0127654683480453,original_variable_s_data,118.8625,12.7654683480453
0.118955,0.0127858801164184,original_variable_s_data,118.955,12.7858801164184
0.1190475,0.012806304010296,original_variable_s_data,119.0475,12.806304010296
0.11914,0.0128267400551147,original_variable_s_data,119.14,12.826740055114701
0.1192325,0.0128471882763969,original_variable_s_data,119.2325,12.847188276396901
0.119325,0.0128676486997508,original_variable_s_data,119.325,12.8676486997508
0.1194175,0.0128881213508713,original_variable_s_data,119.41749999999999,12.8881213508713
0.11951,0.0129086062555402,original_variable_s_data,119.51,12.9086062555402
0.1196025,0.0129291034396264,original_variable_s_data,119.6025,12.9291034396264
0.119695,0.0129496129290866,original_variable_s_data,119.695,12.9496129290866
0.1197875,0.0129701347499656,original_variable_s_data,119.78750000000001,12.970134749965599
0.11988,0.0129906689283968,original_variable_s_data,119.88,12.9906689283968
0.1199725,0.0130112154906025,original_variable_s_data,119.9725,13.011215490602499
0.120065,0.0130317744628943,original_variable_s_data,120.06500000000001,13.031774462894301
0.1201575,0.0130523458716736,original_variable_s_data,120.1575,13.0523458716736
0.12025,0.0130729297434322,original_variable_s_data,120.25,13.0729297434322
0.1203425,0.0130935261047524,original_variable_s_data,120.3425,13.093526104752401
0.120435,0.0131141349823076,original_variable_s_data,120.435,13.114134982307599
0.1205275,0.0131347564028629,original_variable_s_data,120.52749999999999,13.1347564028629
0.12062,0.0131553903932752,original_variable_s_data,120.62,13.1553903932752
0.1207125,0.0131760369804937,original_variable_s_data,120.7125,13.1760369804937
0.120805,0.0131966961915608,original_variable_s_data,120.80499999999999,13.196696191560799
0.1208975,0.0132173680536119,original_variable_s_data,120.89750000000001,13.2173680536119
0.12099,0.0132380525938763,original_variable_s_data,120.99,13.2380525938763
0.1210825,0.0132587498396775,original_variable_s_data,121.0825,13.258749839677499
0.121175,0.0132794598184335,original_variable_s_data,121.17500000000001,13.2794598184335
0.1212675,0.0133001825576576,original_variable_s_data,121.2675,13.3001825576576
0.12136,0.0133209180849587,original_variable_s_data,121.36,13.3209180849587
0.1214525,0.0133416664280416,original_variable_s_data,121.4525,13.3416664280416
0.121545,0.0133624276147076,original_variable_s_data,121.545,13.3624276147076
0.1216375,0.0133832016728552,original_variable_s_data,121.63749999999999,13.383201672855199
0.12173,0.0134039886304801,original_variable_s_data,121.73,13.4039886304801
0.1218225,0.0134247885156761,original_variable_s_data,121.8225,13.4247885156761
0.121915,0.0134456013566353,original_variable_s_data,121.91499999999999,13.445601356635299
0.1220075,0.0134664271816488,original_variable_s_data,122.00750000000001,13.4664271816488
0.1221,0.013487266019107,original_variable_s_data,122.1,13.487266019107
0.1221925,0.0135081178975001,original_variable_s_data,122.1925,13.5081178975001
0.122285,0.0135289828454188,original_variable_s_data,122.28500000000001,13.528982845418799
0.1223775,0.0135498608915546,original_variable_s_data,122.3775,13.5498608915546
0.12247,0.0135707520647002,original_variable_s_data,122.47,13.5707520647002
0.1225625,0.0135916563937504,original_variable_s_data,122.5625,13.5916563937504
0.122655,0.0136125739077022,original_variable_s_data,122.655,13.612573907702199
0.1227475,0.0136335046356554,original_variable_s_data,122.7475,13.633504635655399
0.12284,0.0136544486068132,original_variable_s_data,122.84,13.6544486068132
0.1229325,0.0136754058504829,original_variable_s_data,122.9325,13.6754058504829
0.123025,0.0136963763960758,original_variable_s_data,123.02499999999999,13.6963763960758
0.1231175,0.0137173602731085,original_variable_s_data,123.1175,13.7173602731085
0.12321,0.0137383575112027,original_variable_s_data,123.21,13.7383575112027
0.1233025,0.0137593681400864,original_variable_s_data,123.3025,13.7593681400864
0.123395,0.0137803921895938,original_variable_s_data,123.39500000000001,13.7803921895938
0.1234875,0.0138014296896664,original_variable_s_data,123.4875,13.801429689666401
0.12358,0.0138224806703529,original_variable_s_data,123.58,13.822480670352899
0.1236725,0.0138435451618106,original_variable_s_data,123.6725,13.8435451618106
0.123765,0.0138646231943049,original_variable_s_data,123.765,13.8646231943049
0.1238575,0.0138857147982108,original_variable_s_data,123.8575,13.8857147982108
0.12395,0.013906820004013,original_variable_s_data,123.95,13.906820004013
0.1240425,0.0139279388423062,original_variable_s_data,124.0425,13.9279388423062
0.124135,0.0139490713437964,original_variable_s_data,124.13499999999999,13.9490713437964
0.1242275,0.0139702175393007,original_variable_s_data,124.2275,13.9702175393007
0.12432,0.0139913774597482,original_variable_s_data,124.32,13.9913774597482
0.1244125,0.0140125511361808,original_variable_s_data,124.4125,14.0125511361808
0.124505,0.0140337385997532,original_variable_s_data,124.50500000000001,14.033738599753201
0.1245975,0.0140549398817341,original_variable_s_data,124.5975,14.0549398817341
0.12469,0.0140761550135064,original_variable_s_data,124.69,14.076155013506401
0.1247825,0.0140973840265676,original_variable_s_data,124.7825,14.0973840265676
0.124875,0.014118626952531,original_variable_s_data,124.875,14.118626952531
0.1249675,0.0141398838231259,original_variable_s_data,124.9675,14.1398838231259
0.12506,0.014161154670198,original_variable_s_data,125.06,14.161154670198
0.1251525,0.0141824395257106,original_variable_s_data,125.1525,14.182439525710599
0.125245,0.0142037384217444,original_variable_s_data,125.24499999999999,14.2037384217444
0.1253375,0.0142250513904991,original_variable_s_data,125.33749999999999,14.2250513904991
0.1254299999999999,0.0142463784642929,original_variable_s_data,125.42999999999991,14.2463784642929
0.1255225,0.0142677196755642,original_variable_s_data,125.52250000000001,14.2677196755642
0.125615,0.0142890750568712,original_variable_s_data,125.61500000000001,14.2890750568712
0.1257075,0.0143104446408934,original_variable_s_data,125.7075,14.3104446408934
0.1258,0.0143318284604318,original_variable_s_data,125.8,14.3318284604318
0.1258925,0.0143532265484094,original_variable_s_data,125.89249999999998,14.353226548409399
0.1259849999999999,0.0143746389378721,original_variable_s_data,125.9849999999999,14.3746389378721
0.1260775,0.0143960656619894,original_variable_s_data,126.07750000000001,14.3960656619894
0.12617,0.0144175067540547,original_variable_s_data,126.17,14.4175067540547
0.1262625,0.0144389622474863,original_variable_s_data,126.2625,14.4389622474863
0.126355,0.0144604321758279,original_variable_s_data,126.35499999999999,14.460432175827899
0.1264475,0.014481916572749,original_variable_s_data,126.44749999999999,14.481916572749
0.1265399999999999,0.0145034154720463,original_variable_s_data,126.5399999999999,14.5034154720463
0.1266325,0.0145249289076436,original_variable_s_data,126.63250000000001,14.5249289076436
0.126725,0.0145464569135926,original_variable_s_data,126.72500000000001,14.5464569135926
0.1268175,0.0145679995240742,original_variable_s_data,126.8175,14.567999524074201
0.12691,0.0145895567733984,original_variable_s_data,126.91,14.5895567733984
0.1270025,0.0146111286960054,original_variable_s_data,127.00249999999998,14.6111286960054
0.1270949999999999,0.014632715326466,original_variable_s_data,127.0949999999999,14.632715326466
0.1271875,0.014654316699483,original_variable_s_data,127.18750000000001,14.654316699483
0.12728,0.0146759328498908,original_variable_s_data,127.28,14.675932849890799
0.1273725,0.014697563812657,original_variable_s_data,127.3725,14.697563812657
0.127465,0.0147192096228829,original_variable_s_data,127.46499999999999,14.7192096228829
0.1275575,0.0147408703158039,original_variable_s_data,127.55749999999999,14.7408703158039
0.1276499999999999,0.0147625459267905,original_variable_s_data,127.6499999999999,14.7625459267905
0.1277425,0.014784236491349,original_variable_s_data,127.7425,14.784236491349
0.127835,0.0148059420451222,original_variable_s_data,127.83500000000001,14.805942045122201
0.1279275,0.0148276626238901,original_variable_s_data,127.9275,14.827662623890099
0.12802,0.0148493982635706,original_variable_s_data,128.01999999999998,14.849398263570599
0.1281125,0.0148711490002205,original_variable_s_data,128.11249999999998,14.8711490002205
0.1282049999999999,0.0148929148700357,original_variable_s_data,128.2049999999999,14.8929148700357
0.1282975,0.0149146959093527,original_variable_s_data,128.2975,14.9146959093527
0.12839,0.0149364921546487,original_variable_s_data,128.39000000000001,14.936492154648699
0.1284825,0.0149583036425429,original_variable_s_data,128.4825,14.9583036425429
0.128575,0.0149801304097966,original_variable_s_data,128.575,14.980130409796601
0.1286675,0.0150019724933147,original_variable_s_data,128.6675,15.0019724933147
0.1287599999999999,0.0150238299301461,original_variable_s_data,128.7599999999999,15.0238299301461
0.1288525,0.0150457027574846,original_variable_s_data,128.85250000000002,15.0457027574846
0.128945,0.0150675910126693,original_variable_s_data,128.945,15.0675910126693
0.1290375,0.0150894947331862,original_variable_s_data,129.0375,15.0894947331862
0.12913,0.0151114139566683,original_variable_s_data,129.13,15.1114139566683
0.1292225,0.0151333487208966,original_variable_s_data,129.2225,15.1333487208966
0.1293149999999999,0.0151552990638011,original_variable_s_data,129.3149999999999,15.1552990638011
0.1294075,0.0151772650234613,original_variable_s_data,129.4075,15.177265023461299
0.1295,0.0151992466381074,original_variable_s_data,129.5,15.1992466381074
0.1295925,0.015221243946121,original_variable_s_data,129.5925,15.221243946121
0.129685,0.0152432569860355,original_variable_s_data,129.685,15.2432569860355
0.1297775,0.0152652857965376,original_variable_s_data,129.7775,15.265285796537599
0.1298699999999999,0.0152873304164679,original_variable_s_data,129.8699999999999,15.287330416467901
0.1299625,0.0153093908848217,original_variable_s_data,129.9625,15.309390884821699
0.130055,0.0153314672407498,original_variable_s_data,130.055,15.3314672407498
0.1301475,0.0153535595235594,original_variable_s_data,130.1475,15.3535595235594
0.13024,0.0153756677727152,original_variable_s_data,130.23999999999998,15.3756677727152
0.1303325,0.0153977920278401,original_variable_s_data,130.33249999999998,15.3977920278401
0.1304249999999999,0.0154199323287159,original_variable_s_data,130.4249999999999,15.4199323287159
0.1305175,0.0154420887152847,original_variable_s_data,130.5175,15.442088715284699
0.13061,0.0154642612276492,original_variable_s_data,130.61,15.4642612276492
0.1307025,0.015486449906074,original_variable_s_data,130.7025,15.486449906074
0.130795,0.0155086547909865,original_variable_s_data,130.795,15.508654790986501
0.1308875,0.0155308759229777,original_variable_s_data,130.8875,15.530875922977701
0.1309799999999999,0.0155531133428029,original_variable_s_data,130.9799999999999,15.553113342802899
0.1310725,0.0155753670913834,original_variable_s_data,131.07250000000002,15.5753670913834
0.131165,0.0155976372098064,original_variable_s_data,131.165,15.5976372098064
0.1312575,0.0156199237393269,original_variable_s_data,131.2575,15.619923739326898
0.13135,0.0156422267213679,original_variable_s_data,131.35,15.642226721367901
0.1314425,0.0156645461975218,original_variable_s_data,131.4425,15.6645461975218
0.1315349999999999,0.0156868822095514,original_variable_s_data,131.5349999999999,15.6868822095514
0.1316275,0.0157092347993906,original_variable_s_data,131.6275,15.709234799390602
0.13172,0.0157316040091455,original_variable_s_data,131.72,15.7316040091455
0.1318125,0.0157539898810954,original_variable_s_data,131.8125,15.753989881095402
0.131905,0.0157763924576939,original_variable_s_data,131.905,15.7763924576939
0.1319975,0.0157988117815697,original_variable_s_data,131.9975,15.7988117815697
0.1320899999999999,0.0158212478955278,original_variable_s_data,132.0899999999999,15.8212478955278
0.1321825,0.0158437008425503,original_variable_s_data,132.1825,15.8437008425503
0.132275,0.0158661706657978,original_variable_s_data,132.275,15.866170665797801
0.1323675,0.0158886574086098,original_variable_s_data,132.3675,15.888657408609799
0.13246,0.0159111611145066,original_variable_s_data,132.46,15.911161114506598
0.1325525,0.0159336818271896,original_variable_s_data,132.55249999999998,15.9336818271896
0.1326449999999999,0.0159562195905427,original_variable_s_data,132.6449999999999,15.956219590542698
0.1327375,0.0159787744486332,original_variable_s_data,132.7375,15.978774448633201
0.13283,0.0160013464457133,original_variable_s_data,132.83,16.0013464457133
0.1329225,0.0160239356262205,original_variable_s_data,132.92249999999999,16.0239356262205
0.133015,0.0160465420347792,original_variable_s_data,133.015,16.0465420347792
0.1331075,0.0160691657162017,original_variable_s_data,133.1075,16.0691657162017
0.1331999999999999,0.0160918067154893,original_variable_s_data,133.1999999999999,16.0918067154893
0.1332925,0.0161144650778332,original_variable_s_data,133.29250000000002,16.1144650778332
0.133385,0.0161371408486158,original_variable_s_data,133.385,16.1371408486158
0.1334775,0.016159834073412,original_variable_s_data,133.4775,16.159834073412
0.13357,0.0161825447979901,original_variable_s_data,133.57,16.1825447979901
0.1336625,0.0162052730683129,original_variable_s_data,133.6625,16.2052730683129
0.1337549999999999,0.016228018930539,original_variable_s_data,133.7549999999999,16.228018930539
0.1338475,0.0162507824310241,original_variable_s_data,133.8475,16.2507824310241
0.13394,0.0162735636163218,original_variable_s_data,133.94,16.273563616321802
0.1340325,0.0162963625331852,original_variable_s_data,134.0325,16.2963625331852
0.134125,0.0163191792285677,original_variable_s_data,134.125,16.319179228567698
0.1342175,0.0163420137496245,original_variable_s_data,134.2175,16.3420137496245
0.1343099999999999,0.0163648661437137,original_variable_s_data,134.3099999999999,16.364866143713698
0.1344025,0.0163877364583975,original_variable_s_data,134.4025,16.3877364583975
0.134495,0.0164106247414434,original_variable_s_data,134.495,16.4106247414434
0.1345875,0.0164335310408256,original_variable_s_data,134.5875,16.433531040825603
0.13468,0.0164564554047262,original_variable_s_data,134.68,16.4564554047262
0.1347725,0.0164793978815362,original_variable_s_data,134.77249999999998,16.4793978815362
0.1348649999999999,0.0165023585198571,original_variable_s_data,134.8649999999999,16.5023585198571
0.1349575,0.0165253373685021,original_variable_s_data,134.9575,16.5253373685021
0.13505,0.0165483344764972,original_variable_s_data,135.05,16.5483344764972
0.1351425,0.0165713498930828,original_variable_s_data,135.1425,16.5713498930828
0.135235,0.0165943836677148,original_variable_s_data,135.23499999999999,16.5943836677148
0.1353275,0.016617435850066,original_variable_s_data,135.3275,16.617435850066
0.1354199999999999,0.0166405064900272,original_variable_s_data,135.4199999999999,16.6405064900272
0.1355125,0.0166635956377091,original_variable_s_data,135.51250000000002,16.6635956377091
0.135605,0.016686703343443,original_variable_s_data,135.605,16.686703343443
0.1356975,0.0167098296577825,original_variable_s_data,135.6975,16.7098296577825
0.13579,0.0167329746315051,original_variable_s_data,135.79,16.7329746315051
0.1358825,0.016756138315613,original_variable_s_data,135.8825,16.756138315613
0.1359749999999999,0.0167793207613349,original_variable_s_data,135.9749999999999,16.7793207613349
0.1360675,0.0168025220201273,original_variable_s_data,136.0675,16.8025220201273
0.13616,0.0168257421436762,original_variable_s_data,136.16,16.8257421436762
0.1362525,0.0168489811838978,original_variable_s_data,136.2525,16.8489811838978
0.136345,0.0168722391929407,original_variable_s_data,136.345,16.8722391929407
0.1364375,0.016895516223187,original_variable_s_data,136.4375,16.895516223187
0.1365299999999999,0.0169188123272539,original_variable_s_data,136.5299999999999,16.9188123272539
0.1366225,0.016942127557995,original_variable_s_data,136.6225,16.942127557994997
0.136715,0.0169654619685018,original_variable_s_data,136.715,16.9654619685018
0.1368075,0.0169888156121054,original_variable_s_data,136.8075,16.988815612105398
0.1369,0.0170121885423779,original_variable_s_data,136.9,17.0121885423779
0.1369925,0.0170355808131338,original_variable_s_data,136.99249999999998,17.0355808131338
0.1370849999999999,0.0170589924784318,original_variable_s_data,137.0849999999999,17.0589924784318
0.1371775,0.0170824235925761,original_variable_s_data,137.1775,17.0824235925761
0.13727,0.017105874210118,original_variable_s_data,137.27,17.105874210118
0.1373625,0.0171293443858578,original_variable_s_data,137.3625,17.1293443858578
0.137455,0.0171528341748458,original_variable_s_data,137.45499999999998,17.1528341748458
0.1375475,0.0171763436323843,original_variable_s_data,137.54749999999999,17.176343632384302
0.1376399999999999,0.0171998728140294,original_variable_s_data,137.6399999999999,17.1998728140294
0.1377325,0.017223421775592,original_variable_s_data,137.73250000000002,17.223421775591998
0.137825,0.01724699057314,original_variable_s_data,137.82500000000002,17.24699057314
0.1379175,0.0172705792629997,original_variable_s_data,137.9175,17.2705792629997
0.13801,0.0172941879017575,original_variable_s_data,138.01,17.2941879017575
0.1381025,0.0173178165462616,original_variable_s_data,138.1025,17.3178165462616
0.1381949999999999,0.0173414652536238,original_variable_s_data,138.1949999999999,17.3414652536238
0.1382875,0.0173651340812209,original_variable_s_data,138.2875,17.365134081220898
0.13838,0.0173888230866969,original_variable_s_data,138.38,17.388823086696902
0.1384725,0.0174125323279642,original_variable_s_data,138.4725,17.4125323279642
0.138565,0.0174362618632058,original_variable_s_data,138.565,17.4362618632058
0.1386575,0.0174600117508768,original_variable_s_data,138.6575,17.4600117508768
0.1387499999999999,0.0174837820497062,original_variable_s_data,138.74999999999991,17.4837820497062
0.1388425,0.0175075728186989,original_variable_s_data,138.8425,17.5075728186989
0.138935,0.0175313841171374,original_variable_s_data,138.935,17.5313841171374
0.1390275,0.0175552160045834,original_variable_s_data,139.0275,17.5552160045834
0.13912,0.0175790685408799,original_variable_s_data,139.12,17.5790685408799
0.1392125,0.0176029417861532,original_variable_s_data,139.21249999999998,17.6029417861532
0.1393049999999999,0.0176268358008144,original_variable_s_data,139.3049999999999,17.6268358008144
0.1393975,0.0176507506455614,original_variable_s_data,139.3975,17.6507506455614
0.13949,0.0176746863813811,original_variable_s_data,139.49,17.6746863813811
0.1395825,0.0176986430695509,original_variable_s_data,139.5825,17.6986430695509
0.139675,0.017722620771641,original_variable_s_data,139.67499999999998,17.722620771640997
0.1397675,0.0177466195495159,original_variable_s_data,139.76749999999998,17.7466195495159
0.1398599999999999,0.0177706394653369,original_variable_s_data,139.8599999999999,17.7706394653369
0.1399525,0.0177946805815639,original_variable_s_data,139.95250000000001,17.794680581563902
0.140045,0.0178187429609573,original_variable_s_data,140.04500000000002,17.818742960957298
0.1401375,0.0178428266665798,original_variable_s_data,140.1375,17.8428266665798
0.14023,0.0178669317617991,original_variable_s_data,140.23,17.866931761799098
0.1403225,0.0178910583102895,original_variable_s_data,140.3225,17.8910583102895
0.1404149999999999,0.0179152063760339,original_variable_s_data,140.4149999999999,17.9152063760339
0.1405075,0.0179393760233262,original_variable_s_data,140.5075,17.939376023326197
0.1406,0.0179635673167732,original_variable_s_data,140.6,17.9635673167732
0.1406925,0.0179877803212968,original_variable_s_data,140.6925,17.9877803212968
0.140785,0.0180120151021361,original_variable_s_data,140.785,18.0120151021361
0.1408775,0.0180362717248499,original_variable_s_data,140.8775,18.036271724849897
0.1409699999999999,0.0180605502553183,original_variable_s_data,140.9699999999999,18.0605502553183
0.1410625,0.0180848507597452,original_variable_s_data,141.0625,18.0848507597452
0.141155,0.0181091733046608,original_variable_s_data,141.155,18.1091733046608
0.1412475,0.0181335179569233,original_variable_s_data,141.2475,18.1335179569233
0.14134,0.0181578847837218,original_variable_s_data,141.34,18.157884783721798
0.1414325,0.0181822738525779,original_variable_s_data,141.43249999999998,18.1822738525779
0.1415249999999999,0.0182066852313485,original_variable_s_data,141.5249999999999,18.206685231348498
0.1416175,0.0182311189882281,original_variable_s_data,141.6175,18.2311189882281
0.14171,0.0182555751917509,original_variable_s_data,141.71,18.2555751917509
0.1418025,0.0182800539107931,original_variable_s_data,141.8025,18.2800539107931
0.141895,0.018304555214576,original_variable_s_data,141.89499999999998,18.304555214576
0.1419875,0.0183290791726674,original_variable_s_data,141.98749999999998,18.3290791726674
0.1420799999999999,0.0183536258549849,original_variable_s_data,142.0799999999999,18.3536258549849
0.1421725,0.0183781953317978,original_variable_s_data,142.1725,18.3781953317978
0.142265,0.0184027876737297,original_variable_s_data,142.26500000000001,18.4027876737297
0.1423575,0.0184274029517614,original_variable_s_data,142.3575,18.4274029517614
0.14245,0.0184520412372328,original_variable_s_data,142.45,18.452041237232798
0.1425425,0.0184767026018458,original_variable_s_data,142.5425,18.4767026018458
0.142635,0.0185013871176669,original_variable_s_data,142.63500000000002,18.5013871176669
0.1427275,0.0185260948571297,original_variable_s_data,142.72750000000002,18.5260948571297
0.14282,0.0185508258930375,original_variable_s_data,142.82,18.5508258930375
0.1429125,0.018575580298566,original_variable_s_data,142.9125,18.575580298566
0.143005,0.0186003581472658,original_variable_s_data,143.005,18.6003581472658
0.1430975,0.0186251595130655,original_variable_s_data,143.0975,18.625159513065498
0.14319,0.0186499844702739,original_variable_s_data,143.19,18.6499844702739
0.1432825,0.018674833093583,original_variable_s_data,143.2825,18.674833093583
0.143375,0.018699705458071,original_variable_s_data,143.375,18.699705458070998
0.1434675,0.0187246016392045,original_variable_s_data,143.4675,18.724601639204497
0.14356,0.0187495217128418,original_variable_s_data,143.56,18.7495217128418
0.1436525,0.0187744657552357,original_variable_s_data,143.65249999999997,18.774465755235703
0.143745,0.0187994338430361,original_variable_s_data,143.745,18.7994338430361
0.1438375,0.0188244260532933,original_variable_s_data,143.8375,18.824426053293298
0.14393,0.0188494424634604,original_variable_s_data,143.93,18.8494424634604
0.1440225,0.0188744831513967,original_variable_s_data,144.0225,18.874483151396703
0.144115,0.0188995481953705,original_variable_s_data,144.11499999999998,18.8995481953705
0.1442075,0.0189246376740623,original_variable_s_data,144.20749999999998,18.9246376740623
0.1443,0.0189497516665675,original_variable_s_data,144.3,18.9497516665675
0.1443925,0.0189748902523995,original_variable_s_data,144.3925,18.974890252399497
0.144485,0.0190000535114931,original_variable_s_data,144.485,19.0000535114931
0.1445775,0.0190252415242076,original_variable_s_data,144.5775,19.025241524207598
0.14467,0.0190504543713295,original_variable_s_data,144.67,19.0504543713295
0.1447625,0.0190756921340763,original_variable_s_data,144.7625,19.075692134076302
0.144855,0.019100954894099,original_variable_s_data,144.85500000000002,19.100954894099
0.1449475,0.0191262427334862,original_variable_s_data,144.94750000000002,19.1262427334862
0.14504,0.0191515557347667,original_variable_s_data,145.04,19.1515557347667
0.1451325,0.0191768939809129,original_variable_s_data,145.1325,19.1768939809129
0.145225,0.0192022575553446,original_variable_s_data,145.225,19.2022575553446
0.1453175,0.0192276465419317,original_variable_s_data,145.3175,19.227646541931698
0.14541,0.0192530610249984,original_variable_s_data,145.41000000000003,19.253061024998402
0.1455025,0.0192785010893257,original_variable_s_data,145.5025,19.2785010893257
0.145595,0.0193039668201556,original_variable_s_data,145.595,19.303966820155598
0.1456875,0.0193294583031944,original_variable_s_data,145.6875,19.3294583031944
0.14578,0.0193549756246163,original_variable_s_data,145.78,19.3549756246163
0.1458725,0.0193805188710665,original_variable_s_data,145.8725,19.3805188710665
0.145965,0.0194060881296657,original_variable_s_data,145.965,19.4060881296657
0.1460575,0.0194316834880128,original_variable_s_data,146.0575,19.431683488012798
0.14615,0.0194573050341892,original_variable_s_data,146.15,19.4573050341892
0.1462425,0.0194829528567625,original_variable_s_data,146.2425,19.4829528567625
0.146335,0.0195086270447898,original_variable_s_data,146.33499999999998,19.5086270447898
0.1464275,0.019534327687822,original_variable_s_data,146.42749999999998,19.534327687822003
0.14652,0.0195600548759074,original_variable_s_data,146.52,19.560054875907397
0.1466125,0.0195858086995954,original_variable_s_data,146.6125,19.5858086995954
0.146705,0.0196115892499409,original_variable_s_data,146.705,19.6115892499409
0.1467975,0.0196373966185077,original_variable_s_data,146.79749999999999,19.6373966185077
0.14689,0.0196632308973727,original_variable_s_data,146.89,19.6632308973727
0.1469825,0.0196890921791302,original_variable_s_data,146.9825,19.6890921791302
0.147075,0.0197149805568956,original_variable_s_data,147.07500000000002,19.7149805568956
0.1471675,0.0197408961243095,original_variable_s_data,147.16750000000002,19.7408961243095
0.14726,0.019766838975542,original_variable_s_data,147.26,19.766838975542
0.1473525,0.0197928092052972,original_variable_s_data,147.3525,19.7928092052972
0.147445,0.0198188069088167,original_variable_s_data,147.445,19.8188069088167
0.1475375,0.0198448321818845,original_variable_s_data,147.5375,19.8448321818845
0.14763,0.019870885120831,original_variable_s_data,147.63000000000002,19.870885120830998
0.1477225,0.0198969658225376,original_variable_s_data,147.7225,19.8969658225376
0.147815,0.0199230743844409,original_variable_s_data,147.815,19.923074384440902
0.1479075,0.0199492109045372,original_variable_s_data,147.9075,19.9492109045372
0.148,0.0199753754813871,original_variable_s_data,148.0,19.9753754813871
0.1480925,0.02000156821412,original_variable_s_data,148.0925,20.00156821412
0.148185,0.0200277892024387,original_variable_s_data,148.185,20.027789202438697
0.1482775,0.0200540385466241,original_variable_s_data,148.2775,20.0540385466241
0.14837,0.0200803163475395,original_variable_s_data,148.37,20.0803163475395
0.1484625,0.0201066227066361,original_variable_s_data,148.4625,20.106622706636102
0.148555,0.0201329577259572,original_variable_s_data,148.555,20.1329577259572
0.1486475,0.020159321508143,original_variable_s_data,148.64749999999998,20.159321508143
0.14874,0.0201857141564361,original_variable_s_data,148.74,20.185714156436102
0.1488325,0.0202121357746856,original_variable_s_data,148.8325,20.2121357746856
0.148925,0.0202385864673528,original_variable_s_data,148.925,20.238586467352803
0.1490175,0.0202650663395161,original_variable_s_data,149.01749999999998,20.2650663395161
0.14911,0.0202915754968756,original_variable_s_data,149.10999999999999,20.2915754968756
0.1492025,0.0203181140457591,original_variable_s_data,149.2025,20.3181140457591
0.149295,0.0203446820931265,original_variable_s_data,149.29500000000002,20.344682093126497
0.1493875,0.0203712797465756,original_variable_s_data,149.38750000000002,20.3712797465756
0.14948,0.0203979071143473,original_variable_s_data,149.48,20.397907114347298
0.1495725,0.0204245643053308,original_variable_s_data,149.5725,20.4245643053308
0.149665,0.0204512514290693,original_variable_s_data,149.665,20.451251429069302
0.1497575,0.0204779685957654,original_variable_s_data,149.7575,20.4779685957654
0.14985,0.0205047159162865,original_variable_s_data,149.85000000000002,20.5047159162865
0.1499425,0.0205314935021706,original_variable_s_data,149.9425,20.5314935021706
0.150035,0.020558301465632,original_variable_s_data,150.035,20.558301465632
0.1501275,0.020585139919567,original_variable_s_data,150.1275,20.585139919567002
0.15022,0.0206120089775597,original_variable_s_data,150.22,20.6120089775597
0.1503125,0.0206389087538877,original_variable_s_data,150.3125,20.6389087538877
0.150405,0.0206658393635284,original_variable_s_data,150.405,20.6658393635284
0.1504975,0.0206928009221645,original_variable_s_data,150.4975,20.692800922164498
0.15059,0.0207197935461907,original_variable_s_data,150.59,20.7197935461907
0.1506825,0.0207468173527193,original_variable_s_data,150.6825,20.746817352719297
0.150775,0.0207738724595866,original_variable_s_data,150.775,20.7738724595866
0.1508675,0.0208009589853592,original_variable_s_data,150.86749999999998,20.8009589853592
0.15096,0.0208280770493401,original_variable_s_data,150.96,20.8280770493401
0.1510525,0.0208552267715757,original_variable_s_data,151.0525,20.8552267715757
0.151145,0.0208824082728615,original_variable_s_data,151.145,20.8824082728615
0.1512375,0.0209096216747493,original_variable_s_data,151.23749999999998,20.909621674749303
0.15133,0.0209368670995535,original_variable_s_data,151.32999999999998,20.9368670995535
0.1514225,0.0209641446703577,original_variable_s_data,151.42249999999999,20.9641446703577
0.151515,0.0209914545110218,original_variable_s_data,151.51500000000001,20.9914545110218
0.1516075,0.0210187967461889,original_variable_s_data,151.60750000000002,21.0187967461889
0.1517,0.0210461715012918,original_variable_s_data,151.7,21.0461715012918
0.1517925,0.0210735789025601,original_variable_s_data,151.7925,21.073578902560097
0.151885,0.021101019077028,original_variable_s_data,151.885,21.101019077028
0.1519775,0.0211284921525404,original_variable_s_data,151.9775,21.1284921525404
0.15207,0.0211559982577609,original_variable_s_data,152.07000000000002,21.155998257760903
0.1521625,0.0211835375221789,original_variable_s_data,152.1625,21.1835375221789
0.152255,0.0212111100761172,original_variable_s_data,152.255,21.2111100761172
0.1523475,0.021238716050739,original_variable_s_data,152.3475,21.238716050739
0.15244,0.0212663555780563,original_variable_s_data,152.44,21.266355578056302
0.1525325,0.0212940287909367,original_variable_s_data,152.5325,21.2940287909367
0.152625,0.0213217358231122,original_variable_s_data,152.625,21.321735823112203
0.1527175,0.0213494768091859,original_variable_s_data,152.7175,21.3494768091859
0.15281,0.0213772518846409,original_variable_s_data,152.81,21.3772518846409
0.1529025,0.0214050611858479,original_variable_s_data,152.9025,21.4050611858479
0.152995,0.0214329048500736,original_variable_s_data,152.995,21.4329048500736
0.1530875,0.0214607830154885,original_variable_s_data,153.08749999999998,21.4607830154885
0.15318,0.021488695821176,original_variable_s_data,153.18,21.488695821176
0.1532725,0.0215166434071401,original_variable_s_data,153.2725,21.5166434071401
0.153365,0.0215446259143141,original_variable_s_data,153.365,21.5446259143141
0.1534575,0.0215726434845698,original_variable_s_data,153.4575,21.5726434845698
0.15355,0.0216006962607254,original_variable_s_data,153.54999999999998,21.6006962607254
0.1536425,0.0216287843865551,original_variable_s_data,153.64249999999998,21.628784386555097
0.153735,0.0216569080067976,original_variable_s_data,153.735,21.6569080067976
0.1538275,0.0216850672671654,original_variable_s_data,153.82750000000001,21.6850672671654
0.15392,0.0217132623143538,original_variable_s_data,153.92,21.713262314353802
0.1540125,0.0217414932960503,original_variable_s_data,154.0125,21.7414932960503
0.154105,0.0217697603609441,original_variable_s_data,154.105,21.7697603609441
0.1541975,0.0217980636587354,original_variable_s_data,154.1975,21.798063658735398
0.15429,0.0218264033401451,original_variable_s_data,154.29000000000002,21.826403340145102
0.1543825,0.0218547795569247,original_variable_s_data,154.3825,21.854779556924697
0.154475,0.0218831924618661,original_variable_s_data,154.475,21.8831924618661
0.1545675,0.0219116422088114,original_variable_s_data,154.5675,21.9116422088114
0.15466,0.0219401289526633,original_variable_s_data,154.66,21.940128952663297
0.1547525,0.0219686528493953,original_variable_s_data,154.7525,21.968652849395298
0.154845,0.0219972140560619,original_variable_s_data,154.845,21.9972140560619
0.1549375,0.0220258127308091,original_variable_s_data,154.9375,22.0258127308091
0.15503,0.0220544490328854,original_variable_s_data,155.03,22.0544490328854
0.1551225,0.022083123122652,original_variable_s_data,155.1225,22.083123122652
0.155215,0.0221118351615943,original_variable_s_data,155.215,22.1118351615943
0.1553075,0.0221405853123323,original_variable_s_data,155.30749999999998,22.1405853123323
0.1554,0.0221693737386325,original_variable_s_data,155.4,22.1693737386325
0.1554925,0.0221982006054186,original_variable_s_data,155.4925,22.1982006054186
0.155585,0.0222270660787832,original_variable_s_data,155.585,22.2270660787832
0.1556775,0.0222559703259996,original_variable_s_data,155.6775,22.2559703259996
0.15577,0.0222849135155332,original_variable_s_data,155.76999999999998,22.284913515533198
0.1558625,0.0223138958170537,original_variable_s_data,155.86249999999998,22.313895817053698
0.155955,0.022342917401447,original_variable_s_data,155.955,22.342917401447
0.1560475,0.0223719784408274,original_variable_s_data,156.0475,22.371978440827398
0.15614,0.0224010791085503,original_variable_s_data,156.14000000000001,22.401079108550302
0.1562325,0.0224302195792242,original_variable_s_data,156.2325,22.4302195792242
0.156325,0.0224594000287238,original_variable_s_data,156.325,22.4594000287238
0.1564175,0.022488620634203,original_variable_s_data,156.4175,22.488620634203
0.15651,0.0225178815741074,original_variable_s_data,156.51000000000002,22.5178815741074
0.1566025,0.0225471830281878,original_variable_s_data,156.6025,22.547183028187803
0.156695,0.0225765251775138,original_variable_s_data,156.695,22.576525177513798
0.1567875,0.0226059082044871,original_variable_s_data,156.7875,22.605908204487097
0.15688,0.0226353322928551,original_variable_s_data,156.88,22.6353322928551
0.1569725,0.0226647976277252,original_variable_s_data,156.9725,22.6647976277252
0.157065,0.0226943043955787,original_variable_s_data,157.065,22.6943043955787
0.1571575,0.0227238527842851,original_variable_s_data,157.1575,22.7238527842851
0.15725,0.0227534429831164,original_variable_s_data,157.25,22.7534429831164
0.1573425,0.0227830751827624,original_variable_s_data,157.3425,22.7830751827624
0.157435,0.0228127495753448,original_variable_s_data,157.435,22.8127495753448
0.1575275,0.0228424663544327,original_variable_s_data,157.52749999999997,22.842466354432702
0.15762,0.022872225715058,original_variable_s_data,157.62,22.872225715057997
0.1577125,0.0229020278537306,original_variable_s_data,157.7125,22.902027853730598
0.157805,0.0229318729684541,original_variable_s_data,157.805,22.9318729684541
0.1578975,0.0229617612587422,original_variable_s_data,157.8975,22.9617612587422
0.15799,0.0229916929256341,original_variable_s_data,157.98999999999998,22.9916929256341
0.1580825,0.0230216681717116,original_variable_s_data,158.08249999999998,23.0216681717116
0.158175,0.0230516872011151,original_variable_s_data,158.175,23.0516872011151
0.1582675,0.0230817502195606,original_variable_s_data,158.2675,23.0817502195606
0.15836,0.023111857434357,original_variable_s_data,158.36,23.111857434357002
0.1584525,0.0231420090544233,original_variable_s_data,158.4525,23.1420090544233
0.158545,0.0231722052903057,original_variable_s_data,158.545,23.1722052903057
0.1586375,0.0232024463541958,original_variable_s_data,158.6375,23.2024463541958
0.15873,0.0232327324599487,original_variable_s_data,158.73000000000002,23.2327324599487
0.1588225,0.0232630638231011,original_variable_s_data,158.82250000000002,23.263063823101103
0.158915,0.0232934406608897,original_variable_s_data,158.915,23.2934406608897
0.1590075,0.0233238631922701,original_variable_s_data,159.0075,23.3238631922701
0.1591,0.0233543316379363,original_variable_s_data,159.1,23.3543316379363
0.1591925,0.0233848462203393,original_variable_s_data,159.1925,23.3848462203393
0.159285,0.0234154071637074,original_variable_s_data,159.285,23.4154071637074
0.1593775,0.0234460146940656,original_variable_s_data,159.3775,23.4460146940656
0.15947,0.0234766690392561,original_variable_s_data,159.47,23.4766690392561
0.1595625,0.0235073704289586,original_variable_s_data,159.5625,23.507370428958602
0.159655,0.0235381190947115,original_variable_s_data,159.655,23.538119094711497
0.1597475,0.0235689152699321,original_variable_s_data,159.74749999999997,23.5689152699321
0.15984,0.0235997591899391,original_variable_s_data,159.84,23.5997591899391
0.1599325,0.0236306510919734,original_variable_s_data,159.9325,23.6306510919734
0.160025,0.0236615912152208,original_variable_s_data,160.025,23.6615912152208
0.1601175,0.0236925798008338,original_variable_s_data,160.1175,23.6925798008338
0.16021,0.0237236170919546,original_variable_s_data,160.20999999999998,23.723617091954598
0.1603025,0.0237547033337382,original_variable_s_data,160.30249999999998,23.7547033337382
0.160395,0.0237858387733754,original_variable_s_data,160.395,23.7858387733754
0.1604875,0.0238170236601169,original_variable_s_data,160.4875,23.8170236601169
0.16058,0.0238482582452972,original_variable_s_data,160.58,23.8482582452972
0.1606725,0.023879542782359,original_variable_s_data,160.67249999999999,23.879542782359
0.160765,0.0239108775268781,original_variable_s_data,160.765,23.9108775268781
0.1608575,0.0239422627365884,original_variable_s_data,160.8575,23.9422627365884
0.16095,0.0239736986714079,original_variable_s_data,160.95000000000002,23.9736986714079
0.1610425,0.0240051855934641,original_variable_s_data,161.04250000000002,24.0051855934641
0.161135,0.0240367237671206,original_variable_s_data,161.135,24.0367237671206
0.1612275,0.024068313459004,original_variable_s_data,161.2275,24.068313459004
0.16132,0.0240999549380309,original_variable_s_data,161.32,24.099954938030898
0.1614125,0.0241316484754355,original_variable_s_data,161.4125,24.131648475435497
0.161505,0.0241633943447976,original_variable_s_data,161.505,24.163394344797602
0.1615975,0.0241951928220712,original_variable_s_data,161.5975,24.1951928220712
0.16169,0.0242270441856132,original_variable_s_data,161.69,24.227044185613202
0.1617825,0.024258948716213,original_variable_s_data,161.7825,24.258948716213002
0.161875,0.024290906697122,original_variable_s_data,161.875,24.290906697122
0.1619675,0.0243229184140843,original_variable_s_data,161.96749999999997,24.3229184140843
0.16206,0.0243549841553669,original_variable_s_data,162.06,24.3549841553669
0.1621525,0.0243871042117917,original_variable_s_data,162.1525,24.387104211791698
0.162245,0.0244192788767665,original_variable_s_data,162.245,24.419278876766498
0.1623375,0.0244515084463178,original_variable_s_data,162.3375,24.4515084463178
0.16243,0.0244837932191234,original_variable_s_data,162.42999999999998,24.4837932191234
0.1625225,0.0245161334965457,original_variable_s_data,162.52249999999998,24.5161334965457
0.162615,0.0245485295826657,original_variable_s_data,162.615,24.5485295826657
0.1627075,0.0245809817843171,original_variable_s_data,162.7075,24.5809817843171
0.1628,0.0246134904111216,original_variable_s_data,162.8,24.6134904111216
0.1628925,0.0246460557755241,original_variable_s_data,162.89249999999998,24.6460557755241
0.162985,0.0246786781928294,original_variable_s_data,162.98499999999999,24.678678192829402
0.1630775,0.0247113579812383,original_variable_s_data,163.0775,24.711357981238297
0.16317,0.0247440954618852,original_variable_s_data,163.17000000000002,24.744095461885202
0.1632625,0.0247768909588761,original_variable_s_data,163.26250000000002,24.7768909588761
0.163355,0.024809744799327,original_variable_s_data,163.355,24.809744799327
0.1634475,0.0248426573134035,original_variable_s_data,163.4475,24.842657313403503
0.16354,0.0248756288343601,original_variable_s_data,163.54,24.8756288343601
0.1636325,0.0249086596985815,original_variable_s_data,163.6325,24.908659698581502
0.163725,0.0249417502456231,original_variable_s_data,163.72500000000002,24.9417502456231
0.1638175,0.0249749008182536,original_variable_s_data,163.8175,24.9749008182536
0.16391,0.0250081117624972,original_variable_s_data,163.91,25.0081117624972
0.1640025,0.0250413834276772,original_variable_s_data,164.0025,25.0413834276772
0.164095,0.0250747161664603,original_variable_s_data,164.095,25.074716166460302
0.1641875,0.025108110334901,original_variable_s_data,164.1875,25.108110334901
0.16428,0.0251415662924879,original_variable_s_data,164.28,25.141566292487898
0.1643725,0.0251750844021899,original_variable_s_data,164.3725,25.1750844021899
0.164465,0.0252086650305033,original_variable_s_data,164.465,25.2086650305033
0.1645575,0.0252423085475003,original_variable_s_data,164.5575,25.2423085475003
0.16465,0.0252760153268776,original_variable_s_data,164.64999999999998,25.2760153268776
0.1647425,0.0253097857460066,original_variable_s_data,164.74249999999998,25.3097857460066
0.164835,0.0253436201859839,original_variable_s_data,164.835,25.343620185983898
0.1649275,0.0253775190316829,original_variable_s_data,164.9275,25.3775190316829
0.16502,0.0254114826718063,original_variable_s_data,165.02,25.4114826718063
0.1651125,0.0254455114989398,original_variable_s_data,165.11249999999998,25.4455114989398
0.165205,0.0254796059096066,original_variable_s_data,165.20499999999998,25.4796059096066
0.1652974999999999,0.0255137663043223,original_variable_s_data,165.2974999999999,25.5137663043223
0.16539,0.0255479930876521,original_variable_s_data,165.39000000000001,25.5479930876521
0.1654825,0.0255822866682675,original_variable_s_data,165.48250000000002,25.5822866682675
0.165575,0.0256166474590056,original_variable_s_data,165.575,25.616647459005602
0.1656675,0.0256510758769279,original_variable_s_data,165.6675,25.6510758769279
0.16576,0.0256855723433819,original_variable_s_data,165.76,25.6855723433819
0.1658524999999999,0.025720137284062,original_variable_s_data,165.8524999999999,25.720137284062
0.165945,0.0257547711290732,original_variable_s_data,165.94500000000002,25.754771129073198
0.1660375,0.0257894743129948,original_variable_s_data,166.0375,25.7894743129948
0.16613,0.0258242472749461,original_variable_s_data,166.13,25.8242472749461
0.1662225,0.0258590904586527,original_variable_s_data,166.2225,25.8590904586527
0.166315,0.0258940043125145,original_variable_s_data,166.315,25.8940043125145
0.1664074999999999,0.0259289892896749,original_variable_s_data,166.4074999999999,25.928989289674902
0.1665,0.0259640458480911,original_variable_s_data,166.5,25.9640458480911
0.1665925,0.0259991744506062,original_variable_s_data,166.5925,25.9991744506062
0.166685,0.0260343755650218,original_variable_s_data,166.685,26.034375565021797
0.1667775,0.0260696496641735,original_variable_s_data,166.7775,26.0696496641735
0.16687,0.026104997226006,original_variable_s_data,166.87,26.104997226006
0.1669624999999999,0.0261404187336516,original_variable_s_data,166.9624999999999,26.1404187336516
0.167055,0.0261759146755083,original_variable_s_data,167.055,26.1759146755083
0.1671475,0.0262114855453213,original_variable_s_data,167.1475,26.211485545321302
0.16724,0.0262471318422645,original_variable_s_data,167.24,26.2471318422645
0.1673325,0.0262828540710249,original_variable_s_data,167.33249999999998,26.2828540710249
0.167425,0.0263186527418877,original_variable_s_data,167.42499999999998,26.3186527418877
0.1675174999999999,0.0263545283708238,original_variable_s_data,167.5174999999999,26.3545283708238
0.16761,0.0263904814795787,original_variable_s_data,167.61,26.3904814795787
0.1677025,0.0264265125957631,original_variable_s_data,167.70250000000001,26.4265125957631
0.167795,0.0264626222529458,original_variable_s_data,167.795,26.462622252945803
0.1678875,0.0264988109907481,original_variable_s_data,167.8875,26.498810990748098
0.16798,0.0265350793549403,original_variable_s_data,167.98,26.535079354940297
0.1680724999999999,0.02657142789754,original_variable_s_data,168.0724999999999,26.571427897539998
0.168165,0.0266078571769125,original_variable_s_data,168.16500000000002,26.6078571769125
0.1682575,0.0266443677578738,original_variable_s_data,168.2575,26.644367757873802
0.16835,0.0266809602117947,original_variable_s_data,168.35,26.6809602117947
0.1684425,0.0267176351167081,original_variable_s_data,168.4425,26.717635116708102
0.168535,0.026754393057418,original_variable_s_data,168.535,26.754393057418
0.1686274999999999,0.0267912346256109,original_variable_s_data,168.6274999999999,26.7912346256109
0.16872,0.0268281604199696,original_variable_s_data,168.72,26.828160419969603
0.1688125,0.0268651710462896,original_variable_s_data,168.8125,26.8651710462896
0.168905,0.0269022671175976,original_variable_s_data,168.905,26.9022671175976
0.1689975,0.0269394492542732,original_variable_s_data,168.9975,26.9394492542732
0.16909,0.0269767180841721,original_variable_s_data,169.09,26.9767180841721
0.1691824999999999,0.0270140742427535,original_variable_s_data,169.1824999999999,27.0140742427535
0.169275,0.0270515183732092,original_variable_s_data,169.275,27.0515183732092
0.1693675,0.0270890511265955,original_variable_s_data,169.3675,27.0890511265955
0.16946,0.0271266731619689,original_variable_s_data,169.46,27.1266731619689
0.1695525,0.0271643851465238,original_variable_s_data,169.5525,27.1643851465238
0.169645,0.0272021877557342,original_variable_s_data,169.64499999999998,27.2021877557342
0.1697374999999999,0.0272400816734975,original_variable_s_data,169.7374999999999,27.2400816734975
0.16983,0.0272780675922827,original_variable_s_data,169.83,27.278067592282703
0.1699225,0.0273161462132812,original_variable_s_data,169.9225,27.3161462132812
0.170015,0.0273543182465611,original_variable_s_data,170.015,27.3543182465611
0.1701075,0.0273925844112254,original_variable_s_data,170.1075,27.3925844112254
0.1702,0.0274309454355733,original_variable_s_data,170.2,27.430945435573303
0.1702924999999999,0.027469402057266,original_variable_s_data,170.2924999999999,27.469402057266002
0.170385,0.0275079550234954,original_variable_s_data,170.38500000000002,27.507955023495402
0.1704775,0.0275466050911573,original_variable_s_data,170.4775,27.5466050911573
0.17057,0.0275853530270289,original_variable_s_data,170.57,27.5853530270289
0.1706625,0.0276241996079498,original_variable_s_data,170.6625,27.6241996079498
0.170755,0.0276631456210079,original_variable_s_data,170.755,27.663145621007903
0.1708474999999999,0.0277021918637294,original_variable_s_data,170.8474999999999,27.7021918637294
0.17094,0.0277413391442735,original_variable_s_data,170.94,27.7413391442735
0.1710325,0.0277805882816315,original_variable_s_data,171.0325,27.780588281631502
0.171125,0.0278199401058312,original_variable_s_data,171.125,27.8199401058312
0.1712175,0.0278593954581462,original_variable_s_data,171.2175,27.8593954581462
0.17131,0.0278989551913097,original_variable_s_data,171.31,27.8989551913097
0.1714024999999999,0.0279386201697344,original_variable_s_data,171.4024999999999,27.9386201697344
0.171495,0.0279783912697374,original_variable_s_data,171.495,27.9783912697374
0.1715875,0.0280182693797705,original_variable_s_data,171.5875,28.0182693797705
0.17168,0.0280582554006569,original_variable_s_data,171.68,28.0582554006569
0.1717725,0.0280983502458335,original_variable_s_data,171.7725,28.0983502458335
0.171865,0.0281385548415988,original_variable_s_data,171.86499999999998,28.1385548415988
0.1719574999999999,0.0281788701273685,original_variable_s_data,171.9574999999999,28.178870127368498
0.17205,0.0282192970559359,original_variable_s_data,172.05,28.2192970559359
0.1721425,0.0282598365937404,original_variable_s_data,172.1425,28.2598365937404
0.172235,0.0283004897211424,original_variable_s_data,172.23499999999999,28.3004897211424
0.1723275,0.0283412574327054,original_variable_s_data,172.3275,28.3412574327054
0.17242,0.0283821407374852,original_variable_s_data,172.42,28.3821407374852
0.1725124999999999,0.0284231406593273,original_variable_s_data,172.5124999999999,28.423140659327302
0.172605,0.0284642582371719,original_variable_s_data,172.60500000000002,28.4642582371719
0.1726975,0.0285054945253671,original_variable_s_data,172.6975,28.5054945253671
0.17279,0.0285468505939898,original_variable_s_data,172.79,28.5468505939898
0.1728825,0.028588327529177,original_variable_s_data,172.8825,28.588327529177
0.172975,0.0286299264334637,original_variable_s_data,172.975,28.629926433463698
0.1730674999999999,0.0286716484261325,original_variable_s_data,173.0674999999999,28.6716484261325
0.17316,0.0287134946435708,original_variable_s_data,173.16,28.7134946435708
0.1732525,0.0287554662396389,original_variable_s_data,173.2525,28.7554662396389
0.173345,0.0287975643860483,original_variable_s_data,173.345,28.7975643860483
0.1734375,0.0288397902727503,original_variable_s_data,173.4375,28.8397902727503
0.17353,0.0288821451083356,original_variable_s_data,173.53,28.8821451083356
0.1736224999999999,0.0289246301204453,original_variable_s_data,173.6224999999999,28.9246301204453
0.173715,0.0289672465561938,original_variable_s_data,173.715,28.9672465561938
0.1738075,0.0290099956826034,original_variable_s_data,173.8075,29.0099956826034
0.1739,0.0290528787870517,original_variable_s_data,173.9,29.0528787870517
0.1739925,0.0290958971777322,original_variable_s_data,173.9925,29.095897177732198
0.174085,0.029139052184128,original_variable_s_data,174.08499999999998,29.139052184128
0.1741774999999999,0.0291823451574998,original_variable_s_data,174.1774999999999,29.1823451574998
0.17427,0.0292257774713881,original_variable_s_data,174.27,29.2257774713881
0.1743625,0.0292693505221303,original_variable_s_data,174.3625,29.2693505221303
0.174455,0.0293130657293941,original_variable_s_data,174.455,29.3130657293941
0.1745475,0.0293569245367258,original_variable_s_data,174.54749999999999,29.3569245367258
0.17464,0.0294009284121163,original_variable_s_data,174.64,29.4009284121163
0.1747324999999999,0.0294450788485842,original_variable_s_data,174.7324999999999,29.4450788485842
0.174825,0.0294893773647763,original_variable_s_data,174.82500000000002,29.4893773647763
0.1749175,0.029533825505588,original_variable_s_data,174.9175,29.533825505588002
0.17501,0.0295784248428018,original_variable_s_data,175.01,29.578424842801798
0.1751025,0.0296231769757466,original_variable_s_data,175.1025,29.6231769757466
0.175195,0.0296680835319781,original_variable_s_data,175.195,29.668083531978098
0.1752874999999999,0.0297131461679805,original_variable_s_data,175.2874999999999,29.7131461679805
0.17538,0.0297583665698908,original_variable_s_data,175.38,29.7583665698908
0.1754725,0.0298037464542471,original_variable_s_data,175.4725,29.8037464542471
0.175565,0.0298492875687607,original_variable_s_data,175.565,29.8492875687607
0.1756575,0.0298949916931139,original_variable_s_data,175.6575,29.894991693113898
0.17575,0.0299408606397843,original_variable_s_data,175.75,29.9408606397843
0.1758424999999999,0.0299868962548967,original_variable_s_data,175.84249999999992,29.9868962548967
0.175935,0.0300331004191031,original_variable_s_data,175.935,30.0331004191031
0.1760275,0.0300794750484932,original_variable_s_data,176.0275,30.0794750484932
0.17612,0.0301260220955358,original_variable_s_data,176.12,30.1260220955358
0.1762125,0.0301727435500519,original_variable_s_data,176.2125,30.1727435500519
0.176305,0.030219641440223,original_variable_s_data,176.30499999999998,30.219641440223
0.1763974999999999,0.0302667178336328,original_variable_s_data,176.3974999999999,30.2667178336328
0.17649,0.0303139748383474,original_variable_s_data,176.49,30.3139748383474
0.1765825,0.0303614146040325,original_variable_s_data,176.5825,30.3614146040325
0.176675,0.0304090393231107,original_variable_s_data,176.675,30.4090393231107
0.1767675,0.0304568512319617,original_variable_s_data,176.76749999999998,30.4568512319617
0.17686,0.0305048526121647,original_variable_s_data,176.85999999999999,30.5048526121647
0.1769524999999999,0.0305530457917869,original_variable_s_data,176.9524999999999,30.5530457917869
0.177045,0.0306014331467198,original_variable_s_data,177.04500000000002,30.6014331467198
0.1771375,0.0306500171020651,original_variable_s_data,177.13750000000002,30.6500171020651
0.17723,0.0306988001335725,original_variable_s_data,177.23,30.698800133572497
0.1773225,0.0307477847691323,original_variable_s_data,177.3225,30.7477847691323
0.177415,0.0307969735903243,original_variable_s_data,177.415,30.796973590324303
0.1775074999999999,0.0308463692340276,original_variable_s_data,177.5074999999999,30.846369234027602
0.1776,0.0308959743940921,original_variable_s_data,177.6,30.8959743940921
0.1776925,0.0309457918230749,original_variable_s_data,177.6925,30.9457918230749
0.177785,0.0309958243340472,original_variable_s_data,177.785,30.995824334047203
0.1778775,0.0310460748024715,original_variable_s_data,177.8775,31.046074802471498
0.17797,0.0310965461681552,original_variable_s_data,177.97,31.0965461681552
0.1780624999999999,0.0311472414372835,original_variable_s_data,178.06249999999991,31.1472414372835
0.178155,0.0311981636845353,original_variable_s_data,178.155,31.198163684535302
0.1782475,0.031249316055287,original_variable_s_data,178.2475,31.249316055287
0.17834,0.031300701767908,original_variable_s_data,178.34,31.300701767908002
0.1784325,0.0313523241161529,original_variable_s_data,178.4325,31.3523241161529
0.178525,0.0314041864716558,original_variable_s_data,178.52499999999998,31.404186471655798
0.1786174999999999,0.0314562922865309,original_variable_s_data,178.6174999999999,31.4562922865309
0.17871,0.0315086450960871,original_variable_s_data,178.71,31.508645096087097
0.1788025,0.03156124852166,original_variable_s_data,178.8025,31.56124852166
0.178895,0.0316141062735701,original_variable_s_data,178.895,31.6141062735701
0.1789875,0.0316672221542124,original_variable_s_data,178.98749999999998,31.6672221542124
0.17908,0.031720600061286,original_variable_s_data,179.07999999999998,31.720600061286
0.1791724999999999,0.03177424399117,original_variable_s_data,179.1724999999999,31.77424399117
0.179265,0.0318281580424551,original_variable_s_data,179.26500000000001,31.828158042455097
0.1793575,0.0318823464196395,original_variable_s_data,179.35750000000002,31.882346419639504
0.17945,0.0319368134369979,original_variable_s_data,179.45,31.936813436997898
0.1795425,0.0319915635226346,original_variable_s_data,179.5425,31.991563522634603
0.179635,0.0320466012227309,original_variable_s_data,179.635,32.0466012227309
0.1797274999999999,0.0321019312059981,original_variable_s_data,179.7274999999999,32.1019312059981
0.17982,0.0321575582683493,original_variable_s_data,179.82000000000002,32.1575582683493
0.1799125,0.032213487337802,original_variable_s_data,179.9125,32.213487337802
0.180005,0.032269723479627,original_variable_s_data,180.005,32.269723479627
0.1800975,0.0323262719017579,original_variable_s_data,180.0975,32.3262719017579
0.18019,0.0323831379604776,original_variable_s_data,180.19,32.3831379604776
0.1802824999999999,0.0324403271663998,original_variable_s_data,180.2824999999999,32.440327166399804
0.180375,0.0324978451907639,original_variable_s_data,180.375,32.497845190763904
0.1804675,0.0325556978720645,original_variable_s_data,180.4675,32.5556978720645
0.18056,0.0326138912230357,original_variable_s_data,180.56,32.6138912230357
0.1806525,0.0326724314380162,original_variable_s_data,180.6525,32.672431438016204
0.180745,0.0327313249007183,original_variable_s_data,180.74499999999998,32.7313249007183
0.1808374999999999,0.0327905781924301,original_variable_s_data,180.8374999999999,32.790578192430104
0.18093,0.0328501981006804,original_variable_s_data,180.93,32.8501981006804
0.1810225,0.0329101916283971,original_variable_s_data,181.0225,32.910191628397094
0.181115,0.0329705660035966,original_variable_s_data,181.115,32.9705660035966
0.1812075,0.0330313286896402,original_variable_s_data,181.20749999999998,33.0313286896402
0.1813,0.0330924873960986,original_variable_s_data,181.29999999999998,33.092487396098605
0.1813924999999999,0.0331540500902708,original_variable_s_data,181.3924999999999,33.1540500902708
0.181485,0.0332160250094046,original_variable_s_data,181.485,33.216025009404596
0.1815775,0.0332784206736726,original_variable_s_data,181.57750000000001,33.2784206736726
0.18167,0.0333412458999606,original_variable_s_data,181.67,33.3412458999606
0.1817625,0.033404509816533,original_variable_s_data,181.7625,33.404509816533
0.181855,0.0334682218786423,original_variable_s_data,181.855,33.4682218786423
0.1819474999999999,0.0335323918851605,original_variable_s_data,181.9474999999999,33.5323918851605
0.18204,0.0335970299963125,original_variable_s_data,182.04000000000002,33.5970299963125
0.1821325,0.0336621467526049,original_variable_s_data,182.1325,33.6621467526049
0.182225,0.0337277530950484,original_variable_s_data,182.225,33.7277530950484
0.1823175,0.0337938603867839,original_variable_s_data,182.3175,33.7938603867839
0.18241,0.0338604804362336,original_variable_s_data,182.41,33.8604804362336
0.1825024999999999,0.0339276255219102,original_variable_s_data,182.5024999999999,33.9276255219102
0.182595,0.033995308419032,original_variable_s_data,182.595,33.995308419032
0.1826875,0.034063542428107,original_variable_s_data,182.6875,34.063542428107006
0.18278,0.0341323414056672,original_variable_s_data,182.78,34.1323414056672
0.1828725,0.0342017197973539,original_variable_s_data,182.8725,34.201719797353896
0.182965,0.0342716926735779,original_variable_s_data,182.96499999999997,34.2716926735779
0.1830574999999999,0.0343422757680035,original_variable_s_data,183.0574999999999,34.342275768003496
0.18315,0.0344134855191346,original_variable_s_data,183.15,34.413485519134596
0.1832425,0.0344853391153145,original_variable_s_data,183.2425,34.485339115314495
0.183335,0.0345578545434876,original_variable_s_data,183.335,34.5578545434876
0.1834275,0.0346310506421149,original_variable_s_data,183.42749999999998,34.6310506421149
0.18352,0.0347049471586844,original_variable_s_data,183.51999999999998,34.7049471586844
0.1836124999999999,0.0347795648123132,original_variable_s_data,183.6124999999999,34.779564812313204
0.183705,0.0348549253620041,original_variable_s_data,183.705,34.8549253620041
0.1837975,0.034931051681192,original_variable_s_data,183.7975,34.931051681192
0.18389,0.035007967839306,original_variable_s_data,183.89,35.007967839306
0.1839825,0.0350856991911687,original_variable_s_data,183.9825,35.0856991911687
0.184075,0.0351642724751752,original_variable_s_data,184.075,35.1642724751752
0.1841674999999999,0.0352437159213279,original_variable_s_data,184.1674999999999,35.2437159213279
0.18426,0.035324059370365,original_variable_s_data,184.26000000000002,35.324059370365
0.1843525,0.0354053344054066,original_variable_s_data,184.3525,35.4053344054066
0.184445,0.0354875744977652,original_variable_s_data,184.445,35.487574497765195
0.1845375,0.0355708151688284,original_variable_s_data,184.5375,35.5708151688284
0.18463,0.0356550941702343,original_variable_s_data,184.63,35.6550941702343
0.1847224999999999,0.0357404516849304,original_variable_s_data,184.7224999999999,35.7404516849304
0.184815,0.035826930552153,original_variable_s_data,184.815,35.826930552152994
0.1849075,0.0359145765199007,original_variable_s_data,184.9075,35.914576519900706
0.185,0.0360034385291222,original_variable_s_data,185.0,36.00343852912221
0.18509219858156029,0.03588128756523723,right_cubic_extension,185.0921985815603,35.88128756523723
0.18518439716312057,0.035953545807773324,right_cubic_extension,185.18439716312056,35.953545807773324
0.18527659574468086,0.03602610739620027,right_cubic_extension,185.27659574468086,36.02610739620027
0.18536879432624112,0.03609897344934221,right_cubic_extension,185.36879432624113,36.09897344934221
0.1854609929078014,0.0361721450860244,right_cubic_extension,185.4609929078014,36.1721450860244
0.1855531914893617,0.03624562342506876,right_cubic_extension,185.5531914893617,36.245623425068764
0.18564539007092198,0.03631940958530144,right_cubic_extension,185.645390070922,36.31940958530144
0.18573758865248227,0.03639350468554503,right_cubic_extension,185.73758865248226,36.39350468554503
0.18582978723404256,0.036467909844625224,right_cubic_extension,185.82978723404256,36.467909844625225
0.18592198581560285,0.03654262618136506,right_cubic_extension,185.92198581560285,36.54262618136506
0.1860141843971631,0.03661765481458912,right_cubic_extension,186.01418439716312,36.617654814589116
0.1861063829787234,0.03669299686312111,right_cubic_extension,186.1063829787234,36.69299686312111
0.18619858156028368,0.03676865344578606,right_cubic_extension,186.19858156028369,36.76865344578606
0.18629078014184397,0.03684462568140723,right_cubic_extension,186.29078014184398,36.84462568140723
0.18638297872340426,0.03692091468880965,right_cubic_extension,186.38297872340425,36.920914688809646
0.18647517730496455,0.036997521586816795,right_cubic_extension,186.47517730496455,36.997521586816795
0.18656737588652483,0.03707444749425304,right_cubic_extension,186.56737588652484,37.074447494253036
0.1866595744680851,0.0371516935299423,right_cubic_extension,186.65957446808508,37.1516935299423
0.18675177304964538,0.03722926081270961,right_cubic_extension,186.75177304964538,37.22926081270961
0.18684397163120567,0.03730715046137778,right_cubic_extension,186.84397163120568,37.30715046137778
0.18693617021276596,0.037385363594772514,right_cubic_extension,186.93617021276594,37.385363594772514
0.18702836879432624,0.037463901331717064,right_cubic_extension,187.02836879432624,37.46390133171707
0.18712056737588653,0.03754276479103513,right_cubic_extension,187.12056737588654,37.54276479103513
0.18721276595744682,0.03762195509155153,right_cubic_extension,187.2127659574468,37.62195509155153
0.18730496453900708,0.03770147335209084,right_cubic_extension,187.30496453900707,37.701473352090844
0.18739716312056737,0.03778132069147544,right_cubic_extension,187.39716312056737,37.78132069147544
0.18748936170212765,0.03786149822853213,right_cubic_extension,187.48936170212767,37.86149822853213
0.18758156028368794,0.037942007082083284,right_cubic_extension,187.58156028368793,37.942007082083286
0.18767375886524823,0.038022848370953266,right_cubic_extension,187.67375886524823,38.02284837095327
0.18776595744680852,0.03810402321396644,right_cubic_extension,187.76595744680853,38.10402321396644
0.1878581560283688,0.03818553272994696,right_cubic_extension,187.8581560283688,38.18553272994696
0.18795035460992907,0.038267378037718736,right_cubic_extension,187.95035460992906,38.267378037718736
0.18804255319148935,0.03834956025610681,right_cubic_extension,188.04255319148936,38.349560256106805
0.18813475177304964,0.03843208050393376,right_cubic_extension,188.13475177304963,38.43208050393376
0.18822695035460993,0.038514939900025746,right_cubic_extension,188.22695035460993,38.514939900025745
0.18831914893617022,0.038598139563205125,right_cubic_extension,188.31914893617022,38.59813956320512
0.1884113475177305,0.038681680612297153,right_cubic_extension,188.4113475177305,38.68168061229716
0.1885035460992908,0.03876556416612553,right_cubic_extension,188.5035460992908,38.76556416612553
0.18859574468085105,0.038849791343514406,right_cubic_extension,188.59574468085106,38.849791343514404
0.18868794326241134,0.03893436326328792,right_cubic_extension,188.68794326241135,38.93436326328792
0.18878014184397163,0.03901928104427066,right_cubic_extension,188.78014184397162,39.019281044270656
0.18887234042553191,0.03910454580528655,right_cubic_extension,188.87234042553192,39.10454580528655
0.1889645390070922,0.039190158665159514,right_cubic_extension,188.9645390070922,39.190158665159515
0.1890567375886525,0.039276120742713916,right_cubic_extension,189.05673758865248,39.276120742713914
0.18914893617021278,0.0393624331567739,right_cubic_extension,189.14893617021278,39.3624331567739
0.18924113475177307,0.03944909702616339,right_cubic_extension,189.24113475177307,39.44909702616339
0.18933333333333333,0.0395361134697072,right_cubic_extension,189.33333333333331,39.5361134697072
0.1894255319148936,0.039623483606228804,right_cubic_extension,189.4255319148936,39.6234836062288
0.1895177304964539,0.039711208554552346,right_cubic_extension,189.5177304964539,39.71120855455234
0.1896099290780142,0.03979928943350286,right_cubic_extension,189.60992907801418,39.799289433502864
0.18970212765957448,0.03988772736190316,right_cubic_extension,189.70212765957447,39.88772736190316
0.18979432624113476,0.039976523458578495,right_cubic_extension,189.79432624113477,39.9765234585785
0.18988652482269502,0.040065678842353014,right_cubic_extension,189.88652482269504,40.065678842353016
0.1899787234042553,0.040155194632050195,right_cubic_extension,189.9787234042553,40.1551946320502
0.1900709219858156,0.040245071946494404,right_cubic_extension,190.0709219858156,40.245071946494406
0.1901631205673759,0.04033531190451001,right_cubic_extension,190.1631205673759,40.33531190451001
0.19025531914893618,0.04042591562492115,right_cubic_extension,190.25531914893617,40.425915624921146
0.19034751773049646,0.04051688422655153,right_cubic_extension,190.34751773049646,40.51688422655153
0.19043971631205675,0.040608218828226184,right_cubic_extension,190.43971631205676,40.608218828226185
0.19053191489361704,0.04069992054876881,right_cubic_extension,190.53191489361703,40.69992054876881
0.1906241134751773,0.04079199050700355,right_cubic_extension,190.6241134751773,40.79199050700355
0.19071631205673759,0.04088442982175411,right_cubic_extension,190.7163120567376,40.88442982175411
0.19080851063829787,0.04097723961184552,right_cubic_extension,190.80851063829786,40.97723961184552
0.19090070921985816,0.04107042099610125,right_cubic_extension,190.90070921985816,41.070420996101255
0.19099290780141845,0.041163975093345684,right_cubic_extension,190.99290780141845,41.163975093345684
0.19108510638297874,0.04125790302240295,right_cubic_extension,191.08510638297875,41.25790302240296
0.191177304964539,0.04135220590209787,right_cubic_extension,191.177304964539,41.35220590209787
0.19126950354609928,0.041446884851253696,right_cubic_extension,191.2695035460993,41.4468848512537
0.19136170212765957,0.04154194098869479,right_cubic_extension,191.36170212765958,41.54194098869479
0.19145390070921986,0.04163737543324553,right_cubic_extension,191.45390070921985,41.63737543324552
0.19154609929078015,0.0417331893037296,right_cubic_extension,191.54609929078015,41.7331893037296
0.19163829787234044,0.0418293837189716,right_cubic_extension,191.63829787234044,41.8293837189716
0.19173049645390072,0.0419259597977959,right_cubic_extension,191.7304964539007,41.9259597977959
0.191822695035461,0.04202291865902685,right_cubic_extension,191.822695035461,42.02291865902686
0.19191489361702127,0.04212026142148728,right_cubic_extension,191.91489361702128,42.120261421487285
0.19200709219858156,0.04221798920400244,right_cubic_extension,192.00709219858155,42.217989204002436
0.19209929078014185,0.042316103125396465,right_cubic_extension,192.09929078014184,42.31610312539647
0.19219148936170213,0.042414604304493064,right_cubic_extension,192.19148936170214,42.41460430449307
0.19228368794326242,0.04251349386011638,right_cubic_extension,192.2836879432624,42.513493860116384
0.1923758865248227,0.04261277291109122,right_cubic_extension,192.3758865248227,42.61277291109123
0.192468085106383,0.042712442576241294,right_cubic_extension,192.468085106383,42.712442576241294
0.19256028368794326,0.04281250397439096,right_cubic_extension,192.56028368794327,42.81250397439096
0.19265248226950354,0.04291295822436392,right_cubic_extension,192.65248226950354,42.91295822436392
0.19274468085106383,0.04301380644498498,right_cubic_extension,192.74468085106383,43.01380644498498
0.19283687943262412,0.04311504975507763,right_cubic_extension,192.83687943262413,43.11504975507763
0.1929290780141844,0.043216689273466224,right_cubic_extension,192.9290780141844,43.21668927346622
0.1930212765957447,0.04331872611897536,right_cubic_extension,193.0212765957447,43.31872611897536
0.19311347517730498,0.0434211614104294,right_cubic_extension,193.113475177305,43.4211614104294
0.19320567375886524,0.043523996266651155,right_cubic_extension,193.20567375886523,43.52399626665115
0.19329787234042553,0.04362723180646588,right_cubic_extension,193.29787234042553,43.627231806465886
0.19339007092198582,0.043730869148697504,right_cubic_extension,193.39007092198582,43.73086914869751
0.1934822695035461,0.043834909412170164,right_cubic_extension,193.4822695035461,43.83490941217016
0.1935744680851064,0.043939353715707785,right_cubic_extension,193.5744680851064,43.93935371570778
0.19366666666666668,0.04404420317813562,right_cubic_extension,193.66666666666669,44.04420317813562
0.19375886524822697,0.04414945891827582,right_cubic_extension,193.75886524822698,44.14945891827582
0.19385106382978723,0.0442551220549543,right_cubic_extension,193.85106382978722,44.2551220549543
0.19394326241134752,0.04436119370699454,right_cubic_extension,193.94326241134752,44.36119370699454
0.1940354609929078,0.044467674993220685,right_cubic_extension,194.03546099290782,44.46767499322068
0.1941276595744681,0.0445745670324571,right_cubic_extension,194.12765957446808,44.574567032457104
0.19421985815602838,0.04468187094352816,right_cubic_extension,194.21985815602838,44.68187094352815
0.19431205673758867,0.04478958784525644,right_cubic_extension,194.31205673758868,44.78958784525644
0.19440425531914896,0.04489771885646876,right_cubic_extension,194.40425531914894,44.89771885646876
0.19449645390070922,0.04500626509598682,right_cubic_extension,194.4964539007092,45.00626509598682
0.1945886524822695,0.04511522768263654,right_cubic_extension,194.5886524822695,45.11522768263654
0.1946808510638298,0.04522460773524073,right_cubic_extension,194.68085106382978,45.22460773524073
0.19477304964539008,0.04533440637262487,right_cubic_extension,194.77304964539007,45.33440637262487
0.19486524822695037,0.04544462471361177,right_cubic_extension,194.86524822695037,45.44462471361177
0.19495744680851065,0.04555526387702735,right_cubic_extension,194.95744680851067,45.55526387702735
0.19504964539007094,0.045666324981692874,right_cubic_extension,195.04964539007094,45.666324981692874
0.1951418439716312,0.04577780914643559,right_cubic_extension,195.1418439716312,45.77780914643559
0.1952340425531915,0.04588971749007831,right_cubic_extension,195.2340425531915,45.88971749007831
0.19532624113475178,0.04600205113144473,right_cubic_extension,195.32624113475177,46.00205113144473
0.19541843971631206,0.04611481118935967,right_cubic_extension,195.41843971631207,46.11481118935967
0.19551063829787235,0.04622799878264772,right_cubic_extension,195.51063829787236,46.22799878264772
0.19560283687943264,0.04634161503013168,right_cubic_extension,195.60283687943263,46.34161503013168
0.19569503546099293,0.046455661050637254,right_cubic_extension,195.69503546099293,46.455661050637254
0.1957872340425532,0.04657013796298681,right_cubic_extension,195.7872340425532,46.57013796298681
0.19587943262411348,0.046685046886006054,right_cubic_extension,195.87943262411346,46.685046886006056
0.19597163120567376,0.04680038893851868,right_cubic_extension,195.97163120567376,46.80038893851868
0.19606382978723405,0.046916165239349494,right_cubic_extension,196.06382978723406,46.916165239349496
0.19615602836879434,0.04703237690732065,right_cubic_extension,196.15602836879435,47.03237690732065
0.19624822695035463,0.04714902506125851,right_cubic_extension,196.24822695035462,47.14902506125851
0.1963404255319149,0.04726611081998544,right_cubic_extension,196.34042553191492,47.26611081998544
0.19643262411347517,0.047383635302327365,right_cubic_extension,196.43262411347519,47.38363530232736
0.19652482269503546,0.047501599627107094,right_cubic_extension,196.52482269503545,47.5015996271071
0.19661702127659575,0.04762000491314988,right_cubic_extension,196.61702127659575,47.620004913149884
0.19670921985815604,0.04773885227927832,right_cubic_extension,196.70921985815605,47.73885227927832
0.19680141843971632,0.04785814284431855,right_cubic_extension,196.80141843971631,47.85814284431855
0.1968936170212766,0.0479778777270925,right_cubic_extension,196.8936170212766,47.9778777270925
0.1969858156028369,0.04809805804642653,right_cubic_extension,196.9858156028369,48.09805804642653
0.19707801418439716,0.04821868492114345,right_cubic_extension,197.07801418439715,48.21868492114345
0.19717021276595745,0.048339759470067634,right_cubic_extension,197.17021276595744,48.339759470067634
0.19726241134751774,0.04846128281202322,right_cubic_extension,197.26241134751774,48.46128281202322
0.19735460992907802,0.048583256065835245,right_cubic_extension,197.354609929078,48.58325606583524
0.1974468085106383,0.048705680350326075,right_cubic_extension,197.4468085106383,48.70568035032608
0.1975390070921986,0.0488285567843223,right_cubic_extension,197.5390070921986,48.828556784322295
0.1976312056737589,0.04895188648664495,right_cubic_extension,197.6312056737589,48.951886486644945
0.19772340425531915,0.04907567057612128,right_cubic_extension,197.72340425531914,49.075670576121276
0.19781560283687943,0.04919991017157388,right_cubic_extension,197.81560283687944,49.199910171573876
0.19790780141843972,0.04932460639182734,right_cubic_extension,197.90780141843973,49.324606391827345
0.198,0.0494497603557047,right_cubic_extension,198.0,49.4497603557047
