z_m,z_cm,B_T,B_mT,beam_radius_mm,s_average,eta_available,force_scale,force_margin_fraction,eta_design,v_design_m_s,delta_eff_MHz
0.0,0.0,-0.0004061686681817372,-0.4061686681817372,5.935483870967742,0.5313919377744567,0.3469993047937281,0.9778387636723636,0.0221612363276363,0.3393093711946688,245.0,-2.6919958930640497
0.0001875000000000019,0.01875000000000019,-0.00040225469874247176,-0.4022546987424718,5.936693548387097,0.53117540442124,0.34690695968573926,0.9778387636723636,0.0221612363276363,0.3392190725684418,244.86205993168534,-2.691805566988239
0.0005171875000000003,0.05171875000000003,-0.0003951130857314437,-0.3951130857314437,5.93882056451613,0.5307949901513893,0.34674466038407564,0.9778387636723636,0.0221612363276363,0.3390603700199582,244.6194149594916,-2.6914711618201483
0.0008468750000000004,0.08468750000000004,-0.000387631330000202,-0.387631330000202,5.940947580645161,0.5304149791655487,0.34658245361562406,0.9778387636723636,0.0221612363276363,0.3389017579540362,244.3766443770138,-2.6911370702057256
0.0011765625000000007,0.11765625000000007,-0.00037979839349311676,-0.3797983934931168,5.943074596774194,0.530035379027574,0.3464203412000141,0.9778387636723636,0.0221612363276363,0.33874323814998014,244.13374520126573,-2.690803298084588
0.0015062500000000004,0.15062500000000004,-0.000371602954056649,-0.371602954056649,5.945201612903226,0.5296561851372733,0.3462583221651778,0.9778387636723636,0.0221612363276363,0.33858480965726445,243.89071823954262,-2.6904698419383384
0.001835937500000001,0.1835937500000001,-0.0003630334032999379,-0.3630334032999379,5.947328629032258,0.5292773968102472,0.34609639643676865,0.9778387636723636,0.0221612363276363,0.33842647240319007,243.64756308179238,-2.6901367012925204
0.002165625000000001,0.2165625000000001,-0.0003540778449320926,-0.3540778449320926,5.949455645161291,0.5288990176755667,0.3459345649347078,0.9778387636723636,0.0221612363276363,0.33826822728729167,243.40427793681138,-2.689803879029536
0.002495312500000001,0.24953125000000012,-0.0003447240936266361,-0.3447240936266361,5.951582661290323,0.5285210388468246,0.3457728256946431,0.9778387636723636,0.0221612363276363,0.33811007238874957,243.16086500309902,-2.6894713682922013
0.002825,0.2825,-0.0003349596744667693,-0.3349596744667693,5.953709677419355,0.5281434721362122,0.34561118152451525,0.9778387636723636,0.0221612363276363,0.3379520104532768,242.91731985500846,-2.689139178332508
0.0031546875000000017,0.3154687500000002,-0.0003247718230284339,-0.3247718230284339,5.955836693548387,0.5277663038310975,0.34544962934342444,0.9778387636723636,0.0221612363276363,0.3377940384682504,242.67364625696806,-2.6888072985343734
0.003484375,0.3484375,-0.0003141474861615545,-0.3141474861615545,5.957963709677419,0.5273895438915502,0.3452881715348973,0.9778387636723636,0.0221612363276363,0.33763615876437497,242.42984034857952,-2.6884757367101075
0.003814062500000002,0.38140625000000017,-0.0003030733235333239,-0.3030733235333239,5.960090725806452,0.5270131845449476,0.345126806385874,0.9778387636723636,0.0221612363276363,0.3374783696665543,242.1859040004141,-2.688144486865349
0.00414375,0.414375,-0.00029153571000093797,-0.291535710000938,5.9622177419354845,0.5266372283304104,0.34496553456615037,0.9778387636723636,0.0221612363276363,0.33732067182974046,241.9418357398309,-2.6878135510348544
0.004473437500000002,0.4473437500000002,-0.000279520738884763,-0.279520738884763,5.964344758064517,0.5262616756314823,0.3448043562483508,0.9778387636723636,0.0221612363276363,0.3371630654227325,241.69763478130645,-2.6874829295755887
0.004803125000000001,0.4803125000000001,-0.0002670142262165512,-0.2670142262165512,5.96647177419355,0.5258865208580392,0.3446432702185726,0.9778387636723636,0.0221612363276363,0.3370055492585294,241.45330231852577,-2.687152618188882
0.005132812500000002,0.5132812500000002,-0.000254001716040919,-0.254001716040919,5.968598790322581,0.5255117725041906,0.34448227853115454,0.9778387636723636,0.0221612363276363,0.33684812534594294,241.20883487286255,-2.6868226235520516
0.0054625,0.54625,-0.0002404684868519113,-0.2404684868519113,5.970725806451614,0.5251374185975135,0.34432137848812866,0.9778387636723636,0.0221612363276363,0.3366907910467958,240.96423577077823,-2.6864929363904495
0.005792187500000002,0.5792187500000002,-0.000226399559250005,-0.226399559250005,5.972852822580645,0.5247634705928729,0.3441605728345909,0.9778387636723636,0.0221612363276363,0.33653354904534877,240.71950051513673,-2.68616356569126
0.006121875000000001,0.6121875000000001,-0.000211779704908373,-0.211779704908373,5.974979838709678,0.5243899176087181,0.3439998591220909,0.9778387636723636,0.0221612363276363,0.33637639694741267,240.47463209257222,-2.685834503027375
0.0064515625000000024,0.6451562500000003,-0.0001965934569405402,-0.1965934569405402,5.97710685483871,0.5240167653435724,0.34383923875897354,0.9778387636723636,0.0221612363276363,0.33621933613012134,240.22962791460046,-2.685505752899261
0.006781250000000001,0.6781250000000001,-0.00018082512176474842,-0.1808251217647484,5.979233870967742,0.5236440109997522,0.3436787111761678,0.9778387636723636,0.0221612363276363,0.3360623660370152,239.98448825258066,-2.6851773131820287
0.0071109375000000035,0.7110937500000003,-0.0001644587925632638,-0.1644587925632638,5.981360887096774,0.5232716522185058,0.3435182759046272,0.9778387636723636,0.0221612363276363,0.3359054862094426,239.73921324371514,-2.684849182091582
0.007440625000000001,0.7440625000000001,-0.0001474783644375543,-0.1474783644375543,5.983487903225807,0.5228996942409516,0.34335793425069044,0.9778387636723636,0.0221612363276363,0.33574869792479184,239.49380040597154,-2.6845213637746745
0.007770312500000003,0.7770312500000003,-0.0001298675513625987,-0.1298675513625987,5.9856149193548385,0.5225281268012806,0.343197683896526,0.9778387636723636,0.0221612363276363,0.3355919989165977,239.24825260393052,-2.6841938502754106
0.008100000000000001,0.8100000000000002,-0.0001116099050455459,-0.1116099050455459,5.9877419354838715,0.522156962818723,0.34303752794600484,0.9778387636723636,0.0221612363276363,0.3354353922199453,239.00256467324687,-2.6838666517350767
0.0084296875,0.84296875,-9.268883579542079e-05,-0.0926888357954208,5.989868951612904,0.5217861883651209,0.3428774632208873,0.9778387636723636,0.0221612363276363,0.33527887472702883,238.75674077191428,-2.6835397573362925
0.008759375000000002,0.8759375000000003,-7.30876355115322e-05,-0.0730876355115322,5.991995967741936,0.5214158122354738,0.3427174918624744,0.9778387636723636,0.0221612363276363,0.3351224485316953,238.51077713979822,-2.683213174002375
0.009089062500000002,0.9089062500000001,-5.27895028985531e-05,-0.0527895028985531,5.994122983870968,0.5210458285139772,0.34255761256560036,0.9778387636723636,0.0221612363276363,0.3349661123577032,238.2646751587912,-2.682886897169581
0.00941875,0.941875,-3.1777571015857296e-05,-0.0317775710158573,5.99625,0.520676238009545,0.3423978256004822,0.9778387636723636,0.0221612363276363,0.33480986646928107,238.01843385545402,-2.6825609275250986
0.0097484375,0.97484375,-1.00349372674999e-05,-0.0100349372674999,5.998377016129033,0.5203070427741895,0.34223813153105914,0.9778387636723636,0.0221612363276363,0.33465371141787065,237.77205179630477,-2.682235266728478
0.010078125000000002,1.0078125000000002,1.24553040628668e-05,0.0124553040628668,6.000504032258065,0.5199382356751432,0.3420785287604338,0.9778387636723636,0.0221612363276363,0.33449764564196366,237.52553083402037,-2.6819099092610776
0.0104078125,1.04078125,3.57100266309786e-05,0.0357100266309786,6.002631048387097,0.5195698266879304,0.3419190197176818,0.9778387636723636,0.0221612363276363,0.3343416715168045,237.2788666799412,-2.6815848629755368
0.010737500000000002,1.0737500000000002,5.97460341079153e-05,0.0597460341079153,6.00475806451613,0.5192018032771558,0.3417596015311499,0.9778387636723636,0.0221612363276363,0.33418578623437933,237.0320631465378,-2.6812601181282805
0.011067187499999999,1.10671875,8.458001942158861e-05,0.0845800194215886,6.006885080645161,0.5188341758131365,0.3416002767259124,0.9778387636723636,0.0221612363276363,0.3340299922638034,236.78511576845793,-2.6809356828825797
0.011396875000000004,1.1396875000000004,0.00011022852107917291,0.1102285210791729,6.009012096774193,0.5184669353238814,0.34144104326630753,0.9778387636723636,0.0221612363276363,0.33387428761452814,236.53802709437468,-2.6806115502780785
0.011726562500000001,1.17265625,0.0001367078764942124,0.1367078764942124,6.011139112903226,0.5181000857234422,0.3412819021562238,0.9778387636723636,0.0221612363276363,0.33371867326819443,236.2907949834046,-2.680287723430677
0.012056250000000003,1.2056250000000004,0.00016403417225210228,0.1640341722521023,6.0132661290322575,0.5177336259374309,0.34112285322280195,0.9778387636723636,0.0221612363276363,0.3335631490557739,236.04341910510362,-2.679964201555447
0.012385937500000001,1.2385937500000002,0.0001922231912593148,0.1922231912593148,6.015393145161291,0.5173675520081139,0.34096389560912055,0.9778387636723636,0.0221612363276363,0.33340771413933523,235.79590020863603,-2.67964098161012
0.012715625000000005,1.2715625000000006,0.00022129035673529,0.22129035673529,6.017520161290322,0.517001870714918,0.34080503100115433,0.9778387636723636,0.0221612363276363,0.33325237016749026,235.54823504340675,-2.6793180689553107
0.0130453125,1.3045312500000001,0.0002512506730214363,0.2512506730214363,6.019647177419355,0.5166365711983222,0.34064625690494754,0.9778387636723636,0.0221612363276363,0.3330971147015523,235.300426941257,-2.6789954551456163
0.013375000000000003,1.3375000000000004,0.0002821186631993367,0.2821186631993367,6.021774193548388,0.5162716652689877,0.3404875762019203,0.9778387636723636,0.0221612363276363,0.3329419505590855,235.05247073552258,-2.6786731494817513
0.013704687500000002,1.3704687500000003,0.0003139083035300773,0.3139083035300773,6.02390120967742,0.5159071409595254,0.3403289861315123,0.9778387636723636,0.0221612363276363,0.332786875040707,234.8043702006628,-2.6783511426483013
0.014034375000000002,1.4034375000000001,0.000346632954748791,0.346632954748791,6.026028225806452,0.5155430052277522,0.34017048842569353,0.9778387636723636,0.0221612363276363,0.33263188984000425,234.5561219687382,-2.678029440147979
0.0143640625,1.43640625,0.00038030529027302453,0.3803052902730245,6.028155241935484,0.515179253934427,0.340012082180404,0.9778387636723636,0.0221612363276363,0.3324769940729524,234.3077268695173,-2.677708038793406
0.01469375,1.469375,0.00041493722141060663,0.4149372214106066,6.030282258064516,0.5148158862347235,0.33985376727310723,0.9778387636723636,0.0221612363276363,0.3323221876197303,234.05918449087227,-2.6773869379763164
0.015023437500000002,1.5023437500000003,0.0004505398196821651,0.4505398196821651,6.032409274193549,0.5144529057742708,0.33969554465227664,0.9778387636723636,0.0221612363276363,0.33216747140779246,233.81049267556213,-2.6770661406077934
0.015353125,1.5353125,0.00048712323640553654,0.4871232364055365,6.034536290322579,0.5140903039487495,0.33953741234483675,0.9778387636723636,0.0221612363276363,0.3320128435077887,233.56165400974967,-2.676745639998143
0.015682812500000004,1.5682812500000005,0.0005246966197239227,0.5246966197239227,6.036663306451613,0.513728092145605,0.3393793731478284,0.9778387636723636,0.0221612363276363,0.3318583066547743,233.31266330627665,-2.6764254451274225
0.0160125,1.60125,0.0005632680292967201,0.5632680292967202,6.0387903225806445,0.5133662572961368,0.33922142401932154,0.9778387636723636,0.0221612363276363,0.33170385787423196,233.06352491221378,-2.6761055458041643
0.0163421875,1.6342187500000003,0.0006028443489114973,0.6028443489114973,6.0409173387096775,0.513004808730215,0.3390635672678028,0.9778387636723636,0.0221612363276363,0.33154949942348955,232.81423440833845,-2.6757859493972314
0.016671875000000003,1.6671875000000005,0.0006434311973173962,0.6434311973173962,6.0430443548387105,0.512643739304157,0.3389058012636062,0.9778387636723636,0.0221612363276363,0.3313952297089965,232.5647938446628,-2.6754666503582123
0.017001562500000005,1.7001562500000007,0.0006850328376242505,0.6850328376242505,6.045171370967742,0.5122830512250613,0.33874812661299214,0.9778387636723636,0.0221612363276363,0.3312410493235775,232.3152015870753,-2.675147650471156
0.01733125,1.7331250000000002,0.0007276520856575688,0.7276520856575688,6.047298387096775,0.5119227450659137,0.33859054353252954,0.9778387636723636,0.0221612363276363,0.33108695847900227,232.0654566297579,-2.6748289502394167
0.017660937500000005,1.7660937500000005,0.0007712902177071374,0.7712902177071373,6.049425403225806,0.5115628153422139,0.3384330507842391,0.9778387636723636,0.0221612363276363,0.33093295596472655,231.81556040590667,-2.6745105454120877
0.017990625000000003,1.7990625000000002,0.0008159468781558628,0.8159468781558628,6.051552419354839,0.5112032703010636,0.33827565042696073,0.9778387636723636,0.0221612363276363,0.33077904379396394,231.56550880959648,-2.674192442515149
0.018320312500000005,1.8320312500000004,0.0008616199875253188,0.8616199875253188,6.053679435483871,0.5108440985195454,0.3381183397940192,0.9778387636723636,0.0221612363276363,0.3306252193591359,231.31530568780718,-2.6738746326350338
0.01865,1.865,0.0009083056515247609,0.9083056515247608,6.055806451612904,0.5104853107442777,0.3379611215478233,0.9778387636723636,0.0221612363276363,0.33047148526364895,231.06494588351035,-2.6735571242616882
0.018979687500000002,1.8979687500000002,0.0009559980717406213,0.9559980717406212,6.057933467741935,0.5101268968864362,0.3378039933386924,0.9778387636723636,0.0221612363276363,0.33031783920989427,230.8144327300312,-2.6732399095262784
0.019309375000000004,1.9309375000000004,0.00100468945865308,1.00468945865308,6.060060483870968,0.5097688621451795,0.33764695649609766,0.9778387636723636,0.0221612363276363,0.33016428249788055,230.56376330748287,-2.6729229925641906
0.019639062500000005,1.9639062500000006,0.001054369947714594,1.054369947714594,6.062187499999999,0.5094112040808861,0.3374900105102985,0.9778387636723636,0.0221612363276363,0.33001081462916326,230.3129378224974,-2.6726063715121535
0.01996875,1.9968750000000002,0.0011050275192714442,1.105027519271444,6.064314516129032,0.5090539202682807,0.33733315487282306,0.9778387636723636,0.0221612363276363,0.32985743510653937,230.06195649355624,-2.6722900445166435
0.0202984375,2.02984375,0.0011566479231527019,1.1566479231527018,6.0664415322580645,0.5086970158748825,0.3371763909099074,0.9778387636723636,0.0221612363276363,0.3297041452268535,229.8108163548885,-2.671974015691087
0.020628125000000004,2.0628125000000006,0.0012092146087905676,1.2092146087905675,6.068568548387097,0.5083404810922124,0.3370197163273349,0.9778387636723636,0.0221612363276363,0.3295509427467319,229.55952072495654,-2.6716582773785125
0.020957812500000006,2.095781250000001,0.0012627086617709887,1.2627086617709886,6.070695564516129,0.5079843280552069,0.33686313413865154,0.9778387636723636,0.0221612363276363,0.3293978306129366,229.30806367203434,-2.6713428391703053
0.0212875,2.12875,0.0013171087477426926,1.3171087477426926,6.072822580645162,0.5076285437881086,0.3367066412797484,0.9778387636723636,0.0221612363276363,0.3292448058292632,229.05644987906456,-2.671027690917273
0.021617187500000003,2.1617187500000004,0.0013723910646354115,1.3723910646354116,6.074949596774194,0.5072731364233736,0.33655023979772786,0.9778387636723636,0.0221612363276363,0.3290918703974477,228.8046750732923,-2.6707128390657764
0.021946875000000008,2.194687500000001,0.0014285293041529784,1.4285293041529783,6.077076612903226,0.5069181005677045,0.33639392846212735,0.9778387636723636,0.0221612363276363,0.3289390231142961,228.55274073797545,-2.670398279426396
0.02227656250000001,2.227656250000001,0.001485494623513234,1.485494623513234,6.079203629032258,0.506563436795568,0.33623770748840054,0.9778387636723636,0.0221612363276363,0.32878626419048745,228.30064581191687,-2.6700840125021923
0.022606250000000005,2.2606250000000006,0.0015432556284030617,1.5432556284030616,6.08133064516129,0.5062091472545516,0.3360815774757704,0.9778387636723636,0.0221612363276363,0.3286335942119651,228.04838853148178,-2.6697700400349573
0.022935937500000003,2.2935937500000003,0.0016017783681026268,1.6017783681026267,6.083457661290323,0.5058552250025848,0.33592553681200266,0.9778387636723636,0.0221612363276363,0.3284810116022238,227.79597109441846,-2.6694563566129776
0.023265625000000005,2.3265625000000005,0.001661026343706796,1.661026343706796,6.085584677419355,0.5055016796867795,0.33576958792204686,0.9778387636723636,0.0221612363276363,0.3283285187324733,227.5433884423033,-2.669142969880745
0.02359531250000001,2.359531250000001,0.0017209605303331993,1.7209605303331994,6.087711693548387,0.5051484993498231,0.3356137279698988,0.9778387636723636,0.0221612363276363,0.3281761128295589,227.29064499062716,-2.6688298704771505
0.023925000000000002,2.3925,0.001781539414154346,1.781539414154346,6.0898387096774185,0.5047956937170356,0.33545795940239864,0.9778387636723636,0.0221612363276363,0.3280237962860954,227.03773560542817,-2.668517066110144
0.024254687500000004,2.4254687500000003,0.001842719045025306,1.842719045025306,6.091965725806452,0.504443254499299,0.33530228027394654,0.9778387636723636,0.0221612363276363,0.3278715671996003,226.7846631141233,-2.6682045503039777
0.024584375000000006,2.4584375000000005,0.0019044531053979657,1.9044531053979656,6.094092741935484,0.5040911852124241,0.3351466915183423,0.9778387636723636,0.0221612363276363,0.3277194264831789,226.53142510744192,-2.6678923258781846
0.0249140625,2.4914062500000003,0.001966692996117657,1.9666929961176571,6.0962197580645165,0.5037394850426298,0.33499119301338437,0.9778387636723636,0.0221612363276363,0.32756737401733793,226.2780210891303,-2.6675803922431305
0.02524375,2.524375,0.002029387939587824,2.029387939587824,6.098346774193549,0.5033881500544457,0.3348357838714724,0.9778387636723636,0.0221612363276363,0.3274154089341473,226.0244519858446,-2.667268746348484
0.025573437500000004,2.5573437500000007,0.0020924851006634366,2.0924851006634366,6.100473790322581,0.5030371868685438,0.3346804657898459,0.9778387636723636,0.0221612363276363,0.3272635328932337,225.77071392816273,-2.6669573934625457
0.025903125000000006,2.590312500000001,0.002155929725494739,2.155929725494739,6.102600806451613,0.502686585113372,0.33452523630251585,0.9778387636723636,0.0221612363276363,0.32711174348325744,225.5168107809729,-2.6666463254613872
0.0262328125,2.6232812500000002,0.0022196652983899143,2.219665298389914,6.104727822580647,0.5023363558800756,0.3343700982050453,0.9778387636723636,0.0221612363276363,0.3269600434378283,225.2627365935984,-2.666335551138674
0.026562500000000003,2.6562500000000004,0.002283633716599702,2.283633716599702,6.106854838709677,0.5019864880405138,0.33421504884227604,0.9778387636723636,0.0221612363276363,0.32680843016062977,225.00849560872865,-2.6660250617715415
0.026892187500000008,2.689218750000001,0.002347775482749935,2.347775482749935,6.10898185483871,0.5016369879945073,0.3340600898607798,0.9778387636723636,0.0221612363276363,0.3266569052617437,224.7540839969637,-2.665714862456465
0.02722187500000001,2.722187500000001,0.0024120299144611197,2.4120299144611197,6.111108870967741,0.5012878520244048,0.33390522042251264,0.9778387636723636,0.0221612363276363,0.3265054679216979,224.499502598158,-2.6654049503120576
0.027551562500000005,2.7551562500000006,0.002476335370499345,2.4763353704993447,6.113235887096774,0.5009390791433066,0.33375044035893126,0.9778387636723636,0.0221612363276363,0.32635411797568425,224.24475099820552,-2.6650953246093865
0.027881250000000007,2.788125000000001,0.0025406294926022545,2.5406294926022546,6.115362903225806,0.500590673003636,0.3335957506451512,0.9778387636723636,0.0221612363276363,0.3262028563772087,223.98982658294958,-2.664785988280635
0.028210937500000005,2.8210937500000006,0.002604849461919878,2.604849461919878,6.117489919354839,0.5002426252720701,0.33344114930146845,0.9778387636723636,0.0221612363276363,0.3260516811904399,223.73473240495036,-2.664476934799323
0.02854062500000001,2.8540625000000013,0.0026689322688058003,2.6689322688058,6.119616935483871,0.4998949469308973,0.3332866391122052,0.9778387636723636,0.0221612363276363,0.32590059513799596,223.47946234409252,-2.664168172883416
0.028870312500000002,2.88703125,0.002732814994491977,2.732814994491977,6.121743951612903,0.49954762551615933,0.33313221707540375,0.9778387636723636,0.0221612363276363,0.3257495952844463,223.22402144406715,-2.6638596927440537
0.029200000000000004,2.9200000000000004,0.002796435102984052,2.796435102984052,6.123870967741936,0.4992006697729178,0.33297788542577883,0.9778387636723636,0.0221612363276363,0.3255986838149815,222.9684046091143,-2.6635515013349194
0.029529687500000006,2.9529687500000006,0.002859730741326111,2.859730741326111,6.125997983870969,0.4988540731361016,0.3328236426150192,0.9778387636723636,0.0221612363276363,0.32544785921560304,222.71261408764173,-2.6632435935218477
0.029859375,2.9859375000000004,0.00292264104620825,2.92264104620825,6.128125,0.49850783751040756,0.33266948918806794,0.9778387636723636,0.0221612363276363,0.32529712201917715,222.4566480513043,-2.6629359708580727
0.0301890625,3.01890625,0.0029851064547297868,2.9851064547297868,6.130252016129033,0.4981619636371452,0.33251542540349643,0.9778387636723636,0.0221612363276363,0.325146472478545,222.20050521108385,-2.6626286339789904
0.030518750000000004,3.051875000000001,0.003047069016989441,3.047069016989441,6.132379032258065,0.4978164461379997,0.3323614500013639,0.9778387636723636,0.0221612363276363,0.32499590936168776,221.94418728892379,-2.6623215786840895
0.030848437500000006,3.084843750000001,0.0031084727080537863,3.108472708053786,6.134506048387096,0.49747129302091403,0.33220756504317456,0.9778387636723636,0.0221612363276363,0.3248454346844241,221.6876894046345,-2.6620148113508866
0.031178125,3.1178125000000003,0.0031692637367601085,3.1692637367601084,6.13663306451613,0.4971264933796071,0.33205376789454016,0.9778387636723636,0.0221612363276363,0.32469504587074716,221.43101602833474,-2.6617083234086665
0.0315078125,3.1507812500000005,0.0032293908487419105,3.2293908487419105,6.13876008064516,0.49678205730286795,0.3319000611364906,0.9778387636723636,0.0221612363276363,0.3245447454444879,221.1741612022888,-2.6614021228812934
0.03183750000000001,3.183750000000001,0.0032888056210269787,3.2888056210269787,6.140887096774195,0.49643797543363044,0.3317464425160163,0.9778387636723636,0.0221612363276363,0.3243945312025663,220.91712865987742,-2.6610962024202327
0.03216718750000001,3.2167187500000005,0.0033474627455511163,3.347462745551116,6.143014112903226,0.4960942525122453,0.3315929132859814,0.9778387636723636,0.0221612363276363,0.32424440437008134,220.6599150809669,-2.66079056582219
0.032496875,3.2496875000000003,0.003405320298956543,3.4053202989565428,6.145141129032258,0.4957508864250119,0.3314394729939869,0.9778387636723636,0.0221612363276363,0.3240943645046599,220.40252057541076,-2.6604852114645956
0.0328265625,3.2826562500000005,0.0034623399961036592,3.462339996103659,6.147268145161291,0.4954078746920075,0.331286121094286,0.9778387636723636,0.0221612363276363,0.3239444110726496,220.14494545967074,-2.6601801374338128
0.033156250000000005,3.3156250000000007,0.0035184874248182486,3.5184874248182485,6.149395161290323,0.4950652224036013,0.33113285893114297,0.9778387636723636,0.0221612363276363,0.323794545388524,219.8871861644405,-2.659875347806079
0.03348593750000001,3.348593750000001,0.0035737322595233737,3.5737322595233736,6.151522177419355,0.4947229201819174,0.3309796842349498,0.9778387636723636,0.0221612363276363,0.3236447652329726,219.62924655200686,-2.6595708352086884
0.033815625,3.3815625000000007,0.003628048451564792,3.628048451564792,6.153649193548388,0.49438097943288456,0.33082659993028024,0.9778387636723636,0.0221612363276363,0.3234950734657569,219.37111975725276,-2.6592666087172625
0.034145312500000004,3.4145312500000005,0.0036814143942293723,3.681414394229372,6.155776209677419,0.494039388061863,0.3306736030649883,0.9778387636723636,0.0221612363276363,0.323345467200154,219.11281107920416,-2.6589626588066078
0.03447500000000001,3.447500000000001,0.003733813060675456,3.733813060675456,6.157903225806452,0.49369815358992764,0.33052069559430175,0.9778387636723636,0.0221612363276363,0.3231959483480617,218.85431562402968,-2.658658991478861
0.0348046875,3.48046875,0.003785232113239719,3.785232113239719,6.160030241935484,0.493357271103454,0.3303678763604172,0.9778387636723636,0.0221612363276363,0.3230465157773347,218.5956349783188,-2.6583556028916284
0.03513437500000001,3.5134375000000007,0.003835663982853272,3.835663982853272,6.162157258064516,0.49301674096532005,0.3302151455262196,0.9778387636723636,0.0221612363276363,0.32289716964724824,218.33676797394685,-2.658052493379722
0.035464062500000004,3.5464062500000004,0.0038851059175872126,3.8851059175872127,6.164284274193549,0.49267656540407,0.33006250372430446,0.9778387636723636,0.0221612363276363,0.3227479105763788,218.0777124274527,-2.657749664756666
0.035793750000000006,3.5793750000000006,0.003933559999650149,3.9335599996501487,6.16641129032258,0.49233673766311875,0.3299099493291569,0.9778387636723636,0.0221612363276363,0.3225987369752349,217.81847095425357,-2.657447111716815
0.0361234375,3.6123437500000004,0.003981033130472882,3.981033130472882,6.168538306451613,0.49199726707453,0.3297574847598298,0.9778387636723636,0.0221612363276363,0.3224496512092603,217.55903754231127,-2.6571448417027517
0.036453125,3.6453125,0.004027536983834163,4.027536983834163,6.170665322580645,0.4916581422244264,0.3296051072168921,0.9778387636723636,0.0221612363276363,0.32230065054106266,217.29941733307692,-2.656842845716417
0.036782812500000005,3.678281250000001,0.00407308792730108,4.07308792730108,6.1727923387096775,0.49131937223903754,0.32945281907028745,0.9778387636723636,0.0221612363276363,0.3221517372880648,217.0396043752562,-2.6565411310389777
0.0371125,3.7112499999999997,0.004117706912573624,4.117706912573624,6.17491935483871,0.49098094945890763,0.3293006184623648,0.9778387636723636,0.0221612363276363,0.32200290963378353,216.77960181446397,-2.6562396916458773
0.0374421875,3.7442187500000004,0.004161419335630627,4.161419335630627,6.177046370967743,0.4906428770351243,0.3291485062590873,0.9778387636723636,0.0221612363276363,0.32185416842499115,216.51940691434075,-2.6559385300824623
0.037771875,3.7771875,0.004204254867868997,4.204254867868997,6.179173387096774,0.49030515438915273,0.32899648238694446,0.9778387636723636,0.0221612363276363,0.3217055135898063,216.2590189565229,-2.6556376459375315
0.038101562500000005,3.810156250000001,0.004246247259705816,4.246247259705815,6.181300403225807,0.4899677776135969,0.3288445459297578,0.9778387636723636,0.0221612363276363,0.32155694423235415,215.99843908232555,-2.655337036158342
0.03843125000000001,3.8431250000000006,0.004287434118369618,4.287434118369617,6.183427419354839,0.4896307531726326,0.3286926985942195,0.9778387636723636,0.0221612363276363,0.3214084620215045,215.73766264875002,-2.655036705920491
0.038760937499999995,3.87609375,0.004327856661839554,4.327856661839554,6.185554435483872,0.4892940711540066,0.32854093794323586,0.9778387636723636,0.0221612363276363,0.3212600645741726,215.47669416306667,-2.6547366474056675
0.039090625000000004,3.9090625000000006,0.004367559451096309,4.367559451096309,6.187681451612903,0.4889577419800098,0.3283892666878996,0.9778387636723636,0.0221612363276363,0.32111175454136986,215.2155267138318,-2.6544368689318865
0.03942031250000001,3.942031250000001,0.004406590103024202,4.406590103024202,6.189808467741936,0.48862175529847324,0.3282376822762617,0.9778387636723636,0.0221612363276363,0.32096352942770184,214.95416509271976,-2.6541373623293687
0.03975000000000001,3.975000000000001,0.004444998986448292,4.444998986448292,6.191935483870968,0.48828611699508445,0.3280861862718173,0.9778387636723636,0.0221612363276363,0.32081539076201454,214.6926049066113,-2.653838132316737
0.04007968750000001,4.007968750000001,0.004482838903901982,4.482838903901982,6.1940625,0.4879508237379927,0.32793477790050457,0.9778387636723636,0.0221612363276363,0.32066733778740053,214.43084698609573,-2.6535391762954488
0.040409375,4.0409375,0.004520164761799531,4.52016476179953,6.196189516129032,0.48761587441474025,0.32778345694993005,0.9778387636723636,0.0221612363276363,0.3205193702961731,214.16889091303443,-2.653240493427979
0.040739062500000006,4.07390625,0.004557033231733758,4.557033231733758,6.198316532258065,0.48728127267601745,0.32763222441998563,0.9778387636723636,0.0221612363276363,0.3203714892660652,213.90673349403386,-2.652942086660777
0.04106875,4.1068750000000005,0.004593502405632759,4.593502405632759,6.2004435483870965,0.48694701044889016,0.32748107832632245,0.9778387636723636,0.0221612363276363,0.3202236927567037,213.64437834907437,-2.652643949626435
0.0413984375,4.13984375,0.004629631447491969,4.6296314474919695,6.2025705645161295,0.4866130983290033,0.3273300214388541,0.9778387636723636,0.0221612363276363,0.32007598347661737,213.3818181968502,-2.652346090790161
0.041728125000000005,4.172812500000001,0.0046654802443507944,4.665480244350794,6.204697580645162,0.4862795244208575,0.3271790507964426,0.9778387636723636,0.0221612363276363,0.3199283585302909,213.11905892472754,-2.652048500745217
0.0420578125,4.20578125,0.004701109059108684,4.701109059108684,6.206824596774194,0.48594629692635455,0.32702816856138867,0.9778387636723636,0.0221612363276363,0.3197808200321057,212.8560946032295,-2.6517511860561904
0.0423875,4.2387500000000005,0.004736578187676008,4.736578187676009,6.208951612903226,0.4856134098131251,0.32687737326462485,0.9778387636723636,0.0221612363276363,0.31963336654555047,212.5929277006964,-2.6514541419739888
0.0427171875,4.271718750000001,0.004771947622833439,4.771947622833439,6.211078629032258,0.48528086471037185,0.3267266653919998,0.9778387636723636,0.0221612363276363,0.3194859985457072,212.3295561490954,-2.6511573698392774
0.043046875000000005,4.304687500000001,0.004807276727032474,4.807276727032474,6.213205645161291,0.4849486625087283,0.3265760452421569,0.9778387636723636,0.0221612363276363,0.31933871632460065,212.06597828998838,-2.6508608704064343
0.04337656250000001,4.337656250000001,0.004842623916212477,4.842623916212477,6.215332661290323,0.48461679793619916,0.32642551153523175,0.9778387636723636,0.0221612363276363,0.3191915186307299,211.80219619645683,-2.650564639527589
0.043706249999999995,4.3706249999999995,0.004878046356539028,4.878046356539028,6.217459677419355,0.48428527876925953,0.3262750663336508,0.9778387636723636,0.0221612363276363,0.3190444074808155,211.53820401693986,-2.650268683434683
0.044035937500000004,4.403593750000001,0.004913599675787965,4.913599675787965,6.219586693548387,0.4839540945878016,0.32612470703617125,0.9778387636723636,0.0221612363276363,0.31889738033126147,211.27400697715765,-2.649972993882731
0.04436562500000001,4.436562500000001,0.004949337690911948,4.949337690911948,6.22171370967742,0.48362325486907554,0.3259744361438549,0.9778387636723636,0.0221612363276363,0.31875043962770294,211.00959813019298,-2.649677578458537
0.04469531250000001,4.469531250000001,0.004985312153134887,4.985312153134887,6.223840725806451,0.483292750932044,0.32582425149816363,0.9778387636723636,0.0221612363276363,0.31860358325943755,210.7449816762487,-2.649382430298711
0.04502500000000001,4.5025,0.0050215725117266595,5.021572511726659,6.225967741935485,0.4829625870952445,0.3256741542776557,0.9778387636723636,0.0221612363276363,0.3184568123789055,210.48015380148234,-2.6490875528855597
0.0453546875,4.53546875,0.005058165697419033,5.0581656974190325,6.228094758064516,0.4826327615417289,0.32552414408526764,0.9778387636723636,0.0221612363276363,0.31831012659784247,210.215114472907,-2.6487929448180694
0.045684375000000006,4.568437500000001,0.005095135926235461,5.095135926235462,6.230221774193549,0.48230327174749527,0.3253742203400802,0.9778387636723636,0.0221612363276363,0.31816352534820325,209.9498641243965,-2.648498604130955
0.0460140625,4.60140625,0.005132524524324966,5.132524524324966,6.232348790322581,0.48197412272294127,0.3252243844025811,0.9778387636723636,0.0221612363276363,0.31801700996032545,209.68439842088486,-2.6482045348598975
0.04634375,4.634375,0.0051703697742147905,5.17036977421479,6.234475806451613,0.48164530549598794,0.32507463402864534,0.9778387636723636,0.0221612363276363,0.31787057823981674,209.41872188448997,-2.6479107299026983
0.046673437500000005,4.667343750000001,0.005208706782729786,5.208706782729786,6.236602822580645,0.4813168307943485,0.3249249720553448,0.9778387636723636,0.0221612363276363,0.3177242329608757,209.15282649387706,-2.647617197850918
0.047003125,4.7003125,0.005247567370669461,5.247567370669461,6.238729838709677,0.4809886873392416,0.3247753956401962,0.9778387636723636,0.0221612363276363,0.3175779713440123,208.8867182809404,-2.647323929762481
0.0473328125,4.73328125,0.005286979984186999,5.286979984186999,6.24085685483871,0.4806608820871483,0.32462590664894425,0.9778387636723636,0.0221612363276363,0.3174317952136238,208.6203915842165,-2.6470309312254594
0.047662500000000003,4.76625,0.005326969627679189,5.326969627679189,6.242983870967742,0.48033341056507767,0.3244765039943504,0.9778387636723636,0.0221612363276363,0.3172857035065663,208.353848092205,-2.6467381987194396
0.047992187500000005,4.7992187500000005,0.005367557817872017,5.367557817872017,6.245110887096774,0.48000627294501824,0.3243271877889111,0.9778387636723636,0.0221612363276363,0.31713969633284345,208.08708650154318,-2.6464457324254536
0.04832187500000001,4.832187500000001,0.005408762558673896,5.408762558673896,6.247237903225806,0.47967947152343965,0.3241779586967142,0.9778387636723636,0.0221612363276363,0.3169937743418256,207.8201040857622,-2.6461535342192954
0.048651562499999995,4.86515625,0.005450598336267005,5.450598336267005,6.249364919354838,0.4793529997240645,0.3240288150809256,0.9778387636723636,0.0221612363276363,0.3168479359329533,207.55290397144503,-2.6458615989003547
0.048981250000000004,4.898125,0.005493076133816502,5.493076133816501,6.251491935483871,0.4790268665766746,0.3238797593530431,0.9778387636723636,0.0221612363276363,0.31670218346428236,207.2854789443413,-2.6455699337153558
0.04931093750000001,4.931093750000001,0.00553620346509685,5.5362034650968495,6.253618951612903,0.4787010611787141,0.3237307887509912,0.9778387636723636,0.0221612363276363,0.3165565142349484,207.01783503200346,-2.6452785300110544
0.04964062500000001,4.964062500000001,0.005579984426264124,5.579984426264124,6.255745967741936,0.47837559209948183,0.3235819055692434,0.9778387636723636,0.0221612363276363,0.31641093048857644,206.74996526451943,-2.6449873946684157
0.04997031250000001,4.997031250000001,0.0056244197649412955,5.624419764941296,6.257872983870969,0.47805045226056403,0.32343310803590636,0.9778387636723636,0.0221612363276363,0.3162654304925407,206.48187315388074,-2.6446965220831045
0.0503,5.03,0.0056695069657303225,5.6695069657303225,6.26,0.47772564447886284,0.32328439695137406,0.9778387636723636,0.0221612363276363,0.31612001502949727,206.21355555528902,-2.644405914546749
0.050629687500000006,5.0629687500000005,0.005715240351218894,5.715240351218894,6.262127016129033,0.47740116838814145,0.32313577228886126,0.9778387636723636,0.0221612363276363,0.31597468407325446,205.94501144874593,-2.6441155718111284
0.050959375,5.095937500000001,0.005761611197510643,5.761611197510643,6.264254032258064,0.4770770201140712,0.3229872331056484,0.9778387636723636,0.0221612363276363,0.31582943670198477,205.67624223659436,-2.643825490826134
0.05128906250000001,5.128906250000001,0.005808607863274395,5.8086078632743945,6.266381048387097,0.47675320596685183,0.3228387811161479,0.9778387636723636,0.0221612363276363,0.31568427459210685,205.40724229112854,-2.6435356766746145
0.051618750000000005,5.161875000000001,0.005856215931279969,5.856215931279968,6.268508064516129,0.4764297164669233,0.3226904139129664,0.9778387636723636,0.0221612363276363,0.3155391953895783,205.13801690438746,-2.6432461218288523
0.0519484375,5.19484375,0.00590441836136495,5.90441836136495,6.270635080645162,0.4761065614142785,0.3225421341242149,0.9778387636723636,0.0221612363276363,0.315394201664268,204.86855796424805,-2.6429568341605196
0.05227812500000001,5.2278125000000015,0.005953195653757264,5.953195653757264,6.272762096774194,0.47578373117480066,0.3223939392988551,0.9778387636723636,0.0221612363276363,0.31524929101945565,204.59887091464117,-2.642667806016293
0.052607812500000004,5.260781250000001,0.006002526021662764,6.002526021662764,6.274889112903226,0.47546123116013267,0.3222458309196703,0.9778387636723636,0.0221612363276363,0.31510446490506394,204.32895065847003,-2.6423790417631823
0.0529375,5.29375,0.006052385572014483,6.052385572014483,6.2770161290322575,0.4751390583916488,0.32209780827451967,0.9778387636723636,0.0221612363276363,0.3149597226247344,204.05879798631008,-2.6420905390642204
0.05326718750000001,5.326718750000001,0.006102748493270481,6.1027484932704805,6.2791431451612905,0.47481721164620416,0.321949871109282,0.9778387636723636,0.0221612363276363,0.31481506392997716,203.78841246972854,-2.641802296984317
0.053596874999999995,5.3596875,0.006153587249140177,6.153587249140177,6.281270161290323,0.4744956945653223,0.3218020204468094,0.9778387636723636,0.0221612363276363,0.3146704898209768,203.5177901671585,-2.6415143184780616
0.05392656250000001,5.392656250000002,0.00620487277711501,6.20487277711501,6.2833971774193556,0.47417449932631284,0.32165425429998074,0.9778387636723636,0.0221612363276363,0.3145259983546491,203.2469353979139,-2.6412265973330022
0.05425625000000001,5.425625000000001,0.006256574690677254,6.256574690677254,6.285524193548388,0.47385363615568105,0.321506575422737,0.9778387636723636,0.0221612363276363,0.3143815922239046,202.9758394080803,-2.6409391417705637
0.0545859375,5.45859375,0.006308661484062295,6.308661484062295,6.287651209677419,0.4735330936927585,0.3213589808954638,0.9778387636723636,0.0221612363276363,0.3142372685738311,202.70450912209185,-2.640651942746914
0.054915625000000017,5.4915625000000015,0.006361100738453398,6.3611007384533975,6.289778225806452,0.4732128796345419,0.3212114728094802,0.9778387636723636,0.0221612363276363,0.3140930294494012,202.43293756143274,-2.6403650064617805
0.0552453125,5.52453125,0.006413859328495459,6.413859328495459,6.291905241935484,0.4728929884394409,0.3210640497727954,0.9778387636723636,0.0221612363276363,0.3139488734894725,202.161127438089,-2.6400783285242175
0.055575000000000006,5.557500000000001,0.006466903628024662,6.466903628024662,6.294032258064517,0.4725734214856288,0.32091671221438284,0.9778387636723636,0.0221612363276363,0.31380480111351183,201.88907637933366,-2.6397919100791034
0.05590468750000001,5.590468750000001,0.006520199713925569,6.520199713925568,6.296159274193549,0.47225417979595935,0.32076946047104665,0.9778387636723636,0.0221612363276363,0.31366081265085943,201.61678223582845,-2.6395057519878815
0.056234375,5.6234375000000005,0.006573713567045556,6.573713567045555,6.298286290322581,0.4719352582045262,0.320622293244957,0.9778387636723636,0.0221612363276363,0.31351690683244676,201.34424751192142,-2.63921985015711
0.0565640625,5.65640625,0.006627411269119531,6.627411269119531,6.300413306451613,0.4716166642638531,0.320475212597815,0.9778387636723636,0.0221612363276363,0.31337308567428535,201.07146511341273,-2.638934210676169
0.05689375,5.689375,0.0066812591946855135,6.681259194685514,6.302540322580645,0.47129838801174084,0.3203282159622547,0.9778387636723636,0.0221612363276363,0.3132293466659051,200.7984411958751,-2.638648825609783
0.0572234375,5.72234375,0.006735224197004373,6.7352241970043725,6.304667338709677,0.47098043835644915,0.3201813057608681,0.9778387636723636,0.0221612363276363,0.31308569217621035,200.52516756427127,-2.6383637021345474
0.05755312500000001,5.755312500000001,0.006789273787035127,6.789273787035127,6.306794354838711,0.47066280724197174,0.3200344799273064,0.9778387636723636,0.0221612363276363,0.3129421201846452,200.25164897012115,-2.6380788338397156
0.057882812500000005,5.788281250000001,0.006843376304560501,6.8433763045605005,6.308921370967742,0.47034549859881464,0.3198877395681463,0.9778387636723636,0.0221612363276363,0.3127986317732632,199.9778809753209,-2.6377942239157113
0.0582125,5.82125,0.006897501080606616,6.897501080606617,6.311048387096775,0.4700285108802877,0.319741084339645,0.9778387636723636,0.0221612363276363,0.3126552266059395,199.70386333588283,-2.637509871165395
0.05854218750000001,5.854218750000001,0.006951618590355257,6.951618590355257,6.313175403225807,0.4697118415277096,0.3195945136277634,0.9778387636723636,0.0221612363276363,0.31251190408224255,199.42959662508298,-2.6372257735795044
0.058871875000000004,5.8871875000000005,0.007005700595807253,7.0057005958072525,6.315302419354839,0.4693954954693196,0.31944802880747264,0.9778387636723636,0.0221612363276363,0.31236866554667264,199.15507551636094,-2.636941935150264
0.059201562500000006,5.920156250000001,0.00705972027752128,7.059720277521279,6.317429435483871,0.4690794641157863,0.3193016276608946,0.9778387636723636,0.0221612363276363,0.31222550883050254,198.88030534406033,-2.6366583490330946
0.05953125000000001,5.953125000000001,0.007113652354822826,7.113652354822826,6.319556451612904,0.46876375756332067,0.31915531293916777,0.9778387636723636,0.0221612363276363,0.3120824366239021,198.6052766234488,-2.6363750233649164
0.05986093750000001,5.986093750000001,0.007167473193953724,7.167473193953724,6.321683467741935,0.46844836528919287,0.31900908190706456,0.9778387636723636,0.0221612363276363,0.31193944625225983,198.32999627159805,-2.6360919497488937
0.06019062500000001,6.019062500000001,0.0072211609037123765,7.221160903712376,6.323810483870967,0.46813329372811924,0.3188629363432869,0.9778387636723636,0.0221612363276363,0.3117965394548593,198.0544576557402,-2.635809133387022
0.060520312500000006,6.052031250000001,0.007274695418218528,7.274695418218528,6.3259375,0.46781853881212637,0.3187168752290321,0.9778387636723636,0.0221612363276363,0.31165371523547575,197.77866255798529,-2.635526571057649
0.06085,6.085000000000001,0.007328058566523026,7.328058566523025,6.328064516129032,0.46750410054107155,0.3185708986285656,0.9778387636723636,0.0221612363276363,0.31151097365695046,197.50260949649243,-2.6352442628013746
0.06117968750000001,6.117968750000001,0.007381234128872533,7.381234128872532,6.330191532258064,0.46718998126773215,0.3184250072356237,0.9778387636723636,0.0221612363276363,0.31136831539764576,197.22629502760293,-2.6349622105477026
0.061509375000000005,6.150937500000001,0.007434207879529884,7.434207879529883,6.3323185483870965,0.4668761745910165,0.3182791994039208,0.9778387636723636,0.0221612363276363,0.3112257388477596,196.94972291154144,-2.634680409199804
0.0618390625,6.18390625,0.007486967616142789,7.486967616142789,6.3344455645161295,0.4665626892506142,0.3181334775358483,0.9778387636723636,0.0221612363276363,0.31108324635644363,196.67288438634017,-2.6343988658144264
0.06216875000000001,6.216875000000002,0.007539503175745385,7.539503175745384,6.336572580645161,0.46624951482549615,0.31798783890733956,0.9778387636723636,0.0221612363276363,0.31094083525999966,196.39578657855355,-2.6341175720660974
0.062498437500000004,6.24984375,0.007591806437568034,7.591806437568034,6.338699596774194,0.46593665936678946,0.31784228573889795,0.9778387636723636,0.0221612363276363,0.3107985077297222,196.11842121943587,-2.633836534460227
0.062828125,6.2828125,0.007643871312920233,7.643871312920233,6.340826612903227,0.46562411633265044,0.3176968163421362,0.9778387636723636,0.0221612363276363,0.3106562621146404,195.84079224621775,-2.633555747784107
0.06315781250000001,6.315781250000001,0.007695693722497745,7.695693722497745,6.342953629032258,0.46531188823364084,0.31755143145414977,0.9778387636723636,0.0221612363276363,0.3105140991355151,195.56289598927017,-2.6332752140944975
0.0634875,6.34875,0.007747271561548363,7.747271561548363,6.345080645161291,0.4649999748950463,0.31740613109292376,0.9778387636723636,0.0221612363276363,0.3103720188099327,195.28473101106843,-2.632994933291983
0.06381718750000001,6.381718750000001,0.007798604653409256,7.798604653409256,6.347207661290324,0.46468837247987316,0.3172609142911672,0.9778387636723636,0.0221612363276363,0.3102300201920387,195.00629903310306,-2.6327149023336083
0.064146875,6.414687500000001,0.007849694692002371,7.849694692002371,6.349334677419355,0.464377087147073,0.31711578276936037,0.9778387636723636,0.0221612363276363,0.31008810496418515,194.72759314647385,-2.6324351262095917
0.0644765625,6.4476562500000005,0.007900545173942196,7.900545173942196,6.351461693548388,0.4640661098250658,0.31697073415050137,0.9778387636723636,0.0221612363276363,0.30994627080204773,194.448619617153,-2.632155597668809
0.06480625000000001,6.480625000000001,0.007951161320971251,7.951161320971251,6.353588709677419,0.4637554497343726,0.3168257709812931,0.9778387636723636,0.0221612363276363,0.30980452019589105,194.16936879717852,-2.6318763241637364
0.06513593750000002,6.513593750000002,0.00800154999349292,8.00154999349292,6.355715725806452,0.4634450979058586,0.316680890909224,0.9778387636723636,0.0221612363276363,0.30966285084533823,193.88984691692153,-2.6315972985236247
0.065465625,6.5465625,0.0080517195960181,8.0517195960181,6.357842741935484,0.46313505931379473,0.31653609533875904,0.9778387636723636,0.0221612363276363,0.3095212641237296,193.61004797690472,-2.63131852478815
0.06579531250000001,6.579531250000001,0.008101679975380732,8.101679975380732,6.3599697580645165,0.4628253313031054,0.3163913836176025,0.9778387636723636,0.0221612363276363,0.30937975939322493,193.32997267763875,-2.631040000862295
0.066125,6.612500000000001,0.00815144231260852,8.15144231260852,6.362096774193549,0.4625159125533523,0.3162467554519879,0.9778387636723636,0.0221612363276363,0.3092383363665681,193.04962056589716,-2.6307617257234317
0.0664546875,6.645468749999999,0.00820101900935748,8.20101900935748,6.364223790322581,0.4622068066904245,0.3161022118859634,0.9778387636723636,0.0221612363276363,0.30909699606466995,192.7689867113732,-2.6304837023288745
0.066784375,6.678437500000001,0.008250423569833687,8.250423569833687,6.366350806451613,0.461898006132176,0.3159577509314018,0.9778387636723636,0.0221612363276363,0.3089557365434626,192.48807630840696,-2.630205924617047
0.0671140625,6.7114062500000005,0.008299670479131731,8.29967047913173,6.368477822580646,0.4615895207525293,0.3158133753248271,0.9778387636723636,0.0221612363276363,0.3088145604788251,192.20687869290705,-2.6299284005742787
0.06744375000000001,6.744375000000002,0.008348775078918045,8.348775078918045,6.370604838709678,0.46128133969444296,0.3156690821887192,0.9778387636723636,0.0221612363276363,0.30867346505700693,191.92540208637348,-2.6296511215015537
0.0677734375,6.77734375,0.008397753441377831,8.39775344137783,6.37273185483871,0.4609734701851848,0.31552487354490993,0.9778387636723636,0.0221612363276363,0.3085324522550336,191.6436381571291,-2.629374093256266
0.068103125,6.810312500000001,0.00844662224232796,8.44662224232796,6.374858870967742,0.46066590713562333,0.3153807480762777,0.9778387636723636,0.0221612363276363,0.3083915207849725,191.36158988506386,-2.6290973117806846
0.06843281250000001,6.843281250000001,0.00849539863437497,8.49539863437497,6.376985887096774,0.4603586516951634,0.3152367061571252,0.9778387636723636,0.0221612363276363,0.30825067101283143,191.07925449636215,-2.628820778039388
0.0687625,6.876250000000001,0.00854410012096737,8.54410012096737,6.379112903225807,0.46005170500347553,0.31509274816053356,0.9778387636723636,0.0221612363276363,0.3081099033034236,190.79662917390726,-2.62854449298998
0.0690921875,6.90921875,0.008592744432156506,8.592744432156506,6.381239919354838,0.4597450620002,0.31494887277258443,0.9778387636723636,0.0221612363276363,0.3079692163719486,190.5137169576259,-2.6282684525949565
0.06942187500000002,6.942187500000002,0.008641349402839373,8.641349402839372,6.383366935483872,0.45943873002124014,0.3148050820526996,0.9778387636723636,0.0221612363276363,0.30782861223218877,190.23050912568033,-2.627992662804181
0.0697515625,6.975156250000001,0.008689932854212042,8.689932854212042,6.3854939516129035,0.45913269953605257,0.31466137346800327,0.9778387636723636,0.0221612363276363,0.30768808840740025,189.94701299773766,-2.627717115977017
0.07008125000000001,7.0081250000000015,0.008738512479113498,8.738512479113497,6.3876209677419356,0.4588269789230552,0.3145177493641888,0.9778387636723636,0.0221612363276363,0.3075476471912927,189.66321876360863,-2.6274418189047934
0.0704109375,7.041093750000001,0.008787105731887682,8.787105731887682,6.3897479838709685,0.45852156070455846,0.3143742077647495,0.9778387636723636,0.0221612363276363,0.3074072866511614,189.37913183420736,-2.627166765599365
0.070740625,7.0740625,0.008835729723337285,8.835729723337284,6.391875000000001,0.4582164484539121,0.31423074970661646,0.9778387636723636,0.0221612363276363,0.3072670078009578,189.09474695845523,-2.6268919589799875
0.07107031250000001,7.107031250000002,0.008884401121286424,8.884401121286423,6.394002016129033,0.45791164087059766,0.314087374897354,0.9778387636723636,0.0221612363276363,0.30712681035472683,188.81006357692212,-2.626617398037215
0.0714,7.140000000000001,0.008933136057212116,8.933136057212117,6.396129032258066,0.45760713536961356,0.31394408269180146,0.9778387636723636,0.0221612363276363,0.3069866936816055,188.52508242553714,-2.6263430807247006
0.0717296875,7.17296875,0.008981950039346225,8.981950039346225,6.398256048387097,0.45730293679540135,0.3138008744777389,0.9778387636723636,0.0221612363276363,0.30684665913861875,188.23979686175232,-2.626069010988825
0.07205937500000001,7.205937500000001,0.009030857872591676,9.030857872591676,6.40038306451613,0.45699903691994165,0.313657748064197,0.9778387636723636,0.0221612363276363,0.3067067045833522,187.95421323652522,-2.6257951822303935
0.0723890625,7.238906250000001,0.009079873585538967,9.079873585538966,6.402510080645161,0.4566954452509465,0.313514706118032,0.9778387636723636,0.0221612363276363,0.3065668326235608,187.66832016448777,-2.625521602159127
0.07271875,7.2718750000000005,0.009129010364812477,9.129010364812476,6.404637096774193,0.45639215196687255,0.3133717460087781,0.9778387636723636,0.0221612363276363,0.3064270406870736,187.3821256504776,-2.625248262888294
0.07304843750000001,7.304843750000001,0.0091782804969206,9.1782804969206,6.406764112903225,0.45608916301991365,0.31322886943056816,0.9778387636723636,0.0221612363276363,0.306287330430479,187.09562179766127,-2.6249751692597254
0.073378125,7.3378125,0.009227695317730059,9.227695317730058,6.408891129032258,0.4557864747145931,0.3130860754308855,0.9778387636723636,0.0221612363276363,0.3061477009223696,186.80881045961542,-2.624702318329057
0.07370781250000003,7.370781250000002,0.009277265169633165,9.277265169633164,6.41101814516129,0.4554840868956439,0.3129433640278911,0.9778387636723636,0.0221612363276363,0.3060081521805034,186.5216899072893,-2.6244297100087737
0.0740375,7.403750000000001,0.009326999366427105,9.326999366427104,6.4131451612903225,0.45518200196179764,0.3128007359431685,0.9778387636723636,0.0221612363276363,0.3058686849104733,186.23425572482802,-2.624157346274237
0.0743671875,7.436718750000001,0.00937690616587738,9.37690616587738,6.4152721774193555,0.4548802136820968,0.3126581895227541,0.9778387636723636,0.0221612363276363,0.3057292974949695,185.94651246952958,-2.623885222131103
0.07469687500000001,7.469687500000001,0.00942699274989284,9.42699274989284,6.417399193548388,0.4545787305177778,0.3125157271584865,0.9778387636723636,0.0221612363276363,0.30558999227282424,185.65844933542613,-2.623613344451908
0.07502656250000002,7.502656250000001,0.009477265212197857,9.477265212197857,6.41952620967742,0.4542775425016646,0.31237334616484125,0.9778387636723636,0.0221612363276363,0.30545076661802767,185.37007483785612,-2.6233417052228445
0.07535625,7.5356250000000005,0.009527728553347872,9.527728553347872,6.421653225806452,0.4539766572023805,0.31223104868991175,0.9778387636723636,0.0221612363276363,0.3053116226310689,185.08137900566737,-2.6230703105967326
0.07568593750000001,7.568593750000002,0.009578386682897903,9.578386682897902,6.423780241935484,0.4536760685739354,0.31208883312652047,0.9778387636723636,0.0221612363276363,0.30517255874038735,184.79236627261704,-2.6227991557259878
0.076015625,7.6015625,0.009629242428499746,9.629242428499746,6.425907258064516,0.4533757788459652,0.3119467001507291,0.9778387636723636,0.0221612363276363,0.30503357560706246,184.5030322711923,-2.622528242449932
0.07634531250000001,7.634531250000001,0.009680297551672188,9.680297551672188,6.428034274193549,0.4530757880164503,0.31180464982335504,0.9778387636723636,0.0221612363276363,0.3048946732905638,184.21337497099344,-2.622257570804941
0.07667500000000001,7.667500000000001,0.009731552769959925,9.731552769959924,6.430161290322581,0.4527760922893631,0.3116626811544384,0.9778387636723636,0.0221612363276363,0.30475585082287016,183.9233964853655,-2.6219871377592208
0.0770046875,7.700468750000001,0.009783007785170448,9.783007785170447,6.432288306451613,0.45247669767529874,0.31152079586895365,0.9778387636723636,0.0221612363276363,0.3046171098907283,183.63308819312763,-2.6217169482107208
0.07733437500000001,7.733437500000001,0.009834661317354583,9.834661317354582,6.434415322580646,0.45217759548767583,0.3113789916208753,0.9778387636723636,0.0221612363276363,0.3044784482001039,183.34245759127586,-2.6214469951717136
0.0776640625,7.76640625,0.009886511144174555,9.886511144174555,6.436542338709677,0.45187879440697953,0.3112372708771415,0.9778387636723636,0.0221612363276363,0.30433986816326464,183.05149301119826,-2.6211772857007745
0.07799375,7.799375000000001,0.009938554145284564,9.938554145284565,6.4386693548387095,0.4515802860803804,0.31109563138131824,0.9778387636723636,0.0221612363276363,0.3042013675737816,182.7602016470076,-2.620907813078288
0.07832343750000001,7.8323437500000015,0.009990786351331365,9.990786351331364,6.4407963709677425,0.4512820750783593,0.3109540744619621,0.9778387636723636,0.0221612363276363,0.3040629477307692,182.46857630551384,-2.6206385810390493
0.078653125,7.865312500000001,0.0100432029971679,10.0432029971679,6.442923387096774,0.4509841590423306,0.31081259952453977,0.9778387636723636,0.0221612363276363,0.30392460805286947,182.17661751300437,-2.620369587711935
0.0789828125,7.89828125,0.010095798578859696,10.095798578859696,6.445050403225807,0.4506865365666321,0.31067120623767847,0.9778387636723636,0.0221612363276363,0.30378634821605344,181.88432476050178,-2.62010083199593
0.07931250000000002,7.931250000000002,0.010148566914053121,10.14856691405312,6.447177419354839,0.4503892112559061,0.31052989566491385,0.9778387636723636,0.0221612363276363,0.3036481692602874,181.59169177348315,-2.6198323168462454
0.0796421875,7.964218750000001,0.01020150120526573,10.20150120526573,6.449304435483872,0.45009217575927757,0.3103886658187741,0.9778387636723636,0.0221612363276363,0.30351006924214446,181.29872486058903,-2.619564036348192
0.07997187500000001,7.997187500000002,0.010254594105652014,10.254594105652014,6.451431451612903,0.4497954396137521,0.3102475194170359,0.9778387636723636,0.0221612363276363,0.303372050819172,181.0054108105392,-2.619295998261242
0.0803015625,8.030156250000001,0.010307837786792912,10.307837786792913,6.453558467741935,0.4494989924369351,0.3101064536247233,0.9778387636723636,0.0221612363276363,0.30323411121922056,180.7117595004979,-2.6190281942142692
0.08063125000000002,8.063125000000001,0.010361224008054773,10.361224008054773,6.455685483870969,0.44920284101873886,0.3099654703957237,0.9778387636723636,0.0221612363276363,0.303096252352877,180.41776079985667,-2.6187606297433126
0.08096093750000001,8.096093750000001,0.01041474418706242,10.41474418706242,6.457812499999999,0.44890698068743146,0.3098245684855506,0.9778387636723636,0.0221612363276363,0.30295847300323436,180.12341797653372,-2.618493301100791
0.081290625,8.129062500000002,0.010468389470832219,10.468389470832218,6.459939516129032,0.44861141238392177,0.30968374821601946,0.9778387636723636,0.0221612363276363,0.30282077348497605,179.82872770630294,-2.6182262090852113
0.0816203125,8.16203125,0.010522150807114513,10.522150807114514,6.462066532258064,0.4483161373508177,0.3095430099946359,0.9778387636723636,0.0221612363276363,0.30268315419657693,179.53368623626827,-2.6179593547404174
0.08195000000000001,8.195,0.010576019015500013,10.576019015500012,6.4641935483870965,0.4480211506325004,0.30940235249319037,0.9778387636723636,0.0221612363276363,0.3025456138392621,179.23829727940046,-2.6176927340860487
0.0822796875,8.22796875,0.010629984857852428,10.629984857852428,6.4663205645161295,0.44772645935538796,0.3092617777673603,0.9778387636723636,0.0221612363276363,0.3024081544231529,178.9425499190065,-2.617426352935446
0.082609375,8.2609375,0.010684039107639634,10.684039107639634,6.468447580645161,0.44743205439618383,0.3091212833192667,0.9778387636723636,0.0221612363276363,0.3022707735057261,178.64645296167637,-2.6171602039284494
0.08293906250000001,8.293906250000001,0.010738172617747233,10.738172617747232,6.470574596774194,0.4471379436395209,0.3089808714193323,0.9778387636723636,0.0221612363276363,0.30213347330708945,178.34999444165766,-2.616894293494451
0.08326875,8.326875,0.010792376386373108,10.792376386373109,6.472701612903227,0.44684412014319347,0.30884054017849955,0.9778387636723636,0.0221612363276363,0.301996251980049,178.05318056854972,-2.616628616039988
0.08359843750000003,8.359843750000001,0.010846641620617749,10.84664162061775,6.474828629032258,0.4465505871516398,0.3087002905663885,0.9778387636723636,0.0221612363276363,0.3018591104727368,177.75600499388537,-2.6163631742323186
0.083928125,8.392812500000002,0.010900959797403693,10.900959797403694,6.476955645161291,0.4462573435885981,0.308560122339868,0.9778387636723636,0.0221612363276363,0.30172204854740975,177.45846667580562,-2.616097967234739
0.0842578125,8.42578125,0.010955322721378408,10.955322721378408,6.479082661290322,0.44596438685017337,0.30842003482459573,0.9778387636723636,0.0221612363276363,0.3015850655446701,177.16056653312089,-2.6158329929701556
0.08458750000000001,8.45875,0.011009722579477566,11.009722579477566,6.481209677419355,0.44567172169585034,0.30828002941955446,0.9778387636723636,0.0221612363276363,0.3014481628324971,176.86229612197542,-2.615568255336982
0.08491718750000002,8.491718750000002,0.011064151991850377,11.064151991850377,6.483336693548387,0.4453793402389608,0.3081401039612496,0.9778387636723636,0.0221612363276363,0.30131133829534196,176.563663090523,-2.6153037479700236
0.085246875,8.5246875,0.011118604058875312,11.118604058875311,6.485463709677419,0.44508725143834993,0.3080002610339732,0.9778387636723636,0.0221612363276363,0.3011745944602257,176.2646535055867,-2.61503947817725
0.08557656250000001,8.55765625,0.0111730724040226,11.1730724040226,6.487590725806451,0.4447954461232761,0.3078604981094613,0.9778387636723636,0.0221612363276363,0.30103792885491365,175.96527673517267,-2.6147754385494153
0.08590625,8.590625000000001,0.011227551212349716,11.227551212349717,6.4897177419354835,0.44450392979940345,0.30772081679977153,0.9778387636723636,0.0221612363276363,0.3009013430557385,175.66552317981348,-2.614511633592223
0.08623593750000001,8.623593750000001,0.01128203526444679,11.28203526444679,6.491844758064516,0.44421269911402594,0.30758121621651197,0.9778387636723636,0.0221612363276363,0.3007648361939961,175.3653947140504,-2.614248060618861
0.08656562500000001,8.656562500000001,0.01133651996568108,11.33651996568108,6.4939717741935485,0.44392175377218573,0.3074416963338304,0.9778387636723636,0.0221612363276363,0.300628408244407,175.06488924697297,-2.6139847194248302
0.0868953125,8.68953125,0.01139100137062231,11.39100137062231,6.496098790322581,0.44363109620934066,0.3073022578994013,0.9778387636723636,0.0221612363276363,0.30049205993807643,174.76400100099394,-2.6137216120243596
0.08722500000000001,8.722500000000002,0.011445476202563963,11.445476202563963,6.498225806451613,0.44334072035970135,0.3071628992532663,0.9778387636723636,0.0221612363276363,0.3003557896518326,174.4627355528624,-2.6134587335241646
0.0875546875,8.75546875,0.011499941868089237,11.499941868089238,6.500352822580646,0.44305063441716114,0.3070236227753643,0.9778387636723636,0.0221612363276363,0.3002195997128723,174.1610793104,-2.6131960906180853
0.087884375,8.7884375,0.01155439646666401,11.55439646666401,6.502479838709677,0.4427608288426684,0.3068844258191361,0.9778387636723636,0.0221612363276363,0.3000834875332873,173.85904258306317,-2.6129336755889794
0.08821406250000001,8.82140625,0.011608838795272221,11.60883879527222,6.504606854838711,0.4424713107551997,0.3067453104618735,0.9778387636723636,0.0221612363276363,0.29994745514433374,173.5566130913109,-2.612671494258349
0.08854375,8.854375000000001,0.011663268348141914,11.663268348141914,6.506733870967742,0.4421820745673029,0.3066062751752822,0.9778387636723636,0.0221612363276363,0.29981150105158655,173.25379584910775,-2.6124095421192233
0.0888734375,8.88734375,0.011717685311642027,11.717685311642027,6.508860887096774,0.44189312225090216,0.3064673205766394,0.9778387636723636,0.0221612363276363,0.299675625858643,172.95058552132713,-2.6121478208095725
0.08920312500000002,8.920312500000001,0.011772090554460489,11.772090554460489,6.510987903225807,0.4416044539596027,0.3063284467676813,0.9778387636723636,0.0221612363276363,0.2995398296649849,172.6469792069001,-2.6118863304896203
0.0895328125,8.953281250000002,0.011826485613203796,11.826485613203795,6.513114919354839,0.44131606594140943,0.3061896527376118,0.9778387636723636,0.0221612363276363,0.29940411148221674,172.3429795003392,-2.611625068142265
0.08986250000000001,8.986250000000002,0.011880872673585795,11.880872673585795,6.515241935483871,0.44102796406157807,0.3060509402144041,0.9778387636723636,0.0221612363276363,0.2992684730000174,172.03857541402436,-2.611364038573776
0.0901921875,9.01921875,0.011935254547399358,11.935254547399358,6.517368951612904,0.440740139997134,0.3059123068834967,0.9778387636723636,0.0221612363276363,0.2991329119551191,171.73377603452795,-2.611103235047395
0.090521875,9.0521875,0.011989634645488636,11.989634645488636,6.519495967741935,0.4404526019248769,0.30577375513376287,0.9778387636723636,0.0221612363276363,0.2989974306834548,171.42856694056832,-2.6108426642513067
0.0908515625,9.08515625,0.01204401694696134,12.04401694696134,6.5216229838709685,0.4401653420635918,0.305635282802347,0.9778387636723636,0.0221612363276363,0.29886202707010023,171.12295652814626,-2.6105823198879046
0.09118125,9.118125000000001,0.012098405964900168,12.098405964900168,6.523750000000001,0.4398783646107484,0.3054968911443122,0.9778387636723636,0.0221612363276363,0.29872670234230486,170.81693596237483,-2.610322205407909
0.0915109375,9.15109375,0.012152806708849733,12.152806708849733,6.525877016129033,0.43959166747955497,0.3053585796208094,0.9778387636723636,0.0221612363276363,0.2985914559731613,170.51050544762631,-2.610062319147354
0.09184062500000001,9.184062500000001,0.01220722464437014,12.20722464437014,6.528004032258065,0.4393052491900048,0.30522034786484986,0.9778387636723636,0.0221612363276363,0.29845628760381354,170.20366435408806,-2.609802659935278
0.09217031249999999,9.21703125,0.012261665649961152,12.261665649961152,6.530131048387097,0.43901911332063825,0.305082196957805,0.9778387636723636,0.0221612363276363,0.2983211982916686,169.89640451321068,-2.6095432307204387
0.0925,9.25,0.012316135971670698,12.316135971670697,6.532258064516129,0.4387332527429844,0.3049441249144186,0.9778387636723636,0.0221612363276363,0.2981861860954659,169.58873368198772,-2.609284025731127
0.09282968750000001,9.28296875,0.012370642175709538,12.370642175709538,6.534385080645161,0.4384476766719636,0.3048061344324998,0.9778387636723636,0.0221612363276363,0.29805125365322793,169.28063513307688,-2.609025052507924
0.093159375,9.3159375,0.01242519109939952,12.42519109939952,6.536512096774194,0.4381623751728818,0.3046682227199545,0.9778387636723636,0.0221612363276363,0.29791639823473665,168.97212090890906,-2.60876630299164
0.09348906250000003,9.348906250000002,0.012479789800786024,12.479789800786024,6.538639112903225,0.4378773546281231,0.3045303916643068,0.9778387636723636,0.0221612363276363,0.2977816216856864,168.66317839583735,-2.608507782416457
0.09381874999999999,9.381874999999999,0.012534445507247029,12.534445507247028,6.540766129032258,0.43759261075124706,0.30439264009145667,0.9778387636723636,0.0221612363276363,0.29764692285799665,168.3538111533775,-2.60824948732361
0.0941484375,9.414843750000001,0.012589165563430517,12.589165563430516,6.54289314516129,0.4373081442931419,0.3042549682728856,0.9778387636723636,0.0221612363276363,0.29751230201713275,168.04401506280607,-2.6079914183587034
0.09447812500000001,9.447812500000001,0.012643957378849734,12.643957378849734,6.545020161290323,0.4370239565868424,0.3041173766487099,0.9778387636723636,0.0221612363276363,0.29737775959345714,167.7337850088591,-2.6077335766426524
0.0948078125,9.48078125,0.012698828375462356,12.698828375462355,6.547147177419355,0.43674004278044176,0.3039798638781452,0.9778387636723636,0.0221612363276363,0.2972432942758988,167.42312556002375,-2.607475958253222
0.0951375,9.51375,0.012753785935554119,12.753785935554118,6.549274193548388,0.4364564097978084,0.30384243201174876,0.9778387636723636,0.0221612363276363,0.2971089080695726,167.1120227294263,-2.6072185688703384
0.0954671875,9.54671875,0.012808837350241305,12.808837350241305,6.551401209677419,0.4361730489001739,0.30370507858704354,0.9778387636723636,0.0221612363276363,0.2969745985665727,166.80048726839928,-2.606961401400917
0.095796875,9.5796875,0.012863989768898855,12.863989768898856,6.553528225806452,0.4358899675116273,0.30356780580085746,0.9778387636723636,0.0221612363276363,0.2968403679150427,166.48850422140143,-2.6067044619340884
0.09612656250000001,9.61265625,0.01291925014981252,12.91925014981252,6.555655241935485,0.43560715918613585,0.30343061184915576,0.9778387636723636,0.0221612363276363,0.2967062143509273,166.17608077597203,-2.6064477452451724
0.09645625,9.645625,0.01297462521234396,12.97462521234396,6.557782258064516,0.43532462686508633,0.3032934976365719,0.9778387636723636,0.0221612363276363,0.29657213875881233,165.86320903473464,-2.606191253767258
0.0967859375,9.678593750000001,0.013030121390887942,13.030121390887942,6.559909274193549,0.43504236967651905,0.30315646296729437,0.9778387636723636,0.0221612363276363,0.29643814094722587,165.5498871919231,-2.605934986822592
0.097115625,9.7115625,0.01308574479088997,13.085744790889969,6.562036290322581,0.43476038500424163,0.3030195071396799,0.9778387636723636,0.0221612363276363,0.2963042202300736,165.23611635410546,-2.605678942309016
0.0974453125,9.744531250000001,0.013141501147181277,13.141501147181277,6.564163306451612,0.43447867752203445,0.30288263156237505,0.9778387636723636,0.0221612363276363,0.2961703779847848,164.9218855134978,-2.6054231240752825
0.097775,9.777500000000002,0.013197395784876767,13.197395784876766,6.566290322580646,0.43419723966597834,0.3027458340998376,0.9778387636723636,0.0221612363276363,0.2960366121231438,164.60720401064768,-2.605167525979315
0.0981046875,9.81046875,0.013253433583068512,13.253433583068512,6.5684173387096765,0.43391607988260844,0.30260911725556744,0.9778387636723636,0.0221612363276363,0.29590292509316934,164.2920543587361,-2.6049121549512213
0.098434375,9.8434375,0.013309618941535152,13.309618941535152,6.57054435483871,0.4336351896056732,0.30247247860089205,0.9778387636723636,0.0221612363276363,0.29576931452001176,163.97644767212316,-2.6046570040288946
0.0987640625,9.87640625,0.013365955750673588,13.365955750673589,6.572671370967741,0.4333545739273466,0.3023359196682964,0.9778387636723636,0.0221612363276363,0.29563578190219403,163.6603719568334,-2.6044020774041727
0.09909375000000001,9.909375,0.013422447364845509,13.422447364845508,6.5747983870967746,0.4330742298105011,0.3021994396313518,0.9778387636723636,0.0221612363276363,0.2955023264316022,163.34382899743267,-2.604147372629461
0.0994234375,9.942343750000001,0.013479096579316303,13.479096579316302,6.576925403225807,0.43279415683449834,0.30206303842224286,0.9778387636723636,0.0221612363276363,0.29536894804192365,163.02681613818473,-2.6038928893937086
0.099753125,9.975312500000001,0.013535905610948385,13.535905610948385,6.579052419354838,0.4325143574633033,0.3019267168130273,0.9778387636723636,0.0221612363276363,0.2952356474881065,162.70932561224018,-2.603638629743509
0.1000828125,10.008281250000001,0.0135928760827942,13.5928760827942,6.581179435483872,0.4322348257914215,0.3017904731393451,0.9778387636723636,0.0221612363276363,0.2951024231426749,162.39136432409975,-2.603384588885157
0.1004125,10.04125,0.013650009012716822,13.650009012716822,6.583306451612903,0.43195556975601146,0.30165430976798646,0.9778387636723636,0.0221612363276363,0.29496927731996814,162.07291472780284,-2.6031307733392643
0.1007421875,10.07421875,0.013707304806147241,13.70730480614724,6.585433467741936,0.43167658022219996,0.30151822409167844,0.9778387636723636,0.0221612363276363,0.2948362074704935,161.7539895120893,-2.6028771756710753
0.101071875,10.107187500000002,0.01376476325306747,13.764763253067471,6.587560483870968,0.43139786388961293,0.30138221811855626,0.9778387636723636,0.0221612363276363,0.29470321555788376,161.4345731301646,-2.602623801390715
0.1014015625,10.14015625,0.013822383529287708,13.822383529287707,6.5896875,0.43111941559510664,0.3012462903968652,0.9778387636723636,0.0221612363276363,0.2945703001625565,161.1146712653913,-2.602370646309029
0.10173125000000001,10.173125,0.01388016420206286,13.88016420206286,6.591814516129032,0.43084123707411565,0.30111044148732363,0.9778387636723636,0.0221612363276363,0.2944374618328041,160.79427716898536,-2.602117711877558
0.10206093749999999,10.20609375,0.013938103240070223,13.938103240070223,6.593941532258065,0.4305633286203821,0.3009746715307036,0.9778387636723636,0.0221612363276363,0.29430470070627907,160.47338660296626,-2.6018649983693463
0.102390625,10.239062500000001,0.013996198027744594,13.996198027744594,6.596068548387096,0.43028568652851223,0.30083897949713573,0.9778387636723636,0.0221612363276363,0.2941720157759347,160.15200274599098,-2.601612502785175
0.10272031250000001,10.272031250000001,0.01405444538394039,14.05444538394039,6.598195564516129,0.43000831652153204,0.30070336711617324,0.9778387636723636,0.0221612363276363,0.2940394087329958,159.83011119642987,-2.601360229840311
0.10305,10.305,0.014112841584862675,14.112841584862675,6.6003225806451615,0.4297312106201425,0.30056783210511556,0.9778387636723636,0.0221612363276363,0.29390687734534887,159.50772314512588,-2.6011081730372836
0.10337968750000003,10.337968750000002,0.014171382391179618,14.171382391179618,6.6024495967741945,0.42945437653099555,0.3004323767765156,0.9778387636723636,0.0221612363276363,0.29377442387429775,159.18482025133315,-2.6008563387158437
0.10370937499999999,10.3709375,0.014230063079198873,14.230063079198873,6.604576612903227,0.4291778070034203,0.3002969990585626,0.9778387636723636,0.0221612363276363,0.2936420462939458,158.86141243676963,-2.6006047209732928
0.1040390625,10.40390625,0.014288878475959456,14.288878475959455,6.606703629032259,0.4289015058901101,0.30016170013523547,0.9778387636723636,0.0221612363276363,0.29350974576203337,158.53748849459086,-2.600353322995573
0.10436875000000001,10.436875,0.014347822998059126,14.347822998059126,6.60883064516129,0.4286254713535106,0.30002647952130435,0.9778387636723636,0.0221612363276363,0.293377521804084,158.21304803301035,-2.600102143310446
0.1046984375,10.46984375,0.014406890694005355,14.406890694005355,6.610957661290324,0.4283497018490783,0.29989133681610236,0.9778387636723636,0.0221612363276363,0.29324537402830997,157.8880901614707,-2.599851180684693
0.105028125,10.502812500000001,0.014466075289846511,14.466075289846511,6.613084677419355,0.4280742009250673,0.29975627311724357,0.9778387636723636,0.0221612363276363,0.29311330350800086,157.56260391642238,-2.599600438056792
0.1053578125,10.53578125,0.01452537023780817,14.52537023780817,6.615211693548388,0.4277989617375048,0.2996212864639388,0.9778387636723636,0.0221612363276363,0.29298130832582103,157.23659884115534,-2.5993499098519077
0.1056875,10.568750000000001,0.014584768767629177,14.584768767629177,6.617338709677419,0.42752399298155797,0.2994863794705489,0.9778387636723636,0.0221612363276363,0.2928493910381939,156.910053557488,-2.59909960322601
0.10601718750000001,10.601718750000002,0.01464426394026281,14.644263940262809,6.619465725806452,0.4272492853568697,0.2993515494504603,0.9778387636723636,0.0221612363276363,0.29271754901804453,156.58298260014394,-2.5988495105902567
0.106346875,10.6346875,0.014703848703580604,14.703848703580604,6.621592741935484,0.42697484479522946,0.29921679820565594,0.9778387636723636,0.0221612363276363,0.2925857840274217,156.25536990040385,-2.5985996368373594
0.1066765625,10.66765625,0.014763515949691169,14.763515949691168,6.623719758064516,0.42670066736605866,0.29908212463016903,0.9778387636723636,0.0221612363276363,0.2924540949848683,155.92721926320806,-2.5983499787775535
0.10700625,10.700625,0.014823258573463323,14.823258573463322,6.625846774193549,0.4264267536470738,0.29894752894726756,0.9778387636723636,0.0221612363276363,0.29232248210870415,155.59852534837842,-2.5981005369156835
0.1073359375,10.73359375,0.014883069531823008,14.883069531823008,6.6279737903225815,0.426153105050456,0.2988130116279035,0.9778387636723636,0.0221612363276363,0.2921909458594449,155.26928095535482,-2.597851312441416
0.10766562500000001,10.766562500000001,0.014942941903377277,14.942941903377276,6.630100806451614,0.42587971682679576,0.29867857132035597,0.9778387636723636,0.0221612363276363,0.29205948491532474,154.93949174839966,-2.5976023014913516
0.1079953125,10.799531250000001,0.015002868947905777,15.002868947905776,6.632227822580645,0.42560659570414167,0.2985442100687716,0.9778387636723636,0.0221612363276363,0.29192810127519,154.6091392374716,-2.5973535096150346
0.108325,10.832500000000001,0.015062844165252056,15.062844165252056,6.634354838709678,0.4253337333070881,0.29840992544638834,0.9778387636723636,0.0221612363276363,0.29179679256605856,154.27823678919592,-2.5971049299739333
0.1086546875,10.86546875,0.015122861353143086,15.122861353143085,6.63648185483871,0.4250611366298563,0.29827571957815063,0.9778387636723636,0.0221612363276363,0.2916655608657835,153.9467650902473,-2.596856568337092
0.10898437500000001,10.8984375,0.015182914663466145,15.182914663466144,6.638608870967743,0.42478879968647254,0.2981415907425998,0.9778387636723636,0.0221612363276363,0.29153440449105567,153.6147325304618,-2.596608419824605
0.1093140625,10.931406250000002,0.015242998656538049,15.242998656538049,6.640735887096774,0.42451672513896976,0.2980075397816899,0.9778387636723636,0.0221612363276363,0.29140332426517046,153.2821288975031,-2.5963604866517977
0.10964375,10.964375,0.01530310835291249,15.30310835291249,6.642862903225807,0.42424491230150735,0.29787356654496894,0.9778387636723636,0.0221612363276363,0.29127232004101,152.94895111406808,-2.5961127682872243
0.10997343750000001,10.99734375,0.015363239282286818,15.363239282286818,6.644989919354838,0.4239733585514469,0.29773967030531034,0.9778387636723636,0.0221612363276363,0.2911413911075619,152.61520042890083,-2.595865262608828
0.110303125,11.0303125,0.015423387529090383,15.423387529090382,6.647116935483871,0.42370206847647385,0.29760585247955385,0.9778387636723636,0.0221612363276363,0.29101053885026673,152.28086199359353,-2.5956179734142553
0.1106328125,11.063281250000001,0.015483549774362013,15.483549774362013,6.649243951612904,0.42343103481806454,0.2974721109605048,0.9778387636723636,0.0221612363276363,0.2908797612086282,151.9459474126612,-2.595370894774396
0.1109625,11.096250000000001,0.015543723333553954,15.543723333553954,6.6513709677419355,0.4231602655441993,0.2973384481726862,0.9778387636723636,0.0221612363276363,0.29074906055343863,151.6104339812093,-2.595124033263589
0.1112921875,11.12921875,0.015603906189934048,15.603906189934047,6.653497983870967,0.42288975265050516,0.2972048617843712,0.9778387636723636,0.0221612363276363,0.2906184346046453,151.27433510493356,-2.5948773823387676
0.11162187500000001,11.162187500000002,0.015664097023295555,15.664097023295556,6.655625,0.4226195008460239,0.2970713532509721,0.9778387636723636,0.0221612363276363,0.29048788478540666,150.9376352287077,-2.5946309458985843
0.11195156249999999,11.19515625,0.01572429523372558,15.72429523372558,6.657752016129033,0.42234950738430876,0.29693792180587064,0.9778387636723636,0.0221612363276363,0.2903574103460935,150.600335799009,-2.5943847217176974
0.11228125,11.228125,0.01578450096022678,15.78450096022678,6.659879032258065,0.42207977173176864,0.296804567341293,0.9778387636723636,0.0221612363276363,0.2902270111813207,150.262433207805,-2.594138709388003
0.11261093750000001,11.26109375,0.015844715094033335,15.844715094033337,6.662006048387097,0.42181029637355577,0.29667129065202325,0.9778387636723636,0.0221612363276363,0.29009668806825883,149.92391661638368,-2.593892910982675
0.112940625,11.2940625,0.01590493928650983,15.90493928650983,6.664133064516129,0.42154107555970255,0.29653809007080634,0.9778387636723636,0.0221612363276363,0.2899664393766013,149.58479468968545,-2.593647321806008
0.11327031250000003,11.327031250000003,0.015965175951570043,15.965175951570044,6.666260080645162,0.4212721169807576,0.29640496795012616,0.9778387636723636,0.0221612363276363,0.28983626740669793,149.24504396739394,-2.5934019482105994
0.11359999999999999,11.36,0.016025428262601196,16.025428262601196,6.668387096774193,0.4210034118837199,0.29627192172222494,0.9778387636723636,0.0221612363276363,0.2897061696476957,148.90468039327774,-2.5931567830307625
0.1139296875,11.392968750000001,0.01608570014392742,16.08570014392742,6.670514112903228,0.42073496657682524,0.2961389533277537,0.9778387636723636,0.0221612363276363,0.2895761479972384,148.56368352954578,-2.5929118314837254
0.11425937500000001,11.425937500000002,0.016145996256892402,16.145996256892403,6.672641129032258,0.42046677628981066,0.2960060613891457,0.9778387636723636,0.0221612363276363,0.28944620110828806,148.22205979296982,-2.592667089677092
0.11458906250000005,11.458906250000005,0.016206321980686358,16.206321980686358,6.674768145161291,0.4201988425410379,0.29587324641275886,0.9778387636723636,0.0221612363276363,0.2893163294759807,147.87980022498974,-2.592422558889675
0.11491875,11.491875,0.016266683388084346,16.266683388084346,6.6768951612903225,0.41993116575032485,0.2957405085765517,0.9778387636723636,0.0221612363276363,0.28918653327433136,147.53689840753427,-2.592178239497343
0.1152484375,11.52484375,0.016327087216301862,16.327087216301862,6.6790221774193546,0.41966374226100933,0.29560784683327357,0.9778387636723636,0.0221612363276363,0.28905681147929774,147.19335819709931,-2.591934128521423
0.115578125,11.5578125,0.016387540833209077,16.387540833209076,6.6811491935483875,0.41939657765706273,0.2954752629127158,0.9778387636723636,0.0221612363276363,0.2889271657823366,146.8491599789284,-2.5916902305871448
0.11590781250000001,11.590781250000001,0.016448052199176354,16.448052199176352,6.68327620967742,0.41912966428427156,0.29534275456435194,0.9778387636723636,0.0221612363276363,0.2887975939827962,146.5043178096376,-2.5914465394252177
0.1162375,11.623750000000001,0.016508629824850313,16.508629824850313,6.685403225806452,0.4188630094101128,0.29521032402619174,0.9778387636723636,0.0221612363276363,0.2886680982690892,146.158807433301,-2.591203061047474
0.11656718750000002,11.656718750000003,0.016569282725182165,16.569282725182166,6.687530241935485,0.4185966062766822,0.29507796931491637,0.9778387636723636,0.0221612363276363,0.2885386767018495,145.8126407362372,-2.5909597899208854
0.116896875,11.6896875,0.016630020370047318,16.63002037004732,6.689657258064516,0.41833045841781913,0.29494569154581446,0.9778387636723636,0.0221612363276363,0.28840933037164956,145.46580285512533,-2.590716728984586
0.1172265625,11.72265625,0.016690852631808306,16.690852631808305,6.691784274193549,0.4180645642245873,0.2948134902852299,0.9778387636723636,0.0221612363276363,0.2882800588544436,145.118292252722,-2.5904738769437676
0.11755625000000003,11.755625000000002,0.01675178973018064,16.75178973018064,6.693911290322581,0.41779892209675085,0.29468136510070136,0.9778387636723636,0.0221612363276363,0.2881508617273543,144.77010746027156,-2.590231232510013
0.1178859375,11.78859375,0.016812842174765575,16.812842174765574,6.696038306451613,0.41753353554868683,0.2945493171045523,0.9778387636723636,0.0221612363276363,0.2880217400780545,144.42123312693317,-2.5899887986080437
0.118215625,11.8215625,0.01687402070561266,16.874020705612658,6.698165322580645,0.4172683980059516,0.29441734436086137,0.9778387636723636,0.0221612363276363,0.28789269201352524,144.07168119936995,-2.5897465698512177
0.1185453125,11.85453125,0.016935336232171184,16.935336232171185,6.700292338709677,0.417003517677858,0.29428544940242696,0.9778387636723636,0.0221612363276363,0.2877637200104351,143.72142321546661,-2.589504553033165
0.11887500000000001,11.887500000000001,0.01699679977098199,16.99679977098199,6.70241935483871,0.4167388858544336,0.29415362964535396,0.9778387636723636,0.0221612363276363,0.28763482154215125,143.37047709105647,-2.589262741006314
0.1192046875,11.920468750000001,0.017058422382451383,17.058422382451383,6.7045463709677415,0.416474508049125,0.29402188680868147,0.9778387636723636,0.0221612363276363,0.28750599828961676,143.01882143384105,-2.589021138343818
0.119534375,11.9534375,0.01712021510703616,17.12021510703616,6.7066733870967745,0.4162103806602157,0.2938902198523285,0.9778387636723636,0.0221612363276363,0.28737724923580005,142.6664601043641,-2.5887797421065795
0.11986406250000001,11.986406250000002,0.01718218890115616,17.18218890115616,6.708800403225807,0.4159465041076277,0.2937586289534291,0.9778387636723636,0.0221612363276363,0.2872485745539098,142.31338572540093,-2.588538552669884
0.12019375,12.019375,0.01724435457313564,17.244354573135638,6.710927419354839,0.4156828798725137,0.2936271146120419,0.9778387636723636,0.0221612363276363,0.28711997473292244,141.95958768081135,-2.5882975712845604
0.1205234375,12.05234375,0.017306722719461043,17.306722719461042,6.713054435483871,0.4154195033065909,0.29349567546706873,0.9778387636723636,0.0221612363276363,0.2869914484419038,141.60507302888817,-2.5880567941464987
0.12085312500000002,12.085312500000002,0.017369303661629143,17.369303661629143,6.715181451612904,0.41515638094861274,0.2933643135550376,0.9778387636723636,0.0221612363276363,0.2868629976722496,141.24981624041698,-2.5878162266779445
0.1211828125,12.11828125,0.01743210738384685,17.432107383846848,6.717308467741935,0.4148935047667991,0.29323302648513105,0.9778387636723636,0.0221612363276363,0.28673462008612594,140.89383431351058,-2.587575862283058
0.12151250000000001,12.151250000000001,0.017495143471833712,17.49514347183371,6.719435483870969,0.4146308813538367,0.2931018163121462,0.9778387636723636,0.0221612363276363,0.2866063176927932,140.5371011471326,-2.5873357064296325
0.12184218750000003,12.184218750000003,0.01755842105296977,17.55842105296977,6.7215625,0.41436850515060525,0.29297068139474575,0.9778387636723636,0.0221612363276363,0.2864780888872881,140.17962658230098,-2.5870957545602318
0.122171875,12.217187500000001,0.017621948738025733,17.621948738025733,6.723689516129032,0.4141063785615179,0.2928396225144864,0.9778387636723636,0.0221612363276363,0.28634993443384704,139.82139667276093,-2.5868560086876897
0.12250156250000001,12.250156250000002,0.017685734564710235,17.685734564710234,6.725816532258065,0.41384450107027093,0.29270863956434434,0.9778387636723636,0.0221612363276363,0.286221854227818,139.46240606865504,-2.5866164684151127
0.12283125,12.283125,0.017749785943269,17.749785943269,6.727943548387096,0.41358287005296646,0.2925777317934659,0.9778387636723636,0.0221612363276363,0.2860938475349871,139.10265595927527,-2.586377131605279
0.12316093750000001,12.31609375,0.017814109604374746,17.814109604374746,6.730070564516129,0.41332149001111307,0.2924469006254802,0.9778387636723636,0.0221612363276363,0.28596591574743413,138.74212533068737,-2.5861380020035023
0.12349062499999999,12.3490625,0.01787871154955352,17.87871154955352,6.732197580645162,0.41306035397537766,0.2923161439818599,0.9778387636723636,0.0221612363276363,0.28583805683269453,138.3808288955915,-2.5858990738840704
0.1238203125,12.38203125,0.017943597004402477,17.943597004402477,6.734324596774194,0.41279946946638113,0.2921854642099965,0.9778387636723636,0.0221612363276363,0.2857102730861387,138.01873573677696,-2.5856603534862637
0.12415000000000001,12.415000000000001,0.018008770374866416,18.008770374866415,6.736451612903226,0.4125388290023885,0.29205485907244333,0.9778387636723636,0.0221612363276363,0.28558256231990437,137.655862334865,-2.5854218346598032
0.1244796875,12.447968750000001,0.01807423520685428,18.07423520685428,6.738578629032258,0.4122784369372272,0.2919243299500278,0.9778387636723636,0.0221612363276363,0.2854549258842183,137.2921874234876,-2.585183521029397
0.12480937500000001,12.480937500000003,0.01813999414949192,18.13999414949192,6.740705645161291,0.4120182907923151,0.2917938761338048,0.9778387636723636,0.0221612363276363,0.28532736308584655,136.9277115214738,-2.584945410576248
0.12513906249999998,12.513906249999998,0.018206048922323543,18.206048922323543,6.742832661290322,0.41175838993267594,0.2916634974779995,0.9778387636723636,0.0221612363276363,0.28519987378224465,136.56242925155942,-2.5847075028039597
0.12546875,12.546875,0.01827240028678928,18.27240028678928,6.744959677419355,0.4114987368581364,0.2915331947985174,0.9778387636723636,0.0221612363276363,0.2850724587712366,136.19632465627944,-2.5844697998070467
0.1257984375,12.579843750000002,0.018339048022320607,18.339048022320608,6.747086693548387,0.4112393259695953,0.2914029664266301,0.9778387636723636,0.0221612363276363,0.2849451164210753,135.82940875986145,-2.5842322969860994
0.12612812499999998,12.612812499999999,0.01840599090740749,18.40599090740749,6.749213709677419,0.4109801647206591,0.29127281469944694,0.9778387636723636,0.0221612363276363,0.2848178490170767,135.46164859421617,-2.5839950005308547
0.12645781250000002,12.64578125,0.018473226705999476,18.473226705999476,6.751340725806453,0.4107212447193981,0.2911427370888684,0.9778387636723636,0.0221612363276363,0.2846906540871671,135.09306471967196,-2.5837579035320792
0.1267875,12.67875,0.018540752159607047,18.540752159607045,6.753467741935484,0.41046257190848834,0.2910127354697525,0.9778387636723636,0.0221612363276363,0.2845635334646554,134.72362879495105,-2.583521010931398
0.1271171875,12.711718750000001,0.01860856298546944,18.60856298546944,6.755594758064516,0.4102041418816661,0.2908828085363724,0.9778387636723636,0.0221612363276363,0.2844364858727512,134.35334789287123,-2.583284319113576
0.12744687500000002,12.744687500000001,0.018676653881146962,18.67665388114696,6.757721774193549,0.4099459559579984,0.2907529567428876,0.9778387636723636,0.0221612363276363,0.2843095117555494,133.98220927119945,-2.583047829197423
0.1277765625,12.77765625,0.018745018535882185,18.745018535882185,6.759848790322581,0.409688014670607,0.2906231803026338,0.9778387636723636,0.0221612363276363,0.28418261132165784,133.6102026458704,-2.582811541652323
0.12810625000000003,12.810625000000002,0.0188136496490522,18.8136496490522,6.761975806451613,0.40943031441330335,0.29049347815260085,0.9778387636723636,0.0221612363276363,0.28405578353162403,133.23733253455546,-2.582575453522664
0.12843593749999999,12.84359375,0.018882538956003562,18.88253895600356,6.764102822580646,0.4091728606342217,0.29036385202154985,0.9778387636723636,0.0221612363276363,0.2839290300758974,132.8635707128405,-2.582339569344554
0.128765625,12.8765625,0.018951677261522283,18.95167726152228,6.766229838709678,0.4089156459868791,0.2902342996913646,0.9778387636723636,0.0221612363276363,0.2838023487855182,132.4889352572487,-2.5821038830665297
0.1290953125,12.90953125,0.019021054481142857,19.02105448114286,6.768356854838711,0.4086586773282076,0.2901048233273141,0.9778387636723636,0.0221612363276363,0.2836757417777703,132.1133922403085,-2.581868400391534
0.12942499999999998,12.942499999999999,0.01909065969044301,19.09065969044301,6.770483870967743,0.40840194835828914,0.2899754210320078,0.9778387636723636,0.0221612363276363,0.28354920719731164,131.73695607167295,-2.581633116132912
0.1297546875,12.97546875,0.019160481182404054,19.16048118240405,6.772610887096774,0.40814546231592896,0.28984609385441684,0.9778387636723636,0.0221612363276363,0.2834227460698668,131.35960572609446,-2.5813980329994677
0.130084375,13.0084375,0.01923050653284241,19.23050653284241,6.774737903225806,0.4078892178019465,0.2897168414104391,0.9778387636723636,0.0221612363276363,0.28329635801984604,130.98133729912055,-2.581163149860752
0.13041406249999998,13.041406249999998,0.019300722673835004,19.300722673835004,6.776864919354838,0.4076332131683879,0.28958766323764584,0.9778387636723636,0.0221612363276363,0.28317004259506845,130.60214795520108,-2.5809284653795137
0.13074375000000002,13.074375000000002,0.019371115974971684,19.371115974971683,6.778991935483871,0.40737745189268965,0.2894585604615964,0.9778387636723636,0.0221612363276363,0.2830438008961495,130.22201483662027,-2.5806939824637194
0.1310734375,13.107343750000002,0.019441672332172578,19.441672332172576,6.781118951612903,0.4071219276559414,0.28932953117156984,0.9778387636723636,0.0221612363276363,0.28291763105471257,129.84095317368673,-2.5804596959066153
0.13140312499999998,13.1403125,0.01951237726370877,19.51237726370877,6.7832459677419354,0.40686664821295226,0.2892005778207164,0.9778387636723636,0.0221612363276363,0.2827915354695425,129.4589227657474,-2.5802256121603544
0.1317328125,13.17328125,0.01958321601296199,19.58321601296199,6.785372983870968,0.4066116054036154,0.2890716979250775,0.9778387636723636,0.0221612363276363,0.28266551171172877,129.0759462575545,-2.5799917244915456
0.1320625,13.20625,0.019654173657355174,19.654173657355173,6.7875000000000005,0.40635680435273425,0.2889428931233351,0.9778387636723636,0.0221612363276363,0.2825395613836379,128.69199328002028,-2.5797580371741584
0.13239218749999998,13.23921875,0.019725235222783147,19.725235222783148,6.789627016129032,0.40610224176266374,0.2888141624390596,0.9778387636723636,0.0221612363276363,0.2824136835304792,128.3070671203573,-2.5795245475028117
0.132721875,13.2721875,0.01979638580277179,19.796385802771788,6.791754032258066,0.40584791790957386,0.2886855060052883,0.9778387636723636,0.0221612363276363,0.28228787828234186,127.92115660852801,-2.579291255733488
0.1330515625,13.30515625,0.019867610681498702,19.8676106814987,6.793881048387096,0.4055938343344105,0.2885569243495036,0.9778387636723636,0.0221612363276363,0.28216214615501833,127.5342449716312,-2.579058163171227
0.13338125,13.338125,0.0199388954597191,19.938895459719102,6.79600806451613,0.4053399864885192,0.2884284161027131,0.9778387636723636,0.0221612363276363,0.2820364858098551,127.14634093554376,-2.5788252660715867
0.13371093750000002,13.37109375,0.020010226182560386,20.010226182560384,6.798135080645161,0.4050863807276752,0.28829998329269785,0.9778387636723636,0.0221612363276363,0.28191089922969476,126.75740693391273,-2.5785925697324874
0.134040625,13.404062500000002,0.02008158946807875,20.08158946807875,6.800262096774194,0.4048330093453019,0.2881716235647366,0.9778387636723636,0.0221612363276363,0.2817853841119998,126.36746517746167,-2.578360067789638
0.1343703125,13.437031250000002,0.020152972635414143,20.15297263541414,6.802389112903226,0.40457987855874555,0.2880433389052327,0.9778387636723636,0.0221612363276363,0.28165994239915243,125.9764779558152,-2.578127765427145
0.1347,13.469999999999999,0.020224363831335874,20.224363831335875,6.804516129032258,0.4043269832051807,0.28791512775051764,0.9778387636723636,0.0221612363276363,0.2815345725621368,125.58445668613211,-2.5778956583893065
0.1350296875,13.50296875,0.020295752153943615,20.295752153943614,6.80664314516129,0.40407432545134825,0.28778699082400105,0.9778387636723636,0.0221612363276363,0.28140927530833104,125.1913807204013,-2.577663748500577
0.135359375,13.535937500000001,0.020367127772276183,20.36712777227618,6.808770161290323,0.40382190493535125,0.2876589280601907,0.9778387636723636,0.0221612363276363,0.2812840505736944,124.7972402022893,-2.5774320354879063
0.13568906249999999,13.568906249999998,0.020438482040587003,20.438482040587004,6.8108971774193545,0.403569719036622,0.28753093868619833,0.9778387636723636,0.0221612363276363,0.2811588976024664,124.40203554853875,-2.5772005172030177
0.13601875,13.601875,0.020509807606068162,20.50980760606816,6.8130241935483875,0.4033177721706751,0.2874030241311049,0.9778387636723636,0.0221612363276363,0.2810338177920581,124.0057348187492,-2.5769691973380606
0.1363484375,13.63484375,0.020581098508846558,20.58109850884656,6.81515120967742,0.4030660576422225,0.2872751823453005,0.9778387636723636,0.0221612363276363,0.2809088091382814,123.6083570674542,-2.5767380703616274
0.13667812499999998,13.6678125,0.02065235027313537,20.65235027313537,6.817278225806452,0.40281458255338337,0.28714741560091295,0.9778387636723636,0.0221612363276363,0.2807838738629111,123.20985711048554,-2.5765071421971912
0.1370078125,13.70078125,0.02072355998850027,20.72355998850027,6.819405241935484,0.4025633399088895,0.28701972175209944,0.9778387636723636,0.0221612363276363,0.2806590098676588,122.810255584765,-2.576276407062978
0.1373375,13.73375,0.020794726380292665,20.794726380292666,6.821532258064516,0.4023123337330497,0.2868921021075723,0.9778387636723636,0.0221612363276363,0.280534218432234,122.40952102385782,-2.5760458683275234
0.13766718749999998,13.766718749999999,0.020865849868410252,20.86584986841025,6.823659274193549,0.402061561794222,0.2867645560139447,0.9778387636723636,0.0221612363276363,0.28040949891772987,122.00765145644839,-2.5758155241640894
0.137996875,13.7996875,0.020936932613665936,20.936932613665935,6.825786290322581,0.40181102336656305,0.2866370832893461,0.9778387636723636,0.0221612363276363,0.2802848511463065,121.60463775950431,-2.5755853739959944
0.1383265625,13.83265625,0.021007978551178523,21.00797855117852,6.827913306451613,0.4015607209587831,0.28650968476925315,0.9778387636723636,0.0221612363276363,0.28016027593492515,121.20045445377887,-2.575355419934332
0.13865624999999998,13.865624999999998,0.02107899341034008,21.07899341034008,6.830040322580645,0.4013106491181002,0.2863823587848035,0.9778387636723636,0.0221612363276363,0.28003577165170757,120.79511564845056,-2.575125657474331
0.1389859375,13.898593749999998,0.02114998472106305,21.14998472106305,6.832167338709677,0.40106081507040964,0.2862551076567484,0.9778387636723636,0.0221612363276363,0.2799113405659743,120.38857141314587,-2.5748960926478004
0.13931562500000003,13.931562500000002,0.02122096180616145,21.22096180616145,6.83429435483871,0.40081121076543824,0.2861279288967121,0.9778387636723636,0.0221612363276363,0.27978698024449494,119.98084909969964,-2.574666718790083
0.1396453125,13.964531250000002,0.021291935759874727,21.291935759874725,6.836421370967742,0.4005618418041856,0.286000824315461,0.9778387636723636,0.0221612363276363,0.27966269245790726,119.57190610101682,-2.574437540583335
0.139975,13.9975,0.021362919412693474,21.362919412693472,6.838548387096774,0.4003127041178244,0.2858737926767721,0.9778387636723636,0.0221612363276363,0.27953847599738435,119.16174946486181,-2.5742085546712716
0.1403046875,14.03046875,0.0214339272827942,21.433927282794198,6.8406754032258075,0.40006379884241505,0.2857468343847291,0.9778387636723636,0.0221612363276363,0.2794143312580551,118.75035907081737,-2.5739797620244804
0.140634375,14.063437500000001,0.02150497551452995,21.50497551452995,6.842802419354839,0.39981512661277674,0.28561994968627713,0.9778387636723636,0.0221612363276363,0.279290258481392,118.33771688154935,-2.5737511631973335
0.1409640625,14.09640625,0.021576081804554857,21.576081804554857,6.844929435483872,0.3995666838745953,0.28549313750419925,0.9778387636723636,0.0221612363276363,0.27916625661405026,117.92382751113048,-2.57352275525947
0.14129375,14.129375,0.02164726531627869,21.647265316278688,6.847056451612904,0.3993184759434054,0.2853663995650295,0.9778387636723636,0.0221612363276363,0.27904232734430223,117.50864678311152,-2.5732945426588922
0.1416234375,14.16234375,0.02171854658345281,21.71854658345281,6.849183467741935,0.39907049576423953,0.2852397336832282,0.9778387636723636,0.0221612363276363,0.2789184685350421,117.0921985138032,-2.573066519552169
0.14195312499999999,14.195312499999998,0.021789947403777838,21.789947403777838,6.851310483870968,0.3988227498099732,0.28511314195314036,0.9778387636723636,0.0221612363276363,0.2787946822342019,116.67443099180188,-2.5728386913511967
0.14228281250000002,14.228281250000002,0.021861490723495202,21.8614907234952,6.853437500000001,0.3985752322066235,0.28498662256074186,0.9778387636723636,0.0221612363276363,0.2786709666679584,116.25536162021744,-2.5726110531938686
0.1426125,14.261250000000002,0.021933200513979116,21.933200513979116,6.855564516129032,0.3983279459198692,0.28486017649103074,0.9778387636723636,0.0221612363276363,0.27854732279948086,115.83495754222831,-2.5723836075741717
0.14294218749999998,14.294218749999999,0.02200510164138116,22.00510164138116,6.857691532258064,0.39808088974301487,0.2847338034074697,0.9778387636723636,0.0221612363276363,0.27842375029969,115.4132093212583,-2.5721563535137313
0.143271875,14.3271875,0.02207721973039679,22.07721973039679,6.859818548387096,0.397834061987582,0.28460750281943187,0.9778387636723636,0.0221612363276363,0.2783002486888321,114.99011049356452,-2.571929289632395
0.1436015625,14.360156250000001,0.022149581023222363,22.149581023222364,6.861945564516129,0.39758746609146844,0.2844812758642994,0.9778387636723636,0.0221612363276363,0.27817681907908315,114.5656235989048,-2.571702418818677
0.14393124999999998,14.393124999999998,0.022222212234753343,22.222212234753343,6.864072580645161,0.39734109597819806,0.2843551206568201,0.9778387636723636,0.0221612363276363,0.27805345962697076,114.13976823510946,-2.571475736037891
0.1442609375,14.42609375,0.02229514040504081,22.29514040504081,6.866199596774194,0.39709495897709884,0.2842290395724304,0.9778387636723636,0.0221612363276363,0.2779301726552887,113.7124821539541,-2.571249247420202
0.144590625,14.4590625,0.022368392749975322,22.36839274997532,6.868326612903226,0.39684904744053967,0.28410303022431704,0.9778387636723636,0.0221612363276363,0.2778069558301184,113.28379469912329,-2.571022946621126
0.1449203125,14.49203125,0.022441996511107887,22.441996511107888,6.870453629032258,0.39660336613205543,0.2839770941733741,0.9778387636723636,0.0221612363276363,0.27768381067776254,112.85365818598812,-2.5707968376344317
0.14525,14.525,0.022515978805448447,22.515978805448444,6.872580645161291,0.3963579120352902,0.2838512305046096,0.9778387636723636,0.0221612363276363,0.2775607363035066,112.42207315730994,-2.5705709179726837
0.1455796875,14.55796875,0.022590366476005944,22.590366476005943,6.874707661290323,0.3961126852954947,0.28372543930895394,0.9778387636723636,0.0221612363276363,0.27743773279626577,111.9890201586057,-2.570345187782099
0.14590937499999998,14.590937499999999,0.0226651859437548,22.6651859437548,6.876834677419355,0.39586768750512613,0.28359972113967896,0.9778387636723636,0.0221612363276363,0.2773148006970508,111.55446959413935,-2.570119648415573
0.1462390625,14.62390625,0.02274046306163079,22.740463061630788,6.878961693548387,0.39562291421355567,0.28347407462130686,0.9778387636723636,0.0221612363276363,0.2771919386608661,111.11843154869534,-2.569894296188485
0.14656875,14.656875,0.022816222971080723,22.816222971080723,6.88108870967742,0.3953783715996929,0.28334850177181986,0.9778387636723636,0.0221612363276363,0.2770691486609729,110.68084487431739,-2.5696691362774042
0.1468984375,14.689843750000001,0.02289248996161626,22.89248996161626,6.883215725806451,0.3951340522649528,0.2832230002726737,0.9778387636723636,0.0221612363276363,0.2769464284302088,110.24173937738075,-2.5694441625390696
0.147228125,14.722812499999998,0.022969287333755486,22.969287333755485,6.885342741935485,0.3948899620755795,0.28309757204364094,0.9778387636723636,0.0221612363276363,0.27682377984580175,109.80105446544474,-2.569219379890295
0.1475578125,14.755781249999998,0.023046637265680226,23.046637265680225,6.8874697580645154,0.394646096236895,0.28297221559627905,0.9778387636723636,0.0221612363276363,0.27670120145229504,109.35880231281347,-2.568994784357855
0.14788750000000003,14.788750000000002,0.02312456068389315,23.124560683893147,6.889596774193549,0.3944024566962918,0.2828469315980654,0.9778387636723636,0.0221612363276363,0.2765786939023739,108.9149481410818,-2.5687703775909374
0.14821718749999999,14.82171875,0.023203077138130104,23.2030771381301,6.8917237903225805,0.3941590432324633,0.2827217200231812,0.9778387636723636,0.0221612363276363,0.27645625717079164,108.46947159934724,-2.568546159430302
0.148546875,14.8546875,0.023282204680769913,23.28220468076991,6.893850806451613,0.3939158532322282,0.2825965800783314,0.9778387636723636,0.0221612363276363,0.2763338904818336,108.02236966250385,-2.5683221277205384
0.1488765625,14.887656250000001,0.023361959750987735,23.361959750987737,6.895977822580645,0.3936728910255173,0.2824715131967773,0.9778387636723636,0.0221612363276363,0.2762115952369985,107.57358784222153,-2.5680982860998847
0.14920624999999998,14.920625,0.02344235706391963,23.44235706391963,6.898104838709677,0.39343015017691957,0.2823465173580118,0.9778387636723636,0.0221612363276363,0.2760893694605559,107.12315100790727,-2.5678746292226515
0.1495359375,14.95359375,0.023523409505144335,23.523409505144333,6.90023185483871,0.39318763739677,0.2822215947607804,0.9778387636723636,0.0221612363276363,0.2759672153025243,106.67098511107403,-2.56765116271457
0.149865625,14.9865625,0.023605128030843327,23.60512803084333,6.902358870967741,0.39294534614289817,0.28209674334817025,0.9778387636723636,0.0221612363276363,0.2758451307515749,106.21711595396827,-2.567427881139615
0.15019531249999998,15.019531249999998,0.02368752157407086,23.68752157407086,6.904485887096774,0.39270328013376277,0.28197196435921984,0.9778387636723636,0.0221612363276363,0.2757231170192873,105.76149055949665,-2.567204787626816
0.15052500000000002,15.052500000000002,0.023770596957648688,23.77059695764869,6.906612903225807,0.39246143736545763,0.28184725719401493,0.9778387636723636,0.0221612363276363,0.2756011735190423,105.30409949423182,-2.566981880527975
0.1508546875,15.085468750000002,0.02385435881429522,23.85435881429522,6.908739919354838,0.39221981703084,0.28172262163644185,0.9778387636723636,0.0221612363276363,0.2754793000395154,104.84492401567397,-2.5667591591935506
0.15118437499999998,15.118437499999999,0.023938809514700687,23.938809514700687,6.910866935483871,0.3919784216423597,0.28159805854005227,0.9778387636723636,0.0221612363276363,0.2753574974153426,104.38391760251498,-2.566536625746901
0.1515140625,15.15140625,0.0240239491043668,24.0239491043668,6.912993951612903,0.39173724588912406,0.2814735662371102,0.9778387636723636,0.0221612363276363,0.27523576401574695,103.92109754137367,-2.5663142757761848
0.15184375,15.184375000000001,0.024109775250136536,24.109775250136536,6.915120967741935,0.39149629677813086,0.28134914703110603,0.9778387636723636,0.0221612363276363,0.27511410209317083,103.45637825060845,-2.566092115160008
0.15217343749999998,15.217343749999998,0.02419628319744356,24.19628319744356,6.917247983870968,0.391255566582628,0.28122479847338216,0.9778387636723636,0.0221612363276363,0.2749925092532216,102.98979713161036,-2.5658701374671664
0.152503125,15.2503125,0.024283465739406488,24.283465739406488,6.919375,0.3910150605840385,0.28110052231231847,0.9778387636723636,0.0221612363276363,0.2748709872055331,102.52128091375856,-2.5656483471353773
0.1528328125,15.28328125,0.024371313198976664,24.37131319897666,6.921502016129033,0.39077477502652114,0.28097631737887857,0.9778387636723636,0.0221612363276363,0.2747495348069763,102.0508331260376,-2.565426741050379
0.1531625,15.31625,0.024459813425415197,24.459813425415195,6.923629032258065,0.3905347108780654,0.2808521840291505,0.9778387636723636,0.0221612363276363,0.2746281524057476,101.57841603619839,-2.5652053200454876
0.15349218750000002,15.34921875,0.02454895180642031,24.54895180642031,6.925756048387097,0.39029486886463355,0.2807281225419653,0.9778387636723636,0.0221612363276363,0.2745068402744992,101.10399269221277,-2.5649840847521936
0.153821875,15.3821875,0.024638711297247,24.638711297247,6.927883064516129,0.3900552454848857,0.2806041318273827,0.9778387636723636,0.0221612363276363,0.2743855973474449,100.62756445271741,-2.564763032267218
0.1541515625,15.415156250000003,0.024729072468152737,24.729072468152737,6.930010080645162,0.3898158459249997,0.2804802136085837,0.9778387636723636,0.0221612363276363,0.27426442530957795,100.14905159049037,-2.56454216695172
0.15448125,15.448125,0.024820013571463233,24.82001357146323,6.932137096774193,0.38957666340635827,0.28035636573270595,0.9778387636723636,0.0221612363276363,0.2741433220557462,99.66848551696717,-2.564321483160957
0.1548109375,15.48109375,0.0249115106294775,24.911510629477498,6.934264112903227,0.38933770404230805,0.2802325902249953,0.9778387636723636,0.0221612363276363,0.27402228956631347,99.18577500838465,-2.5641009860324355
0.155140625,15.514062500000001,0.02500353754432112,25.00353754432112,6.936391129032258,0.389098962355243,0.2801088853522424,0.9778387636723636,0.0221612363276363,0.2739013261464806,98.70093908094532,-2.5638806710083717
0.15547031249999999,15.547031249999998,0.025096066230708557,25.096066230708555,6.93851814516129,0.3888604410578768,0.27998525203778213,0.9778387636723636,0.0221612363276363,0.27378043269912006,98.21391685095641,-2.5636605403822115
0.1558,15.579999999999998,0.02518906677239009,25.18906677239009,6.940645161290322,0.38862213912017807,0.2798616899906886,0.9778387636723636,0.0221612363276363,0.2736596089397533,97.72468291749891,-2.5634405933164106
0.1561296875,15.61296875,0.025282507602836707,25.282507602836706,6.9427721774193545,0.38838405481962923,0.27973819869384736,0.9778387636723636,0.0221612363276363,0.27353885436272574,97.23321896883999,-2.563220828393269
0.15645937499999998,15.6459375,0.02537635571046,25.37635571046,6.944899193548387,0.38814619155240443,0.27961477929510964,0.9778387636723636,0.0221612363276363,0.2734181700904508,96.73945249191173,-2.5630012484794844
0.1567890625,15.67890625,0.025470576868374922,25.470576868374923,6.94702620967742,0.38790854347219345,0.2794914299349017,0.9778387636723636,0.0221612363276363,0.27329755430456526,96.2434071930913,-2.5627818487050567
0.15711875,15.711875000000001,0.02556513588839624,25.56513588839624,6.949153225806452,0.38767111750973154,0.2793681529128921,0.9778387636723636,0.0221612363276363,0.27317700925377425,95.7449699205232,-2.562562634896344
0.15744843749999998,15.74484375,0.025659996898618965,25.659996898618964,6.951280241935484,0.38743390649533244,0.27924494593662325,0.9778387636723636,0.0221612363276363,0.2730565326964237,95.24417832918247,-2.562343601074267
0.157778125,15.7778125,0.0257551236435744,25.7551236435744,6.953407258064516,0.38719691485651375,0.27912181049174545,0.9778387636723636,0.0221612363276363,0.27293612608524015,94.7409430104693,-2.5621247509700504
0.1581078125,15.81078125,0.025850479805582825,25.850479805582825,6.955534274193549,0.38696013983725713,0.27899874572251687,0.9778387636723636,0.0221612363276363,0.27281578858344613,94.23525259094437,-2.5619060822995077
0.15843749999999998,15.843749999999998,0.025946029345549543,25.946029345549544,6.957661290322581,0.38672358146362634,0.2788757516797016,0.9778387636723636,0.0221612363276363,0.27269552024068044,93.72706420884755,-2.561687595107983
0.1587671875,15.876718749999998,0.026041736861078604,26.041736861078604,6.959788306451612,0.38648724137211765,0.2787528289407773,0.9778387636723636,0.0221612363276363,0.2725753216216235,93.2163142601558,-2.5614692907903396
0.15909687500000003,15.909687500000002,0.0261375679594178,26.137567959417797,6.961915322580645,0.3862511152084412,0.27862997612511575,0.9778387636723636,0.0221612363276363,0.2724551913762434,92.70300945064784,-2.561251165721805
0.1594265625,15.942656250000002,0.026233489642406536,26.233489642406536,6.964042338709677,0.38601520898054925,0.2785071952399228,0.9778387636723636,0.0221612363276363,0.27233513146726374,92.18703048264891,-2.5610332249605654
0.15975625,15.975625,0.026329470700283172,26.32947070028317,6.96616935483871,0.3857795155817552,0.27838448400284704,0.9778387636723636,0.0221612363276363,0.2722151396629129,91.66841664502657,-2.5608154625744564
0.1600859375,16.00859375,0.02642548211092845,26.42548211092845,6.968296370967742,0.38554404054964825,0.27826184426879547,0.9778387636723636,0.0221612363276363,0.2720952177769907,91.14704994026047,-2.56059788322832
0.160415625,16.0415625,0.026521497440883748,26.521497440883746,6.9704233870967744,0.3853087794317501,0.27813927462212756,0.9778387636723636,0.0221612363276363,0.2719753644252292,90.62293615151302,-2.5603804832134385
0.1607453125,16.07453125,0.026617493244294244,26.61749324429424,6.9725504032258065,0.3850737339729485,0.278016775676562,0.9778387636723636,0.0221612363276363,0.27185558020774625,90.09600138759573,-2.56016326401593
0.161075,16.107499999999998,0.0267134494557927,26.7134494557927,6.974677419354839,0.38483890407990334,0.27789434744413644,0.9778387636723636,0.0221612363276363,0.2717358651363126,89.56619308363311,-2.559946225581156
0.1614046875,16.14046875,0.026809349773264705,26.809349773264707,6.976804435483871,0.38460428715039807,0.277771989112714,0.9778387636723636,0.0221612363276363,0.27161621841678957,89.0334920364076,-2.55972936575001
0.161734375,16.173437500000002,0.026905182026424602,26.9051820264246,6.978931451612904,0.38436988742938416,0.27764970211852913,0.9778387636723636,0.0221612363276363,0.2714966414535826,88.49778313679282,-2.55951268810635
0.16206406250000002,16.20640625,0.02700093852718357,27.000938527183568,6.981058467741936,0.3841356987280623,0.27752748447030323,0.9778387636723636,0.0221612363276363,0.2713771322995424,87.95909512069956,-2.55929618748204
0.16239375,16.239375000000003,0.027096616397909425,27.096616397909425,6.983185483870968,0.38390172738974115,0.27740533829528646,0.9778387636723636,0.0221612363276363,0.2712576930347767,87.41727770043666,-2.559079869221982
0.16272343749999998,16.27234375,0.027192217873859222,27.19221787385922,6.985312499999999,0.3836679672945366,0.2772832616228323,0.9778387636723636,0.0221612363276363,0.2711383217323109,86.87235781845828,-2.558863728214744
0.163053125,16.3053125,0.02728775057630808,27.28775057630808,6.987439516129032,0.3834344218768779,0.27716125562471516,0.9778387636723636,0.0221612363276363,0.27101901953795143,86.32422176630263,-2.558647767365245
0.1633828125,16.33828125,0.027383227753196262,27.383227753196262,6.989566532258065,0.3832010893429544,0.2770393197524408,0.9778387636723636,0.0221612363276363,0.2708997859153594,85.77283071709726,-2.558431985191357
0.16371249999999998,16.37125,0.02747866848446473,27.47866848446473,6.991693548387096,0.3829679688130306,0.2769174537574488,0.9778387636723636,0.0221612363276363,0.2707806206214827,85.21813159962777,-2.5582163809774974
0.1640421875,16.40421875,0.027574097849638966,27.574097849638964,6.993820564516129,0.3827350627987325,0.2767956585099266,0.9778387636723636,0.0221612363276363,0.27066152450722436,84.66001464771912,-2.5580009568553845
0.164371875,16.4371875,0.027669547055643062,27.66954705564306,6.995947580645161,0.38250236612674476,0.27667393234444715,0.9778387636723636,0.0221612363276363,0.2705424959440653,84.09849213964151,-2.5577857085043405
0.1647015625,16.47015625,0.027765053523269696,27.765053523269696,6.9980745967741935,0.38226988559358566,0.27655227754641465,0.9778387636723636,0.0221612363276363,0.2704235371667625,83.53337768794907,-2.557570641654467
0.16503125,16.503125,0.027860660931184132,27.860660931184132,7.0002016129032265,0.38203761377906575,0.27643069170681916,0.9778387636723636,0.0221612363276363,0.2703046458196923,82.9647189575706,-2.5573557500973965
0.1653609375,16.536093750000003,0.02795641921679131,27.95641921679131,7.002328629032258,0.38180555566550317,0.2763091765133574,0.9778387636723636,0.0221612363276363,0.2701858235531503,82.3923520780919,-2.557141038040458
0.165690625,16.5690625,0.02805238453372873,28.05238453372873,7.004455645161291,0.3815737077875157,0.27618773086188775,0.9778387636723636,0.0221612363276363,0.2700670692874638,81.81625540464704,-2.556926502595745
0.1660203125,16.60203125,0.02814861916615315,28.14861916615315,7.006582661290324,0.38134207095872613,0.2760663550625352,0.9778387636723636,0.0221612363276363,0.26994838332588517,81.2363307540024,-2.556712144469338
0.16635,16.635,0.028245191400351703,28.2451914003517,7.008709677419355,0.38111064598663974,0.2759450494243407,0.9778387636723636,0.0221612363276363,0.2698297659706067,80.65247504763975,-2.556497964362698
0.1666796875,16.66796875,0.02834217535451594,28.34217535451594,7.010836693548388,0.3808794294237253,0.27582381284605667,0.9778387636723636,0.0221612363276363,0.26971121614478555,80.06466343682222,-2.5562839594012283
0.167009375,16.7009375,0.02843965076775945,28.43965076775945,7.012963709677419,0.3806484263300371,0.2757026470464524,0.9778387636723636,0.0221612363276363,0.2695927355291011,79.47270419913032,-2.556070133860469
0.1673390625,16.73390625,0.028537702749623937,28.537702749623936,7.015090725806452,0.3804176301891128,0.2755815499053848,0.9778387636723636,0.0221612363276363,0.26947432205039523,78.87662834773054,-2.5558564822856296
0.16766875000000003,16.766875000000002,0.028636421491398802,28.636421491398803,7.017217741935484,0.38018704677750237,0.27546052338082605,0.9778387636723636,0.0221612363276363,0.26935597762324914,78.27621907636967,-2.5556430095553737
0.1679984375,16.79984375,0.028735901940566456,28.735901940566457,7.019344758064516,0.3799566709866925,0.27533956581784824,0.9778387636723636,0.0221612363276363,0.2692377006294101,77.67147633634644,-2.555429711397366
0.168328125,16.8328125,0.028836243439576005,28.836243439576005,7.021471774193548,0.37972650529500307,0.2752186780803942,0.9778387636723636,0.0221612363276363,0.26911949191367485,77.06224043599948,-2.5552165899178285
0.1686578125,16.86578125,0.02893754932993947,28.937549329939472,7.0235987903225805,0.3794965488345604,0.2750978599212349,0.9778387636723636,0.0221612363276363,0.2690013512342935,76.44841644726077,-2.5550036444095996
0.16898749999999998,16.89875,0.02903992652233802,29.03992652233802,7.025725806451613,0.3792667998546568,0.27497711079841913,0.9778387636723636,0.0221612363276363,0.2688832780613248,75.82992744726522,-2.554790873422369
0.1693171875,16.931718749999998,0.02914348503302328,29.14348503302328,7.027852822580646,0.37903726170792323,0.27485643186897335,0.9778387636723636,0.0221612363276363,0.2687652735261541,75.20657423159362,-2.5545782797989385
0.169646875,16.9646875,0.029248337486308038,29.24833748630804,7.029979838709677,0.37880792876671426,0.2747358212991582,0.9778387636723636,0.0221612363276363,0.26864733583568035,74.57836259768894,-2.554365858826942
0.16997656249999998,16.99765625,0.029354598582370307,29.354598582370308,7.03210685483871,0.3785788075881047,0.27461528131482255,0.9778387636723636,0.0221612363276363,0.26852946716642445,73.94500268921378,-2.5541536160460154
0.17030625000000002,17.030625,0.029462384528957004,29.462384528957003,7.034233870967743,0.3783498914484373,0.2744948097150879,0.9778387636723636,0.0221612363276363,0.26841166536628225,73.30652169666106,-2.553941545820491
0.1706359375,17.063593750000003,0.029571812434883583,29.571812434883583,7.036360887096774,0.3781211844625233,0.2743744079128721,0.9778387636723636,0.0221612363276363,0.2682939318168596,72.66267356667832,-2.553729651635551
0.17096562499999998,17.0965625,0.02968299966250294,29.68299966250294,7.038487903225807,0.37789268411539706,0.27425407510952843,0.9778387636723636,0.0221612363276363,0.2681762657372089,72.01337283437772,-2.5535179313966214
0.1712953125,17.12953125,0.02979606313557974,29.79606313557974,7.040614919354839,0.37766439032467003,0.27413381131754294,0.9778387636723636,0.0221612363276363,0.2680586671395392,71.35846726658619,-2.553306385056294
0.171625,17.1625,0.02991111859827998,29.91111859827998,7.042741935483871,0.3774363047641344,0.2740136171370677,0.9778387636723636,0.0221612363276363,0.2679411366107027,70.69774607472905,-2.553095014046102
0.17195468749999998,17.19546875,0.030028279820294778,30.028279820294777,7.044868951612903,0.3772084231740865,0.2738934911835873,0.9778387636723636,0.0221612363276363,0.2678236727968665,70.03116108769629,-2.5528838148010156
0.172284375,17.2284375,0.030147657742489065,30.147657742489063,7.046995967741935,0.37698075139723036,0.27377343545262506,0.9778387636723636,0.0221612363276363,0.2677062776493306,69.35836169886949,-2.5526727922637447
0.1726140625,17.26140625,0.0302693595569298,30.2693595569298,7.0491229838709675,0.3767532826037159,0.273653447697979,0.9778387636723636,0.0221612363276363,0.2675889489716716,68.6793655244398,-2.552461940703805
0.17294375,17.294375,0.03039348771473379,30.39348771473379,7.0512500000000005,0.3765260220232833,0.2735335297114519,0.9778387636723636,0.0221612363276363,0.2674716885159839,67.99381524266762,-2.5522512645484117
0.17327343750000002,17.32734375,0.03052013885491325,30.52013885491325,7.053377016129032,0.3762989655217152,0.2734136801478067,0.9778387636723636,0.0221612363276363,0.26735449496684244,67.30163520378156,-2.55204076033668
0.173603125,17.360312500000003,0.03064940264731853,30.64940264731853,7.0555040322580655,0.37607211465688806,0.2732938995691323,0.9778387636723636,0.0221612363276363,0.2672373688738794,66.6025598076826,-2.551830429402917
0.1739328125,17.39328125,0.030781360542912462,30.781360542912463,7.057631048387097,0.37584546945188846,0.27317418802355004,0.9778387636723636,0.0221612363276363,0.26712031028414995,65.89635840219132,-2.551620271788612
0.1742625,17.42625,0.030916084424990057,30.916084424990057,7.05975806451613,0.37561902731861363,0.27305454468158286,0.9778387636723636,0.0221612363276363,0.2670033183865592,65.18288501303803,-2.5514102853340788
0.1745921875,17.45921875,0.031053635155606628,31.053635155606628,7.061885080645161,0.37539279241780554,0.2729349709812936,0.9778387636723636,0.0221612363276363,0.2668863945873006,64.46173313630884,-2.5512004735684166
0.174921875,17.4921875,0.03119406101242587,31.19406101242587,7.064012096774193,0.3751667587948461,0.2728154649607043,0.9778387636723636,0.0221612363276363,0.2667695369678762,63.732861600221895,-2.5509908314934084
0.17525156249999999,17.52515625,0.03133739601246663,31.337396012466627,7.066139112903227,0.3749409324489783,0.27269602867745507,0.9778387636723636,0.0221612363276363,0.2666527475403261,62.99575407362184,-2.5507813641888886
0.17558125,17.558125,0.031483658120835194,31.483658120835194,7.068266129032257,0.37471530765413263,0.2725766602445218,0.9778387636723636,0.0221612363276363,0.26653602445944513,62.250341731604195,-2.550572066848281
0.17591093750000003,17.591093750000002,0.03163284734449028,31.63284734449028,7.07039314516129,0.3744898875808391,0.272457360768786,0.9778387636723636,0.0221612363276363,0.2664193688075849,61.49617892908589,-2.5503629421667986
0.176240625,17.6240625,0.03178494371341348,31.78494371341348,7.072520161290323,0.37426467062916885,0.27233812975115784,0.9778387636723636,0.0221612363276363,0.26630278009671593,60.732997223472076,-2.550153988816752
0.1765703125,17.65703125,0.03193990515424738,31.939905154247384,7.0746471774193544,0.3740396558547198,0.2722189669123719,0.9778387636723636,0.0221612363276363,0.26618625805376184,59.960487372001424,-2.5499452060228243
0.1769,17.69,0.03209766526451474,32.09766526451474,7.076774193548387,0.3738148457642498,0.2720998731378663,0.9778387636723636,0.0221612363276363,0.26606980354453824,59.178149202255824,-2.5497365959215306
0.17722968749999998,17.72296875,0.032258130998930344,32.25813099893034,7.0789012096774195,0.3735902353178297,0.27198084676563256,0.9778387636723636,0.0221612363276363,0.2659534149438687,58.38583029698467,-2.5495281542816484
0.177559375,17.755937499999998,0.032421180283039946,32.421180283039945,7.081028225806452,0.37336583110953747,0.2718618900622357,0.9778387636723636,0.0221612363276363,0.26583709446808856,57.58275985809383,-2.549319886689223
0.1778890625,17.78890625,0.032586659573432125,32.58665957343212,7.083155241935484,0.3731416260098786,0.2717430006581852,0.9778387636723636,0.0221612363276363,0.2657208398002181,56.76885380274466,-2.5491117871487465
0.17821874999999998,17.821875,0.03275438138802603,32.754381388026026,7.085282258064516,0.37291762472104034,0.2716241801821894,0.9778387636723636,0.0221612363276363,0.26560465253287147,55.94336137080922,-2.548903859650337
0.1785484375,17.854843749999997,0.03292412183437841,32.924121834378404,7.087409274193549,0.37269382404733253,0.27150542759274104,0.9778387636723636,0.0221612363276363,0.26548853164762237,55.105933641884164,-2.54869610151779
0.17887812500000003,17.887812500000003,0.03309561816850604,33.09561816850604,7.089536290322581,0.37247022466059176,0.27138674315598565,0.9778387636723636,0.0221612363276363,0.2653724774047183,54.255965661471365,-2.548488513339328
0.1792078125,17.92078125,0.03326856642129691,33.26856642129691,7.091663306451613,0.3722468274411313,0.2712681272095469,0.9778387636723636,0.0221612363276363,0.26525649013430086,53.39278054202488,-2.5482810958797337
0.1795375,17.95375,0.033442619134081,33.442619134081,7.093790322580645,0.3720236289958296,0.27114957864221856,0.9778387636723636,0.0221612363276363,0.26514056874978936,52.515948244191584,-2.548073846294504
0.1798671875,17.98671875,0.03361738324923369,33.61738324923369,7.095917338709678,0.37180063426182813,0.2710310991673658,0.9778387636723636,0.0221612363276363,0.2650247149265787,51.62439462145525,-2.5478667687748624
0.180196875,18.0196875,0.03379241820565667,33.792418205656666,7.098044354838709,0.371577836971522,0.27091268669755236,0.9778387636723636,0.0221612363276363,0.26490892662349297,50.717802419190285,-2.5476598580476617
0.18052656250000002,18.052656250000002,0.033967234292479845,33.967234292479844,7.100171370967743,0.37135524258574903,0.27079434312529677,0.9778387636723636,0.0221612363276363,0.2647932056911101,49.7948933446654,-2.5474531187472955
0.18085625,18.085625,0.034141291317192485,34.14129131719248,7.102298387096774,0.37113284633988497,0.2706760668714451,0.9778387636723636,0.0221612363276363,0.2646775505852719,48.855121511970914,-2.5472465468693026
0.1811859375,18.11859375,0.03431399764647858,34.313997646478576,7.1044254032258065,0.3709106504949726,0.2705578587427756,0.9778387636723636,0.0221612363276363,0.26456196209487776,47.89727691792781,-2.5470401443450603
0.181515625,18.1515625,0.034484709679128395,34.48470967912839,7.106552419354839,0.37068865433198944,0.27043971853388443,0.9778387636723636,0.0221612363276363,0.2644464400190756,46.920290237129954,-2.5468339105880977
0.18184531250000002,18.184531250000003,0.03465273181035213,34.65273181035213,7.108679435483872,0.370466856077309,0.2703216456795743,0.9778387636723636,0.0221612363276363,0.26433098380519365,45.923106911200044,-2.54662784411998
0.182175,18.2175,0.03481731694546728,34.81731694546728,7.110806451612904,0.37024525903852423,0.27020364134481223,0.9778387636723636,0.0221612363276363,0.2642155945923819,44.903985111679134,-2.546421947757842
0.18250468749999998,18.25046875,0.03497766761811403,34.977667618114026,7.112933467741936,0.37002385779586316,0.2700857037217982,0.9778387636723636,0.0221612363276363,0.26410027061290337,43.862009045575036,-2.5462162169402713
0.182834375,18.2834375,0.035132937763738006,35.132937763738006,7.115060483870968,0.3698026585558792,0.2699678349645074,0.9778387636723636,0.0221612363276363,0.2639850139729986,42.794695409030815,-2.546010656936138
0.1831640625,18.31640625,0.03528223519295977,35.28223519295977,7.117187499999999,0.36958165501141915,0.26985003296088345,0.9778387636723636,0.0221612363276363,0.26386982260741676,41.70090876384795,-2.5458052624327125
0.18349375,18.349375000000002,0.03542462480155899,35.424624801558984,7.119314516129033,0.3693608509861243,0.2697322990535862,0.9778387636723636,0.0221612363276363,0.263754697829063,40.577930183675555,-2.5456000366843985
0.18382343750000002,18.38234375,0.03555913254411276,35.559132544112764,7.121441532258065,0.36914024418831987,0.2696146324989448,0.9778387636723636,0.0221612363276363,0.2636396389107468,39.42357370213842,-2.545394977773682
0.184153125,18.4153125,0.03568475018687434,35.68475018687434,7.123568548387097,0.3689198344369898,0.2694970332730027,0.9778387636723636,0.0221612363276363,0.2635246458290428,38.2350125389824,-2.5451900855678624
0.1844828125,18.44828125,0.03580044084235748,35.800440842357474,7.125695564516129,0.3686996234371385,0.26937950199710653,0.9778387636723636,0.0221612363276363,0.26340971919152767,37.00855588743471,-2.544985361530342
0.1848125,18.48125,0.03590514527346128,35.90514527346128,7.127822580645161,0.3684796070218453,0.26926203728404874,0.9778387636723636,0.0221612363276363,0.2632948576417362,35.741163751294756,-2.5447808021555467
0.185,18.5,0.03595938204751787,35.95938204751787,7.129032258064516,0.3683545677871461,0.2691952630251645,0.9778387636723636,0.0221612363276363,0.2632295631829836,34.999999999998025,-2.544664540040789
