z_m,z_mm,B_T,B_mT,in_original_range,B_original_interp_mT,B_degree6_unanchored_mT,B_original_T,B_original_mT,equivalent_detuning_MHz,field_offset_removed_mT
-0.013,-13.0,-0.0007926031775441003,-0.7926031775441003,False,,4.5215191236478365,0.0044625398393585,4.462539839358589,-526.447731260968,5.2551430169026006
-0.0128241666666666,-12.824166666666668,-0.0007866137384726002,-0.7866137384726002,False,,4.527508562719267,0.00446852927843,4.468529278430019,-526.447731260968,5.2551430169026006
-0.0126483333333333,-12.648333333333332,-0.0007804618313096007,-0.7804618313096007,False,,4.533660469882261,0.004474681185593,4.474681185593016,-526.447731260968,5.2551430169026006
-0.0124725,-12.472499999999998,-0.0007741489957202004,-0.7741489957202005,False,,4.539973305471723,0.0044809940211824,4.480994021182476,-526.447731260968,5.2551430169026006
-0.0122966666666666,-12.296666666666663,-0.0007676767609418999,-0.7676767609418998,False,,4.54644554024999,0.0044874662559607,4.487466255960743,-526.447731260968,5.2551430169026006
-0.0121208333333333,-12.120833333333332,-0.0007610466458279003,-0.7610466458279003,False,,4.553075655364015,0.0044940963710747,4.494096371074769,-526.447731260968,5.2551430169026006
-0.0119449999999999,-11.945,-0.0007542601588892001,-0.7542601588892001,False,,4.559862142302656,0.0045008828580134,4.5008828580134095,-526.447731260968,5.2551430169026006
-0.0117691666666666,-11.769166666666663,-0.0007473187983379004,-0.7473187983379004,False,,4.566803502854005,0.0045078242185647,4.507824218564759,-526.447731260968,5.2551430169026006
-0.0115933333333333,-11.593333333333332,-0.0007402240521290999,-0.7402240521290999,False,,4.57389824906284,0.0045149189647735,4.514918964773592,-526.447731260968,5.2551430169026006
-0.0114174999999999,-11.4175,-0.0007329773980038002,-0.7329773980038001,False,,4.581144903188136,0.0045221656188988,4.522165618898891,-526.447731260968,5.2551430169026006
-0.0112416666666666,-11.241666666666664,-0.0007255803035312001,-0.7255803035312002,False,,4.588541997660669,0.0045295627133714,4.529562713371424,-526.447731260968,5.2551430169026006
-0.0110658333333333,-11.065833333333332,-0.0007180342261512004,-0.7180342261512004,False,,4.596088075040701,0.0045371087907514,4.537108790751454,-526.447731260968,5.2551430169026006
-0.01089,-10.89,-0.0007103406132161006,-0.7103406132161005,False,,4.603781687975751,0.0045448024036865,4.544802403686504,-526.447731260968,5.2551430169026006
-0.0107141666666666,-10.714166666666667,-0.0007025009020335,-0.7025009020335,False,,4.611621399158439,0.0045526421148691,4.552642114869191,-526.447731260968,5.2551430169026006
-0.0105383333333333,-10.538333333333334,-0.0006945165199074999,-0.6945165199075,False,,4.6196057812844336,0.0045606264969951,4.560626496995188,-526.447731260968,5.2551430169026006
-0.0103625,-10.3625,-0.0006863888841814004,-0.6863888841814004,False,,4.62773341701047,0.0045687541327212,4.568754132721223,-526.447731260968,5.2551430169026006
-0.0101866666666666,-10.186666666666667,-0.0006781194022795001,-0.6781194022795001,False,,4.636002898912441,0.0045770236146231,4.577023614623194,-526.447731260968,5.2551430169026006
-0.0100108333333333,-10.010833333333334,-0.0006697094717483002,-0.6697094717483002,False,,4.644412829443593,0.0045854335451543,4.585433545154347,-526.447731260968,5.2551430169026006
-0.009835,-9.835,-0.0006611604802991,-0.6611604802991,False,,4.652961820892791,0.0045939825366035,4.593982536603544,-526.447731260968,5.2551430169026006
-0.0096591666666666,-9.659166666666666,-0.0006524738058490001,-0.6524738058490002,False,,4.661648495342878,0.0046026692110536,4.602669211053631,-526.447731260968,5.2551430169026006
-0.0094833333333333,-9.483333333333333,-0.0006436508165628,-0.6436508165628,False,,4.670471484629107,0.0046114922003398,4.61149220033986,-526.447731260968,5.2551430169026006
-0.0093075,-9.3075,-0.0006346928708942006,-0.6346928708942006,False,,4.679429430297647,0.0046204501460084,4.6204501460084,-526.447731260968,5.2551430169026006
-0.0091316666666666,-9.131666666666666,-0.0006256013176277001,-0.6256013176277001,False,,4.688520983564211,0.0046295416992749,4.629541699274964,-526.447731260968,5.2551430169026006
-0.0089558333333333,-8.955833333333333,-0.0006163774959192002,-0.6163774959192002,False,,4.697744805272729,0.0046387655209834,4.638765520983483,-526.447731260968,5.2551430169026006
-0.00878,-8.78,-0.0006070227353378007,-0.6070227353378007,False,,4.707099565854112,0.0046481202815648,4.648120281564865,-526.447731260968,5.2551430169026006
-0.0086041666666666,-8.604166666666666,-0.0005975383559068004,-0.5975383559068005,False,,4.716583945285114,0.0046576046609958,4.657604660995867,-526.447731260968,5.2551430169026006
-0.0084283333333333,-8.428333333333333,-0.0005879256681446,-0.5879256681446,False,,4.726196633047273,0.004667217348758,4.667217348758025,-526.447731260968,5.2551430169026006
-0.0082525,-8.2525,-0.0005781859731060005,-0.5781859731060004,False,,4.735936328085916,0.0046769570437966,4.676957043796668,-526.447731260968,5.2551430169026006
-0.0080766666666666,-8.076666666666666,-0.0005683205624226004,-0.5683205624226004,False,,4.745801738769271,0.00468682245448,4.686822454480025,-526.447731260968,5.2551430169026006
-0.0079008333333333,-7.900833333333333,-0.0005583307183442002,-0.5583307183442002,False,,4.755791582847654,0.0046968122985584,4.696812298558407,-526.447731260968,5.2551430169026006
-0.0077249999999999,-7.725,-0.0005482177137792,-0.5482177137791999,False,,4.76590458741274,0.0047069253031234,4.706925303123494,-526.447731260968,5.2551430169026006
-0.0075491666666666,-7.5491666666666655,-0.0005379828123350007,-0.5379828123350007,False,,4.776139488856916,0.0047171602045676,4.717160204567668,-526.447731260968,5.2551430169026006
-0.0073733333333333,-7.373333333333332,-0.0005276272683592004,-0.5276272683592005,False,,4.7864950328327085,0.0047275157485434,4.727515748543463,-526.447731260968,5.2551430169026006
-0.0071974999999999,-7.197499999999999,-0.0005171523269796004,-0.5171523269796005,False,,4.79696997421232,0.004737990689923,4.737990689923072,-526.447731260968,5.2551430169026006
-0.0070216666666666,-7.021666666666666,-0.0005065592241447004,-0.5065592241447003,False,,4.807563077047218,0.0047485837927579,4.748583792757973,-526.447731260968,5.2551430169026006
-0.0068458333333333,-6.845833333333332,-0.0004958491866641004,-0.49584918666410044,False,,4.818273114527831,0.0047592938302385,4.759293830238586,-526.447731260968,5.2551430169026006
-0.0066699999999999,-6.669999999999999,-0.0004850234322486,-0.4850234322486,False,,4.82909886894332,0.004770119584654,4.770119584654073,-526.447731260968,5.2551430169026006
-0.0064941666666666,-6.494166666666666,-0.0004740831695505005,-0.4740831695505005,False,,4.84003913164142,0.0047810598473521,4.781059847352173,-526.447731260968,5.2551430169026006
-0.0063183333333333,-6.3183333333333325,-0.0004630295982035,-0.4630295982035,False,,4.851092702988391,0.0047921134186991,4.792113418699143,-526.447731260968,5.2551430169026006
-0.0061424999999999,-6.142499999999998,-0.00045186390886290013,-0.4518639088629001,False,,4.862258392329035,0.0048032791080397,4.803279108039788,-526.447731260968,5.2551430169026006
-0.0059666666666666,-5.966666666666665,-0.0004405872832451002,-0.4405872832451002,False,,4.873535017946794,0.0048145557336575,4.814555733657548,-526.447731260968,5.2551430169026006
-0.0057908333333333,-5.790833333333333,-0.0004292008941680003,-0.4292008941680003,False,,4.884921407023943,0.0048259421227346,4.825942122734696,-526.447731260968,5.2551430169026006
-0.0056149999999999,-5.614999999999999,-0.00041770590559000054,-0.41770590559000054,False,,4.896416395601856,0.0048374371113126,4.83743711131261,-526.447731260968,5.2551430169026006
-0.0054391666666666,-5.439166666666666,-0.0004061034726505,-0.4061034726505,False,,4.908018828541378,0.0048490395442521,4.849039544252131,-526.447731260968,5.2551430169026006
-0.0052633333333333,-5.263333333333333,-0.0003943947417087007,-0.3943947417087007,False,,4.919727559483228,0.0048607482751939,4.860748275193982,-526.447731260968,5.2551430169026006
-0.0050874999999999,-5.087499999999999,-0.00038258085038330066,-0.38258085038330064,False,,4.931541450808557,0.0048725621665193,4.872562166519311,-526.447731260968,5.2551430169026006
-0.0049116666666666,-4.911666666666665,-0.00037066292759240036,-0.3706629275924004,False,,4.94345937359952,0.0048844800893102,4.884480089310273,-526.447731260968,5.2551430169026006
-0.0047358333333333,-4.735833333333331,-0.0003586420935919,-0.3586420935919,False,,4.955480207600002,0.0048965009233107,4.896500923310754,-526.447731260968,5.2551430169026006
-0.00456,-4.56,-0.00034651946001560026,-0.34651946001560024,False,,4.96760284117634,0.004908623556887,4.908623556887094,-526.447731260968,5.2551430169026006
-0.0043841666666666,-4.384166666666666,-0.0003342961299137,-0.3342961299137,False,,4.979826171278227,0.0049208468869889,4.92084688698898,-526.447731260968,5.2551430169026006
-0.0042083333333333,-4.208333333333333,-0.00032197319779230047,-0.3219731977923005,False,,4.992149103399608,0.0049331698191103,4.933169819110362,-526.447731260968,5.2551430169026006
-0.0040325,-4.0325,-0.0003095517496522005,-0.3095517496522005,False,,5.004570551539739,0.0049455912672504,4.945591267250493,-526.447731260968,5.2551430169026006
-0.0038566666666666,-3.856666666666666,-0.00029703286302759993,-0.2970328630275999,False,,5.017089438164256,0.004958110153875,4.95811015387501,-526.447731260968,5.2551430169026006
-0.0036808333333333,-3.6808333333333327,-0.00028441760702550053,-0.2844176070255005,False,,5.029704694166391,0.0049707254098771,4.970725409877143,-526.447731260968,5.2551430169026006
-0.0035049999999999,-3.5049999999999994,-0.0002717070423637006,-0.2717070423637006,False,,5.042415258828229,0.0049834359745389,4.983435974538984,-526.447731260968,5.2551430169026006
-0.0033291666666666,-3.329166666666666,-0.0002589022214098003,-0.2589022214098003,False,,5.055220079782069,0.0049962407954928,4.996240795492822,-526.447731260968,5.2551430169026006
-0.0031533333333333,-3.1533333333333324,-0.00024600418822000054,-0.24600418822000053,False,,5.068118112971861,0.0050091388286826,5.009138828682613,-526.447731260968,5.2551430169026006
-0.0029774999999999,-2.977499999999999,-0.00023301397857719997,-0.23301397857719996,False,,5.08110832261472,0.0050221290383254,5.022129038325473,-526.447731260968,5.2551430169026006
-0.0028016666666666,-2.801666666666666,-0.00021993262002940016,-0.21993262002940017,False,,5.094189681162545,0.0050352103968732,5.035210396873298,-526.447731260968,5.2551430169026006
-0.0026258333333333,-2.625833333333333,-0.00020676113192819989,-0.2067611319281999,False,,5.107361169263696,0.0050483818849744,5.048381884974451,-526.447731260968,5.2551430169026006
-0.0024499999999999,-2.449999999999999,-0.00019350052546710048,-0.19350052546710048,False,,5.120621775724777,0.0050616424914355,5.061642491435531,-526.447731260968,5.2551430169026006
-0.0022741666666666,-2.2741666666666656,-0.00018015180371939998,-0.18015180371939998,False,,5.1339704974724745,0.0050749912131832,5.074991213183227,-526.447731260968,5.2551430169026006
-0.0020983333333333,-2.0983333333333323,-0.0001667159616764004,-0.1667159616764004,False,,5.147406339515516,0.0050884270552262,5.088427055226269,-526.447731260968,5.2551430169026006
-0.0019224999999999,-1.9224999999999988,-0.00015319398628520046,-0.15319398628520048,False,,5.160928314906674,0.0051019490306174,5.101949030617429,-526.447731260968,5.2551430169026006
-0.0017466666666666,-1.7466666666666657,-0.00013958685648699995,-0.13958685648699995,False,,5.17453544470489,0.0051155561604156,5.115556160415645,-526.447731260968,5.2551430169026006
-0.0015708333333333,-1.570833333333332,-0.0001258955432545004,-0.12589554325450042,False,,5.188226757937441,0.0051292474736481,5.129247473648196,-526.447731260968,5.2551430169026006
-0.0013949999999999,-1.394999999999999,-0.00011212100962970043,-0.11212100962970042,False,,5.202001291562232,0.0051430220072729,5.143022007272987,-526.447731260968,5.2551430169026006
-0.0012191666666666,-1.2191666666666652,-9.826421076180019e-05,-0.0982642107618002,False,,5.215858090430146,0.0051568788061408,5.156878806140899,-526.447731260968,5.2551430169026006
-0.0010433333333333,-1.043333333333332,-8.432609394440002e-05,-0.08432609394440002,False,,5.229796207247469,0.0051708169229582,5.170816922958224,-526.447731260968,5.2551430169026006
-0.0008674999999999,-0.8674999999999985,-7.030759865350039e-05,-0.07030759865350039,False,,5.243814702538444,0.0051848354182491,5.184835418249196,-526.447731260968,5.2551430169026006
-0.0006916666666666,-0.6916666666666651,-5.620965658410023e-05,-0.05620965658410023,False,,5.257912644607832,0.0051989333603185,5.198933360318585,-526.447731260968,5.2551430169026006
-0.0005158333333333,-0.5158333333333317,-4.203319168820038e-05,-0.04203319168820038,False,,5.272089109503648,0.0052131098252144,5.213109825214403,-526.447731260968,5.2551430169026006
-0.0003399999999999,-0.3399999999999983,-2.777912021200042e-05,-0.02777912021200042,False,,5.286343180979896,0.0052273638966906,5.227363896690649,-526.447731260968,5.2551430169026006
-0.0001641666666666,-0.1641666666666649,-1.3448350732400693e-05,-0.013448350732400693,False,,5.300673950459457,0.0052416946661702,5.2416946661702095,-526.447731260968,5.2551430169026006
0.0,0.0,0.0,0.0,True,5.255143016902623,5.314122301191869,0.0052551430169026,5.255143016902623,-526.447731260968,5.2551430169026006
1.1666666666668504e-05,0.0116666666666685,1.1540052937001125e-06,0.0011540052937001125,True,5.256297022196394,5.315080516996994,0.0052562970221963,5.256297022196394,-526.447731260968,5.2551430169026006
0.0001875,0.1875000000000019,1.8546513649899884e-05,0.018546513649899884,True,5.27368953055252,5.329561987242009,0.0052736895305525,5.27368953055252,-526.447731260968,5.2551430169026006
0.0003633333333333,0.3633333333333353,3.593902200599991e-05,0.03593902200599991,True,5.2910820389086455,5.344117475401923,0.0052910820389086,5.2910820389086455,-526.447731260968,5.2551430169026006
0.0005391666666666,0.5391666666666687,5.3331530362099935e-05,0.053331530362099935,True,5.308474547264771,5.358746103205285,0.0053084745472647,5.308474547264771,-526.447731260968,5.2551430169026006
0.0006187290969899,0.6187290969899666,6.120142742880013e-05,0.06120142742880013,True,5.316344444331491,5.365389178850584,0.0053163444443314,5.316344444331491,-526.447731260968,5.2551430169026006
0.000715,0.7150000000000021,7.073958369439946e-05,0.07073958369439945,True,5.3258826005970255,5.373446999865027,0.005325882600597,5.3258826005970255,-526.447731260968,5.2551430169026006
0.0008908333333333,0.8908333333333355,8.816048406599941e-05,0.08816048406599941,True,5.343303500968642,5.388219302041834,0.0053433035009686,5.343303500968642,-526.447731260968,5.2551430169026006
0.0010666666666666,1.0666666666666689,0.00010558138443759937,0.10558138443759937,True,5.360724401340258,5.403062153807579,0.0053607244013402,5.360724401340258,-526.447731260968,5.2551430169026006
0.0012374581939799,1.2374581939799332,0.0001225027617739998,0.12250276177399981,True,5.377645778676602,5.417546144448289,0.0053776457786766,5.377645778676602,-526.447731260968,5.2551430169026006
0.0012425,1.2425000000000006,0.00012300310291559965,0.12300310291559965,True,5.378146119818206,5.417974706608845,0.0053781461198182,5.378146119818206,-526.447731260968,5.2551430169026006
0.0014183333333333,1.418333333333334,0.00014045253480199967,0.14045253480199968,True,5.395595551704695,5.4329561192305365,0.0053955955517046,5.395595551704695,-526.447731260968,5.2551430169026006
0.0015941666666666,1.5941666666666674,0.00015790196668849944,0.15790196668849943,True,5.413044983591183,5.448005557759561,0.0054130449835911,5.413044983591183,-526.447731260968,5.2551430169026006
0.00177,1.770000000000001,0.00017535139857500007,0.17535139857500007,True,5.430494415477671,5.46312219554861,0.0054304944154776,5.430494415477671,-526.447731260968,5.2551430169026006
0.0018561872909699,1.8561872909699,0.00018390449391109988,0.18390449391109986,True,5.439047510813749,5.470556130958534,0.0054390475108137,5.439047510813749,-526.447731260968,5.2551430169026006
0.0019458333333333,1.9458333333333344,0.00019281544854129942,0.19281544854129942,True,5.4479584654439845,5.478305213180015,0.0054479584654439,5.4479584654439845,-526.447731260968,5.2551430169026006
0.0021216666666666,2.1216666666666675,0.00021029355258819944,0.21029355258819943,True,5.4654365694908345,5.49355379842968,0.0054654365694908,5.4654365694908345,-526.447731260968,5.2551430169026006
0.0022975,2.2975000000000008,0.00022777165663499972,0.2277716566349997,True,5.482914673537684,5.5088671462311165,0.0054829146735376,5.482914673537684,-526.447731260968,5.2551430169026006
0.0024733333333333,2.4733333333333345,0.00024524976068189975,0.24524976068189974,True,5.500392777584534,5.524244458639541,0.0055003927775845,5.500392777584534,-526.447731260968,5.2551430169026006
0.0024749163879598,2.4749163879598663,0.0002454071187489998,0.2454071187489998,True,5.500550135651687,5.524383191078591,0.0055005501356516,5.500550135651687,-526.447731260968,5.2551430169026006
0.0026491666666666,2.6491666666666696,0.0002627564192772998,0.26275641927729976,True,5.517899436179978,5.539684944796073,0.0055178994361799,5.517899436179978,-526.447731260968,5.2551430169026006
0.002825,2.825000000000003,0.0002802633372893,0.2802633372893,True,5.535406354191996,5.555187820892,0.0055354063541919,5.535406354191996,-526.447731260968,5.2551430169026006
0.0030008333333333,3.000833333333336,0.00029777025530139997,0.29777025530139994,True,5.552913272204013,5.570752310133143,0.005552913272204,5.552913272204013,-526.447731260968,5.2551430169026006
0.0030936454849498,3.0936454849498327,0.00030701113527599987,0.3070111352759999,True,5.562154152178624,5.578992477740331,0.0055621541521786,5.562154152178624,-526.447731260968,5.2551430169026006
0.0031766666666666,3.17666666666667,0.00031529084557649963,0.3152908455764996,True,5.5704338624791845,5.586377642704291,0.0055704338624791,5.5704338624791845,-526.447731260968,5.2551430169026006
0.0033525,3.352500000000003,0.00033282672053130003,0.3328267205313,True,5.587969737433932,5.602063055733727,0.0055879697374339,5.587969737433932,-526.447731260968,5.2551430169026006
0.0035283333333333,3.5283333333333364,0.0003503625954859998,0.3503625954859998,True,5.605505612388679,5.617807793257843,0.0056055056123886,5.605505612388679,-526.447731260968,5.2551430169026006
0.0037041666666666,3.7041666666666697,0.00036789847044079935,0.3678984704407994,True,5.623041487343428,5.633611106185816,0.0056230414873434,5.623041487343428,-526.447731260968,5.2551430169026006
0.0037123745819397,3.7123745819398,0.00036871704660689994,0.36871704660689997,True,5.623860063509506,5.634350224779422,0.0056238600635095,5.623860063509506,-526.447731260968,5.2551430169026006
0.0038799999999999,3.88,0.0003854620880599999,0.3854620880599999,True,5.640605104962653,5.649472252264387,0.0056406051049626,5.640605104962653,-526.447731260968,5.2551430169026006
0.0040558333333333,4.055833333333333,0.0004030270641213994,0.40302706412139944,True,5.658170081024066,5.665390496042731,0.005658170081024,5.658170081024066,-526.447731260968,5.2551430169026006
0.0042316666666666,4.2316666666666665,0.0004205920401827998,0.42059204018279983,True,5.675735057085478,5.681365108837378,0.0056757350570854,5.675735057085478,-526.447731260968,5.2551430169026006
0.0043311036789297,4.331103678929766,0.0004305253600313001,0.4305253600313001,True,5.685668376933932,5.69042372776283,0.0056856683769339,5.685668376933932,-526.447731260968,5.2551430169026006
0.0044075,4.4075,0.00043816972329320004,0.43816972329320003,True,5.693312740195837,5.6973953686972525,0.0056933127401958,5.693312740195837,-526.447731260968,5.2551430169026006
0.0045833333333333,4.583333333333333,0.0004557639458253994,0.4557639458253994,True,5.710906962728044,5.713480560368778,0.005710906962728,5.710906962728044,-526.447731260968,5.2551430169026006
0.0047591666666666,4.759166666666666,0.0004733581683575997,0.4733581683575997,True,5.728501185260252,5.729619975261059,0.0057285011852602,5.728501185260252,-526.447731260968,5.2551430169026006
0.004935,4.9350000000000005,0.0004909523908897999,0.4909523908897999,True,5.746095407792459,5.745812911411168,0.0057460954077924,5.746095407792459,-526.447731260968,5.2551430169026006
0.0049498327759197,4.949832775919733,0.0004924365870621001,0.4924365870621001,True,5.747579603964794,5.747181324974657,0.0057475796039647,5.747579603964794,-526.447731260968,5.2551430169026006
0.0051108333333333,5.110833333333334,0.0005085735269611995,0.5085735269611995,True,5.763716543863813,5.762058673449495,0.0057637165438638,5.763716543863813,-526.447731260968,5.2551430169026006
0.0052866666666666,5.286666666666667,0.0005261971425424995,0.5261971425424995,True,5.781340159445186,5.778356572565193,0.0057813401594451,5.781340159445186,-526.447731260968,5.2551430169026006
0.0054625,5.4625,0.0005438207581239,0.5438207581239,True,5.798963775026561,5.794705926471703,0.0057989637750265,5.798963775026561,-526.447731260968,5.2551430169026006
0.0055685618729096,5.568561872909699,0.0005544512434850993,0.5544512434850993,True,5.809594260387704,5.804592378560293,0.0058095942603877,5.809594260387704,-526.447731260968,5.2551430169026006
0.0056383333333333,5.638333333333334,0.0005614560956502994,0.5614560956502994,True,5.816599112552957,5.811106059372356,0.0058165991125529,5.816599112552957,-526.447731260968,5.2551430169026006
0.0058141666666666,5.814166666666667,0.0005791092520877001,0.5791092520877,True,5.834252268990348,5.8275563019260685,0.0058342522689903,5.834252268990348,-526.447731260968,5.2551430169026006
0.00599,5.99,0.0005967624085250998,0.5967624085250999,True,5.851905425427738,5.844055991213127,0.0058519054254277,5.851905425427738,-526.447731260968,5.2551430169026006
0.0061658333333333,6.1658333333333335,0.0006144155649624996,0.6144155649624996,True,5.869558581865127,5.860604470701022,0.0058695585818651,5.869558581865127,-526.447731260968,5.2551430169026006
0.0061872909698996,6.187290969899665,0.0006165698494083995,0.6165698494083995,True,5.871712866311093,5.862627255828878,0.005871712866311,5.871712866311093,-526.447731260968,5.2551430169026006
0.0063416666666666,6.341666666666668,0.0006320947881290999,0.6320947881290999,True,5.887237805031792,5.877201090210416,0.0058872378050317,5.887237805031792,-526.447731260968,5.2551430169026006
0.0065175,6.517500000000001,0.0006497776344723,0.6497776344723001,True,5.904920651374999,5.893845205881156,0.0059049206513749,5.904920651374999,-526.447731260968,5.2551430169026006
0.0066933333333333,6.693333333333334,0.0006674604808155999,0.6674604808155999,True,5.922603497718206,5.910536180138376,0.0059226034977182,5.922603497718206,-526.447731260968,5.2551430169026006
0.0068060200668896,6.806020066889632,0.0006787929293144996,0.6787929293144996,True,5.933935946217129,5.921257310714089,0.0059339359462171,5.933935946217129,-526.447731260968,5.2551430169026006
0.0068691666666666,6.869166666666668,0.0006851540436023998,0.6851540436023997,True,5.940297060505031,5.9272733816587,0.005940297060505,5.940297060505031,-526.447731260968,5.2551430169026006
0.007045,7.045000000000001,0.0007028667301587996,0.7028667301587996,True,5.958009747061482,5.944056185336513,0.0059580097470614,5.958009747061482,-526.447731260968,5.2551430169026006
0.0072208333333333,7.220833333333334,0.0007205794167153001,0.7205794167153001,True,5.975722433617932,5.96088397225032,0.0059757224336179,5.975722433617932,-526.447731260968,5.2551430169026006
0.0073966666666666,7.396666666666667,0.0007382921032717,0.7382921032717,True,5.993435120174381,5.977756129629187,0.0059934351201743,5.993435120174381,-526.447731260968,5.2551430169026006
0.0074247491638795,7.424749163879599,0.0007411210121106996,0.7411210121106996,True,5.996264029013368,5.980454865393262,0.0059962640290133,5.996264029013368,-526.447731260968,5.2551430169026006
0.0075725,7.572500000000001,0.0007560299916055998,0.7560299916055998,True,6.011173008508209,5.994672050819265,0.0060111730085082,6.011173008508209,-526.447731260968,5.2551430169026006
0.0077483333333333,7.748333333333335,0.0007737726699551997,0.7737726699551997,True,6.028915686857859,6.011631135250402,0.0060289156868578,6.028915686857859,-526.447731260968,5.2551430169026006
0.0079241666666666,7.924166666666668,0.0007915153483049001,0.7915153483049001,True,6.04665836520751,6.028632788402836,0.0060466583652075,6.04665836520751,-526.447731260968,5.2551430169026006
0.0080434782608695,8.043478260869565,0.0008035546311825001,0.8035546311825001,True,6.058697648085193,6.040193192064797,0.0060586976480851,6.058697648085193,-526.447731260968,5.2551430169026006
0.0081,8.100000000000001,0.0008092677166752996,0.8092677166752996,True,6.064410733577952,6.045676421773963,0.0060644107335779,6.064410733577952,-526.447731260968,5.2551430169026006
0.0082758333333333,8.275833333333335,0.0008270405396857998,0.8270405396857997,True,6.082183556588437,6.062761452845209,0.0060821835565884,6.082183556588437,-526.447731260968,5.2551430169026006
0.0084516666666666,8.451666666666668,0.0008448133626962999,0.8448133626962999,True,6.099956379598923,6.079887305048959,0.0060999563795989,6.099956379598923,-526.447731260968,5.2551430169026006
0.0086275,8.627500000000001,0.0008625861857068,0.8625861857068,True,6.117729202609408,6.097053407735592,0.0061177292026094,6.117729202609408,-526.447731260968,5.2551430169026006
0.0086622073578595,8.662207357859534,0.0008660943244464996,0.8660943244464996,True,6.121237341349118,6.100446494883933,0.0061212373413491,6.121237341349118,-526.447731260968,5.2551430169026006
0.0088033333333333,8.803333333333335,0.0008803833269285001,0.8803833269285001,True,6.135526343831179,6.114259196140582,0.0061355263438311,6.135526343831179,-526.447731260968,5.2551430169026006
0.0089791666666666,8.979166666666668,0.0008981864487704995,0.8981864487704996,True,6.153329465673165,6.131504111351696,0.0061533294656731,6.153329465673165,-526.447731260968,5.2551430169026006
0.009155,9.155,0.0009159895706124998,0.9159895706124999,True,6.17113258751515,6.148787600276278,0.0061711325875151,6.17113258751515,-526.447731260968,5.2551430169026006
0.0092809364548494,9.2809364548495,0.0009287406344042001,0.9287406344042002,True,6.183883651306809,6.161189892056782,0.0061838836513068,6.183883651306809,-526.447731260968,5.2551430169026006
0.0093308333333333,9.330833333333334,0.0009338013345902996,0.9338013345902997,True,6.188944351492934,6.166109115608588,0.0061889443514929,6.188944351492934,-526.447731260968,5.2551430169026006
0.0095066666666666,9.506666666666668,0.0009516349107530995,0.9516349107530995,True,6.206777927655724,6.183468115797262,0.0062067779276557,6.206777927655724,-526.447731260968,5.2551430169026006
0.0096825,9.6825,0.0009694684869158993,0.9694684869158994,True,6.224611503818513,6.200864065012831,0.0062246115038185,6.224611503818513,-526.447731260968,5.2551430169026006
0.0098583333333333,9.858333333333336,0.0009873020630787,0.9873020630787,True,6.242445079981303,6.218296433115332,0.0062424450799813,6.242445079981303,-526.447731260968,5.2551430169026006
0.0098996655518394,9.899665551839464,0.0009914941081973997,0.9914941081973997,True,6.246637125100009,6.222399398092738,0.0062466371251,6.246637125100009,-526.447731260968,5.2551430169026006
0.0100341666666666,10.03416666666667,0.0010051590547849997,1.0051590547849998,True,6.260302071687637,6.235764695622004,0.0062603020716876,6.260302071687637,-526.447731260968,5.2551430169026006
0.01021,10.210000000000004,0.0010230232420923996,1.0230232420923997,True,6.278166258995017,6.253268333675052,0.006278166258995,6.278166258995017,-526.447731260968,5.2551430169026006
0.0103858333333333,10.385833333333336,0.0010408874293996997,1.0408874293996997,True,6.296030446302396,6.270806834009532,0.0062960304463023,6.296030446302396,-526.447731260968,5.2551430169026006
0.0105183946488294,10.518394648829432,0.0010543552976635994,1.0543552976635995,True,6.309498314566292,6.284051906215169,0.0063094983145662,6.309498314566292,-526.447731260968,5.2551430169026006
0.0105616666666666,10.56166666666667,0.0010587591889375993,1.0587591889375993,True,6.313902205840214,6.288379688921259,0.0063139022058402,6.313902205840214,-526.447731260968,5.2551430169026006
0.0107375,10.737500000000002,0.0010766541455638993,1.0766541455638994,True,6.331797162466545,6.305986396234865,0.0063317971624665,6.331797162466545,-526.447731260968,5.2551430169026006
0.0109133333333333,10.913333333333336,0.0010945491021902,1.0945491021902,True,6.349692119092877,6.323626459271893,0.0063496921190928,6.349692119092877,-526.447731260968,5.2551430169026006
0.0110891666666666,11.089166666666667,0.0011124440588165998,1.1124440588165998,True,6.367587075719208,6.341299386818991,0.0063675870757192,6.367587075719208,-526.447731260968,5.2551430169026006
0.0111371237458193,11.137123745819398,0.0011173247593930001,1.1173247593930002,True,6.372467776295684,6.346125170930454,0.0063724677762956,6.372467776295684,-526.447731260968,5.2551430169026006
0.011265,11.265000000000002,0.0011303615087136995,1.1303615087136996,True,6.385504525616391,6.359004693096198,0.0063855045256163,6.385504525616391,-526.447731260968,5.2551430169026006
0.0114408333333333,11.440833333333336,0.0011482873942002996,1.1482873942002996,True,6.403430411102944,6.376741897725288,0.0064034304111029,6.403430411102944,-526.447731260968,5.2551430169026006
0.0116166666666666,11.616666666666667,0.0011662132796868,1.1662132796867999,True,6.421356296589497,6.39451052569823,0.0064213562965894,6.421356296589497,-526.447731260968,5.2551430169026006
0.0117558528428093,11.755852842809364,0.0011804030547855,1.1804030547855,True,6.435546071688144,6.4085977907553,0.0064355460716881,6.435546071688144,-526.447731260968,5.2551430169026006
0.0117925,11.792500000000002,0.0011841456449017997,1.1841456449017997,True,6.439288661804419,6.412310107345706,0.0064392886618044,6.439288661804419,-526.447731260968,5.2551430169026006
0.0119683333333333,11.968333333333335,0.0012021026201733,1.2021026201732998,True,6.457245637075974,6.43014017830572,0.0064572456370759,6.457245637075974,-526.447731260968,5.2551430169026006
0.0121441666666666,12.144166666666669,0.0012200595954448999,1.2200595954448998,True,6.4752026123475295,6.4480002794923,0.0064752026123475,6.4752026123475295,-526.447731260968,5.2551430169026006
0.01232,12.320000000000002,0.0012380165707164001,1.2380165707164001,True,6.493159587619084,6.465889957064265,0.006493159587619,6.493159587619084,-526.447731260968,5.2551430169026006
0.0123745819397993,12.37458193979933,0.0012435907501092995,1.2435907501092995,True,6.498733767011976,6.47144919110244,0.0064987337670119,6.498733767011976,-526.447731260968,5.2551430169026006
0.0124958333333333,12.495833333333335,0.0012559950968613993,1.2559950968613993,True,6.511138113764038,6.483808762394091,0.006511138113764,6.511138113764038,-526.447731260968,5.2551430169026006
0.0126716666666666,12.67166666666667,0.0012739833242430996,1.2739833242430996,True,6.529126341145736,6.5017562520368575,0.0065291263411457,6.529126341145736,-526.447731260968,5.2551430169026006
0.0128475,12.847500000000004,0.0012919715516248,1.2919715516247998,True,6.547114568527434,6.519731987699264,0.0065471145685274,6.547114568527434,-526.447731260968,5.2551430169026006
0.0129933110367892,12.993311036789295,0.0013068884165604996,1.3068884165604997,True,6.562031433463133,6.534659607324587,0.0065620314334631,6.562031433463133,-526.447731260968,5.2551430169026006
0.0130233333333333,13.023333333333335,0.0013099651430409,1.3099651430409,True,6.565108159943528,6.537735536208755,0.0065651081599435,6.565108159943528,-526.447731260968,5.2551430169026006
0.0131991666666666,13.19916666666667,0.0013279847862753,1.3279847862753,True,6.583127803177991,6.555766469482704,0.0065831278031779,6.583127803177991,-526.447731260968,5.2551430169026006
0.013375,13.375000000000004,0.0013460044295097997,1.3460044295097997,True,6.601147446412455,6.57382436449769,0.0066011474464124,6.601147446412455,-526.447731260968,5.2551430169026006
0.0135508333333333,13.550833333333337,0.0013640240727442994,1.3640240727442994,True,6.6191670896469175,6.591908803258868,0.0066191670896469,6.6191670896469175,-526.447731260968,5.2551430169026006
0.0136120401337792,13.612040133779264,0.0013702966303228,1.3702966303228001,True,6.62543964722545,6.5982100679167415,0.0066254396472254,6.62543964722545,-526.447731260968,5.2551430169026006
0.0137266666666666,13.72666666666667,0.001382064303793,1.382064303793,True,6.637207320695621,6.610019372769404,0.0066372073206956,6.637207320695621,-526.447731260968,5.2551430169026006
0.0139025,13.902500000000003,0.0014001155280576995,1.4001155280576996,True,6.655258544960346,6.628155665000008,0.0066552585449603,6.655258544960346,-526.447731260968,5.2551430169026006
0.0140783333333333,14.078333333333337,0.0014181667523224,1.4181667523224,True,6.673309769225071,6.64631727685854,0.006673309769225,6.673309769225071,-526.447731260968,5.2551430169026006
0.0142307692307692,14.230769230769232,0.0014338159726292,1.4338159726292,True,6.688958989531858,6.66208237787682,0.0066889589895318,6.688958989531858,-526.447731260968,5.2551430169026006
0.0142541666666666,14.25416666666667,0.0014362222011208995,1.4362222011208994,True,6.691365218023521,6.664503810159707,0.0066913652180235,6.691365218023521,-526.447731260968,5.2551430169026006
0.01443,14.430000000000003,0.0014543051730459,1.4543051730459,True,6.709448189948541,6.682714871594846,0.0067094481899485,6.709448189948541,-526.447731260968,5.2551430169026006
0.0146058333333333,14.605833333333337,0.0014723881449708997,1.4723881449708998,True,6.727531161873561,6.700950072701772,0.0067275311618735,6.727531161873561,-526.447731260968,5.2551430169026006
0.0147816666666666,14.78166666666667,0.0014904711168958994,1.4904711168958993,True,6.74561413379858,6.719209029834739,0.0067456141337985,6.74561413379858,-526.447731260968,5.2551430169026006
0.0148494983277591,14.849498327759196,0.0014974470298239001,1.4974470298239002,True,6.7525900467265245,6.726259102224585,0.0067525900467265,6.7525900467265245,-526.447731260968,5.2551430169026006
0.0149575,14.957500000000003,0.0015085736923595994,1.5085736923595994,True,6.763716709262206,6.737491364134455,0.0067637167092622,6.763716709262206,-526.447731260968,5.2551430169026006
0.0151333333333333,15.133333333333336,0.0015266885800453997,1.5266885800453998,True,6.7818315969480345,6.755796701498199,0.006781831596948,6.7818315969480345,-526.447731260968,5.2551430169026006
0.0153091666666666,15.309166666666668,0.0015448034677312,1.5448034677312001,True,6.799946484633863,6.774124672550012,0.0067999464846338,6.799946484633863,-526.447731260968,5.2551430169026006
0.0154682274247491,15.468227424749164,0.0015611903934253995,1.5611903934253994,True,6.816333410328007,6.790723549678912,0.006816333410328,6.816333410328007,-526.447731260968,5.2551430169026006
0.015485,15.485,0.0015629214160081993,1.5629214160081994,True,6.818064432910865,6.7924749126109845,0.0068180644329108,6.818064432910865,-526.447731260968,5.2551430169026006
0.0156608333333333,15.660833333333333,0.0015810683890440996,1.5810683890440995,True,6.836211405946735,6.810847061669607,0.0068362114059467,6.836211405946735,-526.447731260968,5.2551430169026006
0.0158366666666666,15.836666666666666,0.0015992153620799998,1.5992153620799998,True,6.854358378982605,6.829240764352219,0.0068543583789826,6.854358378982605,-526.447731260968,5.2551430169026006
0.0160125,16.0125,0.0016173623351157995,1.6173623351157995,True,6.872505352018474,6.847655669893541,0.0068725053520184,6.872505352018474,-526.447731260968,5.2551430169026006
0.0160869565217391,16.08695652173913,0.0016250466601907994,1.6250466601907994,True,6.88018967709342,6.855459756493362,0.0068801896770934,6.88018967709342,-526.447731260968,5.2551430169026006
0.0161883333333333,16.188333333333333,0.0016355279056249,1.6355279056249001,True,6.890670922527522,6.866091432107276,0.0068906709225275,6.890670922527522,-526.447731260968,5.2551430169026006
0.0163641666666666,16.364166666666666,0.0016537071351072994,1.6537071351072994,True,6.908850152009901,6.884547709356821,0.0069088501520099,6.908850152009901,-526.447731260968,5.2551430169026006
0.01654,16.54,0.0016718863645895999,1.6718863645895998,True,6.927029381492279,6.90302416452603,0.0069270293814922,6.927029381492279,-526.447731260968,5.2551430169026006
0.016705685618729,16.705685618729095,0.0016890164321808994,1.6890164321808994,True,6.944159449083593,6.920452470450081,0.0069441594490835,6.944159449083593,-526.447731260968,5.2551430169026006
0.0167158333333333,16.715833333333332,0.0016900674656224,1.6900674656224,True,6.945210482525012,6.921520464990083,0.006945210482525,6.945210482525012,-526.447731260968,5.2551430169026006
0.0168916666666666,16.891666666666666,0.0017082791241737998,1.7082791241737998,True,6.96342214107643,6.9400362825864335,0.0069634221410764,6.96342214107643,-526.447731260968,5.2551430169026006
0.0170675,17.0675,0.0017264907827251996,1.7264907827251996,True,6.981633799627848,6.9585712935858295,0.0069816337996278,6.981633799627848,-526.447731260968,5.2551430169026006
0.0172433333333333,17.243333333333332,0.0017447024412765993,1.7447024412765995,True,6.999845458179265,6.977125178663432,0.0069998454581792,6.999845458179265,-526.447731260968,5.2551430169026006
0.017324414715719,17.324414715719065,0.0017531003168267,1.7531003168266999,True,7.008243333729326,6.985687135012016,0.0070082433337293,7.008243333729326,-526.447731260968,5.2551430169026006
0.0174191666666666,17.419166666666666,0.0017629316688533994,1.7629316688533994,True,7.018074685756024,6.995697622870011,0.007018074685756,7.018074685756024,-526.447731260968,5.2551430169026006
0.017595,17.595,0.0017811759306415,1.7811759306414998,True,7.036318947544191,7.014288315603216,0.0070363189475441,7.036318947544191,-526.447731260968,5.2551430169026006
0.0177708333333333,17.770833333333332,0.0017994201924297001,1.7994201924297002,True,7.054563209332358,7.032896950578951,0.0070545632093323,7.054563209332358,-526.447731260968,5.2551430169026006
0.017943143812709,17.94314381270903,0.001817298926996,1.817298926996,True,7.07244194389866,7.051149873633457,0.0070724419438986,7.07244194389866,-526.447731260968,5.2551430169026006
0.0179466666666666,17.946666666666665,0.0018176651109506996,1.8176651109506996,True,7.072808127853346,7.051523225802807,0.0070728081278533,7.072808127853346,-526.447731260968,5.2551430169026006
0.0181225,18.1225,0.0018359421517078998,1.8359421517078998,True,7.091085168610591,7.070166843541606,0.0070910851686105,7.091085168610591,-526.447731260968,5.2551430169026006
0.0182983333333333,18.29833333333334,0.0018542191924651999,1.8542191924651998,True,7.109362209367838,7.088827510294998,0.0071093622093678,7.109362209367838,-526.447731260968,5.2551430169026006
0.0184741666666666,18.474166666666672,0.0018724962332224001,1.8724962332224002,True,7.127639250125083,7.107504936767167,0.007127639250125,7.127639250125083,-526.447731260968,5.2551430169026006
0.018561872909699,18.561872909699,0.0018816128810626,1.8816128810626,True,7.136755897965272,7.116827474228883,0.0071367558979652,7.136755897965272,-526.447731260968,5.2551430169026006
0.01865,18.65000000000001,0.0018907897915621,1.8907897915621001,True,7.145932808464731,7.126198837838601,0.0071459328084647,7.145932808464731,-526.447731260968,5.2551430169026006
0.0188258333333333,18.82583333333334,0.0019090997886050997,1.9090997886050998,True,7.16424280550775,7.144908932537969,0.0071642428055077,7.16424280550775,-526.447731260968,5.2551430169026006
0.0190016666666666,19.001666666666672,0.0019274097856481001,1.9274097856481,True,7.182552802550771,7.163634944014058,0.0071825528025507,7.182552802550771,-526.447731260968,5.2551430169026006
0.0191775,19.17750000000001,0.0019457197826910997,1.9457197826910997,True,7.200862799593791,7.182376599507799,0.0072008627995937,7.200862799593791,-526.447731260968,5.2551430169026006
0.0191806020066889,19.180602006688964,0.0019460428029752994,1.9460428029752994,True,7.201185819877974,7.182707373800142,0.0072011858198779,7.201185819877974,-526.447731260968,5.2551430169026006
0.0193533333333333,19.35333333333334,0.0019640623303781996,1.9640623303781997,True,7.219205347280872,7.201133630324385,0.0072192053472808,7.219205347280872,-526.447731260968,5.2551430169026006
0.0195291666666666,19.529166666666672,0.0019824054626280995,1.9824054626280996,True,7.237548479530797,7.2199057718054656,0.0072375484795307,7.237548479530797,-526.447731260968,5.2551430169026006
0.019705,19.70500000000001,0.0020007485948781,2.0007485948781,True,7.255891611780722,7.238692763301432,0.0072558916117807,7.255891611780722,-526.447731260968,5.2551430169026006
0.0197993311036789,19.799331103678927,0.0020105893223286994,2.0105893223286992,True,7.265732339231321,7.248777643221949,0.0072657323392313,7.265732339231321,-526.447731260968,5.2551430169026006
0.0198808333333333,19.880833333333342,0.0020191071696387996,2.0191071696387994,True,7.274250186541403,7.25749434814377,0.0072742501865414,7.274250186541403,-526.447731260968,5.2551430169026006
0.0200566666666666,20.05666666666668,0.0020374836176415,2.0374836176415,True,7.292626634544198,7.276310273617517,0.0072926266345441,7.292626634544198,-526.447731260968,5.2551430169026006
0.0202325,20.23250000000001,0.0020558600656442995,2.0558600656442994,True,7.311003082546992,7.295140290933779,0.0073110030825469,7.311003082546992,-526.447731260968,5.2551430169026006
0.0204083333333333,20.408333333333346,0.0020742365136471,2.0742365136471,True,7.329379530549785,7.313984155202359,0.0073293795305497,7.329379530549785,-526.447731260968,5.2551430169026006
0.0204180602006688,20.418060200668897,0.0020752530744346997,2.0752530744346998,True,7.3303960913373984,7.315026972185697,0.0073303960913373,7.3303960913373984,-526.447731260968,5.2551430169026006
0.0205841666666666,20.584166666666675,0.0020926446065324,2.0926446065324003,True,7.347787623435025,7.332841625404439,0.007347787623435,7.347787623435025,-526.447731260968,5.2551430169026006
0.02076,20.76,0.0021110545524795996,2.1110545524795996,True,7.366197569382224,7.351712464365374,0.0073661975693822,7.366197569382224,-526.447731260968,5.2551430169026006
0.0209358333333333,20.93583333333333,0.0021294644984268,2.1294644984268,True,7.384607515329423,7.370596438727544,0.0073846075153294,7.384607515329423,-526.447731260968,5.2551430169026006
0.0210367892976588,21.036789297658864,0.0021400347003960995,2.1400347003960993,True,7.39517771729879,7.381444654301581,0.0073951777172987,7.39517771729879,-526.447731260968,5.2551430169026006
0.0211116666666666,21.111666666666668,0.002147888787529,2.1478887875290003,True,7.403031804431658,7.389493318923304,0.0074030318044316,7.403031804431658,-526.447731260968,5.2551430169026006
0.0212875,21.2875,0.0021663324152788,2.1663324152788,True,7.421475432181437,7.408402879148022,0.0074214754321814,7.421475432181437,-526.447731260968,5.2551430169026006
0.0214633333333333,21.46333333333333,0.0021847760430286,2.1847760430286,True,7.439919059931217,7.427324897333174,0.0074399190599312,7.439919059931217,-526.447731260968,5.2551430169026006
0.0216391666666666,21.639166666666668,0.0022032196707782994,2.2032196707782994,True,7.458362687680996,7.446259155119563,0.0074583626876809,7.458362687680996,-526.447731260968,5.2551430169026006
0.0216555183946488,21.65551839464883,0.0022049348471801,2.2049348471801,True,7.460077864082713,7.448020572359066,0.0074600778640827,7.460077864082713,-526.447731260968,5.2551430169026006
0.021815,21.815,0.0022216940163621995,2.2216940163621994,True,7.476837033264855,7.465205437830587,0.0074768370332648,7.476837033264855,-526.447731260968,5.2551430169026006
0.0219908333333333,21.99083333333333,0.0022401715114608,2.2401715114608,True,7.495314528363456,7.484163534445601,0.0074953145283634,7.495314528363456,-526.447731260968,5.2551430169026006
0.0221666666666666,22.166666666666668,0.0022586490065593995,2.2586490065593994,True,7.513792023462056,7.503133237573374,0.007513792023462,7.513792023462056,-526.447731260968,5.2551430169026006
0.0222742474916388,22.2742474916388,0.0022699541676938,2.2699541676938,True,7.525097184596422,7.51474518374565,0.0075250971845964,7.525097184596422,-526.447731260968,5.2551430169026006
0.0223425,22.3425,0.0022771397204952,2.2771397204952,True,7.532282737397849,7.522114343425607,0.0075322827373978,7.532282737397849,-526.447731260968,5.2551430169026006
0.0225183333333333,22.51833333333333,0.0022956512701986995,2.2956512701986993,True,7.5507942871013585,7.541106651790558,0.0075507942871013,7.5507942871013585,-526.447731260968,5.2551430169026006
0.0226941666666666,22.694166666666668,0.0023141628199021998,2.3141628199022,True,7.569305836804868,7.560109966006734,0.0075693058368048,7.569305836804868,-526.447731260968,5.2551430169026006
0.02287,22.87,0.0023326743696057,2.3326743696057,True,7.587817386508378,7.57912409293667,0.0075878173865083,7.587817386508378,-526.447731260968,5.2551430169026006
0.0228929765886287,22.89297658862876,0.0023350933208611995,2.3350933208611995,True,7.590236337763837,7.581609506023947,0.0075902363377638,7.590236337763837,-526.447731260968,5.2551430169026006
0.0230458333333333,23.04583333333333,0.0023512156882048996,2.3512156882048996,True,7.60635870510752,7.5981488429408,0.0076063587051075,7.60635870510752,-526.447731260968,5.2551430169026006
0.0232216666666666,23.221666666666668,0.0023697614815014,2.3697614815014,True,7.624904498404002,7.617184029851395,0.007624904498404,7.624904498404002,-526.447731260968,5.2551430169026006
0.0233975,23.3975,0.0023883072747978,2.3883072747978003,True,7.643450291700485,7.636229470946606,0.0076434502917004,7.643450291700485,-526.447731260968,5.2551430169026006
0.0235117056856187,23.51170568561873,0.0024003529717007994,2.400352971700799,True,7.65549598860343,7.648605102667116,0.0076554959886034,7.65549598860343,-526.447731260968,5.2551430169026006
0.0235733333333333,23.57333333333333,0.0024068651369498996,2.4068651369498997,True,7.662008153852513,7.655284986924562,0.0076620081538525,7.662008153852513,-526.447731260968,5.2551430169026006
0.0237491666666666,23.749166666666667,0.0024254453645818994,2.4254453645818996,True,7.680588381484538,7.674350401877585,0.0076805883814845,7.680588381484538,-526.447731260968,5.2551430169026006
0.023925,23.925,0.0024440255922138993,2.444025592213899,True,7.699168609116564,7.693425543266461,0.0076991686091165,7.699168609116564,-526.447731260968,5.2551430169026006
0.0241008333333333,24.10083333333333,0.0024626058198459,2.4626058198459,True,7.717748836748591,7.712510241894806,0.0077177488367485,7.717748836748591,-526.447731260968,5.2551430169026006
0.0241304347826086,24.13043478260869,0.0024657337914047997,2.4657337914047996,True,7.720876808307494,7.715724068952573,0.0077208768083074,7.720876808307494,-526.447731260968,5.2551430169026006
0.0242766666666666,24.276666666666667,0.0024812148449204997,2.4812148449205,True,7.736357861823177,7.7316043318835135,0.0077363578618231,7.736357861823177,-526.447731260968,5.2551430169026006
0.0244525,24.4525,0.0024998296994079997,2.4998296994079996,True,7.754972716310691,7.750707650645288,0.0077549727163106,7.754972716310691,-526.447731260968,5.2551430169026006
0.0246283333333333,24.62833333333333,0.0025184445538955994,2.5184445538955993,True,7.773587570798206,7.76982003885926,0.0077735875707982,7.773587570798206,-526.447731260968,5.2551430169026006
0.0247491638795986,24.74916387959866,0.0025312364574199995,2.5312364574199995,True,7.786379474322618,7.782959018014054,0.0077863794743226,7.786379474322618,-526.447731260968,5.2551430169026006
0.0248041666666666,24.804166666666667,0.0025370703008668997,2.5370703008668998,True,7.792213317769517,7.788941340445677,0.0077922133177695,7.792213317769517,-526.447731260968,5.2551430169026006
0.02498,24.980000000000004,0.0025557199765304994,2.5557199765304994,True,7.810862993433126,7.8080714025407,0.0078108629934331,7.810862993433126,-526.447731260968,5.2551430169026006
0.0251558333333333,25.155833333333337,0.0025743696521941,2.5743696521941,True,7.829512669096736,7.827210075471245,0.0078295126690967,7.829512669096736,-526.447731260968,5.2551430169026006
0.0253316666666666,25.33166666666667,0.0025930193278577004,2.5930193278577005,True,7.848162344760346,7.846357212729962,0.0078481623447603,7.848162344760346,-526.447731260968,5.2551430169026006
0.0253678929765886,25.367892976588628,0.002596861653529,2.596861653529,True,7.852004670431629,7.850303067051973,0.0078520046704316,7.852004670431629,-526.447731260968,5.2551430169026006
0.0255075,25.507500000000004,0.0026116968063495003,2.6116968063495003,True,7.866839823252139,7.865512670950235,0.0078668398232521,7.866839823252139,-526.447731260968,5.2551430169026006
0.0256833333333333,25.683333333333337,0.0026303814993341003,2.6303814993341,True,7.88552451623677,7.884676309881322,0.0078855245162367,7.88552451623677,-526.447731260968,5.2551430169026006
0.0258591666666666,25.85916666666667,0.002649066192318799,2.649066192318799,True,7.904209209221399,7.903847992363533,0.0079042092092214,7.904209209221399,-526.447731260968,5.2551430169026006
0.0259866220735785,25.986622073578594,0.002662610069934199,2.6626100699341992,True,7.917753086836834,7.91774982370211,0.0079177530868368,7.917753086836834,-526.447731260968,5.2551430169026006
0.026035,26.035000000000004,0.0026677605742734005,2.6677605742734003,True,7.922903591176,7.923027584303536,0.007922903591176,7.922903591176,-526.447731260968,5.2551430169026006
0.0262108333333333,26.210833333333337,0.0026864804825723005,2.6864804825723003,True,7.941623499474979,7.942214954649691,0.0079416234994749,7.941623499474979,-526.447731260968,5.2551430169026006
0.0263866666666666,26.38666666666667,0.0027052003908712994,2.7052003908712994,True,7.960343407773955,7.961409975367529,0.0079603434077739,7.960343407773955,-526.447731260968,5.2551430169026006
0.0265625,26.562500000000004,0.0027239202991703,2.7239202991702998,True,7.979063316072933,7.98061252141527,0.0079790633160729,7.979063316072933,-526.447731260968,5.2551430169026006
0.0266053511705685,26.60535117056856,0.0027284824033420993,2.7284824033420993,True,7.983625420244765,7.985293372562622,0.0079836254202447,7.983625420244765,-526.447731260968,5.2551430169026006
0.0267383333333333,26.738333333333337,0.002742666991852,2.7426669918520004,True,7.9978100087546755,7.9998224707194305,0.0079978100087546,7.9978100087546755,-526.447731260968,5.2551430169026006
0.0269141666666666,26.91416666666667,0.002761422315331499,2.761422315331499,True,8.01656533223419,8.019039704150542,0.0080165653322341,8.01656533223419,-526.447731260968,5.2551430169026006
0.02709,27.090000000000003,0.0027801776388111004,2.7801776388111006,True,8.035320655713706,8.03826410549891,0.0080353206557137,8.035320655713706,-526.447731260968,5.2551430169026006
0.0272240802675585,27.224080267558527,0.0027944793570496,2.7944793570496,True,8.049622373952266,8.052928261879373,0.0080496223739522,8.049622373952266,-526.447731260968,5.2551430169026006
0.0272658333333333,27.265833333333337,0.0027989414198259,2.7989414198259,True,8.05408443672854,8.057495561450507,0.0080540844367285,8.05408443672854,-526.447731260968,5.2551430169026006
0.0274416666666666,27.44166666666667,0.0028177323602499,2.8177323602499,True,8.072875377152553,8.076733961562889,0.0080728753771525,8.072875377152553,-526.447731260968,5.2551430169026006
0.0276175,27.617500000000003,0.0028365233006739004,2.8365233006739006,True,8.091666317576568,8.095979198241263,0.0080916663175765,8.091666317576568,-526.447731260968,5.2551430169026006
0.0277933333333333,27.793333333333337,0.002855314241097899,2.855314241097899,True,8.110457258000585,8.115231166714569,0.0081104572580005,8.110457258000585,-526.447731260968,5.2551430169026006
0.0278428093645484,27.84280936454849,0.0028606016410315004,2.8606016410315003,True,8.115744657934123,8.120649490389567,0.0081157446579341,8.115744657934123,-526.447731260968,5.2551430169026006
0.0279691666666666,27.96916666666667,0.002874130922934399,2.8741309229343988,True,8.129273939837091,8.134489765011706,0.008129273939837,8.129273939837091,-526.447731260968,5.2551430169026006
0.028145,28.145000000000003,0.002892957683989999,2.892957683989999,True,8.14810070089266,8.1537548939378,0.0081481007008926,8.14810070089266,-526.447731260968,5.2551430169026006
0.0283208333333333,28.320833333333336,0.002911784445045599,2.911784445045599,True,8.166927461948227,8.173026457050572,0.0081669274619482,8.166927461948227,-526.447731260968,5.2551430169026006
0.0284615384615384,28.461538461538463,0.0029268499720295,2.9268499720295,True,8.181992988932176,8.188452494323727,0.0081819929889321,8.181992988932176,-526.447731260968,5.2551430169026006
0.0284966666666666,28.49666666666667,0.0029306184034742994,2.9306184034742992,True,8.18576142037695,8.19230436063679,0.0081857614203769,8.18576142037695,-526.447731260968,5.2551430169026006
0.0286725,28.672500000000003,0.0029494811907972993,2.9494811907972993,True,8.204624207699968,8.211588513688804,0.0082046242076999,8.204624207699968,-526.447731260968,5.2551430169026006
0.0288483333333333,28.848333333333336,0.002968343978120299,2.9683439781202994,True,8.223486995022986,8.230878827881154,0.0082234869950229,8.223486995022986,-526.447731260968,5.2551430169026006
0.0290241666666666,29.02416666666667,0.0029872067654433997,2.9872067654434,True,8.242349782346006,8.250175217547277,0.008242349782346,8.242349782346006,-526.447731260968,5.2551430169026006
0.0290802675585284,29.08026755852843,0.0029932250736432993,2.9932250736432993,True,8.24836809054593,8.256333134565967,0.0082483680905459,8.24836809054593,-526.447731260968,5.2551430169026006
0.0292,29.200000000000003,0.003006094225964799,3.006094225964799,True,8.261237242867468,8.269477599656291,0.0082612372428674,8.261237242867468,-526.447731260968,5.2551430169026006
0.0293758333333333,29.375833333333336,0.0030249932471663006,3.0249932471663006,True,8.280136264068902,8.288785893789845,0.0082801362640689,8.280136264068902,-526.447731260968,5.2551430169026006
0.0295516666666666,29.55166666666667,0.0030438922683677,3.0438922683677,True,8.299035285270337,8.308100022119097,0.0082990352852703,8.299035285270337,-526.447731260968,5.2551430169026006
0.0296989966555183,29.6989966555184,0.0030597276764222003,3.0597276764222,True,8.314870693324833,8.324287683972605,0.0083148706933248,8.314870693324833,-526.447731260968,5.2551430169026006
0.0297275,29.727500000000003,0.0030627971972168,3.0627971972168,True,8.317940214119432,8.327419909381721,0.0083179402141194,8.317940214119432,-526.447731260968,5.2551430169026006
0.0299033333333333,29.903333333333336,0.0030817326619092993,3.0817326619092995,True,8.33687567881195,8.34674548285904,0.0083368756788119,8.33687567881195,-526.447731260968,5.2551430169026006
0.0300791666666666,30.07916666666667,0.0031006681266018002,3.1006681266018004,True,8.35581114350447,8.366076672353215,0.0083558111435044,8.35581114350447,-526.447731260968,5.2551430169026006
0.030255,30.255000000000003,0.0031196035912942994,3.1196035912942994,True,8.374746608196988,8.385413410164539,0.0083747466081969,8.374746608196988,-526.447731260968,5.2551430169026006
0.0303177257525083,30.317725752508363,0.0031263585179593994,3.1263585179593996,True,8.381501534862014,8.392312814849072,0.008381501534862,8.381501534862014,-526.447731260968,5.2551430169026006
0.0304308333333333,30.430833333333336,0.0031385626349822995,3.1385626349822995,True,8.393705651884998,8.404755631068792,0.0083937056518849,8.393705651884998,-526.447731260968,5.2551430169026006
0.0306066666666666,30.60666666666667,0.0031575347548075004,3.1575347548075006,True,8.412677771710126,8.424103272294698,0.0084126777717101,8.412677771710126,-526.447731260968,5.2551430169026006
0.0307825,30.78250000000001,0.003176506874632599,3.176506874632599,True,8.431649891535251,8.44345627350146,0.0084316498915352,8.431649891535251,-526.447731260968,5.2551430169026006
0.0309364548494983,30.93645484949833,0.0031931183429870997,3.1931183429870997,True,8.448261359889798,8.460405586585178,0.0084482613598897,8.448261359889798,-526.447731260968,5.2551430169026006
0.0309583333333333,30.95833333333334,0.0031954835819503003,3.1954835819503002,True,8.450626598852965,8.462814576756374,0.0084506265988529,8.450626598852965,-526.447731260968,5.2551430169026006
0.0311341666666666,31.134166666666676,0.003214492570606,3.214492570606,True,8.469635587508648,8.48217812651253,0.0084696355875086,8.469635587508648,-526.447731260968,5.2551430169026006
0.03131,31.31000000000001,0.0032335015592617,3.2335015592617,True,8.488644576164335,8.501546869586592,0.0084886445761643,8.488644576164335,-526.447731260968,5.2551430169026006
0.0314858333333333,31.48583333333334,0.0032525105479174,3.2525105479174,True,8.507653564820021,8.52092075513667,0.00850765356482,8.507653564820021,-526.447731260968,5.2551430169026006
0.0315551839464882,31.55518394648829,0.003260007903474099,3.260007903474099,True,8.515150920376763,8.52856343344865,0.0085151509203767,8.515150920376763,-526.447731260968,5.2551430169026006
0.0316616666666666,31.661666666666672,0.0032715419946041996,3.2715419946041995,True,8.526685011506835,8.54029973464027,0.0085266850115068,8.526685011506835,-526.447731260968,5.2551430169026006
0.0318375,31.83750000000001,0.0032905880678728997,3.2905880678729,True,8.54573108477556,8.559683761872325,0.0085457310847755,8.54573108477556,-526.447731260968,5.2551430169026006
0.0320133333333333,32.013333333333335,0.0033096341411416,3.3096341411415997,True,8.564777158044286,8.579072792883315,0.0085647771580442,8.564777158044286,-526.447731260968,5.2551430169026006
0.0321739130434782,32.17391304347826,0.003327027958724,3.327027958724,True,8.582170975626605,8.59678415253702,0.0085821709756266,8.582170975626605,-526.447731260968,5.2551430169026006
0.0321891666666666,32.18916666666667,0.0033286834504203,3.3286834504203,True,8.58382646732293,8.598466785977468,0.0085838264673229,8.58382646732293,-526.447731260968,5.2551430169026006
0.032365,32.365,0.0033477668261975993,3.3477668261975992,True,8.602909843100276,8.617865701691038,0.0086029098431002,8.602909843100276,-526.447731260968,5.2551430169026006
0.0325408333333333,32.54083333333334,0.0033668502019749994,3.3668502019749993,True,8.621993218877622,8.637269502770678,0.0086219932188776,8.621993218877622,-526.447731260968,5.2551430169026006
0.0327166666666666,32.71666666666667,0.003385933577752299,3.385933577752299,True,8.641076594654967,8.656678154151896,0.0086410765946549,8.641076594654967,-526.447731260968,5.2551430169026006
0.0327926421404682,32.79264214046823,0.0033941792754759994,3.3941792754759996,True,8.649322292378665,8.665065891887837,0.0086493222923786,8.649322292378665,-526.447731260968,5.2551430169026006
0.0328925,32.892500000000005,0.0034050382630339,3.4050382630339002,True,8.660181279936578,8.676091622937573,0.0086601812799365,8.660181279936578,-526.447731260968,5.2551430169026006
0.0330683333333333,33.068333333333335,0.0034241591613577,3.4241591613577,True,8.679302178260315,8.695509878376601,0.0086793021782603,8.679302178260315,-526.447731260968,5.2551430169026006
0.0332441666666666,33.24416666666667,0.0034432800596813995,3.4432800596813995,True,8.69842307658405,8.714932891842567,0.008698423076584,8.69842307658405,-526.447731260968,5.2551430169026006
0.0334113712374581,33.41137123745819,0.003461462628007699,3.461462628007699,True,8.716605644910317,8.733407138747165,0.0087166056449103,8.716605644910317,-526.447731260968,5.2551430169026006
0.03342,33.42,0.003462402810273599,3.462402810273599,True,8.717545827176238,8.734360636812543,0.0087175458271762,8.717545827176238,-526.447731260968,5.2551430169026006
0.0335958333333333,33.59583333333334,0.0034815614533532995,3.4815614533532995,True,8.736704470255914,8.753793088845958,0.0087367044702559,8.736704470255914,-526.447731260968,5.2551430169026006
0.0337716666666666,33.771666666666675,0.0035007200964328996,3.5007200964328997,True,8.75586311333559,8.773230225563546,0.0087558631133355,8.75586311333559,-526.447731260968,5.2551430169026006
0.0339475,33.947500000000005,0.0035198787395126,3.5198787395126003,True,8.775021756415267,8.792672026626379,0.0087750217564152,8.775021756415267,-526.447731260968,5.2551430169026006
0.0340301003344481,34.03010033444816,0.003528878798238399,3.528878798238399,True,8.784021815141072,8.801806707996437,0.008784021815141,8.784021815141072,-526.447731260968,5.2551430169026006
0.0341233333333333,34.12333333333334,0.0035390575151761994,3.5390575151761996,True,8.794200532078886,8.812118473714992,0.0087942005320788,8.794200532078886,-526.447731260968,5.2551430169026006
0.0342991666666666,34.29916666666667,0.0035582541274233005,3.5582541274233006,True,8.813397144325977,8.831569550508565,0.0088133971443259,8.813397144325977,-526.447731260968,5.2551430169026006
0.034475,34.47500000000001,0.0035774507396704,3.5774507396704,True,8.83259375657307,8.851025242664237,0.008832593756573,8.83259375657307,-526.447731260968,5.2551430169026006
0.0346488294314381,34.64882943143813,0.003596428575836,3.596428575836,True,8.851571592738662,8.870263730737612,0.0088515715927386,8.851571592738662,-526.447731260968,5.2551430169026006
0.0346508333333333,34.65083333333334,0.0035966477872198003,3.5966477872198004,True,8.851790804122485,8.870485537796455,0.0088517908041224,8.851790804122485,-526.447731260968,5.2551430169026006
0.0348266666666666,34.826666666666675,0.0036158825952783994,3.6158825952783995,True,8.871025612181047,8.889950425456421,0.008871025612181,8.871025612181047,-526.447731260968,5.2551430169026006
0.0350025,35.002500000000005,0.0036351174033370003,3.6351174033370004,True,8.890260420239608,8.909419897111643,0.0088902604202396,8.890260420239608,-526.447731260968,5.2551430169026006
0.0351783333333333,35.17833333333334,0.0036543522113955005,3.6543522113955005,True,8.909495228298168,8.928893946125546,0.0089094952282981,8.909495228298168,-526.447731260968,5.2551430169026006
0.0352675585284281,35.2675585284281,0.003664112758324299,3.6641127583242987,True,8.9192557752269,8.93877764303665,0.0089192557752269,8.9192557752269,-526.447731260968,5.2551430169026006
0.0353541666666666,35.35416666666667,0.0036736059458620995,3.6736059458620995,True,8.92874896276471,8.948372567737174,0.0089287489627647,8.92874896276471,-526.447731260968,5.2551430169026006
0.03553,35.53000000000001,0.003692879178639999,3.6928791786399993,True,8.948022195542599,8.967855759040964,0.0089480221955426,8.948022195542599,-526.447731260968,5.2551430169026006
0.0357058333333333,35.70583333333334,0.0037121524114178,3.7121524114178,True,8.96729542832049,8.987343518966643,0.0089672954283204,8.96729542832049,-526.447731260968,5.2551430169026006
0.0358816666666666,35.881666666666675,0.0037314256441956994,3.731425644195699,True,8.98656866109838,9.006835848259142,0.0089865686610983,8.98656866109838,-526.447731260968,5.2551430169026006
0.035886287625418,35.88628762541806,0.0037319321511928997,3.7319321511928996,True,8.987075168095569,9.007348174825298,0.0089870751680955,8.987075168095569,-526.447731260968,5.2551430169026006
0.0360575,36.057500000000005,0.0037507365170057995,3.7507365170057994,True,9.005879533908477,9.026332749458668,0.0090058795339084,9.005879533908477,-526.447731260968,5.2551430169026006
0.0362333333333333,36.23333333333334,0.0037700484057065003,3.7700484057065005,True,9.02519142260914,9.045834226880798,0.0090251914226091,9.02519142260914,-526.447731260968,5.2551430169026006
0.0364091666666666,36.40916666666667,0.0037893602944071994,3.7893602944071993,True,9.044503311309803,9.065340286596689,0.0090445033113098,9.044503311309803,-526.447731260968,5.2551430169026006
0.036505016722408,36.505016722408016,0.0037998875680096003,3.7998875680096003,True,9.055030584912243,9.07597533896123,0.0090550305849122,9.055030584912243,-526.447731260968,5.2551430169026006
0.036585,36.58500000000001,0.003808689873189399,3.8086898731893988,True,9.063832890092028,9.08485093641337,0.009063832890092,9.063832890092028,-526.447731260968,5.2551430169026006
0.0367608333333333,36.76083333333334,0.0038280406513441995,3.8280406513441996,True,9.083183668246862,9.104366185854095,0.0090831836682468,9.083183668246862,-526.447731260968,5.2551430169026006
0.0369366666666666,36.93666666666668,0.003847391429499,3.847391429499,True,9.102534446401696,9.123886046138807,0.0091025344464016,9.102534446401696,-526.447731260968,5.2551430169026006
0.0371125,37.1125,0.0038667422076538996,3.8667422076538998,True,9.121885224556523,9.143410530164685,0.0091218852245565,9.121885224556523,-526.447731260968,5.2551430169026006
0.0371237458193979,37.123745819398,0.0038679798305334993,3.8679798305334994,True,9.123122847436182,9.144659420446455,0.0091231228474361,9.123122847436182,-526.447731260968,5.2551430169026006
0.0372883333333333,37.28833333333334,0.003886129608804999,3.886129608804999,True,9.1412726257076,9.16293965248673,0.0091412726257076,9.1412726257076,-526.447731260968,5.2551430169026006
0.0374641666666666,37.46416666666667,0.0039055195123061997,3.9055195123061996,True,9.160662529208894,9.182473429298495,0.0091606625292088,9.160662529208894,-526.447731260968,5.2551430169026006
0.03764,37.64000000000001,0.003924909415807499,3.9249094158074995,True,9.180052432710188,9.20201187841287,0.0091800524327101,9.180052432710188,-526.447731260968,5.2551430169026006
0.0377424749163879,37.74247491638796,0.0039362097688315995,3.9362097688315996,True,9.191352785734257,9.2134009658041,0.0091913527857342,9.191352785734257,-526.447731260968,5.2551430169026006
0.0378158333333333,37.81583333333334,0.0039443157419846,3.9443157419846,True,9.199458758887214,9.221555019242931,0.0091994587588872,9.199458758887214,-526.447731260968,5.2551430169026006
0.0379916666666666,37.991666666666674,0.0039637450091191,3.9637450091191,True,9.218888026021704,9.241102872782925,0.0092188880260217,9.218888026021704,-526.447731260968,5.2551430169026006
0.0381675,38.1675,0.003983174276253499,3.983174276253499,True,9.238317293156191,9.260655461589256,0.0092383172931561,9.238317293156191,-526.447731260968,5.2551430169026006
0.0383433333333333,38.34333333333334,0.004002603543387999,4.002603543387999,True,9.25774656029068,9.28021280976167,0.0092577465602906,9.25774656029068,-526.447731260968,5.2551430169026006
0.0383612040133779,38.36120401337793,0.0040045782213963,4.0045782213963,True,9.259721238298992,9.282200772613455,0.0092597212382989,9.259721238298992,-526.447731260968,5.2551430169026006
0.0385191666666666,38.51916666666667,0.0040220683897148,4.0220683897148,True,9.277211406617464,9.2997749429244,0.0092772114066174,9.277211406617464,-526.447731260968,5.2551430169026006
0.038695,38.69500000000001,0.0040415372611978,4.0415372611978,True,9.2966802781005,9.319341888207486,0.0092966802781004,9.2966802781005,-526.447731260968,5.2551430169026006
0.0388708333333333,38.87083333333334,0.004061006132680899,4.061006132680899,True,9.316149149583534,9.338913674228126,0.0093161491495835,9.316149149583534,-526.447731260968,5.2551430169026006
0.0389799331103678,38.97993311036789,0.004073086035266199,4.073086035266199,True,9.328229052168824,9.351059879203392,0.0093282290521688,9.328229052168824,-526.447731260968,5.2551430169026006
0.0390466666666666,39.046666666666674,0.0040804901273896995,4.0804901273897,True,9.335633144292387,9.358490331072144,0.0093356331442923,9.335633144292387,-526.447731260968,5.2551430169026006
0.0392225,39.22250000000001,0.004099998846400099,4.099998846400099,True,9.355141863302723,9.37807189027552,0.0093551418633027,9.355141863302723,-526.447731260968,5.2551430169026006
0.0393983333333333,39.39833333333334,0.0041195075654104,4.1195075654104,True,9.37465058231306,9.397658384806004,0.009374650582313,9.37465058231306,-526.447731260968,5.2551430169026006
0.0395741666666666,39.57416666666668,0.0041390162844207,4.1390162844207,True,9.394159301323398,9.41724984904483,0.0093941593013233,9.394159301323398,-526.447731260968,5.2551430169026006
0.0395986622073578,39.598662207357854,0.0041417340661479,4.1417340661479,True,9.396877083050509,9.419979554504057,0.0093968770830505,9.396877083050509,-526.447731260968,5.2551430169026006
0.03975,39.75000000000001,0.004158559511206199,4.158559511206199,True,9.413702528108876,9.43684631876849,0.0094137025281088,9.413702528108876,-526.447731260968,5.2551430169026006
0.0399258333333333,39.925833333333344,0.0041781083234215,4.1781083234215,True,9.43325134032411,9.45644783113062,0.0094332513403241,9.43325134032411,-526.447731260968,5.2551430169026006
0.0401016666666666,40.101666666666674,0.004197657135636699,4.1976571356367,True,9.452800152539346,9.476054424643936,0.0094528001525393,9.452800152539346,-526.447731260968,5.2551430169026006
0.0402173913043478,40.21739130434783,0.004210523178541199,4.210523178541199,True,9.46566619544383,9.488961288056911,0.0094656661954438,9.46566619544383,-526.447731260968,5.2551430169026006
0.0402775,40.27750000000001,0.0042172197385817,4.2172197385817,True,9.472362755484347,9.495666139162289,0.0094723627554843,9.472362755484347,-526.447731260968,5.2551430169026006
0.0404533333333333,40.45333333333334,0.0042368088922144,4.2368088922144,True,9.49195190911703,9.515283015862762,0.009491951909117,9.49195190911703,-526.447731260968,5.2551430169026006
0.0406291666666666,40.62916666666668,0.004256398045847099,4.256398045847099,True,9.511541062749714,9.534905097227902,0.0095115410627497,9.511541062749714,-526.447731260968,5.2551430169026006
0.040805,40.80500000000001,0.0042759871994796994,4.275987199479699,True,9.531130216382396,9.55453242702798,0.0095311302163823,9.531130216382396,-526.447731260968,5.2551430169026006
0.0408361204013377,40.836120401337794,0.0042794542458660005,4.279454245866001,True,9.534597262768653,9.558006780183089,0.0095345972627686,9.534597262768653,-526.447731260968,5.2551430169026006
0.0409808333333333,40.980833333333344,0.004295609760978899,4.295609760978899,True,9.550752777881568,9.574165050303383,0.0095507527778815,9.550752777881568,-526.447731260968,5.2551430169026006
0.0411566666666666,41.15666666666667,0.004315239506813299,4.315239506813299,True,9.57038252371595,9.593803013347054,0.0095703825237159,9.57038252371595,-526.447731260968,5.2551430169026006
0.0413325,41.33250000000001,0.0043348692526477,4.3348692526477,True,9.590012269550332,9.613446363687029,0.0095900122695503,9.590012269550332,-526.447731260968,5.2551430169026006
0.0414548494983277,41.45484949832776,0.0043485281505916,4.3485281505916,True,9.603671167494245,9.627117932310064,0.0096036711674942,9.603671167494245,-526.447731260968,5.2551430169026006
0.0415083333333333,41.50833333333334,0.0043545114226284,4.3545114226284,True,9.609654439531088,9.633095150069062,0.009609654439531,9.609654439531088,-526.447731260968,5.2551430169026006
0.0416841666666666,41.68416666666668,0.0043741820140579995,4.3741820140579994,True,9.629325030960604,9.652749422439342,0.0096293250309606,9.629325030960604,-526.447731260968,5.2551430169026006
0.04186,41.86000000000001,0.0043938526054875,4.3938526054875,True,9.648995622390125,9.672409231927254,0.0096489956223901,9.648995622390125,-526.447731260968,5.2551430169026006
0.0420358333333333,42.03583333333334,0.004413523196917,4.413523196917,True,9.66866621381964,9.692074630828266,0.0096686662138196,9.66866621381964,-526.447731260968,5.2551430169026006
0.0420735785953177,42.07357859531773,0.0044177457843685005,4.417745784368501,True,9.672888801271176,9.696296837456618,0.0096728888012711,9.672888801271176,-526.447731260968,5.2551430169026006
0.0422116666666666,42.21166666666667,0.0044332260668999,4.4332260668999,True,9.688369083802506,9.711745672586884,0.0096883690838025,9.688369083802506,-526.447731260968,5.2551430169026006
0.0423875,42.38750000000001,0.0044529377599653005,4.452937759965301,True,9.708080776867918,9.731422411779674,0.0097080807768679,9.708080776867918,-526.447731260968,5.2551430169026006
0.0425633333333333,42.56333333333334,0.004472649453030699,4.4726494530307,True,9.72779246993333,9.751104904098412,0.0097277924699333,9.72779246993333,-526.447731260968,5.2551430169026006
0.0426923076923076,42.69230769230769,0.0044871080481629,4.4871080481628995,True,9.742251065065526,9.765545770876193,0.0097422510650655,9.742251065065526,-526.447731260968,5.2551430169026006
0.0427391666666666,42.73916666666668,0.0044923721684895996,4.4923721684896,True,9.747515185392206,9.770793206333256,0.0097475151853922,9.747515185392206,-526.447731260968,5.2551430169026006
0.042915,42.915000000000006,0.0045121252219178,4.5121252219178,True,9.7672682388205,9.79048737635606,0.0097672682388204,9.7672682388205,-526.447731260968,5.2551430169026006
0.0430908333333333,43.09083333333334,0.0045318782753461006,4.5318782753461,True,9.787021292248792,9.81018747310372,0.0097870212922487,9.787021292248792,-526.447731260968,5.2551430169026006
0.0432666666666666,43.26666666666667,0.0045516313287744,4.551631328774399,True,9.806774345677082,9.829893556561656,0.009806774345677,9.806774345677082,-526.447731260968,5.2551430169026006
0.0433110367892976,43.31103678929766,0.0045566158523931,4.5566158523931,True,9.811758869295751,9.834867180858478,0.0098117588692957,9.811758869295751,-526.447731260968,5.2551430169026006
0.0434425,43.4425,0.0045714155010891004,4.571415501089101,True,9.826558517991783,9.849605687747324,0.0098265585179917,9.826558517991783,-526.447731260968,5.2551430169026006
0.0436183333333333,43.61833333333333,0.0045912101763331,4.5912101763331,True,9.84635319323578,9.869323928693865,0.0098463531932357,9.84635319323578,-526.447731260968,5.2551430169026006
0.0437941666666666,43.79416666666667,0.0046110048515771,4.6110048515771,True,9.866147868479777,9.889048342433773,0.0098661478684797,9.866147868479777,-526.447731260968,5.2551430169026006
0.0439297658862876,43.92976588628761,0.004626270117069499,4.626270117069499,True,9.881413133972112,9.904263679689384,0.0098814131339721,9.881413133972112,-526.447731260968,5.2551430169026006
0.04397,43.97,0.004630809111167,4.630809111166999,True,9.885952128069656,9.90877899298272,0.0098859521280696,9.885952128069656,-526.447731260968,5.2551430169026006
0.0441458333333333,44.145833333333336,0.004650645672445699,4.650645672445699,True,9.905788689348396,9.928515945323404,0.0099057886893483,9.905788689348396,-526.447731260968,5.2551430169026006
0.0443216666666666,44.321666666666665,0.004670482233724499,4.670482233724499,True,9.925625250627132,9.94825926538952,0.0099256252506271,9.925625250627132,-526.447731260968,5.2551430169026006
0.0444975,44.4975,0.0046903187950032,4.690318795003201,True,9.945461811905872,9.968009020049776,0.0099454618119058,9.945461811905872,-526.447731260968,5.2551430169026006
0.0445484949832775,44.54849498327759,0.0046960717719361006,4.696071771936101,True,9.95121478883873,9.9737380347693,0.0099512147888387,9.95121478883873,-526.447731260968,5.2551430169026006
0.0446733333333333,44.67333333333334,0.004710185284160299,4.710185284160299,True,9.965328301062923,9.987765277092045,0.0099653283010629,9.965328301062923,-526.447731260968,5.2551430169026006
0.0448491666666666,44.84916666666667,0.0047300639985002,4.730063998500199,True,9.98520701540281,10.007528105207532,0.0099852070154028,9.98520701540281,-526.447731260968,5.2551430169026006
0.045025,45.025000000000006,0.00474994271284,4.749942712839999,True,10.005085729742696,10.027297573975105,0.0100050857297426,10.005085729742696,-526.447731260968,5.2551430169026006
0.0451672240802675,45.16722408026756,0.0047660217566157,4.7660217566157,True,10.021164773518384,10.043293159889677,0.0100211647735183,10.021164773518384,-526.447731260968,5.2551430169026006
0.0452008333333333,45.200833333333335,0.004769829536013399,4.7698295360133995,True,10.024972552916063,10.047073753845632,0.010024972552916,10.024972552916063,-526.447731260968,5.2551430169026006
0.0453766666666666,45.37666666666667,0.004789750673290199,4.789750673290199,True,10.044893690192804,10.066856716126455,0.0100448936901928,10.044893690192804,-526.447731260968,5.2551430169026006
0.0455525,45.5525,0.004809671810566899,4.809671810566899,True,10.064814827469544,10.086646532965926,0.0100648148274695,10.064814827469544,-526.447731260968,5.2551430169026006
0.0457283333333333,45.72833333333334,0.0048295929478436,4.8295929478436,True,10.084735964746285,10.106443277338016,0.0100847359647462,10.084735964746285,-526.447731260968,5.2551430169026006
0.0457859531772575,45.785953177257525,0.004836121020757399,4.836121020757399,True,10.091264037660094,10.11293210666794,0.01009126403766,10.091264037660094,-526.447731260968,5.2551430169026006
0.0459041666666666,45.90416666666667,0.0048495427896220996,4.8495427896221,True,10.10468580652478,10.126247023027046,0.0101046858065247,10.10468580652478,-526.447731260968,5.2551430169026006
0.04608,46.080000000000005,0.0048695066226035,4.8695066226035,True,10.124649639506137,10.14605784461245,0.0101246496395061,10.124649639506137,-526.447731260968,5.2551430169026006
0.0462558333333333,46.255833333333335,0.0048894704555848,4.889470455584799,True,10.144613472487492,10.165875817453658,0.0101446134724874,10.144613472487492,-526.447731260968,5.2551430169026006
0.0464046822742474,46.40468227424749,0.0049063705241869,4.9063705241869,True,10.16151354108955,10.182658056140715,0.0101615135410895,10.16151354108955,-526.447731260968,5.2551430169026006
0.0464316666666666,46.43166666666667,0.0049094408832050995,4.909440883205099,True,10.164583900107726,10.185701017675058,0.0101645839001077,10.164583900107726,-526.447731260968,5.2551430169026006
0.0466075,46.6075,0.004929447687594399,4.929447687594399,True,10.184590704497076,10.205533522151022,0.010184590704497,10.184590704497076,-526.447731260968,5.2551430169026006
0.0467833333333333,46.78333333333334,0.004949454491983799,4.949454491983799,True,10.204597508886428,10.225373408491038,0.0102045975088864,10.204597508886428,-526.447731260968,5.2551430169026006
0.0469591666666666,46.95916666666667,0.0049694612963731,4.9694612963731,True,10.224604313275776,10.24522075502491,0.0102246043132757,10.224604313275776,-526.447731260968,5.2551430169026006
0.0470234113712374,47.02341137123746,0.004976771237059799,4.9767712370598,True,10.231914253962408,10.252474310515376,0.0102319142539624,10.231914253962408,-526.447731260968,5.2551430169026006
0.047135,47.135000000000005,0.00498949554845,4.98949554845,True,10.24463856535269,10.26507564078806,0.0102446385653526,10.24463856535269,-526.447731260968,5.2551430169026006
0.0473108333333333,47.310833333333335,0.005009545602930801,5.0095456029308005,True,10.264688619833464,10.284938145506873,0.0102646886198334,10.264688619833464,-526.447731260968,5.2551430169026006
0.0474866666666666,47.48666666666667,0.0050295956574115995,5.029595657411599,True,10.28473867431424,10.304808349584183,0.0102847386743142,10.28473867431424,-526.447731260968,5.2551430169026006
0.0476421404682274,47.64214046822743,0.005047324140018,5.0473241400180004,True,10.302467156920647,10.32238428507988,0.0103024671569206,10.302467156920647,-526.447731260968,5.2551430169026006
0.0476625,47.6625,0.0050496507523875,5.0496507523875,True,10.304793769290198,10.324686334084795,0.0103047937692901,10.304793769290198,-526.447731260968,5.2551430169026006
0.0478383333333333,47.83833333333334,0.0050697443386685,5.0697443386684995,True,10.324887355571178,10.344572180721125,0.0103248873555711,10.324887355571178,-526.447731260968,5.2551430169026006
0.0480141666666666,48.01416666666667,0.0050898379249495,5.089837924949499,True,10.34498094185216,10.364465971838868,0.0103449809418521,10.34498094185216,-526.447731260968,5.2551430169026006
0.04819,48.190000000000005,0.0051099315112305,5.109931511230499,True,10.36507452813314,10.384367790402836,0.0103650745281331,10.36507452813314,-526.447731260968,5.2551430169026006
0.0482608695652173,48.26086956521739,0.0051180302243492995,5.118030224349299,True,10.373173241251951,10.392391500270996,0.0103731732412519,10.373173241251951,-526.447731260968,5.2551430169026006
0.0483658333333333,48.365833333333335,0.0051300512538341005,5.1300512538341,True,10.385194270736744,10.404277719982796,0.0103851942707367,10.385194270736744,-526.447731260968,5.2551430169026006
0.0485416666666666,48.54166666666667,0.0051501886566956,5.1501886566956,True,10.405331673598218,10.424195844739447,0.0104053316735982,10.405331673598218,-526.447731260968,5.2551430169026006
0.0487175,48.7175,0.005170326059557,5.170326059557,True,10.425469076459692,10.444122249410444,0.0104254690764596,10.425469076459692,-526.447731260968,5.2551430169026006
0.0488795986622073,48.87959866220736,0.005188890492149499,5.188890492149499,True,10.44403350905216,10.462499573900775,0.0104440335090521,10.44403350905216,-526.447731260968,5.2551430169026006
0.0488933333333333,48.89333333333334,0.005190466907501999,5.190466907502,True,10.44560992440469,10.464057019296533,0.0104456099244046,10.44560992440469,-526.447731260968,5.2551430169026006
0.0490691666666666,49.06916666666667,0.0052106484148429005,5.2106484148429,True,10.465791431745563,10.484000240247743,0.0104657914317455,10.465791431745563,-526.447731260968,5.2551430169026006
0.049245,49.245000000000005,0.0052308299221838,5.2308299221838,True,10.48597293908644,10.503951998649706,0.0104859729390864,10.48597293908644,-526.447731260968,5.2551430169026006
0.0494208333333333,49.42083333333333,0.0052510114295246995,5.2510114295246995,True,10.506154446427312,10.523912381409987,0.0105061544464273,10.506154446427312,-526.447731260968,5.2551430169026006
0.0494983277591973,49.49832775919732,0.0052599059564884,5.2599059564884,True,10.515048973391012,10.532712213541378,0.010515048973391,10.515048973391012,-526.447731260968,5.2551430169026006
0.0495966666666666,49.59666666666668,0.0052712177661132,5.2712177661132,True,10.526360783015877,10.543881475944584,0.0105263607830158,10.526360783015877,-526.447731260968,5.2551430169026006
0.0497725,49.77250000000001,0.005291443668998999,5.291443668998999,True,10.546586685901689,10.563859370164428,0.0105465866859016,10.546586685901689,-526.447731260968,5.2551430169026006
0.0499483333333333,49.94833333333335,0.0053116695718848994,5.3116695718849,True,10.5668125887875,10.583846152462048,0.0105668125887875,10.5668125887875,-526.447731260968,5.2551430169026006
0.0501170568561872,50.1170568561873,0.0053310776415785,5.331077641578499,True,10.586220658481128,10.603033209068233,0.0105862206584811,10.586220658481128,-526.447731260968,5.2551430169026006
0.0501241666666666,50.12416666666668,0.005331897281801099,5.3318972818010995,True,10.587040298703798,10.603841911698234,0.0105870402987037,10.587040298703798,-526.447731260968,5.2551430169026006
0.0503,50.30000000000001,0.0053521678745131,5.3521678745131,True,10.607310891415702,10.623846737188869,0.0106073108914157,10.607310891415702,-526.447731260968,5.2551430169026006
0.0504758333333333,50.47583333333335,0.005372438467224999,5.372438467224999,True,10.627581484127605,10.643860718691766,0.0106275814841276,10.627581484127605,-526.447731260968,5.2551430169026006
0.0506516666666666,50.65166666666668,0.005392709059936899,5.392709059936899,True,10.647852076839504,10.663883946393655,0.0106478520768395,10.647852076839504,-526.447731260968,5.2551430169026006
0.0507357859531772,50.735785953177256,0.0054024065829477,5.4024065829477,True,10.65754959985034,10.673466425361468,0.0106575495998503,10.65754959985034,-526.447731260968,5.2551430169026006
0.0508275,50.827500000000015,0.0054130031179038,5.4130031179038,True,10.668146134806475,10.68391651089721,0.0106681461348064,10.668146134806475,-526.447731260968,5.2551430169026006
0.0510033333333333,51.00333333333335,0.005433318697988499,5.433318697988499,True,10.688461714891186,10.70395850320817,0.0106884617148911,10.688461714891186,-526.447731260968,5.2551430169026006
0.0511791666666666,51.17916666666668,0.0054536342780732,5.453634278073199,True,10.708777294975896,10.724010014722545,0.0107087772949758,10.708777294975896,-526.447731260968,5.2551430169026006
0.0513545150501672,51.354515050167215,0.005473893827614799,5.473893827614799,True,10.729036844517486,10.744015795165714,0.0107290368445174,10.729036844517486,-526.447731260968,5.2551430169026006
0.051355,51.35500000000001,0.0054739499830633006,5.4739499830633,True,10.729092999965948,10.744071137213918,0.0107290929999659,10.729092999965948,-526.447731260968,5.2551430169026006
0.0515308333333333,51.53083333333335,0.0054943108513841,5.4943108513841,True,10.749453868286713,10.764141962820814,0.0107494538682867,10.749453868286713,-526.447731260968,5.2551430169026006
0.0517066666666666,51.70666666666668,0.005514671719704799,5.514671719704799,True,10.769814736607476,10.78422258403415,0.0107698147366074,10.769814736607476,-526.447731260968,5.2551430169026006
0.0518825,51.882500000000014,0.0055350325880256,5.5350325880256,True,10.79017560492824,10.804313093684785,0.0107901756049282,10.79017560492824,-526.447731260968,5.2551430169026006
0.0519732441471571,51.97324414715719,0.0055455404342691006,5.545540434269101,True,10.800683451171732,10.814685312108194,0.0108006834511717,10.800683451171732,-526.447731260968,5.2551430169026006
0.0520583333333333,52.058333333333344,0.005555415519432499,5.555415519432499,True,10.810558536335158,10.824413584931142,0.0108105585363351,10.810558536335158,-526.447731260968,5.2551430169026006
0.0522341666666666,52.23416666666668,0.0055758219802210995,5.575821980221099,True,10.830964997123736,10.844524151246912,0.0108309649971237,10.830964997123736,-526.447731260968,5.2551430169026006
0.05241,52.41000000000001,0.0055962284410097,5.5962284410097,True,10.851371457912313,10.864644886408849,0.0108513714579123,10.851371457912313,-526.447731260968,5.2551430169026006
0.0525858333333333,52.58583333333335,0.0056166349017982,5.6166349017982,True,10.87177791870089,10.884775884484643,0.0108717779187008,10.87177791870089,-526.447731260968,5.2551430169026006
0.0525919732441471,52.59197324414716,0.0056173474734528,5.6173474734528,True,10.87249049035549,10.885479023875146,0.0108724904903554,10.87249049035549,-526.447731260968,5.2551430169026006
0.0527616666666666,52.76166666666668,0.0056370856599251,5.6370856599251,True,10.892228676827742,10.904917239820882,0.0108922286768277,10.892228676827742,-526.447731260968,5.2551430169026006
0.0529375,52.937500000000014,0.0056575380208348,5.6575380208348,True,10.91268103773744,10.925069047031082,0.0109126810377374,10.91268103773744,-526.447731260968,5.2551430169026006
0.0531133333333333,53.113333333333344,0.0056779903817445005,5.6779903817445,True,10.933133398647136,10.945231400983818,0.0109331333986471,10.933133398647136,-526.447731260968,5.2551430169026006
0.0532107023411371,53.21070234113712,0.0056893160277484,5.6893160277484,True,10.944459044651053,10.95640102554655,0.010944459044651,10.944459044651053,-526.447731260968,5.2551430169026006
0.0532891666666666,53.28916666666668,0.005698463364083,5.698463364083,True,10.95360638098567,10.965404396790944,0.0109536063809856,10.95360638098567,-526.447731260968,5.2551430169026006
0.053465,53.46500000000001,0.005718961936242799,5.718961936242799,True,10.974104953145458,10.98558812979586,0.0109741049531454,10.974104953145458,-526.447731260968,5.2551430169026006
0.0536408333333333,53.64083333333335,0.0057394605084026004,5.7394605084026,True,10.994603525305246,11.005782695561908,0.0109946035253052,10.994603525305246,-526.447731260968,5.2551430169026006
0.0538166666666666,53.81666666666668,0.0057599590805624,5.7599590805624,True,11.015102097465036,11.025988189860817,0.011015102097465,11.015102097465036,-526.447731260968,5.2551430169026006
0.053829431438127,53.82943143812709,0.0057614471919684,5.7614471919684,True,11.016590208871012,11.0274554530892,0.011016590208871,11.016590208871012,-526.447731260968,5.2551430169026006
0.0539925,53.992500000000014,0.005780500801043799,5.780500801043799,True,11.03564381794649,11.046204708661252,0.0110356438179464,11.03564381794649,-526.447731260968,5.2551430169026006
0.0541683333333333,54.168333333333344,0.0058010458991136,5.8010458991136,True,11.056188916016234,11.066432348117438,0.0110561889160162,11.056188916016234,-526.447731260968,5.2551430169026006
0.0543441666666666,54.34416666666668,0.0058215909971833,5.8215909971833,True,11.07673401408598,11.086671204557865,0.0110767340140859,11.07673401408598,-526.447731260968,5.2551430169026006
0.054448160535117,54.448160535117054,0.00583374207335,5.83374207335,True,11.088885090252608,11.098646477008076,0.0110888850902526,11.088885090252608,-526.447731260968,5.2551430169026006
0.05452,54.52,0.0058421552341678005,5.842155234167801,True,11.09729825107047,11.106921374474078,0.0110972982510704,11.09729825107047,-526.447731260968,5.2551430169026006
0.0546958333333333,54.69583333333333,0.005862747176394599,5.862747176394599,True,11.117890193297276,11.127182954509564,0.0111178901932972,11.117890193297276,-526.447731260968,5.2551430169026006
0.0548716666666666,54.87166666666666,0.0058833391186214,5.883339118621399,True,11.138482135524082,11.1474560414487,0.011138482135524,11.138482135524082,-526.447731260968,5.2551430169026006
0.0550475,55.0475,0.0059039310608482,5.9039310608482,True,11.159074077750889,11.167740732205788,0.0111590740777508,11.159074077750889,-526.447731260968,5.2551430169026006
0.055066889632107,55.06688963210704,0.005906201791753299,5.906201791753299,True,11.161344808655992,11.169978296156028,0.0111613448086559,11.161344808655992,-526.447731260968,5.2551430169026006
0.0552233333333333,55.22333333333333,0.0059245649679922,5.9245649679921994,True,11.179707984894849,11.188037123814205,0.0111797079848948,11.179707984894849,-526.447731260968,5.2551430169026006
0.0553991666666666,55.399166666666666,0.0059452040762679,5.9452040762679,True,11.200347093170578,11.208345313415576,0.0112003470931705,11.200347093170578,-526.447731260968,5.2551430169026006
0.055575,55.575,0.005965843184543699,5.965843184543699,True,11.22098620144631,11.22866539824911,0.0112209862014463,11.22098620144631,-526.447731260968,5.2551430169026006
0.0556856187290969,55.68561872909699,0.005978827479863999,5.978827479863999,True,11.23397049676663,11.241455131701809,0.0112339704967666,11.23397049676663,-526.447731260968,5.2551430169026006
0.0557508333333333,55.75083333333333,0.0059864999069357,5.9864999069357,True,11.241642923838352,11.248997475640936,0.0112416429238383,11.241642923838352,-526.447731260968,5.2551430169026006
0.0559266666666666,55.92666666666667,0.0060071865068557,6.0071865068557,True,11.262329523758345,11.26934164299358,0.0112623295237583,11.262329523758345,-526.447731260968,5.2551430169026006
0.0561025,56.1025,0.0060278731067757,6.0278731067757,True,11.283016123678332,11.289697997775512,0.0112830161236783,11.283016123678332,-526.447731260968,5.2551430169026006
0.0562783333333333,56.278333333333336,0.0060485597066957,6.048559706695699,True,11.30370272359832,11.310066637510756,0.0113037027235983,11.30370272359832,-526.447731260968,5.2551430169026006
0.0563043478260869,56.30434782608695,0.0060516202833993,6.0516202833993,True,11.306763300301917,11.31308122125639,0.0113067633003019,11.306763300301917,-526.447731260968,5.2551430169026006
0.0564541666666666,56.454166666666666,0.006069287052514599,6.069287052514599,True,11.324430069417204,11.330447659768614,0.0113244300694172,11.324430069417204,-526.447731260968,5.2551430169026006
0.05663,56.63,0.006090021473437499,6.090021473437499,True,11.345164490340178,11.350841162153452,0.0113451644903401,11.345164490340178,-526.447731260968,5.2551430169026006
0.0568058333333333,56.80583333333333,0.0061107558943605,6.1107558943605005,True,11.365898911263152,11.37124724229457,0.0113658989112631,11.365898911263152,-526.447731260968,5.2551430169026006
0.0569230769230769,56.92307692307693,0.006124581361319399,6.124581361319399,True,11.379724378222,11.38486081315764,0.011379724378222,11.379724378222,-526.447731260968,5.2551430169026006
0.0569816666666666,56.98166666666667,0.0061315063608271,6.1315063608271,True,11.386649377729793,11.391665997836178,0.0113866493777297,11.386649377729793,-526.447731260968,5.2551430169026006
0.0571575,57.1575,0.006152288935936399,6.152288935936399,True,11.407431952839064,11.412097526427418,0.011407431952839,11.407431952839064,-526.447731260968,5.2551430169026006
0.0573333333333333,57.333333333333336,0.0061730715110457,6.1730715110457,True,11.428214527948334,11.432541925712506,0.0114282145279483,11.428214527948334,-526.447731260968,5.2551430169026006
0.0575091666666666,57.509166666666665,0.006193854086154999,6.1938540861549995,True,11.448997103057607,11.452999293320936,0.0114489971030576,11.448997103057607,-526.447731260968,5.2551430169026006
0.0575418060200668,57.541806020066886,0.0061977118860425005,6.197711886042501,True,11.45285490294514,11.456798160913266,0.0114528549029451,11.45285490294514,-526.447731260968,5.2551430169026006
0.057685,57.685,0.0062146761512511,6.2146761512510995,True,11.469819168153789,11.473469726857768,0.0114698191681537,11.469819168153789,-526.447731260968,5.2551430169026006
0.0578608333333333,57.86083333333333,0.0062355072176171,6.2355072176171005,True,11.490650234519707,11.493953323894017,0.0114906502345197,11.490650234519707,-526.447731260968,5.2551430169026006
0.0580366666666666,58.03666666666667,0.006256338283983,6.256338283982999,True,11.51148130088563,11.514450181957097,0.0115114813008856,11.51148130088563,-526.447731260968,5.2551430169026006
0.0581605351170568,58.16053511705686,0.006271013043664799,6.271013043664799,True,11.52615606056746,11.528897517802138,0.0115261560605674,11.52615606056746,-526.447731260968,5.2551430169026006
0.0582125,58.2125,0.0062771837819902,6.2771837819902,True,11.532326798892887,11.534960398521372,0.0115323267988928,11.532326798892887,-526.447731260968,5.2551430169026006
0.0583883333333333,58.388333333333335,0.006298063680633999,6.298063680633999,True,11.55320669753664,11.555484070998787,0.0115532066975366,11.55320669753664,-526.447731260968,5.2551430169026006
0.0585641666666666,58.564166666666665,0.0063189435792777,6.3189435792777005,True,11.574086596180392,11.57602129672957,0.0115740865961803,11.574086596180392,-526.447731260968,5.2551430169026006
0.05874,58.74,0.0063398234779215,6.3398234779215,True,11.594966494824147,11.596572172973028,0.0115949664948241,11.594966494824147,-526.447731260968,5.2551430169026006
0.0587792642140468,58.77926421404681,0.0063444860341848,6.3444860341848,True,11.599629051087412,11.601163131633877,0.0115996290510874,11.599629051087412,-526.447731260968,5.2551430169026006
0.0589158333333333,58.91583333333333,0.0063607415724094,6.3607415724094,True,11.615884589312053,11.61713679689842,0.011615884589312,11.615884589312053,-526.447731260968,5.2551430169026006
0.0590916666666666,59.09166666666667,0.0063816706483681,6.3816706483681,True,11.636813665270797,11.637715265575928,0.0116368136652707,11.636813665270797,-526.447731260968,5.2551430169026006
0.0592675,59.2675,0.0064025997243269,6.4025997243269,True,11.657742741229535,11.658307675967688,0.0116577427412295,11.657742741229535,-526.447731260968,5.2551430169026006
0.0593979933110367,59.39799331103679,0.0064181320717324,6.4181320717324,True,11.673275088635013,11.673599239666792,0.011673275088635,11.673275088635013,-526.447731260968,5.2551430169026006
0.0594433333333333,59.443333333333335,0.0064235415710704,6.4235415710704,True,11.678684587973017,11.67891412491892,0.011678684587973,11.678684587973017,-526.447731260968,5.2551430169026006
0.0596191666666666,59.619166666666665,0.0064445201734637,6.444520173463699,True,11.699663190366389,11.69953470914915,0.0116996631903663,11.699663190366389,-526.447731260968,5.2551430169026006
0.059795,59.795,0.0064654987758571,6.4654987758571,True,11.72064179275976,11.720169525243485,0.0117206417927597,11.72064179275976,-526.447731260968,5.2551430169026006
0.0599708333333333,59.97083333333333,0.0064864773782505,6.4864773782505,True,11.741620395153133,11.740818669643993,0.0117416203951531,11.741620395153133,-526.447731260968,5.2551430169026006
0.0600167224080267,60.01672240802676,0.006491952384803199,6.4919523848031995,True,11.747095401705888,11.746210063684144,0.0117470954017058,11.747095401705888,-526.447731260968,5.2551430169026006
0.0601466666666666,60.14666666666667,0.0065074928427173,6.5074928427172996,True,11.762635859619964,11.761482238641184,0.0117626358596199,11.762635859619964,-526.447731260968,5.2551430169026006
0.0603225,60.3225,0.0065285213248154,6.5285213248154,True,11.783664341718053,11.78216032836553,0.011783664341718,11.783664341718053,-526.447731260968,5.2551430169026006
0.0604983333333333,60.498333333333335,0.0065495498069135,6.5495498069135,True,11.804692823816136,11.802853034779098,0.0118046928238161,11.804692823816136,-526.447731260968,5.2551430169026006
0.0606354515050167,60.635451505016725,0.0065659482164978,6.5659482164978,True,11.8210912334004,11.818999805228689,0.0118210912334004,11.8210912334004,-526.447731260968,5.2551430169026006
0.0606741666666666,60.674166666666665,0.006570589350287999,6.5705893502879995,True,11.825732367190684,11.823560453667277,0.0118257323671906,11.825732367190684,-526.447731260968,5.2551430169026006
0.06085,60.85,0.0065916680695808005,6.5916680695808,True,11.846811086483411,11.844282680630537,0.0118468110864834,11.846811086483411,-526.447731260968,5.2551430169026006
0.0610258333333333,61.02583333333334,0.0066127467888735,6.612746788873499,True,11.867889805776136,11.865019811076346,0.0118678898057761,11.867889805776136,-526.447731260968,5.2551430169026006
0.0612016666666666,61.20166666666667,0.0066338255081662,6.6338255081662005,True,11.888968525068863,11.885771940211107,0.0118889685250688,11.888968525068863,-526.447731260968,5.2551430169026006
0.0612541806020066,61.25418060200669,0.006640120824765199,6.640120824765199,True,11.895263841667854,11.891972640995595,0.0118952638416678,11.895263841667854,-526.447731260968,5.2551430169026006
0.0613775,61.377500000000005,0.0066549397146732,6.6549397146732,True,11.91008273157587,11.906539163032203,0.0119100827315758,11.91008273157587,-526.447731260968,5.2551430169026006
0.0615533333333333,61.553333333333335,0.0066760690329413,6.6760690329412995,True,11.931212049843928,11.92732157432014,0.0119312120498439,11.931212049843928,-526.447731260968,5.2551430169026006
0.0617291666666666,61.72916666666667,0.0066971983512093,6.6971983512093,True,11.952341368111988,11.948119268630736,0.0119523413681119,11.952341368111988,-526.447731260968,5.2551430169026006
0.0618729096989966,61.87290969899666,0.0067144714826534,6.7144714826534,True,11.96961449955606,11.965132718383634,0.011969614499556,11.96961449955606,-526.447731260968,5.2551430169026006
0.061905,61.905,0.0067183369708197,6.7183369708197,True,11.97347998772232,11.968932340287434,0.0119734799877223,11.97347998772232,-526.447731260968,5.2551430169026006
0.0620808333333333,62.08083333333334,0.0067395172542069,6.7395172542069,True,11.994660271109597,11.989760883373664,0.0119946602711095,11.994660271109597,-526.447731260968,5.2551430169026006
0.0622566666666666,62.25666666666667,0.0067606975375942005,6.760697537594201,True,12.015840554496872,12.01060499172532,0.0120158405544968,12.015840554496872,-526.447731260968,5.2551430169026006
0.0624325,62.432500000000005,0.006781877820981499,6.781877820981499,True,12.03702083788415,12.031464758923295,0.0120370208378841,12.03702083788415,-526.447731260968,5.2551430169026006
0.0624916387959866,62.49163879598663,0.0067890014785636004,6.7890014785636,True,12.044144495466211,12.038484151204711,0.0120441444954662,12.044144495466211,-526.447731260968,5.2551430169026006
0.0626083333333333,62.60833333333333,0.006803092174107899,6.803092174107899,True,12.058235191010578,12.052340278286112,0.0120582351910105,12.058235191010578,-526.447731260968,5.2551430169026006
0.0627841666666666,62.78416666666667,0.0068243237931955,6.8243237931955,True,12.079466810098197,12.073231642862629,0.0120794668100981,12.079466810098197,-526.447731260968,5.2551430169026006
0.06296,62.96,0.0068455554122831995,6.8455554122832,True,12.10069842918582,12.094138945424842,0.0121006984291858,12.10069842918582,-526.447731260968,5.2551430169026006
0.0631103678929765,63.11036789297658,0.006863712116510799,6.8637121165108,True,12.11885513341342,12.11203101555171,0.0121188551334134,12.11885513341342,-526.447731260968,5.2551430169026006
0.0631358333333333,63.13583333333334,0.0068667945204977,6.866794520497701,True,12.121937537400353,12.11506227846076,0.0121219375374003,12.121937537400353,-526.447731260968,5.2551430169026006
0.0633116666666666,63.31166666666667,0.006888077850379699,6.888077850379699,True,12.143220867282311,12.136001734167364,0.0121432208672823,12.143220867282311,-526.447731260968,5.2551430169026006
0.0634875,63.4875,0.006909361180261599,6.909361180261599,True,12.164504197164272,12.156957404443665,0.0121645041971642,12.164504197164272,-526.447731260968,5.2551430169026006
0.0636633333333333,63.66333333333333,0.0069306445101436,6.930644510143599,True,12.185787527046235,12.177929380883796,0.0121857875270462,12.185787527046235,-526.447731260968,5.2551430169026006
0.0637290969899665,63.72909698996655,0.006938604716390199,6.938604716390199,True,12.19374773329288,12.185777345824674,0.0121937477332928,12.19374773329288,-526.447731260968,5.2551430169026006
0.0638391666666666,63.83916666666667,0.0069519604480756,6.9519604480756,True,12.207103464978236,12.198917754770278,0.0122071034649782,12.207103464978236,-526.447731260968,5.2551430169026006
0.064015,64.015,0.006973295868436099,6.973295868436099,True,12.22843888533874,12.21992261706727,0.0122284388853387,12.22843888533874,-526.447731260968,5.2551430169026006
0.0641908333333333,64.19083333333333,0.0069946312887966,6.9946312887966,True,12.249774305699242,12.240944058413968,0.0122497743056992,12.249774305699242,-526.447731260968,5.2551430169026006
0.0643478260869565,64.34782608695652,0.007013680614249299,7.013680614249299,True,12.268823631151964,12.25972713091527,0.0122688236311519,12.268823631151964,-526.447731260968,5.2551430169026006
0.0643666666666666,64.36666666666667,0.007015972331846699,7.015972331846699,True,12.271115348749344,12.26198216911806,0.0122711153487493,12.271115348749344,-526.447731260968,5.2551430169026006
0.0645425,64.5425,0.0070373602270392,7.0373602270392,True,12.292503243941818,12.283037039149278,0.0122925032439418,12.292503243941818,-526.447731260968,5.2551430169026006
0.0647183333333333,64.71833333333333,0.007058748122231599,7.058748122231599,True,12.313891139134292,12.304108758133015,0.0123138911391342,12.313891139134292,-526.447731260968,5.2551430169026006
0.0648941666666666,64.89416666666666,0.0070801360174241,7.0801360174241,True,12.335279034326769,12.325197415344055,0.0123352790343267,12.335279034326769,-526.447731260968,5.2551430169026006
0.0649665551839464,64.9665551839465,0.007088941162565699,7.088941162565699,True,12.3440841794683,12.333884310549609,0.0123440841794683,12.3440841794683,-526.447731260968,5.2551430169026006
0.06507,65.07000000000001,0.0071015550130909,7.101555013090899,True,12.356698029993598,12.34630309970035,0.0123566980299935,12.356698029993598,-526.447731260968,5.2551430169026006
0.0652458333333333,65.24583333333334,0.0071229957722188,7.1229957722188,True,12.378138789121484,12.367425899756908,0.0123781387891214,12.378138789121484,-526.447731260968,5.2551430169026006
0.0654216666666666,65.42166666666667,0.007144436531346699,7.144436531346699,True,12.399579548249369,12.388565903699751,0.0123995795482493,12.399579548249369,-526.447731260968,5.2551430169026006
0.0655852842809364,65.58528428093646,0.0071643877305314,7.164387730531399,True,12.419530747434038,12.408252771789364,0.012419530747434,12.419530747434038,-526.447731260968,5.2551430169026006
0.0655975,65.5975,0.0071658809904738005,7.1658809904738,True,12.42102400737647,12.409723199339972,0.0124210240073764,12.42102400737647,-526.447731260968,5.2551430169026006
0.0657733333333333,65.77333333333334,0.007187375007473199,7.187375007473199,True,12.442518024375817,12.430897874107846,0.0124425180243758,12.442518024375817,-526.447731260968,5.2551430169026006
0.0659491666666666,65.94916666666667,0.007208869024472499,7.2088690244724996,True,12.464012041375158,12.452090015047055,0.0124640120413751,12.464012041375158,-526.447731260968,5.2551430169026006
0.066125,66.125,0.0072303630414719,7.230363041471899,True,12.485506058374504,12.473299708808987,0.0124855060583745,12.485506058374504,-526.447731260968,5.2551430169026006
0.0662040133779264,66.20401337792642,0.007240021704343899,7.240021704343899,True,12.4951647212465,12.482836345691211,0.0124951647212465,12.4951647212465,-526.447731260968,5.2551430169026006
0.0663008333333333,66.30083333333333,0.0072518866037318995,7.2518866037319,True,12.507029620634585,12.4945270416471,0.0125070296206345,12.507029620634585,-526.447731260968,5.2551430169026006
0.0664766666666666,66.47666666666667,0.007273434277455799,7.2734342774558,True,12.528577294358488,12.515772099411398,0.0125285772943584,12.528577294358488,-526.447731260968,5.2551430169026006
0.0666525,66.6525,0.007294981951179699,7.294981951179699,True,12.550124968082397,12.537034967542972,0.0125501249680823,12.550124968082397,-526.447731260968,5.2551430169026006
0.0668227424749163,66.82274247491638,0.007315844487502699,7.315844487502699,True,12.570987504405323,12.557638804124606,0.0125709875044053,12.570987504405323,-526.447731260968,5.2551430169026006
0.0668283333333333,66.82833333333333,0.0073165313438329,7.3165313438329,True,12.57167436073552,12.558315731068626,0.0125716743607355,12.57167436073552,-526.447731260968,5.2551430169026006
0.0670041666666666,67.00416666666668,0.007338133078137799,7.338133078137799,True,12.593276095040498,12.5796144745956,0.0125932760950404,12.593276095040498,-526.447731260968,5.2551430169026006
0.06718,67.18,0.007359734812442799,7.3597348124428,True,12.61487782934547,12.600931282306354,0.0126148778293454,12.61487782934547,-526.447731260968,5.2551430169026006
0.0673558333333333,67.35583333333334,0.0073813365467477994,7.381336546747799,True,12.636479563650449,12.622266237953456,0.0126364795636504,12.636479563650449,-526.447731260968,5.2551430169026006
0.0674414715719063,67.44147157190636,0.0073918575011137,7.3918575011137,True,12.647000518016329,12.632663856747843,0.0126470005180163,12.647000518016329,-526.447731260968,5.2551430169026006
0.0675316666666666,67.53166666666667,0.007402966221627299,7.4029662216273,True,12.658109238529963,12.643619424854542,0.0126581092385299,12.658109238529963,-526.447731260968,5.2551430169026006
0.0677075,67.70750000000001,0.0074246224254616,7.4246224254616,True,12.67976544236424,12.664990925887365,0.0126797654423642,12.67976544236424,-526.447731260968,5.2551430169026006
0.0678833333333333,67.88333333333334,0.0074462786292959,7.4462786292959,True,12.70142164619852,12.68638082348491,0.0127014216461985,12.70142164619852,-526.447731260968,5.2551430169026006
0.0680591666666666,68.05916666666667,0.0074679348331300995,7.4679348331301,True,12.723077850032798,12.70778919963064,0.0127230778500327,12.723077850032798,-526.447731260968,5.2551430169026006
0.0680602006688963,68.06020066889631,0.0074680621841996,7.4680621841996,True,12.723205201102278,12.707915148142485,0.0127232052011022,12.723205201102278,-526.447731260968,5.2551430169026006
0.068235,68.235,0.0074896455978762004,7.4896455978762,True,12.744788614778836,12.729216135853754,0.0127447886147788,12.744788614778836,-526.447731260968,5.2551430169026006
0.0684108333333333,68.41083333333334,0.0075113566853701,7.5113566853701,True,12.766499702272704,12.750661713224597,0.0127664997022727,12.766499702272704,-526.447731260968,5.2551430169026006
0.0685866666666666,68.58666666666667,0.0075330677728639,7.5330677728639,True,12.788210789766572,12.7721260123501,0.0127882107897665,12.788210789766572,-526.447731260968,5.2551430169026006
0.0686789297658862,68.67892976588628,0.0075444599940180995,7.5444599940181,True,12.799603010920764,12.78339625510605,0.0127996030109207,12.799603010920764,-526.447731260968,5.2551430169026006
0.0687625,68.7625,0.007554805144850899,7.554805144850899,True,12.809948161753518,12.793609113369348,0.0128099481617535,12.809948161753518,-526.447731260968,5.2551430169026006
0.0689383333333333,68.93833333333333,0.0075765715354091006,7.5765715354091006,True,12.831714552311714,12.815111095949195,0.0128317145523117,12.831714552311714,-526.447731260968,5.2551430169026006
0.0691141666666666,69.11416666666668,0.0075983379259673,7.5983379259673,True,12.853480942869911,12.836632039279984,0.0128534809428699,12.853480942869911,-526.447731260968,5.2551430169026006
0.06929,69.29,0.0076201043165255,7.6201043165255005,True,12.875247333428108,12.85817202207134,0.0128752473334281,12.875247333428108,-526.447731260968,5.2551430169026006
0.0692976588628762,69.29765886287626,0.007621052406386699,7.621052406386699,True,12.87619542328932,12.859110684103086,0.0128761954232893,12.87619542328932,-526.447731260968,5.2551430169026006
0.0694658333333333,69.46583333333334,0.007641924007555599,7.641924007555599,True,12.89706702445827,12.879731122548057,0.0128970670244582,12.89706702445827,-526.447731260968,5.2551430169026006
0.0696416666666666,69.64166666666667,0.0076637461259519,7.6637461259519,True,12.918889142854516,12.901309418446052,0.0129188891428545,12.918889142854516,-526.447731260968,5.2551430169026006
0.0698175,69.81750000000001,0.0076855682443481,7.6855682443481,True,12.940711261250764,12.922906987008425,0.0129407112612507,12.940711261250764,-526.447731260968,5.2551430169026006
0.0699163879598662,69.91638795986623,0.007697840916015399,7.697840916015399,True,12.952983932918048,12.935061868874511,0.012952983932918,12.952983932918048,-526.447731260968,5.2551430169026006
0.0699933333333333,69.99333333333334,0.0077074149377448,7.7074149377448,True,12.962557954647451,12.944523904981567,0.0129625579546474,12.962557954647451,-526.447731260968,5.2551430169026006
0.0701691666666666,70.16916666666667,0.0077292932142185,7.7292932142185,True,12.98443623112117,12.966160248611413,0.0129844362311211,12.98443623112117,-526.447731260968,5.2551430169026006
0.070345,70.345,0.007751171490692199,7.751171490692199,True,13.00631450759489,12.987816093639688,0.0130063145075948,13.00631450759489,-526.447731260968,5.2551430169026006
0.0705208333333333,70.52083333333334,0.007773049767165999,7.773049767165999,True,13.028192784068608,13.00949151530034,0.0130281927840686,13.028192784068608,-526.447731260968,5.2551430169026006
0.0705351170568562,70.5351170568562,0.0077748270368473,7.7748270368473005,True,13.029970053749976,13.011253168205291,0.0130299700537499,13.029970053749976,-526.447731260968,5.2551430169026006
0.0706966666666666,70.69666666666667,0.0077949800401486006,7.794980040148601,True,13.050123057051245,13.03118658831596,0.0130501230570512,13.050123057051245,-526.447731260968,5.2551430169026006
0.0708725,70.8725,0.0078169149105039,7.8169149105038995,True,13.072057927406522,13.052901386894357,0.0130720579274065,13.072057927406522,-526.447731260968,5.2551430169026006
0.0710483333333333,71.04833333333333,0.007838849780859199,7.838849780859198,True,13.093992797761803,13.074635984725171,0.0130939927977618,13.093992797761803,-526.447731260968,5.2551430169026006
0.0711538461538461,71.15384615384615,0.007852012302406699,7.852012302406699,True,13.107155319309305,13.08768786385045,0.0131071553193093,13.107155319309305,-526.447731260968,5.2551430169026006
0.0712241666666666,71.22416666666668,0.007860807461196499,7.860807461196498,True,13.11595047809912,13.096390454976618,0.0131159504780991,13.11595047809912,-526.447731260968,5.2551430169026006
0.0714,71.4,0.0078827993669034,7.8827993669033996,True,13.137942383806012,13.118164870292238,0.013137942383806,13.137942383806012,-526.447731260968,5.2551430169026006
0.0715758333333333,71.57583333333334,0.0079047912726103,7.9047912726103,True,13.159934289512904,13.139959302787826,0.0131599342895129,13.159934289512904,-526.447731260968,5.2551430169026006
0.0717516666666666,71.75166666666667,0.0079267831783171,7.9267831783171,True,13.181926195219797,13.16177382404836,0.0131819261952197,13.181926195219797,-526.447731260968,5.2551430169026006
0.0717725752508361,71.77257525083613,0.0079293982661552,7.929398266155199,True,13.184541283057822,13.164369158619374,0.0131845412830578,13.184541283057822,-526.447731260968,5.2551430169026006
0.0719275,71.92750000000001,0.007948825731281101,7.948825731281102,True,13.203968748183769,13.183608505125076,0.0132039687481837,13.203968748183769,-526.447731260968,5.2551430169026006
0.0721033333333333,72.10333333333334,0.0079708751195793,7.9708751195793,True,13.226018136481946,13.20546341653257,0.0132260181364819,13.226018136481946,-526.447731260968,5.2551430169026006
0.0722791666666666,72.27916666666667,0.007992924507877499,7.992924507877499,True,13.248067524780124,13.227338628246043,0.0132480675247801,13.248067524780124,-526.447731260968,5.2551430169026006
0.072391304347826,72.3913043478261,0.008006986501857001,8.006986501857002,True,13.262129518759696,13.24130017461846,0.0132621295187596,13.262129518759696,-526.447731260968,5.2551430169026006
0.072455,72.45500000000001,0.0080149948833944,8.014994883394401,True,13.270137900297012,13.249234209698583,0.013270137900297,13.270137900297012,-526.447731260968,5.2551430169026006
0.0726308333333333,72.63083333333334,0.0080371022073993,8.0371022073993,True,13.2922452243019,13.271150229778543,0.0132922452243019,13.2922452243019,-526.447731260968,5.2551430169026006
0.0728066666666666,72.80666666666667,0.008059209531404099,8.059209531404099,True,13.314352548306788,13.293086756827018,0.0133143525483067,13.314352548306788,-526.447731260968,5.2551430169026006
0.0729825,72.9825,0.008081316855408999,8.081316855408998,True,13.33645987231168,13.315043858635375,0.0133364598723116,13.33645987231168,-526.447731260968,5.2551430169026006
0.073010033444816,73.01003344481603,0.008084778603952299,8.084778603952298,True,13.339921620854913,13.318483951652055,0.0133399216208549,13.339921620854913,-526.447731260968,5.2551430169026006
0.0731583333333333,73.15833333333335,0.0081034734302763,8.103473430276301,True,13.358616447178916,13.337021602442915,0.0133586164471789,13.358616447178916,-526.447731260968,5.2551430169026006
0.0733341666666666,73.33416666666668,0.008125639149087701,8.125639149087702,True,13.380782165990324,13.359020054934543,0.0133807821659903,13.380782165990324,-526.447731260968,5.2551430169026006
0.07351,73.51,0.008147804867899101,8.1478048678991,True,13.402947884801732,13.381039282238625,0.0134029478848017,13.402947884801732,-526.447731260968,5.2551430169026006
0.073628762541806,73.62876254180601,0.0081627761879389,8.162776187938901,True,13.417919204841544,13.39592344578176,0.0134179192048415,13.417919204841544,-526.447731260968,5.2551430169026006
0.0736858333333333,73.68583333333333,0.008169989691091,8.169989691090999,True,13.42513270799362,13.403079349924798,0.0134251327079936,13.42513270799362,-526.447731260968,5.2551430169026006
0.0738616666666666,73.86166666666668,0.0081922142699043,8.1922142699043,True,13.447357286806984,13.425140323002012,0.0134473572868069,13.447357286806984,-526.447731260968,5.2551430169026006
0.0740375,74.03750000000001,0.008214438848717701,8.214438848717702,True,13.469581865620352,13.44722226591652,0.0134695818656203,13.469581865620352,-526.447731260968,5.2551430169026006
0.0742133333333333,74.21333333333334,0.008236663427531099,8.236663427531099,True,13.49180644443372,13.46932524255003,0.0134918064444337,13.49180644443372,-526.447731260968,5.2551430169026006
0.0742474916387959,74.24749163879599,0.008240980890764499,8.240980890764499,True,13.496123907667192,13.473621528043992,0.0134961239076671,13.496123907667192,-526.447731260968,5.2551430169026006
0.0743891666666666,74.38916666666667,0.008258935811721099,8.258935811721098,True,13.514078828623765,13.49144931621793,0.0135140788286237,13.514078828623765,-526.447731260968,5.2551430169026006
0.074565,74.56500000000001,0.008281219721941398,8.2812197219414,True,13.536362738844076,13.513594549667571,0.013536362738844,13.536362738844076,-526.447731260968,5.2551430169026006
0.0747408333333333,74.74083333333334,0.008303503632161698,8.303503632161698,True,13.558646649064386,13.535761005076663,0.0135586466490643,13.558646649064386,-526.447731260968,5.2551430169026006
0.0748662207357859,74.86622073578596,0.008319394371227199,8.3193943712272,True,13.574537388129858,13.551580983325922,0.0135745373881298,13.574537388129858,-526.447731260968,5.2551430169026006
0.0749166666666666,74.91666666666667,0.008325804701401901,8.325804701401902,True,13.5809477183045,13.557948744051728,0.0135809477183045,13.5809477183045,-526.447731260968,5.2551430169026006
0.0750925,75.0925,0.008348148420760301,8.348148420760301,True,13.60329143766295,13.58015782762665,0.0136032914376629,13.60329143766295,-526.447731260968,5.2551430169026006
0.0752683333333333,75.26833333333335,0.008370492140118799,8.370492140118799,True,13.6256351570214,13.602388316261322,0.0136256351570214,13.6256351570214,-526.447731260968,5.2551430169026006
0.0754441666666666,75.44416666666667,0.008392835859477199,8.392835859477199,True,13.647978876379849,13.624640269840349,0.0136479788763798,13.647978876379849,-526.447731260968,5.2551430169026006
0.0754849498327759,75.48494983277591,0.0083980183103858,8.398018310385801,True,13.65316132728844,13.629804509399694,0.0136531613272884,13.65316132728844,-526.447731260968,5.2551430169026006
0.07562,75.62,0.008415225887587901,8.415225887587901,True,13.670368904490584,13.64691374767184,0.0136703689044905,13.670368904490584,-526.447731260968,5.2551430169026006
0.0757958333333333,75.79583333333333,0.008437629900261399,8.437629900261399,True,13.692772917164064,13.669208808486315,0.013692772917164,13.692772917164064,-526.447731260968,5.2551430169026006
0.0759716666666666,75.97166666666668,0.0084600339129349,8.4600339129349,True,13.715176929837543,13.691525510435644,0.0137151769298375,13.715176929837543,-526.447731260968,5.2551430169026006
0.0761036789297658,76.10367892976588,0.008476854411980601,8.476854411980602,True,13.731997428883208,13.708294716114994,0.0137319974288832,13.731997428883208,-526.447731260968,5.2551430169026006
0.0761475,76.14750000000001,0.0084824530741727,8.4824530741727,True,13.737596091075371,13.713863911092114,0.0137375960910753,13.737596091075371,-526.447731260968,5.2551430169026006
0.0763233333333333,76.32333333333334,0.0085049178709063,8.504917870906299,True,13.7600608878089,13.736224067447552,0.0137600608878089,13.7600608878089,-526.447731260968,5.2551430169026006
0.0764991666666666,76.49916666666667,0.008527382667639801,8.5273826676398,True,13.78252568454243,13.758606035912546,0.0137825256845424,13.78252568454243,-526.447731260968,5.2551430169026006
0.076675,76.67500000000001,0.0085498474643733,8.549847464373299,True,13.80499048127596,13.781009872315751,0.0138049904812759,13.80499048127596,-526.447731260968,5.2551430169026006
0.0767224080267558,76.72240802675586,0.008555904402863999,8.555904402863998,True,13.81104741976662,13.7870541247499,0.0138110474197666,13.81104741976662,-526.447731260968,5.2551430169026006
0.0768508333333333,76.85083333333334,0.008572357019942401,8.572357019942402,True,13.827500036845016,13.803435631903254,0.013827500036845,13.827500036845016,-526.447731260968,5.2551430169026006
0.0770266666666666,77.02666666666667,0.0085948830981745,8.5948830981745,True,13.850026115077156,13.825883369338053,0.0138500261150771,13.850026115077156,-526.447731260968,5.2551430169026006
0.0772025,77.2025,0.0086174091764066,8.6174091764066,True,13.872552193309296,13.848353138699606,0.0138725521933092,13.872552193309296,-526.447731260968,5.2551430169026006
0.0773411371237458,77.34113712374582,0.008635170033442,8.635170033442,True,13.890313050344616,13.866085167520092,0.0138903130503446,13.890313050344616,-526.447731260968,5.2551430169026006
0.0773783333333333,77.37833333333334,0.008639948324948101,8.6399483249481,True,13.895091341850724,13.870844993483464,0.0138950913418507,13.895091341850724,-526.447731260968,5.2551430169026006
0.0775541666666666,77.55416666666667,0.0086625361889394,8.6625361889394,True,13.917679205842088,13.893358986600983,0.013917679205842,13.917679205842088,-526.447731260968,5.2551430169026006
0.07773,77.73,0.008685124052930801,8.685124052930801,True,13.940267069833457,13.915895170379128,0.0139402670698334,13.940267069833457,-526.447731260968,5.2551430169026006
0.0779058333333333,77.90583333333333,0.008707711916922201,8.707711916922202,True,13.96285493382482,13.938453596560352,0.0139628549338248,13.96285493382482,-526.447731260968,5.2551430169026006
0.0779598662207358,77.95986622073579,0.0087146530781262,8.714653078126199,True,13.969796095028842,13.945390187246351,0.0139697960950288,13.969796095028842,-526.447731260968,5.2551430169026006
0.0780816666666666,78.08166666666668,0.008730342934273699,8.730342934273699,True,13.98548595117637,13.961034316302568,0.0139854859511763,13.98548595117637,-526.447731260968,5.2551430169026006
0.0782575,78.25750000000001,0.0087529930952387,8.752993095238699,True,14.00813611214135,13.983637380179196,0.0140081361121413,14.00813611214135,-526.447731260968,5.2551430169026006
0.0784333333333333,78.43333333333334,0.0087756432562037,8.7756432562037,True,14.03078627310633,14.006262838179296,0.0140307862731063,14.03078627310633,-526.447731260968,5.2551430169026006
0.0785785953177257,78.57859531772576,0.008794355335797501,8.794355335797501,True,14.049498352700152,14.0249714371804,0.0140494983527001,14.049498352700152,-526.447731260968,5.2551430169026006
0.0786091666666666,78.60916666666668,0.0087983043385776,8.7983043385776,True,14.05344735548028,14.028910739707788,0.0140534473554802,14.05344735548028,-526.447731260968,5.2551430169026006
0.078785,78.78500000000001,0.0088210173148194,8.8210173148194,True,14.076160331722017,14.051581133585746,0.014076160331722,14.076160331722017,-526.447731260968,5.2551430169026006
0.0789608333333333,78.96083333333334,0.0088437302910611,8.8437302910611,True,14.09887330796375,14.074274068050787,0.0140988733079637,14.09887330796375,-526.447731260968,5.2551430169026006
0.0791366666666666,79.13666666666667,0.0088664432673028,8.866443267302799,True,14.121586284205485,14.09698959075754,0.0141215862842054,14.121586284205485,-526.447731260968,5.2551430169026006
0.0791973244147157,79.19732441471574,0.0088742786302809,8.8742786302809,True,14.12942164718358,14.104831080989044,0.0141294216471835,14.12942164718358,-526.447731260968,5.2551430169026006
0.0793125,79.31250000000001,0.008889197733485,8.889197733485,True,14.14434075038764,14.119727748778187,0.0141443407503876,14.14434075038764,-526.447731260968,5.2551430169026006
0.0794883333333333,79.48833333333334,0.008911974050533799,8.911974050533798,True,14.167117067436426,14.142488588603111,0.0141671170674364,14.167117067436426,-526.447731260968,5.2551430169026006
0.0796641666666666,79.66416666666667,0.008934750367582598,8.934750367582598,True,14.189893384485211,14.165272156141592,0.0141898933844852,14.189893384485211,-526.447731260968,5.2551430169026006
0.0798160535117056,79.81605351170569,0.008954424810832699,8.954424810832698,True,14.209567827735343,14.184971192896636,0.0142095678277353,14.209567827735343,-526.447731260968,5.2551430169026006
0.07984,79.84,0.008957535383499398,8.957535383499398,True,14.212678400402025,14.18807849672263,0.014212678400402,14.212678400402025,-526.447731260968,5.2551430169026006
0.0800158333333333,80.01583333333335,0.0089803755742545,8.9803755742545,True,14.235518591157163,14.210907655095818,0.0142355185911571,14.235518591157163,-526.447731260968,5.2551430169026006
0.0801916666666666,80.19166666666668,0.0090032157650097,9.0032157650097,True,14.25835878191231,14.23375967543231,0.0142583587819123,14.25835878191231,-526.447731260968,5.2551430169026006
0.0803675,80.3675,0.009026055955764799,9.026055955764798,True,14.281198972667452,14.256634601325873,0.0142811989726674,14.281198972667452,-526.447731260968,5.2551430169026006
0.0804347826086956,80.43478260869566,0.0090347957526394,9.0347957526394,True,14.289938769542024,14.265393757985889,0.014289938769542,14.289938769542024,-526.447731260968,5.2551430169026006
0.0805433333333333,80.54333333333334,0.009048935912583,9.048935912583,True,14.304078929485652,14.279532475794015,0.0143040789294856,14.304078929485652,-526.447731260968,5.2551430169026006
0.0807191666666666,80.71916666666668,0.0090718405174583,9.0718405174583,True,14.32698353436096,14.30245334127922,0.0143269835343609,14.32698353436096,-526.447731260968,5.2551430169026006
0.080895,80.89500000000001,0.0090947451223336,9.094745122333599,True,14.349888139236272,14.325397239650224,0.0143498881392362,14.349888139236272,-526.447731260968,5.2551430169026006
0.0810535117056856,81.05351170568562,0.009115393357329901,9.115393357329902,True,14.37053637423252,14.346100672656938,0.0143705363742325,14.37053637423252,-526.447731260968,5.2551430169026006
0.0810708333333333,81.07083333333334,0.0091176561267407,9.1176561267407,True,14.37279914364333,14.348364212203425,0.0143727991436433,14.37279914364333,-526.447731260968,5.2551430169026006
0.0812466666666666,81.24666666666667,0.0091406256938137,9.1406256938137,True,14.395768710716304,14.37135429966432,0.0143957687107163,14.395768710716304,-526.447731260968,5.2551430169026006
0.0814225,81.42250000000001,0.0091635952608866,9.1635952608866,True,14.418738277789275,14.394367542189098,0.0144187382777892,14.418738277789275,-526.447731260968,5.2551430169026006
0.0815983333333333,81.59833333333334,0.009186564827959601,9.186564827959602,True,14.441707844862249,14.417403979366233,0.0144417078448622,14.441707844862249,-526.447731260968,5.2551430169026006
0.0816722408026755,81.67224080267559,0.0091962195535004,9.1962195535004,True,14.45136257040301,14.427093745244822,0.014451362570403,14.45136257040301,-526.447731260968,5.2551430169026006
0.0817741666666666,81.77416666666667,0.0092095723741119,9.2095723741119,True,14.464715391014582,14.440463650218229,0.0144647153910145,14.464715391014582,-526.447731260968,5.2551430169026006
0.08195,81.95,0.009232607459276801,9.232607459276801,True,14.487750476179423,14.463546593203402,0.0144877504761794,14.487750476179423,-526.447731260968,5.2551430169026006
0.0821258333333333,82.12583333333335,0.0092556425444416,9.255642544441601,True,14.510785561344264,14.486652846217789,0.0145107855613442,14.510785561344264,-526.447731260968,5.2551430169026006
0.0822909698996655,82.29096989966555,0.0092772762972528,9.277276297252799,True,14.532419314155405,14.508374696795183,0.0145324193141554,14.532419314155405,-526.447731260968,5.2551430169026006
0.0823016666666666,82.30166666666668,0.0092786816496822,9.2786816496822,True,14.533824666584897,14.509782446597088,0.0145338246665848,14.533824666584897,-526.447731260968,5.2551430169026006
0.0824775,82.4775,0.0093017828168068,9.301782816806801,True,14.556925833709489,14.532935431118736,0.0145569258337094,14.556925833709489,-526.447731260968,5.2551430169026006
0.0826533333333333,82.65333333333334,0.0093248839839314,9.3248839839314,True,14.580027000834082,14.556111836004018,0.014580027000834,14.580027000834082,-526.447731260968,5.2551430169026006
0.0828291666666666,82.82916666666668,0.009347985151056,9.347985151056001,True,14.603128167958674,14.579311696920309,0.0146031281679586,14.603128167958674,-526.447731260968,5.2551430169026006
0.0829096989966555,82.9096989966555,0.009358565572746998,9.358565572746999,True,14.613708589649695,14.589945161998354,0.0146137085896496,14.613708589649695,-526.447731260968,5.2551430169026006
0.083005,83.00500000000001,0.009371122444376798,9.371122444376798,True,14.626265461279417,14.60253504898336,0.0146262654612794,14.626265461279417,-526.447731260968,5.2551430169026006
0.0831808333333333,83.18083333333334,0.0093942902654637,9.394290265463699,True,14.64943328236637,14.62578192675969,0.0146494332823663,14.64943328236637,-526.447731260968,5.2551430169026006
0.0833566666666666,83.35666666666667,0.0094174580865507,9.4174580865507,True,14.67260110345332,14.649052364269052,0.0146726011034533,14.67260110345332,-526.447731260968,5.2551430169026006
0.0835284280936454,83.52842809364547,0.009440089392768001,9.440089392768002,True,14.695232409670671,14.671806690281748,0.0146952324096706,14.695232409670671,-526.447731260968,5.2551430169026006
0.0835325,83.53250000000001,0.0094406274646327,9.440627464632701,True,14.695770481535328,14.672346394986985,0.0146957704815353,14.695770481535328,-526.447731260968,5.2551430169026006
0.0837083333333333,83.70833333333334,0.0094638625199846,9.4638625199846,True,14.719005536887236,14.695664051847452,0.0147190055368872,14.719005536887236,-526.447731260968,5.2551430169026006
0.0838841666666666,83.88416666666667,0.0094870975753365,9.4870975753365,True,14.742240592239144,14.719005367245556,0.0147422405922391,14.742240592239144,-526.447731260968,5.2551430169026006
0.08406,84.06000000000002,0.0095103326306884,9.510332630688401,True,14.76547564759105,14.74237037304034,0.014765475647591,14.76547564759105,-526.447731260968,5.2551430169026006
0.0841471571906354,84.14715719063545,0.0095218497993068,9.5218497993068,True,14.776992816209429,14.753960747060548,0.0147769928162094,14.776992816209429,-526.447731260968,5.2551430169026006
0.0842358333333333,84.23583333333335,0.009533601890506598,9.533601890506597,True,14.78874490740922,14.765759100557675,0.0147887449074092,14.78874490740922,-526.447731260968,5.2551430169026006
0.0844116666666666,84.41166666666668,0.009556904768895598,9.556904768895597,True,14.812047785798248,14.789171580593235,0.0148120477857982,14.812047785798248,-526.447731260968,5.2551430169026006
0.0845875,84.5875,0.009580207647284601,9.5802076472846,True,14.835350664187276,14.812607843415538,0.0148353506641872,14.835350664187276,-526.447731260968,5.2551430169026006
0.0847633333333333,84.76333333333335,0.009603510525673698,9.603510525673698,True,14.858653542576302,14.836067918769084,0.0148586535425763,14.858653542576302,-526.447731260968,5.2551430169026006
0.0847658862876254,84.76588628762542,0.0096038488641575,9.6038488641575,True,14.8589918810601,14.836408715146728,0.0148589918810601,14.8589918810601,-526.447731260968,5.2551430169026006
0.0849391666666666,84.93916666666668,0.009626880831107298,9.626880831107298,True,14.882023848009997,14.859551835877578,0.0148820238480099,14.882023848009997,-526.447731260968,5.2551430169026006
0.085115,85.11500000000001,0.0096502521299493,9.6502521299493,True,14.905395146851967,14.88305962344724,0.0149053951468519,14.905395146851967,-526.447731260968,5.2551430169026006
0.0852908333333333,85.29083333333334,0.0096736234287913,9.6736234287913,True,14.92876644569394,14.906591309670167,0.0149287664456939,14.92876644569394,-526.447731260968,5.2551430169026006
0.0853846153846153,85.38461538461539,0.0096860886895298,9.6860886895298,True,14.941231706432475,14.91915189631642,0.0149412317064324,14.941231706432475,-526.447731260968,5.2551430169026006
0.0854666666666666,85.46666666666668,0.009697026938411499,9.697026938411499,True,14.952169955314124,14.93014692222783,0.0149521699553141,14.952169955314124,-526.447731260968,5.2551430169026006
0.0856425,85.64250000000001,0.009720467263944599,9.720467263944599,True,14.97561028084722,14.953726488294608,0.0149756102808472,14.97561028084722,-526.447731260968,5.2551430169026006
0.0858183333333333,85.81833333333334,0.009743907589477699,9.743907589477699,True,14.999050606380315,14.977330034541428,0.0149990506063803,14.999050606380315,-526.447731260968,5.2551430169026006
0.0859941666666666,85.99416666666667,0.009767347915010799,9.767347915010799,True,15.02249093191341,15.000957587139489,0.0150224909319134,15.02249093191341,-526.447731260968,5.2551430169026006
0.0860033444816053,86.00334448160535,0.009768571408678099,9.768571408678099,True,15.023714425580776,15.002191513035545,0.0150237144255807,15.023714425580776,-526.447731260968,5.2551430169026006
0.08617,86.17000000000002,0.009790854247441298,9.790854247441299,True,15.045997264343963,15.02460917176406,0.0150459972643439,15.045997264343963,-526.447731260968,5.2551430169026006
0.0863458333333333,86.34583333333335,0.0098143642149096,9.814364214909599,True,15.069507231812205,15.048284813598372,0.0150695072318122,15.069507231812205,-526.447731260968,5.2551430169026006
0.0865216666666666,86.52166666666668,0.0098378741823778,9.837874182377801,True,15.09301719928044,15.071984537337578,0.0150930171992804,15.09301719928044,-526.447731260968,5.2551430169026006
0.0866220735785953,86.62207357859533,0.009851299186546699,9.851299186546699,True,15.106442203449324,15.085528710343816,0.0151064422034493,15.106442203449324,-526.447731260968,5.2551430169026006
0.0866975,86.6975,0.0098614142916911,9.861414291691101,True,15.116557308593752,15.095708367192811,0.0151165573085937,15.116557308593752,-526.447731260968,5.2551430169026006
0.0868733333333333,86.87333333333335,0.009884994525532799,9.884994525532798,True,15.140137542435417,15.119456326895332,0.0151401375424354,15.140137542435417,-526.447731260968,5.2551430169026006
0.0870491666666666,87.04916666666668,0.0099085747593744,9.9085747593744,True,15.16371777627708,15.143228439700728,0.015163717776277,15.16371777627708,-526.447731260968,5.2551430169026006
0.087225,87.22500000000001,0.009932154993216098,9.932154993216098,True,15.187298010118742,15.167024728393226,0.0151872980101187,15.187298010118742,-526.447731260968,5.2551430169026006
0.0872408026755852,87.24080267558527,0.009934274220432901,9.9342742204329,True,15.189417237335563,15.169164557897028,0.0151894172373355,15.189417237335563,-526.447731260968,5.2551430169026006
0.0874008333333333,87.40083333333334,0.009955799755241,9.955799755241,True,15.210942772143673,15.19084521529008,0.0152109427721436,15.210942772143673,-526.447731260968,5.2551430169026006
0.0875766666666666,87.57666666666668,0.0099794508892822,9.979450889282202,True,15.234593906184818,15.214689922246045,0.0152345939061848,15.234593906184818,-526.447731260968,5.2551430169026006
0.0877525,87.75250000000001,0.010003102023323298,10.003102023323297,True,15.258245040225964,15.238558870657924,0.0152582450402259,15.258245040225964,-526.447731260968,5.2551430169026006
0.0878595317725752,87.85953177257522,0.010017498740668401,10.017498740668401,True,15.272641757571012,15.253100052167689,0.015272641757571,15.272641757571012,-526.447731260968,5.2551430169026006
0.0879283333333333,87.92833333333334,0.010026781151556901,10.0267811515569,True,15.28192416845957,15.2624520814692,0.0152819241684595,15.28192416845957,-526.447731260968,5.2551430169026006
0.0881041666666666,88.10416666666667,0.0100505038292102,10.0505038292102,True,15.30564684611281,15.286369575174772,0.0153056468461128,15.30564684611281,-526.447731260968,5.2551430169026006
0.08828,88.28000000000002,0.0100742265068634,10.0742265068634,True,15.329369523766047,15.310311371825744,0.015329369523766,15.329369523766047,-526.447731260968,5.2551430169026006
0.0884558333333333,88.45583333333335,0.010097949184516598,10.0979491845166,True,15.353092201419289,15.334277491034314,0.0153530922014192,15.353092201419289,-526.447731260968,5.2551430169026006
0.0884782608695652,88.47826086956522,0.0101009750113181,10.1009750113181,True,15.35611802822072,15.337336118803943,0.0153561180282207,15.35611802822072,-526.447731260968,5.2551430169026006
0.0886316666666666,88.63166666666667,0.010121734850283799,10.121734850283799,True,15.376877867186456,15.358267951978751,0.0153768778671864,15.376877867186456,-526.447731260968,5.2551430169026006
0.0888075,88.8075,0.010145529724752599,10.145529724752599,True,15.400672741655214,15.382282773408448,0.0154006727416552,15.400672741655214,-526.447731260968,5.2551430169026006
0.0889833333333333,88.98333333333335,0.010169324599221298,10.169324599221298,True,15.42446761612397,15.406321973649051,0.0154244676161239,15.42446761612397,-526.447731260968,5.2551430169026006
0.0890969899665551,89.09698996655518,0.0101847053308994,10.1847053308994,True,15.439848347802007,15.42187361514684,0.015439848347802,15.439848347802007,-526.447731260968,5.2551430169026006
0.0891591666666666,89.15916666666668,0.010193145237835599,10.1931452378356,True,15.448288254738246,15.43038557060768,0.0154482882547382,15.448288254738246,-526.447731260968,5.2551430169026006
0.089335,89.33500000000001,0.0102170129723239,10.2170129723239,True,15.47215598922658,15.454473581778252,0.0154721559892265,15.47215598922658,-526.447731260968,5.2551430169026006
0.0895108333333333,89.51083333333335,0.0102408807068123,10.2408807068123,True,15.496023723714911,15.478586024246836,0.0154960237237149,15.496023723714911,-526.447731260968,5.2551430169026006
0.0896866666666666,89.68666666666668,0.0102647484413006,10.2647484413006,True,15.519891458203247,15.502722914697156,0.0155198914582032,15.519891458203247,-526.447731260968,5.2551430169026006
0.0897157190635451,89.71571906354515,0.0102686920331202,10.2686920331202,True,15.52383505002284,15.506713332905912,0.0155238350500228,15.52383505002284,-526.447731260968,5.2551430169026006
0.0898625,89.86250000000001,0.0102886775595264,10.2886775595264,True,15.543820576429098,15.526884269416122,0.015543820576429,15.543820576429098,-526.447731260968,5.2551430169026006
0.0900383333333333,90.03833333333334,0.010312618827454798,10.312618827454799,True,15.56776184435741,15.551070104299477,0.0155677618443574,15.56776184435741,-526.447731260968,5.2551430169026006
0.0902141666666666,90.21416666666669,0.010336560095383099,10.3365600953831,True,15.59170311228572,15.575280434857516,0.0155917031122857,15.59170311228572,-526.447731260968,5.2551430169026006
0.0903344481605351,90.33444816053512,0.0103529374876382,10.3529374876382,True,15.60808050454082,15.591856000993063,0.0156080805045408,15.60808050454082,-526.447731260968,5.2551430169026006
0.09039,90.39,0.0103605248111262,10.3605248111262,True,15.615667828028888,15.5995152762209,0.0156156678280288,15.615667828028888,-526.447731260968,5.2551430169026006
0.0905658333333333,90.56583333333334,0.010384540296352898,10.384540296352899,True,15.639683313255594,15.623774643146517,0.0156396833132555,15.639683313255594,-526.447731260968,5.2551430169026006
0.0907416666666666,90.74166666666667,0.0104085557815796,10.408555781579599,True,15.663698798482294,15.648058550023489,0.0156636987984822,15.663698798482294,-526.447731260968,5.2551430169026006
0.0909175,90.91750000000002,0.010432571266806398,10.432571266806399,True,15.687714283709,15.672367010879192,0.015687714283709,15.687714283709,-526.447731260968,5.2551430169026006
0.0909531772575251,90.9531772575251,0.0104374441008406,10.437444100840601,True,15.692587117743251,15.677302288514802,0.0156925871177432,15.692587117743251,-526.447731260968,5.2551430169026006
0.0910933333333333,91.09333333333336,0.010456646463959798,10.456646463959798,True,15.711789480862398,15.696700039385426,0.0157117894808624,15.711789480862398,-526.447731260968,5.2551430169026006
0.0912691666666666,91.26916666666668,0.010480736861009199,10.480736861009198,True,15.735879877911866,15.721057648864608,0.0157358798779118,15.735879877911866,-526.447731260968,5.2551430169026006
0.091445,91.445,0.010504827258058697,10.504827258058697,True,15.759970274961336,15.74543985229609,0.0157599702749613,15.759970274961336,-526.447731260968,5.2551430169026006
0.091571906354515,91.57190635451504,0.0105222143166466,10.5222143166466,True,15.777357333549208,15.763052807922756,0.0157773573335492,15.777357333549208,-526.447731260968,5.2551430169026006
0.0916208333333333,91.62083333333337,0.0105289386961895,10.5289386961895,True,15.784081713092116,15.769846662322552,0.0157840817130921,15.784081713092116,-526.447731260968,5.2551430169026006
0.0917966666666666,91.79666666666668,0.0105531047104864,10.5531047104864,True,15.808247727389022,15.79427809125646,0.015808247727389,15.808247727389022,-526.447731260968,5.2551430169026006
0.0919725,91.9725,0.010577270724783299,10.577270724783299,True,15.832413741685931,15.81873415108663,0.0158324137416859,15.832413741685931,-526.447731260968,5.2551430169026006
0.0921483333333333,92.14833333333334,0.010601436739080199,10.6014367390802,True,15.856579755982835,15.843214853484868,0.0158565797559828,15.856579755982835,-526.447731260968,5.2551430169026006
0.092190635451505,92.19063545150502,0.0106072506173315,10.6072506173315,True,15.862393634234172,15.849108118322556,0.0158623936342341,15.862393634234172,-526.447731260968,5.2551430169026006
0.0923241666666666,92.32416666666668,0.010625660722743197,10.625660722743197,True,15.880803739645806,15.867720209812685,0.0158808037396458,15.880803739645806,-526.447731260968,5.2551430169026006
0.0925,92.5,0.010649903070853499,10.6499030708535,True,15.90504608775615,15.892250231128102,0.0159050460877561,15.90504608775615,-526.447731260968,5.2551430169026006
0.0926758333333333,92.67583333333334,0.010674145418963797,10.674145418963796,True,15.92928843586649,15.916804928192544,0.0159292884358664,15.92928843586649,-526.447731260968,5.2551430169026006
0.0928093645484949,92.80936454849495,0.010692555524375497,10.692555524375498,True,15.94769854127812,15.935468728940965,0.0159476985412781,15.94769854127812,-526.447731260968,5.2551430169026006
0.0928516666666666,92.85166666666667,0.010698406306653599,10.698406306653599,True,15.953549323556237,15.941384311477812,0.0159535493235562,15.953549323556237,-526.447731260968,5.2551430169026006
0.0930275,93.02750000000002,0.0107227257165326,10.722725716532599,True,15.97786873343525,15.965988391173129,0.0159778687334352,15.97786873343525,-526.447731260968,5.2551430169026006
0.0932033333333333,93.20333333333336,0.0107470451264116,10.7470451264116,True,16.002188143314267,15.990617177192288,0.0160021881433142,16.002188143314267,-526.447731260968,5.2551430169026006
0.0933791666666666,93.37916666666668,0.010771364536290597,10.771364536290598,True,16.026507553193284,16.015270679180862,0.0160265075531932,16.026507553193284,-526.447731260968,5.2551430169026006
0.0934280936454849,93.42809364548496,0.0107781315993353,10.7781315993353,True,16.033274616237968,16.02213510275143,0.0160332746162379,16.033274616237968,-526.447731260968,5.2551430169026006
0.093555,93.555,0.010795740098708099,10.795740098708098,True,16.05088311561078,16.039948906523538,0.0160508831156107,16.05088311561078,-526.447731260968,5.2551430169026006
0.0937308333333333,93.73083333333336,0.010820137309955399,10.820137309955399,True,16.075280326858007,16.06465186835146,0.016075280326858,16.075280326858007,-526.447731260968,5.2551430169026006
0.0939066666666666,93.90666666666668,0.010844534521202598,10.844534521202597,True,16.099677538105237,16.089379573549756,0.0160996775381052,16.099677538105237,-526.447731260968,5.2551430169026006
0.0940468227424749,94.04682274247492,0.010863981444742397,10.863981444742397,True,16.119124461645004,16.109107660257845,0.016119124461645,16.119124461645004,-526.447731260968,5.2551430169026006
0.0940825,94.0825,0.010868947671129198,10.868947671129197,True,16.12409068803189,16.11413203076503,0.0161240906880318,16.12409068803189,-526.447731260968,5.2551430169026006
0.0942583333333333,94.25833333333334,0.010893423435250998,10.893423435250998,True,16.148566452153617,16.13890924841307,0.0161485664521536,16.148566452153617,-526.447731260968,5.2551430169026006
0.0944341666666666,94.43416666666668,0.010917899199372697,10.917899199372696,True,16.17304221627534,16.163711234686502,0.0161730422162753,16.17304221627534,-526.447731260968,5.2551430169026006
0.09461,94.61,0.0109423749634944,10.9423749634944,True,16.197517980397063,16.188537997562666,0.016197517980397,16.197517980397063,-526.447731260968,5.2551430169026006
0.0946655518394648,94.66555183946488,0.010950107705025799,10.950107705025799,True,16.205250721928454,16.196386783436708,0.0162052507219284,16.205250721928454,-526.447731260968,5.2551430169026006
0.0947858333333333,94.78583333333334,0.0109669049853263,10.9669049853263,True,16.222048002228956,16.213389544811427,0.0162220480022289,16.222048002228956,-526.447731260968,5.2551430169026006
0.0949616666666666,94.96166666666667,0.010991460066005598,10.991460066005597,True,16.24660308290829,16.238265884003223,0.0162466030829082,16.24660308290829,-526.447731260968,5.2551430169026006
0.0951375,95.13750000000002,0.011016015146684998,11.016015146684998,True,16.271158163587625,16.263167022517077,0.0162711581635876,16.271158163587625,-526.447731260968,5.2551430169026006
0.0952842809364548,95.28428093645483,0.0110365130674632,11.036513067463199,True,16.291656084365844,16.283972819837576,0.0162916560843658,16.291656084365844,-526.447731260968,5.2551430169026006
0.0953133333333333,95.31333333333336,0.011040583460832299,11.040583460832298,True,16.295726477734902,16.28809296754873,0.0162957264777349,16.295726477734902,-526.447731260968,5.2551430169026006
0.0954891666666666,95.48916666666668,0.011065218634207199,11.065218634207199,True,16.320361651109852,16.313043726118906,0.0163203616511098,16.320361651109852,-526.447731260968,5.2551430169026006
0.095665,95.66500000000002,0.0110898538075822,11.0898538075822,True,16.3449968244848,16.338019305081573,0.0163449968244848,16.3449968244848,-526.447731260968,5.2551430169026006
0.0958408333333333,95.84083333333336,0.011114488980957099,11.114488980957098,True,16.369631997859752,16.363019711132363,0.0163696319978597,16.369631997859752,-526.447731260968,5.2551430169026006
0.0959030100334448,95.9030100334448,0.0111232002631588,11.1232002631588,True,16.378343280061426,16.371866086841816,0.0163783432800614,16.378343280061426,-526.447731260968,5.2551430169026006
0.0960166666666666,96.01666666666668,0.0111391764352466,11.1391764352466,True,16.39431945214924,16.38804495081702,0.0163943194521492,16.39431945214924,-526.447731260968,5.2551430169026006
0.0961925,96.1925,0.011163892490196298,11.163892490196298,True,16.419035507098915,16.41309503053998,0.0164190355070989,16.419035507098915,-526.447731260968,5.2551430169026006
0.0963683333333333,96.36833333333335,0.0111886085451459,11.1886085451459,True,16.443751562048586,16.438169956572995,0.0164437515620485,16.443751562048586,-526.447731260968,5.2551430169026006
0.0965217391304347,96.52173913043478,0.011210172068050698,11.210172068050698,True,16.46531508495337,16.46006687607972,0.0164653150849533,16.46531508495337,-526.447731260968,5.2551430169026006
0.0965441666666666,96.54416666666668,0.011213335018822199,11.213335018822198,True,16.468478035724853,16.463269735063875,0.0164684780357248,16.468478035724853,-526.447731260968,5.2551430169026006
0.09672,96.72,0.011238132757261599,11.2381327572616,True,16.493275774164243,16.488394372045253,0.0164932757741642,16.493275774164243,-526.447731260968,5.2551430169026006
0.0968958333333333,96.89583333333334,0.011262930495700998,11.262930495701,True,16.518073512603635,16.51354387344353,0.0165180735126036,16.518073512603635,-526.447731260968,5.2551430169026006
0.0970716666666666,97.07166666666669,0.011287728234140398,11.287728234140399,True,16.542871251043024,16.538718245087807,0.016542871251043,16.542871251043024,-526.447731260968,5.2551430169026006
0.0971404682274247,97.14046822742476,0.011297431303948297,11.297431303948297,True,16.552574320850994,16.548575458005892,0.0165525743208509,16.552574320850994,-526.447731260968,5.2551430169026006
0.0972475,97.24750000000002,0.0113125761905143,11.3125761905143,True,16.56771920741696,16.563917492718954,0.0165677192074169,16.56771920741696,-526.447731260968,5.2551430169026006
0.0974233333333333,97.42333333333336,0.011337456427697897,11.337456427697898,True,16.592599444600527,16.589141621998763,0.0165925994446005,16.592599444600527,-526.447731260968,5.2551430169026006
0.0975991666666666,97.59916666666668,0.011362336664881397,11.362336664881397,True,16.617479681784094,16.614390638519144,0.016617479681784,16.617479681784094,-526.447731260968,5.2551430169026006
0.0977591973244147,97.75919732441471,0.011384980839600399,11.384980839600399,True,16.64012385650303,16.637392086632985,0.016640123856503,16.64012385650303,-526.447731260968,5.2551430169026006
0.097775,97.77500000000002,0.011387224390973998,11.387224390973998,True,16.642367407876666,16.63966454781146,0.0166423674078766,16.642367407876666,-526.447731260968,5.2551430169026006
0.0979508333333333,97.95083333333336,0.011412187955808398,11.412187955808399,True,16.667330972711056,16.664963355355898,0.016667330972711,16.667330972711056,-526.447731260968,5.2551430169026006
0.0981266666666666,98.12666666666668,0.0114371515206428,11.4371515206428,True,16.69229453754545,16.69028706659096,0.0166922945375454,16.69229453754545,-526.447731260968,5.2551430169026006
0.0983025,98.3025,0.0114621150854772,11.4621150854772,True,16.717258102379844,16.715635686922997,0.0167172581023798,16.717258102379844,-526.447731260968,5.2551430169026006
0.0983779264214047,98.3779264214047,0.011472823591795498,11.472823591795498,True,16.72796660869811,16.726517004423773,0.0167279666086981,16.72796660869811,-526.447731260968,5.2551430169026006
0.0984783333333333,98.47833333333335,0.011487126714595099,11.4871267145951,True,16.74226973149775,16.74100922173587,0.0167422697314977,16.74226973149775,-526.447731260968,5.2551430169026006
0.0986541666666666,98.65416666666668,0.011512174449961398,11.512174449961398,True,16.76731746686405,16.766407676400657,0.016767317466864,16.76731746686405,-526.447731260968,5.2551430169026006
0.09883,98.83,0.011537222185327697,11.537222185327698,True,16.79236520223035,16.79183105628548,0.0167923652022303,16.79236520223035,-526.447731260968,5.2551430169026006
0.0989966555183946,98.99665551839465,0.0115609625264959,11.5609625264959,True,16.816105543398596,16.815950447341468,0.0168161055433985,16.816105543398596,-526.447731260968,5.2551430169026006
0.0990058333333333,99.00583333333334,0.011562274358809698,11.562274358809699,True,16.81741737571234,16.817279366765376,0.0168174173757123,16.81741737571234,-526.447731260968,5.2551430169026006
0.0991816666666666,99.18166666666669,0.011587407121895498,11.587407121895499,True,16.84255013879812,16.842752613232285,0.0168425501387981,16.84255013879812,-526.447731260968,5.2551430169026006
0.0993575,99.35750000000002,0.011612539884981298,11.612539884981299,True,16.867682901883907,16.868250801105102,0.0168676829018839,16.867682901883907,-526.447731260968,5.2551430169026006
0.0995333333333333,99.53333333333336,0.011637672648066998,11.637672648066998,True,16.892815664969692,16.89377393583981,0.0168928156649696,16.892815664969692,-526.447731260968,5.2551430169026006
0.0996153846153846,99.6153846153846,0.011649400660006498,11.649400660006497,True,16.904543676909103,16.905692650058466,0.0169045436769091,16.904543676909103,-526.447731260968,5.2551430169026006
0.0997091666666666,99.70916666666666,0.011662851226337,11.662851226336999,True,16.917994243239654,16.919322022939717,0.0169179942432396,16.917994243239654,-526.447731260968,5.2551430169026006
0.099885,99.885,0.011688069888978598,11.688069888978598,True,16.943212905881282,16.944895067965767,0.0169432129058812,16.943212905881282,-526.447731260968,5.2551430169026006
0.1000608333333333,100.06083333333332,0.0117132885516203,11.7132885516203,True,16.968431568522913,16.9704930765469,0.0169684315685229,16.968431568522913,-526.447731260968,5.2551430169026006
0.1002341137123745,100.23411371237458,0.0117381410601783,11.7381410601783,True,16.99328407708095,16.9957438513233,0.0169932840770809,16.99328407708095,-526.447731260968,5.2551430169026006
0.1002366666666666,100.23666666666666,0.011738508474328398,11.738508474328398,True,16.993651491231066,16.996116054390576,0.016993651491231,16.993651491231066,-526.447731260968,5.2551430169026006
0.1004125,100.4125,0.011763813923363897,11.763813923363898,True,17.01895694026657,17.02176400729328,0.0170189569402665,17.01895694026657,-526.447731260968,5.2551430169026006
0.1005883333333333,100.58833333333334,0.0117891193723994,11.7891193723994,True,17.044262389302073,17.047436941151215,0.017044262389302,17.044262389302073,-526.447731260968,5.2551430169026006
0.1007641666666666,100.76416666666668,0.0118144248214349,11.8144248214349,True,17.06956783833758,17.07313486197097,0.0170695678383375,17.06956783833758,-526.447731260968,5.2551430169026006
0.1008528428093645,100.85284280936456,0.0118271868476513,11.8271868476513,True,17.08232986455392,17.086104299486006,0.0170823298645539,17.08232986455392,-526.447731260968,5.2551430169026006
0.10094,100.94,0.011839773736016298,11.839773736016298,True,17.094916752918905,17.098857775880386,0.0170949167529189,17.094916752918905,-526.447731260968,5.2551430169026006
0.1011158333333333,101.11583333333334,0.011865166873649198,11.865166873649198,True,17.120309890551887,17.1246056891394,0.0171203098905518,17.120309890551887,-526.447731260968,5.2551430169026006
0.1012916666666666,101.29166666666669,0.011890560011282199,11.890560011282199,True,17.145703028184865,17.150378608151044,0.0171457030281848,17.145703028184865,-526.447731260968,5.2551430169026006
0.1014675,101.4675,0.0119159531489152,11.9159531489152,True,17.171096165817847,17.176176539472507,0.0171710961658178,17.171096165817847,-526.447731260968,5.2551430169026006
0.1014715719063545,101.47157190635453,0.0119165411971341,11.9165411971341,True,17.171684214036738,17.176774258181744,0.0171716842140367,17.171684214036738,-526.447731260968,5.2551430169026006
0.1016433333333333,101.64333333333332,0.011941432841161,11.941432841161001,True,17.196575858063635,17.201999489826257,0.0171965758580636,17.196575858063635,-526.447731260968,5.2551430169026006
0.1018191666666666,101.81916666666667,0.0119669145853359,11.9669145853359,True,17.22205760223857,17.227847466111275,0.0172220576022385,17.22205760223857,-526.447731260968,5.2551430169026006
0.101995,101.995,0.0119923963295109,11.9923963295109,True,17.247539346413504,17.253720475414383,0.0172475393464135,17.247539346413504,-526.447731260968,5.2551430169026006
0.1020903010033444,102.09030100334448,0.012006207338725098,12.006207338725098,True,17.261350355627755,17.26775401217277,0.0172613503556277,17.261350355627755,-526.447731260968,5.2551430169026006
0.1021708333333333,102.17083333333332,0.012017919083624998,12.017919083624998,True,17.273062100527678,17.279618525021593,0.0172730621005276,17.273062100527678,-526.447731260968,5.2551430169026006
0.1023466666666666,102.34666666666666,0.012043490368414497,12.043490368414497,True,17.298633385317135,17.305541622429622,0.0172986333853171,17.298633385317135,-526.447731260968,5.2551430169026006
0.1025225,102.5225,0.0120690616532039,12.0690616532039,True,17.324204670106596,17.331489775357433,0.0173242046701065,17.324204670106596,-526.447731260968,5.2551430169026006
0.1026983333333333,102.69833333333334,0.0120946329379934,12.0946329379934,True,17.34977595489605,17.35746299175787,0.017349775954896,17.34977595489605,-526.447731260968,5.2551430169026006
0.1027090301003344,102.70903010033445,0.012096188559274797,12.096188559274797,True,17.351331576177444,17.359043873348725,0.0173513315761774,17.351331576177444,-526.447731260968,5.2551430169026006
0.1028741666666666,102.87416666666668,0.012120289208992198,12.120289208992197,True,17.375432225894848,17.38346127982941,0.0173754322258948,17.375432225894848,-526.447731260968,5.2551430169026006
0.10305,103.05,0.012145950984996299,12.145950984996299,True,17.401094001898986,17.40948464802794,0.0174010940018989,17.401094001898986,-526.447731260968,5.2551430169026006
0.1032258333333333,103.22583333333334,0.0121716127610005,12.171612761000501,True,17.42675577790312,17.435533105078665,0.0174267557779031,17.42675577790312,-526.447731260968,5.2551430169026006
0.1033277591973244,103.3277591973244,0.0121864882037916,12.186488203791601,True,17.441631220694216,17.45064418688522,0.0174416312206942,17.441631220694216,-526.447731260968,5.2551430169026006
0.1034016666666666,103.40166666666669,0.012197312979574,12.197312979574,True,17.45245599647664,17.461606659988078,0.0174524559964766,17.45245599647664,-526.447731260968,5.2551430169026006
0.1035775,103.5775,0.0122230662143329,12.2230662143329,True,17.478209231235567,17.487705322056037,0.0174782092312355,17.478209231235567,-526.447731260968,5.2551430169026006
0.1037533333333333,103.75333333333332,0.0122488194490918,12.2488194490918,True,17.503962465994494,17.51382910088787,0.0175039624659944,17.503962465994494,-526.447731260968,5.2551430169026006
0.1039291666666666,103.92916666666667,0.0122745726838508,12.2745726838508,True,17.529715700753417,17.53997800640665,0.0175297157007534,17.529715700753417,-526.447731260968,5.2551430169026006
0.1039464882943143,103.94648829431438,0.0122771096768928,12.2771096768928,True,17.532252693795417,17.542555337560795,0.0175322526937954,17.532252693795417,-526.447731260968,5.2551430169026006
0.104105,104.105,0.012300409255494797,12.300409255494797,True,17.55555227239749,17.56615204886545,0.0175555522723974,17.55555227239749,-526.447731260968,5.2551430169026006
0.1042808333333333,104.28083333333332,0.012326254933914298,12.326254933914297,True,17.581397950816914,17.592351238859788,0.0175813979508169,17.581397950816914,-526.447731260968,5.2551430169026006
0.1044566666666666,104.45666666666666,0.012352100612333699,12.352100612333698,True,17.607243629236336,17.618575587340057,0.0176072436292363,17.607243629236336,-526.447731260968,5.2551430169026006
0.1045652173913043,104.56521739130436,0.0123680564443025,12.3680564443025,True,17.623199461205136,17.634777756232115,0.0176231994612051,17.623199461205136,-526.447731260968,5.2551430169026006
0.1046325,104.6325,0.0123779820479984,12.3779820479984,True,17.633125064901076,17.644825105624108,0.017633125064901,17.633125064901076,-526.447731260968,5.2551430169026006
0.1048083333333333,104.80833333333334,0.012403921172789198,12.403921172789198,True,17.65906418969182,17.6710998054099,0.0176590641896918,17.65906418969182,-526.447731260968,5.2551430169026006
0.1049841666666666,104.98416666666668,0.012429860297579899,12.4298602975799,True,17.685003314482564,17.697399698788203,0.0176850033144825,17.685003314482564,-526.447731260968,5.2551430169026006
0.10516,105.16,0.012455799422370697,12.455799422370697,True,17.710942439273303,17.723724798255432,0.0177109424392733,17.710942439273303,-526.447731260968,5.2551430169026006
0.1051839464882943,105.18394648829432,0.012459332034398099,12.459332034398098,True,17.71447505130079,17.727311926467554,0.0177144750513007,17.71447505130079,-526.447731260968,5.2551430169026006
0.1053358333333333,105.33583333333334,0.0124818201491315,12.481820149131499,True,17.736963166034148,17.750075116726517,0.0177369631660341,17.736963166034148,-526.447731260968,5.2551430169026006
0.1055116666666666,105.51166666666668,0.012507853741263397,12.507853741263396,True,17.762996758166057,17.7764506675479,0.017762996758166,17.762996758166057,-526.447731260968,5.2551430169026006
0.1056875,105.6875,0.012533887333395298,12.533887333395297,True,17.78903035029797,17.802851464510564,0.0177890303502979,17.78903035029797,-526.447731260968,5.2551430169026006
0.1058026755852842,105.80267558528428,0.012550940039807699,12.5509400398077,True,17.80608305671036,17.820158391339085,0.0178060830567103,17.80608305671036,-526.447731260968,5.2551430169026006
0.1058633333333333,105.86333333333334,0.012559953872874598,12.559953872874598,True,17.815096889777216,17.82927752186322,0.0178150968897772,17.815096889777216,-526.447731260968,5.2551430169026006
0.1060391666666666,106.03916666666667,0.012586082972045397,12.586082972045398,True,17.841225988948096,17.855728854325495,0.017841225988948,17.841225988948096,-526.447731260968,5.2551430169026006
0.106215,106.215,0.012612212071216298,12.612212071216298,True,17.867355088118977,17.882205477101262,0.0178673550881189,17.867355088118977,-526.447731260968,5.2551430169026006
0.1063908333333333,106.39083333333332,0.012638341170387198,12.638341170387198,True,17.893484187289854,17.908707405892027,0.0178934841872898,17.893484187289854,-526.447731260968,5.2551430169026006
0.1064214046822742,106.42140468227424,0.0126428841190598,12.6428841190598,True,17.898027135962447,17.91331776037246,0.0178980271359624,17.898027135962447,-526.447731260968,5.2551430169026006
0.1065666666666666,106.56666666666668,0.012664550046021,12.664550046020999,True,17.9196930629237,17.9352346569104,0.0179196930629236,17.9196930629237,-526.447731260968,5.2551430169026006
0.1067425,106.7425,0.012690775711141099,12.690775711141098,True,17.94591872804377,17.96178724689367,0.0179459187280437,17.94591872804377,-526.447731260968,5.2551430169026006
0.1069183333333333,106.91833333333334,0.012717001376261198,12.717001376261198,True,17.97214439316385,17.98836519311743,0.0179721443931638,17.97214439316385,-526.447731260968,5.2551430169026006
0.1070401337792642,107.0401337792642,0.012735167998288499,12.7351679982885,True,17.9903110151911,18.006790716655747,0.0179903110151911,17.9903110151911,-526.447731260968,5.2551430169026006
0.1070941666666666,107.09416666666668,0.012743257047172,12.743257047172,True,17.99840006407462,18.01496851340933,0.0179984000640746,17.99840006407462,-526.447731260968,5.2551430169026006
0.10727,107.27,0.0127695803568647,12.7695803568647,True,18.0247233737673,18.041597226162843,0.0180247233737673,18.0247233737673,-526.447731260968,5.2551430169026006
0.1074458333333333,107.44583333333334,0.0127959036665573,12.7959036665573,True,18.051046683459983,18.068251350351208,0.0180510466834599,18.051046683459983,-526.447731260968,5.2551430169026006
0.1076216666666666,107.62166666666668,0.01282222697625,12.82222697625,True,18.077369993152672,18.09493090554137,0.0180773699931526,18.077369993152672,-526.447731260968,5.2551430169026006
0.1076588628762541,107.65886287625416,0.012827795472995198,12.827795472995199,True,18.082938489897877,18.100578024106145,0.0180829384898978,18.082938489897877,-526.447731260968,5.2551430169026006
0.1077975,107.7975,0.0128486281409457,12.848628140945701,True,18.10377115784831,18.12163591190808,0.0181037711578483,18.10377115784831,-526.447731260968,5.2551430169026006
0.1079733333333333,107.97333333333334,0.0128750501940652,12.875050194065201,True,18.130193210967843,18.14836639024798,0.0181301932109678,18.130193210967843,-526.447731260968,5.2551430169026006
0.1081491666666666,108.14916666666667,0.0129014722471847,12.901472247184701,True,18.15661526408737,18.17512236199388,0.0181566152640873,18.15661526408737,-526.447731260968,5.2551430169026006
0.1082775919732441,108.27759197324414,0.012920770409870698,12.920770409870698,True,18.17591342677334,18.19468053489517,0.0181759134267733,18.17591342677334,-526.447731260968,5.2551430169026006
0.108325,108.325,0.012927921225290098,12.927921225290097,True,18.183064242192756,18.201903849229065,0.0181830642421927,18.183064242192756,-526.447731260968,5.2551430169026006
0.1085008333333333,108.50083333333332,0.012954443141456797,12.954443141456798,True,18.209586158359446,18.228710874701644,0.0182095861583594,18.209586158359446,-526.447731260968,5.2551430169026006
0.1086766666666666,108.67666666666668,0.0129809650576235,12.9809650576235,True,18.236108074526136,18.25554346183909,0.0182361080745261,18.236108074526136,-526.447731260968,5.2551430169026006
0.1088525,108.8525,0.0130074869737902,13.0074869737902,True,18.26262999069283,18.28240163476276,0.0182626299906928,18.26262999069283,-526.447731260968,5.2551430169026006
0.1088963210702341,108.89632107023412,0.0130140967486779,13.0140967486779,True,18.269239765580508,18.289099197032105,0.0182692397655805,18.269239765580508,-526.447731260968,5.2551430169026006
0.1090283333333333,109.02833333333334,0.013034084721795298,13.034084721795299,True,18.289227738697964,18.309285418302537,0.0182892277386979,18.289227738697964,-526.447731260968,5.2551430169026006
0.1092041666666666,109.20416666666668,0.0130607076419492,13.0607076419492,True,18.315850658851804,18.336194838011583,0.0183158506588518,18.315850658851804,-526.447731260968,5.2551430169026006
0.10938,109.38,0.013087330562102997,13.087330562102997,True,18.34247357900565,18.363129920181148,0.0183424735790056,18.34247357900565,-526.447731260968,5.2551430169026006
0.109515050167224,109.51505016722408,0.0131077785042003,13.1077785042003,True,18.36292152110292,18.383835062105817,0.0183629215211029,18.36292152110292,-526.447731260968,5.2551430169026006
0.1095558333333333,109.55583333333334,0.013113977179051398,13.113977179051398,True,18.36912019595402,18.39009069185542,0.018369120195954,18.36912019595402,-526.447731260968,5.2551430169026006
0.1097316666666666,109.73166666666668,0.0131407022660248,13.1407022660248,True,18.3958452829274,18.417077180846565,0.0183958452829274,18.3958452829274,-526.447731260968,5.2551430169026006
0.1099075,109.9075,0.013167427352998098,13.167427352998098,True,18.42257036990078,18.44408941574974,0.0184225703699007,18.42257036990078,-526.447731260968,5.2551430169026006
0.1100833333333333,110.08333333333334,0.013194152439971497,13.194152439971498,True,18.449295456874157,18.47112742595827,0.0184492954568741,18.449295456874157,-526.447731260968,5.2551430169026006
0.110133779264214,110.13377926421404,0.013201819768257197,13.201819768257197,True,18.45696278515988,18.47888929318485,0.0184569627851598,18.45696278515988,-526.447731260968,5.2551430169026006
0.1102591666666666,110.25916666666669,0.0132209512277373,13.220951227737299,True,18.47609424463991,18.498191241678843,0.0184760942446399,18.47609424463991,-526.447731260968,5.2551430169026006
0.110435,110.435,0.0132477796668476,13.247779666847599,True,18.50292268375026,18.525280893946867,0.0185029226837502,18.50292268375026,-526.447731260968,5.2551430169026006
0.1106108333333333,110.61083333333332,0.013274608105958,13.274608105958,True,18.52975112286061,18.55239641464181,0.0185297511228606,18.52975112286061,-526.447731260968,5.2551430169026006
0.110752508361204,110.752508361204,0.0132962247117893,13.2962247117893,True,18.551367728692,18.57426317287589,0.0185513677286919,18.551367728692,-526.447731260968,5.2551430169026006
0.1107866666666666,110.78666666666668,0.013301456857549698,13.301456857549697,True,18.55659987445232,18.579537836502727,0.0185565998744523,18.55659987445232,-526.447731260968,5.2551430169026006
0.1109625,110.9625,0.013328389857212897,13.328389857212898,True,18.58353287411556,18.606705193143785,0.0185835328741155,18.58353287411556,-526.447731260968,5.2551430169026006
0.1111383333333333,111.13833333333334,0.013355322856876198,13.355322856876198,True,18.610465873778804,18.63389851906993,0.0186104658737788,18.610465873778804,-526.447731260968,5.2551430169026006
0.1113141666666666,111.31416666666668,0.013382255856539398,13.382255856539398,True,18.637398873442045,18.66111784969261,0.018637398873442,18.637398873442045,-526.447731260968,5.2551430169026006
0.1113712374581939,111.37123745819396,0.013390997587017,13.390997587016999,True,18.64614060391969,18.66995811154051,0.0186461406039196,18.64614060391969,-526.447731260968,5.2551430169026006
0.11149,111.49,0.0134092603114268,13.4092603114268,True,18.664403328329445,18.688363221345583,0.0186644033283294,18.664403328329445,-526.447731260968,5.2551430169026006
0.1116658333333333,111.66583333333334,0.013436299103792498,13.436299103792498,True,18.691442120695143,18.71563467130081,0.0186914421206951,18.691442120695143,-526.447731260968,5.2551430169026006
0.1118416666666666,111.84166666666668,0.013463337896158199,13.4633378961582,True,18.71848091306084,18.742932237784427,0.0187184809130608,18.71848091306084,-526.447731260968,5.2551430169026006
0.1119899665551839,111.98996655518395,0.013486142729675597,13.486142729675597,True,18.741285746578235,18.765975655670204,0.0187412857465782,18.741285746578235,-526.447731260968,5.2551430169026006
0.1120175,112.0175,0.013490393451184197,13.490393451184197,True,18.745536468086836,18.77025595999285,0.0187455364680868,18.745536468086836,-526.447731260968,5.2551430169026006
0.1121933333333333,112.19333333333336,0.013517539292793299,13.517539292793298,True,18.77268230969591,18.797605878108858,0.0187726823096959,18.77268230969591,-526.447731260968,5.2551430169026006
0.1123691666666666,112.36916666666669,0.013544685134402299,13.544685134402298,True,18.799828151304983,18.82498203331785,0.0187998281513049,18.799828151304983,-526.447731260968,5.2551430169026006
0.112545,112.54500000000002,0.0135718309760114,13.5718309760114,True,18.82697399291406,18.852384467824184,0.018826973992914,18.82697399291406,-526.447731260968,5.2551430169026006
0.1126086956521739,112.6086956521739,0.0135816645613295,13.5816645613295,True,18.83680757823216,18.862317496419838,0.0188368075782321,18.83680757823216,-526.447731260968,5.2551430169026006
0.1127208333333333,112.72083333333336,0.013599045905607898,13.599045905607898,True,18.8541889225105,18.87981322486751,0.0188541889225105,18.8541889225105,-526.447731260968,5.2551430169026006
0.1128966666666666,112.89666666666668,0.013626300078074,13.626300078074,True,18.881443094976664,18.907268348739315,0.0188814430949766,18.881443094976664,-526.447731260968,5.2551430169026006
0.1130725,113.0725,0.013653554250540198,13.653554250540198,True,18.908697267442815,18.93474988479944,0.0189086972674428,18.908697267442815,-526.447731260968,5.2551430169026006
0.1132274247491638,113.22742474916387,0.013677567591770398,13.677567591770398,True,18.93271060867309,18.958985478299333,0.018932710608673,18.93271060867309,-526.447731260968,5.2551430169026006
0.1132483333333333,113.24833333333336,0.013680821460241799,13.680821460241798,True,18.935964477144456,18.962257879492743,0.0189359644771444,18.935964477144456,-526.447731260968,5.2551430169026006
0.1134241666666666,113.42416666666668,0.013708185270957598,13.708185270957598,True,18.96332828786023,18.989792380365824,0.0189633282878602,18.96332828786023,-526.447731260968,5.2551430169026006
0.1136,113.60000000000002,0.0137355490816734,13.735549081673401,True,18.99069209857601,19.017353436083845,0.018990692098576,18.99069209857601,-526.447731260968,5.2551430169026006
0.1137758333333333,113.77583333333334,0.013762912892389099,13.7629128923891,True,19.01805590929178,19.04494109644741,0.0190180559092917,19.01805590929178,-526.447731260968,5.2551430169026006
0.1138461538461538,113.84615384615384,0.013773856421501498,13.773856421501497,True,19.028999438404146,19.0559816080237,0.0190289994384041,19.028999438404146,-526.447731260968,5.2551430169026006
0.1139516666666666,113.95166666666668,0.0137903432944879,13.790343294487899,True,19.04548631139054,19.072555412409557,0.0190454863113905,19.04548631139054,-526.447731260968,5.2551430169026006
0.1141275,114.1275,0.013817818077356499,13.817818077356499,True,19.07296109425912,19.100196436092816,0.0190729610942591,19.07296109425912,-526.447731260968,5.2551430169026006
0.1143033333333333,114.30333333333336,0.013845292860225098,13.845292860225099,True,19.1004358771277,19.127864220806373,0.0191004358771277,19.1004358771277,-526.447731260968,5.2551430169026006
0.1144648829431438,114.4648829431438,0.0138705357443125,13.8705357443125,True,19.12567876121517,19.153308063521376,0.0191256787612151,19.12567876121517,-526.447731260968,5.2551430169026006
0.1144791666666666,114.47916666666669,0.013872776768429199,13.8727767684292,True,19.1279197853318,19.15555882106325,0.0191279197853318,19.1279197853318,-526.447731260968,5.2551430169026006
0.114655,114.65500000000002,0.0139003638846231,13.900363884623099,True,19.15550690152579,19.18328029259768,0.0191555069015257,19.15550690152579,-526.447731260968,5.2551430169026006
0.1148308333333333,114.83083333333336,0.013927951000817097,13.927951000817098,True,19.18309401771977,19.21102869238245,0.0191830940177197,19.18309401771977,-526.447731260968,5.2551430169026006
0.1150066666666666,115.00666666666667,0.013955538117011099,13.955538117011098,True,19.210681133913763,19.238804078646425,0.0192106811339137,19.210681133913763,-526.447731260968,5.2551430169026006
0.1150836120401337,115.08361204013376,0.013967610349949998,13.967610349949998,True,19.22275336685268,19.250967203100934,0.0192227533668526,19.22275336685268,-526.447731260968,5.2551430169026006
0.1151825,115.1825,0.013983189190312498,13.983189190312498,True,19.23833220721517,19.26660651089207,0.0192383322072151,19.23833220721517,-526.447731260968,5.2551430169026006
0.1153583333333333,115.35833333333336,0.0140108900290608,14.0108900290608,True,19.26603304596348,19.294436049913127,0.0192660330459634,19.26603304596348,-526.447731260968,5.2551430169026006
0.1155341666666666,115.53416666666668,0.014038590867809099,14.038590867809098,True,19.293733884711795,19.32229275781233,0.0192937338847117,19.293733884711795,-526.447731260968,5.2551430169026006
0.1157023411371237,115.70234113712374,0.014065085126886197,14.065085126886197,True,19.32022814378884,19.34896157477604,0.0193202281437888,19.32022814378884,-526.447731260968,5.2551430169026006
0.11571,115.71000000000002,0.0140662967217982,14.0662967217982,True,19.32143973870084,19.35017669801923,0.0193214397387008,19.32143973870084,-526.447731260968,5.2551430169026006
0.1158858333333333,115.88583333333334,0.014094112701202397,14.094112701202397,True,19.349255718105077,19.378087935308063,0.019349255718105,19.349255718105077,-526.447731260968,5.2551430169026006
0.1160616666666666,116.06166666666668,0.014121928680606698,14.121928680606699,True,19.377071697509315,19.40602653581577,0.0193770716975093,19.377071697509315,-526.447731260968,5.2551430169026006
0.1162375,116.2375,0.014149744660010899,14.1497446600109,True,19.404887676913557,19.433992567060027,0.0194048876769135,19.404887676913557,-526.447731260968,5.2551430169026006
0.1163210702341137,116.32107023411372,0.014162965065191498,14.162965065191498,True,19.418108082094104,19.44729392574875,0.0194181080820941,19.418108082094104,-526.447731260968,5.2551430169026006
0.1164133333333333,116.41333333333336,0.0141776218156099,14.1776218156099,True,19.432764832512596,19.461986097957418,0.0194327648325125,19.432764832512596,-526.447731260968,5.2551430169026006
0.1165891666666666,116.58916666666669,0.014205554383491498,14.205554383491497,True,19.460697400394167,19.49000719884163,0.0194606974003941,19.460697400394167,-526.447731260968,5.2551430169026006
0.116765,116.765,0.014233486951373098,14.233486951373099,True,19.48862996827575,19.51805594148182,0.0194886299682757,19.48862996827575,-526.447731260968,5.2551430169026006
0.1169397993311036,116.93979933110369,0.0142612552595155,14.261255259515499,True,19.51639827641816,19.545967212051178,0.0195163982764181,19.51639827641816,-526.447731260968,5.2551430169026006
0.1169408333333333,116.94083333333334,0.0142614202135567,14.2614202135567,True,19.51656323045933,19.546132399100944,0.0195165632304593,19.51656323045933,-526.447731260968,5.2551430169026006
0.1171166666666666,117.11666666666667,0.014289470848336198,14.2894708483362,True,19.544613865238848,19.5742366463943,0.0195446138652388,19.544613865238848,-526.447731260968,5.2551430169026006
0.1172925,117.2925,0.0143175214831157,14.3175214831157,True,19.57266450001837,19.602368759548057,0.0195726645000183,19.57266450001837,-526.447731260968,5.2551430169026006
0.1174683333333333,117.46833333333336,0.014345572117895198,14.345572117895198,True,19.600715134797888,19.63052881625791,0.0196007151347978,19.600715134797888,-526.447731260968,5.2551430169026006
0.1175585284280936,117.55852842809364,0.014359960912181599,14.359960912181599,True,19.615103929084288,19.644984608345407,0.0196151039290842,19.615103929084288,-526.447731260968,5.2551430169026006
0.1176441666666666,117.64416666666668,0.014373680991627398,14.373680991627397,True,19.62882400853002,19.6587168957478,0.01962882400853,19.62882400853002,-526.447731260968,5.2551430169026006
0.11782,117.82000000000002,0.014401851203237698,14.401851203237698,True,19.656994220140398,19.68693307878876,0.0196569942201403,19.656994220140398,-526.447731260968,5.2551430169026006
0.1179958333333333,117.99583333333334,0.014430021414848098,14.430021414848097,True,19.68516443175076,19.715177447717767,0.0196851644317507,19.68516443175076,-526.447731260968,5.2551430169026006
0.1181716666666666,118.1716666666667,0.014458191626458498,14.458191626458499,True,19.71333464336113,19.743450086456765,0.0197133346433611,19.71333464336113,-526.447731260968,5.2551430169026006
0.1181772575250836,118.1772575250836,0.0144590873363998,14.459087336399799,True,19.71423035330248,19.744349517881798,0.0197142303533024,19.71423035330248,-526.447731260968,5.2551430169026006
0.1183475,118.3475,0.0144864791061439,14.4864791061439,True,19.74162212304659,19.771751080531693,0.0197416221230465,19.74162212304659,-526.447731260968,5.2551430169026006
0.1185233333333333,118.52333333333335,0.0145147704369788,14.5147704369788,True,19.769913453881458,19.800080517091665,0.0197699134538814,19.769913453881458,-526.447731260968,5.2551430169026006
0.1186991666666666,118.69916666666668,0.014543061767813698,14.543061767813697,True,19.79820478471632,19.828438484928174,0.0197982047847163,19.79820478471632,-526.447731260968,5.2551430169026006
0.1187959866220735,118.79598662207356,0.0145586399596042,14.5586399596042,True,19.81378297650684,19.84406558261552,0.0198137829765068,19.81378297650684,-526.447731260968,5.2551430169026006
0.118875,118.87500000000004,0.014571408233538499,14.571408233538499,True,19.826551250441177,19.85682507449444,0.0198265512504411,19.826551250441177,-526.447731260968,5.2551430169026006
0.1190508333333333,119.05083333333334,0.0145998222594378,14.599822259437799,True,19.854965276340405,19.885240377924724,0.0198549652763404,19.854965276340405,-526.447731260968,5.2551430169026006
0.1192266666666666,119.22666666666667,0.014628236285337,14.628236285337,True,19.883379302239632,19.91368448905396,0.0198833793022396,19.883379302239632,-526.447731260968,5.2551430169026006
0.1194025,119.4025,0.0146566503112362,14.6566503112362,True,19.911793328138856,19.94215750343714,0.0199117933281388,19.911793328138856,-526.447731260968,5.2551430169026006
0.1194147157190635,119.41471571906354,0.014658624326920697,14.658624326920698,True,19.913767343823302,19.944136693481497,0.0199137673438233,19.913767343823302,-526.447731260968,5.2551430169026006
0.1195783333333333,119.57833333333336,0.014685180006607599,14.685180006607599,True,19.94032302351023,19.970659518369125,0.0199403230235102,19.94032302351023,-526.447731260968,5.2551430169026006
0.1197541666666666,119.75416666666668,0.014713718337881498,14.713718337881497,True,19.96886135478417,19.999190632904245,0.0199688613547841,19.96886135478417,-526.447731260968,5.2551430169026006
0.11993,119.93000000000002,0.0147422566691555,14.7422566691555,True,19.99739968605812,20.02775094787621,0.0199973996860581,19.99739968605812,-526.447731260968,5.2551430169026006
0.1200334448160535,120.03344481605352,0.0147590461047712,14.7590461047712,True,20.014189121673887,20.04456700082763,0.0200141891216738,20.014189121673887,-526.447731260968,5.2551430169026006
0.1201058333333333,120.10583333333334,0.014770846853067,14.770846853066999,True,20.025989869969603,20.05634056591795,0.0200259898699696,20.025989869969603,-526.447731260968,5.2551430169026006
0.1202816666666666,120.2816666666667,0.0147995111355614,14.799511135561401,True,20.054654152464057,20.084959591481613,0.020054654152464,20.054654152464057,-526.447731260968,5.2551430169026006
0.1204575,120.4575,0.014828175418055898,14.828175418055897,True,20.083318434958507,20.11360813085864,0.0200833184349585,20.083318434958507,-526.447731260968,5.2551430169026006
0.1206333333333333,120.63333333333335,0.014856839700550298,14.856839700550298,True,20.11198271745296,20.142286292199906,0.0201119827174529,20.11198271745296,-526.447731260968,5.2551430169026006
0.1206521739130434,120.65217391304348,0.0148599110846214,14.8599110846214,True,20.115054101524063,20.14536092500631,0.020115054101524,20.115054101524063,-526.447731260968,5.2551430169026006
0.1208091666666666,120.80916666666668,0.014885617940774597,14.885617940774598,True,20.14076095767721,20.17099418553593,0.0201407609576772,20.14076095767721,-526.447731260968,5.2551430169026006
0.120985,120.98500000000004,0.014914409856978398,14.914409856978398,True,20.16955287388104,20.19973192279725,0.020169552873881,20.16955287388104,-526.447731260968,5.2551430169026006
0.1211608333333333,121.16083333333334,0.014943201773182199,14.9432017731822,True,20.198344790084867,20.228499617834736,0.0201983447900848,20.198344790084867,-526.447731260968,5.2551430169026006
0.1212709030100334,121.27090301003344,0.0149612251868778,14.9612251868778,True,20.216368203780405,20.246523167124327,0.0202163682037804,20.216368203780405,-526.447731260968,5.2551430169026006
0.1213366666666666,121.33666666666667,0.014972042069243699,14.972042069243699,True,20.227185086146303,20.25729738644015,0.0202271850861463,20.227185086146303,-526.447731260968,5.2551430169026006
0.1215125,121.5125,0.0150009633394412,15.0009633394412,True,20.256106356343874,20.286125346366664,0.0202561063563438,20.256106356343874,-526.447731260968,5.2551430169026006
0.1216883333333333,121.68833333333336,0.015029884609638798,15.029884609638797,True,20.28502762654145,20.31498361734953,0.0202850276265414,20.28502762654145,-526.447731260968,5.2551430169026006
0.1218641666666666,121.86416666666668,0.0150588058798364,15.058805879836399,True,20.31394889673902,20.343872321126785,0.020313948896739,20.31394889673902,-526.447731260968,5.2551430169026006
0.1218896321070234,121.8896321070234,0.015062994464943,15.062994464943001,True,20.318137481845696,20.348058719951013,0.0203181374818456,20.318137481845696,-526.447731260968,5.2551430169026006
0.12204,122.04,0.0150878392745455,15.0878392745455,True,20.34298229144812,20.37279158146012,0.0203429822914481,20.34298229144812,-526.447731260968,5.2551430169026006
0.1222158333333333,122.21583333333334,0.0151168916580161,15.116891658016101,True,20.37203467491875,20.401741524155717,0.0203720346749187,20.37203467491875,-526.447731260968,5.2551430169026006
0.1223916666666666,122.39166666666668,0.015145944041486697,15.145944041486697,True,20.40108705838938,20.43072227708526,0.0204010870583893,20.40108705838938,-526.447731260968,5.2551430169026006
0.1225083612040133,122.50836120401335,0.015165225109436999,15.165225109437,True,20.420368126339657,20.449972878984767,0.0204203681263396,20.420368126339657,-526.447731260968,5.2551430169026006
0.1225675,122.5675,0.015175041128100898,15.175041128100899,True,20.43018414500353,20.45973397020702,0.0204301841450035,20.43018414500353,-526.447731260968,5.2551430169026006
0.1227433333333333,122.74333333333333,0.015204226424367698,15.204226424367699,True,20.4593694412703,20.48877673558696,0.0204593694412703,20.4593694412703,-526.447731260968,5.2551430169026006
0.1229191666666666,122.91916666666668,0.015233411720634398,15.233411720634399,True,20.48855473753708,20.51785070742001,0.020488554737537,20.48855473753708,-526.447731260968,5.2551430169026006
0.123095,123.095,0.015262597016901198,15.262597016901198,True,20.51774003380385,20.546956022051337,0.0205177400338038,20.51774003380385,-526.447731260968,5.2551430169026006
0.1231270903010033,123.12709030100334,0.0152679234525907,15.2679234525907,True,20.523066469493365,20.55227125367787,0.0205230664694933,20.523066469493365,-526.447731260968,5.2551430169026006
0.1232708333333333,123.27083333333334,0.0152918924739016,15.2918924739016,True,20.54703549080424,20.5760928179978,0.0205470354908042,20.54703549080424,-526.447731260968,5.2551430169026006
0.1234466666666666,123.44666666666666,0.0153212125240321,15.3212125240321,True,20.576355540934767,20.605261235969376,0.0205763555409347,20.576355540934767,-526.447731260968,5.2551430169026006
0.1236225,123.62250000000002,0.0153505325741626,15.3505325741626,True,20.605675591065296,20.63446141889077,0.0206056755910652,20.605675591065296,-526.447731260968,5.2551430169026006
0.1237458193979933,123.74581939799332,0.015371095972823698,15.371095972823698,True,20.62623898972632,20.65495977881962,0.0206262389897263,20.62623898972632,-526.447731260968,5.2551430169026006
0.1237983333333333,123.79833333333332,0.015379893432199698,15.379893432199697,True,20.635036449102337,20.66369351192304,0.0206350364491023,20.635036449102337,-526.447731260968,5.2551430169026006
0.1239741666666666,123.97416666666668,0.0154093501201614,15.4093501201614,True,20.664493137064014,20.692957662485338,0.020664493137064,20.664493137064014,-526.447731260968,5.2551430169026006
0.12415,124.15,0.015438806808122998,15.438806808123,True,20.69394982502568,20.722254020276715,0.0206939498250256,20.69394982502568,-526.447731260968,5.2551430169026006
0.1243258333333333,124.32583333333336,0.0154682634960847,15.4682634960847,True,20.723406512987356,20.751582737298044,0.0207234065129873,20.723406512987356,-526.447731260968,5.2551430169026006
0.1243645484949832,124.36454849498328,0.0154747492995128,15.4747492995128,True,20.72989231641545,20.75804472607779,0.0207298923164154,20.72989231641545,-526.447731260968,5.2551430169026006
0.1245016666666666,124.50166666666668,0.0154978282405305,15.4978282405305,True,20.752971257433195,20.78094396787397,0.0207529712574331,20.752971257433195,-526.447731260968,5.2551430169026006
0.1246775,124.6775,0.015527423494603197,15.527423494603196,True,20.782566511505884,20.810337868675028,0.0207825665115058,20.782566511505884,-526.447731260968,5.2551430169026006
0.1248533333333333,124.85333333333332,0.015557018748675898,15.557018748675898,True,20.812161765578573,20.839764598739706,0.0208121617655785,20.812161765578573,-526.447731260968,5.2551430169026006
0.1249832775919732,124.98327759197323,0.0155788902179635,15.5788902179635,True,20.834033234866165,20.861532715698434,0.0208340332348661,20.834033234866165,-526.447731260968,5.2551430169026006
0.1250291666666666,125.02916666666668,0.015586650680996898,15.586650680996899,True,20.84179369789952,20.86922431949678,0.0208417936978995,20.84179369789952,-526.447731260968,5.2551430169026006
0.1252049999999999,125.20499999999998,0.015616386475245998,15.616386475245998,True,20.8715294921486,20.898717194787565,0.0208715294921486,20.8715294921486,-526.447731260968,5.2551430169026006
0.1253808333333333,125.38083333333331,0.015646122269494998,15.646122269494997,True,20.901265286397685,20.92824339088832,0.0209012652863976,20.901265286397685,-526.447731260968,5.2551430169026006
0.1255566666666666,125.55666666666664,0.015675858063744098,15.675858063744098,True,20.93100108064677,20.957803076532755,0.0209310010806467,20.93100108064677,-526.447731260968,5.2551430169026006
0.1256020066889632,125.6020066889632,0.015683525674593,15.683525674593,True,20.938668691495632,20.96543072836395,0.0209386686914956,20.938668691495632,-526.447731260968,5.2551430169026006
0.1257325,125.7325,0.015705699658924998,15.705699658924997,True,20.960842675827607,20.98739642293458,0.0209608426758276,20.960842675827607,-526.447731260968,5.2551430169026006
0.1259083333333333,125.90833333333332,0.0157355780147379,15.735578014737898,True,20.990721031640597,21.017023603810163,0.0209907210316405,20.990721031640597,-526.447731260968,5.2551430169026006
0.1260841666666666,126.08416666666666,0.0157654563705509,15.765456370550899,True,21.020599387453583,21.04668479540126,0.0210205993874535,21.020599387453583,-526.447731260968,5.2551430169026006
0.1262207357859531,126.22073578595317,0.015788662782337298,15.788662782337298,True,21.043805799239987,21.069746117209515,0.0210438057992399,21.043805799239987,-526.447731260968,5.2551430169026006
0.1262599999999999,126.25999999999998,0.0157953670231809,15.7953670231809,True,21.05051004008352,21.076380176497818,0.0210505100400835,21.05051004008352,-526.447731260968,5.2551430169026006
0.1264358333333333,126.43583333333332,0.015825390010871,15.825390010871,True,21.080533027773605,21.10610992846092,0.0210805330277736,21.080533027773605,-526.447731260968,5.2551430169026006
0.1266116666666666,126.61166666666664,0.015855412998561,15.855412998561,True,21.11055601546369,21.135874235245694,0.0211105560154636,21.11055601546369,-526.447731260968,5.2551430169026006
0.1267875,126.7875,0.015885435986251098,15.885435986251098,True,21.140579003153768,21.16567328342448,0.0211405790031537,21.140579003153768,-526.447731260968,5.2551430169026006
0.1268394648829431,126.83946488294316,0.0158943088262943,15.8943088262943,True,21.149451843196907,21.17448661999784,0.0211494518431969,21.149451843196907,-526.447731260968,5.2551430169026006
0.1269633333333333,126.96333333333332,0.015915562356163197,15.915562356163198,True,21.170705373065815,21.195507262209865,0.0211707053730658,21.170705373065815,-526.447731260968,5.2551430169026006
0.1271391666666666,127.13916666666668,0.015945732096643298,15.945732096643297,True,21.200875113545976,21.225376363478013,0.0212008751135459,21.200875113545976,-526.447731260968,5.2551430169026006
0.1273149999999999,127.31499999999998,0.0159759018371235,15.9759018371235,True,21.231044854026123,21.25528078179193,0.0212310448540261,21.231044854026123,-526.447731260968,5.2551430169026006
0.1274581939799331,127.4581939799331,0.0160004712696139,16.0004712696139,True,21.25561428651657,21.27966037145218,0.0212556142865165,21.25561428651657,-526.447731260968,5.2551430169026006
0.1274908333333333,127.49083333333331,0.0160060992222483,16.0060992222483,True,21.261242239150945,21.2852207144249,0.0212612422391509,21.261242239150945,-526.447731260968,5.2551430169026006
0.1276666666666666,127.66666666666666,0.0160364178887798,16.036417888779802,True,21.29156090568241,21.31519636138391,0.0212915609056824,21.29156090568241,-526.447731260968,5.2551430169026006
0.1278425,127.8425,0.016066736555311198,16.0667365553112,True,21.32187957221388,21.345207925433293,0.0213218795722138,21.32187957221388,-526.447731260968,5.2551430169026006
0.1280183333333333,128.01833333333332,0.0160970552218427,16.097055221842698,True,21.352198238745345,21.37525561211832,0.0213521982387453,21.352198238745345,-526.447731260968,5.2551430169026006
0.1280769230769231,128.0769230769231,0.0161071577596516,16.1071577596516,True,21.362300776554232,21.385275915747755,0.0213623007765542,21.362300776554232,-526.447731260968,5.2551430169026006
0.1281941666666666,128.19416666666666,0.0161274746757344,16.127474675734398,True,21.38261769263705,21.40533962978896,0.021382617692637,21.38261769263705,-526.447731260968,5.2551430169026006
0.1283699999999999,128.36999999999998,0.0161579444957536,16.157944495753597,True,21.413087512656297,21.435460189623694,0.0214130875126562,21.413087512656297,-526.447731260968,5.2551430169026006
0.1285458333333333,128.54583333333332,0.0161884143157729,16.1884143157729,True,21.443557332675542,21.46561750565342,0.0214435573326755,21.443557332675542,-526.447731260968,5.2551430169026006
0.128695652173913,128.69565217391303,0.0162143761343963,16.2143761343963,True,21.469519151298982,21.49134221916141,0.0214695191512989,21.469519151298982,-526.447731260968,5.2551430169026006
0.1287216666666666,128.72166666666666,0.016218906836755,16.218906836755,True,21.474049853657604,21.49581179478541,0.0214740498536576,21.474049853657604,-526.447731260968,5.2551430169026006
0.1288975,128.8975,0.0162495300937834,16.2495300937834,True,21.50467311068603,21.52604327682744,0.021504673110686,21.50467311068603,-526.447731260968,5.2551430169026006
0.1290733333333333,129.07333333333332,0.0162801533508118,16.280153350811798,True,21.53529636771445,21.55631217451185,0.0215352963677144,21.53529636771445,-526.447731260968,5.2551430169026006
0.1292491666666666,129.24916666666667,0.016310776607840197,16.310776607840197,True,21.56591962474288,21.58661871351988,0.0215659196247428,21.56591962474288,-526.447731260968,5.2551430169026006
0.129314381270903,129.314381270903,0.0163221344291912,16.3221344291912,True,21.5772774460938,21.59786868287968,0.0215772774460938,21.5772774460938,-526.447731260968,5.2551430169026006
0.1294249999999999,129.42499999999998,0.0163414978669473,16.3414978669473,True,21.596640883849936,21.616963122505886,0.0215966408838499,21.596640883849936,-526.447731260968,5.2551430169026006
0.1296008333333333,129.60083333333333,0.016372276902588398,16.372276902588396,True,21.62741991949109,21.647345633121844,0.021627419919491,21.62741991949109,-526.447731260968,5.2551430169026006
0.1297766666666666,129.77666666666664,0.016403055938229598,16.4030559382296,True,21.65819895513223,21.677766480041736,0.0216581989551322,21.65819895513223,-526.447731260968,5.2551430169026006
0.1299331103678929,129.933110367893,0.0164304408837606,16.4304408837606,True,21.685583900663293,21.704865155965063,0.0216855839006632,21.685583900663293,-526.447731260968,5.2551430169026006
0.1299525,129.9525,0.0164338524168633,16.4338524168633,True,21.688995433765964,21.7082259009862,0.0216889954337659,21.688995433765964,-526.447731260968,5.2551430169026006
0.1301283333333333,130.12833333333333,0.0164647896328924,16.464789632892398,True,21.71993264979507,21.738724136747123,0.021719932649795,21.71993264979507,-526.447731260968,5.2551430169026006
0.1303041666666666,130.30416666666667,0.016495726848921498,16.495726848921496,True,21.75086986582418,21.769261431212417,0.0217508698658241,21.75086986582418,-526.447731260968,5.2551430169026006
0.1304799999999999,130.48,0.0165266640649506,16.5266640649506,True,21.781807081853287,21.7998380313908,0.0217818070818532,21.781807081853287,-526.447731260968,5.2551430169026006
0.1305518394648829,130.55183946488293,0.016539303949563898,16.539303949563898,True,21.794446966466555,21.81234194848072,0.0217944469664665,21.794446966466555,-526.447731260968,5.2551430169026006
0.1306558333333333,130.65583333333333,0.016557696291663898,16.5576962916639,True,21.812839308566566,21.83045418743674,0.0218128393085665,21.812839308566566,-526.447731260968,5.2551430169026006
0.1308316666666666,130.83166666666665,0.0165887941522151,16.588794152215097,True,21.84393716911778,21.861110152675398,0.0218439371691177,21.84393716911778,-526.447731260968,5.2551430169026006
0.1310075,131.0075,0.0166198920127664,16.6198920127664,True,21.875035029669,21.89180618362771,0.021875035029669,21.875035029669,-526.447731260968,5.2551430169026006
0.1311705685618729,131.17056856187293,0.016648732297491,16.648732297491,True,21.90387531439362,21.920309844773406,0.0219038753143936,21.90387531439362,-526.447731260968,5.2551430169026006
0.1311833333333333,131.1833333333333,0.0166510017190235,16.651001719023498,True,21.906144735926123,21.92254254003557,0.0219061447359261,21.906144735926123,-526.447731260968,5.2551430169026006
0.1313591666666666,131.35916666666665,0.0166822627528804,16.6822627528804,True,21.937405769783027,21.953319484887032,0.021937405769783,21.937405769783027,-526.447731260968,5.2551430169026006
0.1315349999999999,131.535,0.016713523786737298,16.713523786737298,True,21.968666803639923,21.9841372844416,0.0219686668036399,21.968666803639923,-526.447731260968,5.2551430169026006
0.1317108333333333,131.71083333333334,0.0167447848205942,16.744784820594198,True,21.999927837496823,22.01499620825573,0.0219999278374968,21.999927837496823,-526.447731260968,5.2551430169026006
0.1317892976588628,131.7892976588629,0.0167587348259227,16.758734825922698,True,22.01387784282538,22.028780116914803,0.0220138778428253,22.01387784282538,-526.447731260968,5.2551430169026006
0.1318866666666666,131.88666666666666,0.0167761376503366,16.7761376503366,True,22.031280667239265,22.045896529208196,0.0220312806672392,22.031280667239265,-526.447731260968,5.2551430169026006
0.1320625,132.0625,0.016807564453331997,16.807564453332,True,22.062707470234677,22.076838523525733,0.0220627074702346,22.062707470234677,-526.447731260968,5.2551430169026006
0.1322383333333333,132.23833333333332,0.016838991256327398,16.838991256327397,True,22.09413427323008,22.107822470808674,0.02209413427323,22.09413427323008,-526.447731260968,5.2551430169026006
0.1324080267558528,132.40802675585283,0.0168693206691756,16.8693206691756,True,22.124463686078258,22.13776453830111,0.0221244636860782,22.124463686078258,-526.447731260968,5.2551430169026006
0.1324141666666666,132.41416666666666,0.0168704239408756,16.8704239408756,True,22.125566957778272,22.13884865405669,0.0221255669577782,22.125566957778272,-526.447731260968,5.2551430169026006
0.1325899999999999,132.58999999999995,0.0169020191784072,16.9020191784072,True,22.157162195309876,22.169917359694573,0.0221571621953098,22.157162195309876,-526.447731260968,5.2551430169026006
0.1327658333333333,132.76583333333332,0.0169336144159388,16.933614415938802,True,22.188757432841484,22.201028877598198,0.0221887574328414,22.188757432841484,-526.447731260968,5.2551430169026006
0.1329416666666666,132.94166666666666,0.016965209653470398,16.9652096534704,True,22.220352670373085,22.23218350112044,0.022220352670373,22.220352670373085,-526.447731260968,5.2551430169026006
0.1330267558528428,133.02675585284285,0.0169804992063535,16.9804992063535,True,22.23564222325616,22.247275397410988,0.0222356422232561,22.23564222325616,-526.447731260968,5.2551430169026006
0.1331175,133.1175,0.0169968932295969,16.9968932295969,True,22.252036246499515,22.26338152711733,0.0222520362464995,22.252036246499515,-526.447731260968,5.2551430169026006
0.1332933333333333,133.29333333333332,0.0170286596392655,17.0286596392655,True,22.283802656168117,22.294623255974106,0.0222838026561681,22.283802656168117,-526.447731260968,5.2551430169026006
0.1334691666666666,133.46916666666667,0.0170604260489341,17.0604260489341,True,22.315569065836723,22.325908991631533,0.0223155690658367,22.315569065836723,-526.447731260968,5.2551430169026006
0.1336449999999999,133.64499999999998,0.0170921924586027,17.0921924586027,True,22.34733547550532,22.35723904161217,0.0223473354755053,22.34733547550532,-526.447731260968,5.2551430169026006
0.1336454849498327,133.6454849498327,0.017092280070631398,17.092280070631396,True,22.34742308753408,22.35732551172176,0.022347423087534,22.34742308753408,-526.447731260968,5.2551430169026006
0.1338208333333333,133.82083333333333,0.017124132373129198,17.124132373129196,True,22.379275390031843,22.38861371704683,0.0223792753900318,22.379275390031843,-526.447731260968,5.2551430169026006
0.1339966666666666,133.99666666666664,0.017156072767507,17.156072767507002,True,22.411215784409677,22.42003333270097,0.0224112157844096,22.411215784409677,-526.447731260968,5.2551430169026006
0.1341725,134.1725,0.0171880131618849,17.1880131618849,True,22.443156178787504,22.45149820700137,0.0224431561787875,22.443156178787504,-526.447731260968,5.2551430169026006
0.1342642140468227,134.26421404682273,0.017204673158996698,17.204673158996698,True,22.459816175899384,22.467928241784072,0.0224598161758993,22.459816175899384,-526.447731260968,5.2551430169026006
0.1343483333333333,134.34833333333333,0.0172200381739624,17.2200381739624,True,22.47518119086501,22.4830086620627,0.022475181190865,22.47518119086501,-526.447731260968,5.2551430169026006
0.1345241666666666,134.52416666666667,0.0172521554434994,17.252155443499397,True,22.507298460402044,22.51456502371432,0.022507298460402,22.507298460402044,-526.447731260968,5.2551430169026006
0.1347,134.7,0.017284272713036397,17.284272713036398,True,22.53941572993908,22.54616762152705,0.022539415729939,22.53941572993908,-526.447731260968,5.2551430169026006
0.1348758333333333,134.87583333333333,0.0173163899825735,17.3163899825735,True,22.57153299947611,22.577816788840103,0.0225715329994761,22.57153299947611,-526.447731260968,5.2551430169026006
0.1348829431438127,134.88294314381272,0.017317688642475997,17.317688642475996,True,22.57283165937861,22.579097505454698,0.0225728316593786,22.57283165937861,-526.447731260968,5.2551430169026006
0.1350516666666666,135.05166666666665,0.017348679826565898,17.3486798265659,True,22.603822843468567,22.60951286278806,0.0226038228434685,22.603822843468567,-526.447731260968,5.2551430169026006
0.1352275,135.2275,0.0173809769426426,17.380976942642597,True,22.636119959545272,22.641256184327943,0.0226361199595452,22.636119959545272,-526.447731260968,5.2551430169026006
0.1354033333333333,135.4033333333333,0.0174132740587193,17.4132740587193,True,22.66841707562197,22.67304709826637,0.0226684170756219,22.66841707562197,-526.447731260968,5.2551430169026006
0.1355016722408026,135.50167224080266,0.017431336976876998,17.431336976877,True,22.686479993779667,22.69084779228777,0.0226864799937796,22.686479993779667,-526.447731260968,5.2551430169026006
0.1355791666666666,135.57916666666668,0.0174456517845973,17.4456517845973,True,22.70079480149993,22.704885953286784,0.0227007948014999,22.70079480149993,-526.447731260968,5.2551430169026006
0.135755,135.755,0.017478131802733,17.478131802733,True,22.733274819635653,22.736773101976777,0.0227332748196356,22.733274819635653,-526.447731260968,5.2551430169026006
0.1359308333333333,135.93083333333334,0.017510611820868698,17.510611820868696,True,22.76575483777138,22.768708900855515,0.0227657548377713,22.76575483777138,-526.447731260968,5.2551430169026006
0.1361066666666666,136.10666666666663,0.017543091839004498,17.543091839004497,True,22.798234855907104,22.80069371040117,0.0227982348559071,22.798234855907104,-526.447731260968,5.2551430169026006
0.1361204013377926,136.12040133779263,0.0175456289140789,17.5456289140789,True,22.80077193098157,22.803194178084333,0.0228007719309815,22.80077193098157,-526.447731260968,5.2551430169026006
0.1362825,136.2825,0.017575743369900598,17.575743369900596,True,22.830886386803225,22.832727895078555,0.0228308863868032,22.830886386803225,-526.447731260968,5.2551430169026006
0.1364583333333333,136.45833333333331,0.0176084094331273,17.6084094331273,True,22.86355245003,22.864811823366736,0.0228635524500299,22.86355245003,-526.447731260968,5.2551430169026006
0.1366341666666666,136.63416666666666,0.0176410754963541,17.641075496354098,True,22.89621851325677,22.896945867786776,0.0228962185132567,22.89621851325677,-526.447731260968,5.2551430169026006
0.1367391304347826,136.73913043478262,0.0176605755139037,17.660575513903698,True,22.91571853080632,22.91615233960016,0.0229157185308063,22.91571853080632,-526.447731260968,5.2551430169026006
0.13681,136.80999999999997,0.017673817848492198,17.6738178484922,True,22.928960865394888,22.92913040492957,0.0229289608653948,22.928960865394888,-526.447731260968,5.2551430169026006
0.1369858333333333,136.98583333333335,0.0177066731909045,17.7066731909045,True,22.96181620780714,22.961365815483727,0.0229618162078071,22.96181620780714,-526.447731260968,5.2551430169026006
0.1371616666666666,137.16166666666666,0.017739528533316697,17.739528533316697,True,22.994671550219387,22.993652484263578,0.0229946715502193,22.994671550219387,-526.447731260968,5.2551430169026006
0.1373375,137.3375,0.017772383875729,17.772383875729,True,23.027526892631634,23.02599080023724,0.0230275268926316,23.027526892631634,-526.447731260968,5.2551430169026006
0.1373578595317725,137.35785953177256,0.017776188156607097,17.7761881566071,True,23.03133117350978,23.02973856941194,0.0230313311735097,23.03133117350978,-526.447731260968,5.2551430169026006
0.1375133333333333,137.51333333333332,0.017805409524361,17.805409524361,True,23.06055254126364,23.05838115655476,0.0230605525412636,23.06055254126364,-526.447731260968,5.2551430169026006
0.1376891666666666,137.6891666666667,0.0178384574748526,17.8384574748526,True,23.093600491755232,23.09082395057636,0.0230936004917552,23.093600491755232,-526.447731260968,5.2551430169026006
0.137865,137.86499999999998,0.0178715054253442,17.8715054253442,True,23.12664844224682,23.123319583900763,0.0231266484422468,23.12664844224682,-526.447731260968,5.2551430169026006
0.1379765886287625,137.97658862876256,0.017892478556029098,17.892478556029097,True,23.14762157293177,23.14396979094175,0.0231476215729317,23.14762157293177,-526.447731260968,5.2551430169026006
0.1380408333333333,138.04083333333332,0.0179046250019375,17.9046250019375,True,23.15976801884017,23.155868462393595,0.0231597680188401,23.15976801884017,-526.447731260968,5.2551430169026006
0.1382166666666666,138.21666666666664,0.0179378689881383,17.937868988138298,True,23.19301200504098,23.18847099621585,0.0231930120050409,23.19301200504098,-526.447731260968,5.2551430169026006
0.1383925,138.3925,0.0179711129743391,17.9711129743391,True,23.2262559912418,23.221127599852515,0.0232262559912417,23.2262559912418,-526.447731260968,5.2551430169026006
0.1385683333333333,138.56833333333333,0.018004356960539997,18.004356960539997,True,23.259499977442605,23.253838692141155,0.0232594999774426,23.259499977442605,-526.447731260968,5.2551430169026006
0.1385953177257525,138.59531772575252,0.018009458773445498,18.0094587734455,True,23.264601790348127,23.258863573639843,0.0232646017903481,23.264601790348127,-526.447731260968,5.2551430169026006
0.1387441666666666,138.74416666666667,0.018037769886387098,18.037769886387096,True,23.2929129032897,23.286604696300707,0.0232929129032897,23.2929129032897,-526.447731260968,5.2551430169026006
0.13892,138.92,0.018071213438812198,18.071213438812197,True,23.326356455714865,23.31942603996027,0.0233263564557148,23.326356455714865,-526.447731260968,5.2551430169026006
0.1390958333333333,139.09583333333333,0.018104656991237398,18.1046569912374,True,23.359800008140034,23.35230315518802,0.02335980000814,23.359800008140034,-526.447731260968,5.2551430169026006
0.1392140468227424,139.21404682274246,0.0181271412321687,18.1271412321687,True,23.38228424907131,23.37443814832582,0.0233822842490713,23.38228424907131,-526.447731260968,5.2551430169026006
0.1392716666666666,139.27166666666665,0.0181381671327591,18.1381671327591,True,23.393310149661797,23.38523647852021,0.0233933101496617,23.393310149661797,-526.447731260968,5.2551430169026006
0.1394475,139.4475,0.0181718138891852,18.1718138891852,True,23.42695690608788,23.418226450990204,0.0234269569060878,23.42695690608788,-526.447731260968,5.2551430169026006
0.1396233333333333,139.6233333333333,0.0182054606456113,18.2054606456113,True,23.460603662513964,23.451273518157684,0.0234606036625139,23.460603662513964,-526.447731260968,5.2551430169026006
0.1397991666666666,139.79916666666668,0.018239107402037397,18.239107402037398,True,23.49425041894005,23.484378130137845,0.02349425041894,23.49425041894005,-526.447731260968,5.2551430169026006
0.1398327759197324,139.83277591973246,0.0182455387329468,18.245538732946798,True,23.50068174984944,23.490712422688027,0.0235006817498494,23.50068174984944,-526.447731260968,5.2551430169026006
0.139975,139.975,0.0182729215544459,18.2729215544459,True,23.52806457134856,23.51754074163073,0.0235280645713485,23.52806457134856,-526.447731260968,5.2551430169026006
0.1401508333333333,140.15083333333334,0.0183067752645294,18.3067752645294,True,23.561918281432,23.550761811950657,0.023561918281432,23.561918281432,-526.447731260968,5.2551430169026006
0.1403266666666666,140.32666666666665,0.018340628974612798,18.340628974612798,True,23.59577199151544,23.584041805055644,0.0235957719915154,23.59577199151544,-526.447731260968,5.2551430169026006
0.1404515050167224,140.4515050167224,0.0183646644702152,18.3646644702152,True,23.619807487117807,23.60770599694133,0.0236198074871178,23.619807487117807,-526.447731260968,5.2551430169026006
0.1405025,140.5025,0.018374543826493398,18.374543826493397,True,23.62968684339601,23.617381189577085,0.023629686843396,23.62968684339601,-526.447731260968,5.2551430169026006
0.1406783333333333,140.6783333333333,0.018408608356647798,18.408608356647797,True,23.66375137355042,23.650780438849285,0.0236637513735504,23.66375137355042,-526.447731260968,5.2551430169026006
0.1408541666666666,140.85416666666666,0.018442672886802198,18.4426728868022,True,23.69781590370484,23.684240030939304,0.0236978159037048,23.69781590370484,-526.447731260968,5.2551430169026006
0.14103,141.03,0.018476737416956598,18.4767374169566,True,23.73188043385925,23.71776044867669,0.0237318804338592,23.73188043385925,-526.447731260968,5.2551430169026006
0.1410702341137124,141.0702341137124,0.0184845320492587,18.4845320492587,True,23.739675066161382,23.72543917964323,0.0237396750661613,23.739675066161382,-526.447731260968,5.2551430169026006
0.1412058333333333,141.20583333333337,0.0185109676031348,18.510967603134798,True,23.766110620037477,23.75134217968348,0.0237661106200374,23.766110620037477,-526.447731260968,5.2551430169026006
0.1413816666666666,141.38166666666666,0.0185452469416851,18.5452469416851,True,23.800389958587783,23.78498571640408,0.0238003899585877,23.800389958587783,-526.447731260968,5.2551430169026006
0.1415575,141.5575,0.0185795262802355,18.579526280235502,True,23.83466929713811,23.818691556135427,0.0238346692971381,23.83466929713811,-526.447731260968,5.2551430169026006
0.1416889632107023,141.68896321070235,0.0186051555043487,18.6051555043487,True,23.86029852125134,23.843933003668194,0.0238602985212513,23.86029852125134,-526.447731260968,5.2551430169026006
0.1417333333333333,141.73333333333332,0.018613860862511197,18.613860862511196,True,23.86900387941386,23.85246020105709,0.0238690038794138,23.86900387941386,-526.447731260968,5.2551430169026006
0.1419091666666666,141.90916666666666,0.0186483591251441,18.6483591251441,True,23.90350214204674,23.886292158261565,0.0239035021420467,23.90350214204674,-526.447731260968,5.2551430169026006
0.142085,142.08499999999998,0.018682857387777,18.682857387777,True,23.93800040467961,23.92018793978451,0.0239380004046796,23.93800040467961,-526.447731260968,5.2551430169026006
0.1422608333333333,142.26083333333332,0.0187173556504098,18.7173556504098,True,23.97249866731249,23.954148062635245,0.0239724986673124,23.97249866731249,-526.447731260968,5.2551430169026006
0.1423076923076923,142.3076923076923,0.018726549317921597,18.7265493179216,True,23.9816923348242,23.96320924234044,0.0239816923348242,23.9816923348242,-526.447731260968,5.2551430169026006
0.1424366666666666,142.43666666666667,0.0187520176111368,18.7520176111368,True,24.007160628039475,23.98817304882717,0.0240071606280394,24.007160628039475,-526.447731260968,5.2551430169026006
0.1426125,142.6125,0.0187867390466684,18.786739046668398,True,24.04188206357104,24.022263425408383,0.024041882063571,24.04188206357104,-526.447731260968,5.2551430169026006
0.1427883333333333,142.78833333333333,0.0188214604822,18.8214604822,True,24.076603499102603,24.056419724492308,0.0240766034991026,24.076603499102603,-526.447731260968,5.2551430169026006
0.1429264214046822,142.9264214046823,0.018848728440875,18.848728440875,True,24.103871457777608,24.08329042572496,0.0241038714577776,24.103871457777608,-526.447731260968,5.2551430169026006
0.1429641666666666,142.96416666666667,0.0188562307671027,18.856230767102698,True,24.11137378400533,24.09064248328845,0.0241113737840053,24.11137378400533,-526.447731260968,5.2551430169026006
0.14314,143.14,0.018891179763586598,18.8911797635866,True,24.14632278048922,24.124932244133205,0.0241463227804892,24.14632278048922,-526.447731260968,5.2551430169026006
0.1433158333333333,143.31583333333333,0.0189261287600705,18.9261287600705,True,24.181271776973112,24.159289554520782,0.0241812717769731,24.181271776973112,-526.447731260968,5.2551430169026006
0.1434916666666666,143.49166666666665,0.018961077756554298,18.9610777565543,True,24.216220773457,24.193714967134177,0.0242162207734569,24.216220773457,-526.447731260968,5.2551430169026006
0.1435451505016722,143.54515050167225,0.0189717083140608,18.9717083140608,True,24.22685133096347,24.20419985707685,0.0242268513309634,24.22685133096347,-526.447731260968,5.2551430169026006
0.1436675,143.6675,0.018996188250699698,18.9961882506997,True,24.25133126760231,24.228209039876266,0.0242513312676023,24.25133126760231,-526.447731260968,5.2551430169026006
0.1438433333333333,143.84333333333333,0.019031369341900098,19.0313693419001,True,24.28651235880274,24.26277233590091,0.0242865123588027,24.28651235880274,-526.447731260968,5.2551430169026006
0.1440191666666666,144.01916666666668,0.019066550433100498,19.0665504331005,True,24.321693450003167,24.29740542364429,0.0243216934500031,24.321693450003167,-526.447731260968,5.2551430169026006
0.1441638795986622,144.1638795986622,0.019095504891063098,19.095504891063097,True,24.35064790796573,24.325961629449036,0.0243506479079657,24.35064790796573,-526.447731260968,5.2551430169026006
0.144195,144.195,0.0191017734317219,19.1017734317219,True,24.35691644862451,24.332108876856115,0.0243569164486245,24.35691644862451,-526.447731260968,5.2551430169026006
0.1443708333333333,144.37083333333334,0.0191371913039789,19.1371913039789,True,24.39233432088154,24.366883274631128,0.0243923343208815,24.39233432088154,-526.447731260968,5.2551430169026006
0.1445466666666666,144.54666666666665,0.019172609176235898,19.1726091762359,True,24.427752193138566,24.40172920144052,0.0244277521931385,24.427752193138566,-526.447731260968,5.2551430169026006
0.1447225,144.7225,0.019208027048493,19.208027048493,True,24.4631700653956,24.436647247163577,0.0244631700653956,24.4631700653956,-526.447731260968,5.2551430169026006
0.1447826086956521,144.7826086956522,0.0192201346623554,19.2201346623554,True,24.47527767925804,24.44860064245822,0.024475277679258,24.47527767925804,-526.447731260968,5.2551430169026006
0.1448983333333333,144.8983333333333,0.019243603947633598,19.2436039476336,True,24.49874696453624,24.47163800711925,0.0244987469645362,24.49874696453624,-526.447731260968,5.2551430169026006
0.1450741666666666,145.07416666666668,0.0192792634471499,19.279263447149898,True,24.534406464052555,24.506702082097974,0.0245344064640525,24.534406464052555,-526.447731260968,5.2551430169026006
0.14525,145.25,0.0193149229466662,19.314922946666197,True,24.570065963568865,24.54184007839344,0.0245700659635688,24.570065963568865,-526.447731260968,5.2551430169026006
0.1454013377926421,145.40133779264212,0.0193456146809422,19.345614680942198,True,24.60075769784482,24.57214261920924,0.0246007576978448,24.60075769784482,-526.447731260968,5.2551430169026006
0.1454258333333333,145.42583333333334,0.0193506168060285,19.350616806028498,True,24.605759822931123,24.57705260783453,0.0246057598229311,24.605759822931123,-526.447731260968,5.2551430169026006
0.1456016666666666,145.60166666666666,0.019386522946609797,19.386522946609798,True,24.64166596351245,24.612340287817307,0.0246416659635124,24.64166596351245,-526.447731260968,5.2551430169026006
0.1457775,145.7775,0.0194224290871911,19.422429087191098,True,24.677572104093784,24.64770374133705,0.0246775721040937,24.677572104093784,-526.447731260968,5.2551430169026006
0.1459533333333333,145.95333333333332,0.0194583352277725,19.458335227772498,True,24.71347824467511,24.683143597020464,0.0247134782446751,24.71347824467511,-526.447731260968,5.2551430169026006
0.146020066889632,146.02006688963206,0.0194719625895959,19.4719625895959,True,24.727105606498547,24.69661412337769,0.0247271056064985,24.727105606498547,-526.447731260968,5.2551430169026006
0.1461291666666666,146.12916666666666,0.0194943976224213,19.4943976224213,True,24.749540639323943,24.71866048915789,0.0247495406393239,24.749540639323943,-526.447731260968,5.2551430169026006
0.146305,146.30499999999998,0.0195305555937055,19.5305555937055,True,24.78569861060816,24.75425505773563,0.0247856986106081,24.78569861060816,-526.447731260968,5.2551430169026006
0.1464808333333333,146.48083333333335,0.0195667135649897,19.5667135649897,True,24.821856581892376,24.78992794846837,0.0248218565818923,24.821856581892376,-526.447731260968,5.2551430169026006
0.146638795986622,146.63879598662209,0.019599196649814,19.599196649814,True,24.8543396667166,24.822042576450887,0.0248543396667166,24.8543396667166,-526.447731260968,5.2551430169026006
0.1466566666666666,146.65666666666667,0.0196028976770909,19.602897677090898,True,24.85804069399359,24.82567981283164,0.0248580406939935,24.85804069399359,-526.447731260968,5.2551430169026006
0.1468325,146.8325,0.019639312853304,19.639312853304,True,24.89445587020665,24.861511308094435,0.0248944558702066,24.89445587020665,-526.447731260968,5.2551430169026006
0.1470083333333333,147.00833333333333,0.0196757280295171,19.6757280295171,True,24.930871046419703,24.897423097351812,0.0249308710464197,24.930871046419703,-526.447731260968,5.2551430169026006
0.1471841666666666,147.18416666666667,0.019712143205730098,19.712143205730097,True,24.96728622263276,24.933415849557697,0.0249672862226327,24.96728622263276,-526.447731260968,5.2551430169026006
0.147257525083612,147.25752508361202,0.0197273357726293,19.7273357726293,True,24.982478789531964,24.94845627512709,0.0249824787895319,24.982478789531964,-526.447731260968,5.2551430169026006
0.14736,147.36,0.019748711524965698,19.7487115249657,True,25.003854541868325,24.96949023955765,0.0250038545418683,25.003854541868325,-526.447731260968,5.2551430169026006
0.1475358333333333,147.53583333333333,0.0197853894742463,19.785389474246298,True,25.04053249114892,25.005646948121814,0.0250405324911489,25.04053249114892,-526.447731260968,5.2551430169026006
0.1477116666666666,147.71166666666664,0.0198220674235269,19.8220674235269,True,25.077210440429507,25.04188666197788,0.0250772104404295,25.077210440429507,-526.447731260968,5.2551430169026006
0.147876254180602,147.876254180602,0.0198563995514226,19.856399551422598,True,25.111542568325277,25.07588440887318,0.0251115425683252,25.111542568325277,-526.447731260968,5.2551430169026006
0.1478875,147.88750000000002,0.0198587625482154,19.8587625482154,True,25.11390556511801,25.078210073844176,0.025113905565118,25.11390556511801,-526.447731260968,5.2551430169026006
0.1480633333333333,148.06333333333333,0.0198957090425541,19.8957090425541,True,25.15085205945673,25.11461788246281,0.0251508520594567,25.15085205945673,-526.447731260968,5.2551430169026006
0.1482391666666666,148.23916666666668,0.019932655536892798,19.9326555368928,True,25.187798553795464,25.151110792632945,0.0251877985537954,25.187798553795464,-526.447731260968,5.2551430169026006
0.148415,148.415,0.0199696020312315,19.9696020312315,True,25.22474504813419,25.18768951524408,0.0252247450481341,25.22474504813419,-526.447731260968,5.2551430169026006
0.1484949832775919,148.49498327759196,0.0199864082968964,19.9864082968964,True,25.24155131379908,25.20435707764052,0.025241551313799,25.24155131379908,-526.447731260968,5.2551430169026006
0.1485908333333333,148.59083333333334,0.0200066981778547,20.006698177854698,True,25.261841194757363,25.224354767309475,0.0252618411947573,25.261841194757363,-526.447731260968,5.2551430169026006
0.1487666666666666,148.76666666666665,0.020043919203698,20.043919203698,True,25.299062220600653,25.261107271999645,0.0252990622206006,25.299062220600653,-526.447731260968,5.2551430169026006
0.1489425,148.9425,0.0200811402295413,20.0811402295413,True,25.336283246443948,25.297947758675964,0.0253362832464439,25.336283246443948,-526.447731260968,5.2551430169026006
0.1491137123745819,149.11371237458192,0.0201173830743887,20.117383074388698,True,25.37252609129137,25.333905309739205,0.0253725260912913,25.37252609129137,-526.447731260968,5.2551430169026006
0.1491183333333333,149.1183333333333,0.0201183686334236,20.1183686334236,True,25.37351165032628,25.33487696292425,0.0253735116503262,25.37351165032628,-526.447731260968,5.2551430169026006
0.1492941666666666,149.29416666666668,0.0201558704029976,20.1558704029976,True,25.41101341990025,25.37189562658858,0.0254110134199002,25.41101341990025,-526.447731260968,5.2551430169026006
0.14947,149.47,0.0201933721725716,20.1933721725716,True,25.44851518947421,25.40900449780506,0.0254485151894742,25.44851518947421,-526.447731260968,5.2551430169026006
0.1496458333333333,149.64583333333334,0.0202308739421455,20.2308739421455,True,25.486016959048182,25.44620433103579,0.0254860169590481,25.486016959048182,-526.447731260968,5.2551430169026006
0.1497324414715719,149.73244147157192,0.0202493457437197,20.249345743719697,True,25.50448876062232,25.4645610798706,0.0255044887606223,25.50448876062232,-526.447731260968,5.2551430169026006
0.1498216666666666,149.82166666666666,0.0202685214458985,20.2685214458985,True,25.52366446280116,25.483495887102787,0.0255236644628011,25.52366446280116,-526.447731260968,5.2551430169026006
0.1499975,149.9975,0.0203063104093133,20.306310409313298,True,25.561453426215937,25.52087993322213,0.0255614534262159,25.561453426215937,-526.447731260968,5.2551430169026006
0.1501733333333333,150.17333333333332,0.0203440993727281,20.3440993727281,True,25.599242389630717,25.558357243038067,0.0255992423896307,25.599242389630717,-526.447731260968,5.2551430169026006
0.1503491666666666,150.34916666666666,0.0203818883361428,20.381888336142797,True,25.637031353045497,25.59592859665727,0.0256370313530454,25.637031353045497,-526.447731260968,5.2551430169026006
0.1503511705685618,150.35117056856188,0.020382319001785,20.382319001785,True,25.637462018687607,25.596357327318223,0.0256374620186876,25.637462018687607,-526.447731260968,5.2551430169026006
0.150525,150.525,0.020419967844943498,20.419967844943496,True,25.67511086184617,25.63359478068317,0.0256751108618461,25.67511086184617,-526.447731260968,5.2551430169026006
0.1507008333333333,150.70083333333335,0.0204580507031451,20.4580507031451,True,25.71319372004773,25.67135658825038,0.0257131937200477,25.71319372004773,-526.447731260968,5.2551430169026006
0.1508766666666666,150.8766666666667,0.020496133561346597,20.496133561346596,True,25.75127657824929,25.709214819059127,0.0257512765782492,25.75127657824929,-526.447731260968,5.2551430169026006
0.1509698996655518,150.96989966555182,0.020516326428130997,20.516326428131,True,25.77146944503365,25.72932797429694,0.0257714694450336,25.77146944503365,-526.447731260968,5.2551430169026006
0.1510525,151.0525,0.0205343577532339,20.5343577532339,True,25.78950077013656,25.747170279409904,0.0257895007701365,25.78950077013656,-526.447731260968,5.2551430169026006
0.1512283333333333,151.22833333333332,0.0205727414718767,20.5727414718767,True,25.827884488779365,25.785223782238084,0.0258278844887793,25.827884488779365,-526.447731260968,5.2551430169026006
0.1514041666666666,151.40416666666667,0.0206111251905195,20.611125190519502,True,25.866268207422177,25.823376147148657,0.0258662682074221,25.866268207422177,-526.447731260968,5.2551430169026006
0.15158,151.57999999999998,0.020649508909162298,20.649508909162297,True,25.904651926064982,25.86162820045108,0.0259046519260649,25.904651926064982,-526.447731260968,5.2551430169026006
0.1515886287625418,151.58862876254182,0.0206513925337707,20.6513925337707,True,25.906535550673368,25.863507944460466,0.0259065355506733,25.906535550673368,-526.447731260968,5.2551430169026006
0.1517558333333333,151.75583333333333,0.0206881856136509,20.688185613650898,True,25.94332863055354,25.899980775194177,0.0259433286305535,25.94332863055354,-526.447731260968,5.2551430169026006
0.1519316666666666,151.93166666666667,0.0207268774379731,20.7268774379731,True,25.98202045487571,25.93843471120112,0.0259820204548757,25.98202045487571,-526.447731260968,5.2551430169026006
0.1521075,152.10750000000002,0.0207655692622952,20.7655692622952,True,26.020712279197884,25.97699085510453,0.0260207122791978,26.020712279197884,-526.447731260968,5.2551430169026006
0.1522073578595317,152.20735785953175,0.0207875428135267,20.7875428135267,True,26.042685830429303,25.998933181567185,0.0260426858304293,26.042685830429303,-526.447731260968,5.2551430169026006
0.1522833333333333,152.28333333333333,0.020804397473669498,20.8043974736695,True,26.059540490572136,26.015650060381606,0.0260595404905721,26.059540490572136,-526.447731260968,5.2551430169026006
0.1524591666666666,152.45916666666668,0.0208434049444601,20.8434049444601,True,26.09854796136273,26.054413187389397,0.0260985479613627,26.09854796136273,-526.447731260968,5.2551430169026006
0.152635,152.635,0.020882412415250698,20.8824124152507,True,26.137555432153317,26.093281103400088,0.0261375554321533,26.137555432153317,-526.447731260968,5.2551430169026006
0.1528108333333333,152.8108333333333,0.0209214198860413,20.9214198860413,True,26.1765629029439,26.13225468263646,0.0261765629029439,26.1765629029439,-526.447731260968,5.2551430169026006
0.1528260869565217,152.82608695652175,0.0209248038022174,20.924803802217397,True,26.179946819120048,26.135640668304344,0.02617994681912,26.179946819120048,-526.447731260968,5.2551430169026006
0.1529866666666666,152.98666666666665,0.0209607227930274,20.960722793027397,True,26.215865809930065,26.171334806307357,0.02621586580993,26.215865809930065,-526.447731260968,5.2551430169026006
0.1531625,153.1625,0.0210000537637858,21.0000537637858,True,26.255196780688426,26.21052236264324,0.0262551967806884,26.255196780688426,-526.447731260968,5.2551430169026006
0.1533383333333333,153.33833333333334,0.0210393847345441,21.0393847345441,True,26.294527751446772,26.249818246931863,0.0262945277514467,26.294527751446772,-526.447731260968,5.2551430169026006
0.1534448160535117,153.44481605351172,0.021063203135038597,21.0632031350386,True,26.318346151941217,26.27366844527045,0.0263183461519412,26.318346151941217,-526.447731260968,5.2551430169026006
0.1535141666666666,153.51416666666668,0.021078846525396,21.078846525396,True,26.333989542298625,26.28922336155409,0.0263339895422986,26.333989542298625,-526.447731260968,5.2551430169026006
0.15369,153.69,0.0211185091807936,21.1185091807936,True,26.373652197696227,26.32873861601956,0.0263736521976962,26.373652197696227,-526.447731260968,5.2551430169026006
0.1538658333333333,153.86583333333334,0.0211581718361912,21.1581718361912,True,26.413314853093837,26.36836492700275,0.0264133148530938,26.413314853093837,-526.447731260968,5.2551430169026006
0.1540416666666666,154.04166666666666,0.0211978344915888,21.1978344915888,True,26.45297750849144,26.408103218378887,0.0264529775084914,26.45297750849144,-526.447731260968,5.2551430169026006
0.1540635451505016,154.06354515050165,0.021202769612526998,21.202769612526996,True,26.45791262942965,26.413055630116126,0.0264579126294296,26.45791262942965,-526.447731260968,5.2551430169026006
0.1542175,154.2175,0.0212377950346218,21.237795034621797,True,26.492938051524423,26.447954421260054,0.0264929380515244,26.492938051524423,-526.447731260968,5.2551430169026006
0.1543933333333333,154.39333333333332,0.021277797910389598,21.277797910389598,True,26.532940927292216,26.48791947403133,0.0265329409272922,26.532940927292216,-526.447731260968,5.2551430169026006
0.1545691666666666,154.56916666666666,0.021317800786157397,21.3178007861574,True,26.57294380306001,26.527999322387057,0.02657294380306,26.57294380306001,-526.447731260968,5.2551430169026006
0.1546822742474916,154.68227424749165,0.021343533270541098,21.343533270541098,True,26.598676287443727,26.55384243684318,0.0265986762874437,26.598676287443727,-526.447731260968,5.2551430169026006
0.154745,154.745,0.0213579282080188,21.357928208018798,True,26.61307122492145,26.56819491936714,0.0266130712249214,26.61307122492145,-526.447731260968,5.2551430169026006
0.1549208333333333,154.92083333333335,0.021398280212396897,21.398280212396898,True,26.6534232292995,26.60850722539349,0.0266534232292995,26.6534232292995,-526.447731260968,5.2551430169026006
0.1550966666666666,155.09666666666666,0.0214386322167749,21.4386322167749,True,26.693775233677545,26.64893720830648,0.0266937752336775,26.693775233677545,-526.447731260968,5.2551430169026006
0.1552725,155.2725,0.021478984221152898,21.4789842211529,True,26.73412723805559,26.689485843401545,0.0267341272380555,26.73412723805559,-526.447731260968,5.2551430169026006
0.1553010033444816,155.3010033444816,0.021485525455738598,21.4855254557386,True,26.74066847264124,26.69607019526203,0.0267406684726412,26.74066847264124,-526.447731260968,5.2551430169026006
0.1554483333333333,155.44833333333332,0.0215196365545914,21.5196365545914,True,26.774779571494022,26.730154113465847,0.026774779571494,26.774779571494022,-526.447731260968,5.2551430169026006
0.1556241666666666,155.62416666666667,0.0215603469914936,21.5603469914936,True,26.81549000839621,26.77094300881501,0.0268154900083962,26.81549000839621,-526.447731260968,5.2551430169026006
0.1558,155.79999999999998,0.021601057428395697,21.6010574283957,True,26.85620044529839,26.811853527329927,0.0268562004452983,26.85620044529839,-526.447731260968,5.2551430169026006
0.1559197324414715,155.91973244147155,0.0216287789070896,21.6287789070896,True,26.88392192399226,26.839781370607465,0.0268839219239922,26.88392192399226,-526.447731260968,5.2551430169026006
0.1559758333333333,155.97583333333336,0.0216418853284931,21.6418853284931,True,26.897028345395707,26.85288667449371,0.0268970283453957,26.897028345395707,-526.447731260968,5.2551430169026006
0.1561516666666666,156.15166666666667,0.021682963922557398,21.6829639225574,True,26.93810693946008,26.89404346342865,0.02693810693946,26.93810693946008,-526.447731260968,5.2551430169026006
0.1563275,156.3275,0.0217240425166218,21.7240425166218,True,26.97918553352445,26.93532491493333,0.0269791855335244,26.97918553352445,-526.447731260968,5.2551430169026006
0.1565033333333333,156.50333333333333,0.021765121110686198,21.7651211106862,True,27.020264127588817,26.97673205751972,0.0270202641275888,27.020264127588817,-526.447731260968,5.2551430169026006
0.1565384615384615,156.53846153846155,0.0217733278440246,21.7733278440246,True,27.02847086092724,26.985019583312717,0.0270284708609272,27.02847086092724,-526.447731260968,5.2551430169026006
0.1566791666666666,156.67916666666667,0.021806502451227,21.806502451226997,True,27.06164546812968,27.01826592745053,0.0270616454681296,27.06164546812968,-526.447731260968,5.2551430169026006
0.156855,156.855,0.0218479593749429,21.8479593749429,True,27.10310239184552,27.0599275687764,0.0271031023918455,27.10310239184552,-526.447731260968,5.2551430169026006
0.1570308333333333,157.03083333333333,0.0218894162986587,21.889416298658702,True,27.144559315561377,27.101718033373444,0.0271445593155613,27.144559315561377,-526.447731260968,5.2551430169026006
0.1571571906354514,157.15719063545149,0.0219192080618901,21.9192080618901,True,27.174351078792764,27.131829628941784,0.0271743510787927,27.174351078792764,-526.447731260968,5.2551430169026006
0.1572066666666666,157.20666666666665,0.021930982673507,21.930982673507,True,27.1861256904096,27.14363838098064,0.0271861256904096,27.1861256904096,-526.447731260968,5.2551430169026006
0.1573825,157.38250000000002,0.021972828576632998,21.972828576633,True,27.22797159353568,27.18568967923748,0.0272279715935356,27.22797159353568,-526.447731260968,5.2551430169026006
0.1575583333333333,157.55833333333334,0.0220146744797591,22.014674479759098,True,27.269817496661755,27.22787300372156,0.0272698174966617,27.269817496661755,-526.447731260968,5.2551430169026006
0.1577341666666666,157.73416666666668,0.0220565203828852,22.0565203828852,True,27.31166339978784,27.27018943798644,0.0273116633997878,27.31166339978784,-526.447731260968,5.2551430169026006
0.1577759197324414,157.77591973244148,0.022066457035467,22.066457035467,True,27.321600052369615,27.280257498280267,0.0273216000523696,27.321600052369615,-526.447731260968,5.2551430169026006
0.15791,157.91,0.022098671408260898,22.0986714082609,True,27.35381442516357,27.312640073599308,0.0273538144251635,27.35381442516357,-526.447731260968,5.2551430169026006
0.1580858333333333,158.08583333333334,0.0221409174497758,22.1409174497758,True,27.396060466678463,27.355226010179063,0.0273960604666784,27.396060466678463,-526.447731260968,5.2551430169026006
0.1582616666666666,158.26166666666666,0.022183163491290698,22.1831634912907,True,27.438306508193342,27.39794835543416,0.0274383065081933,27.438306508193342,-526.447731260968,5.2551430169026006
0.1583946488294314,158.39464882943145,0.022215114031398198,22.215114031398198,True,27.470257048300837,27.43035039758422,0.0274702570483008,27.470257048300837,-526.447731260968,5.2551430169026006
0.1584375,158.4375,0.0222255098999159,22.2255098999159,True,27.48065291681855,27.4408082252008,0.0274806529168185,27.48065291681855,-526.447731260968,5.2551430169026006
0.1586133333333333,158.61333333333332,0.0222681677827721,22.2681677827721,True,27.523310799674757,27.483806743481026,0.0275233107996747,27.523310799674757,-526.447731260968,5.2551430169026006
0.1587891666666666,158.7891666666667,0.0223108256656283,22.310825665628297,True,27.56596868253096,27.526945042481003,0.0275659686825309,27.56596868253096,-526.447731260968,5.2551430169026006
0.158965,158.965,0.022353483548484498,22.353483548484498,True,27.60862656538717,27.570224262649315,0.0276086265653871,27.60862656538717,-526.447731260968,5.2551430169026006
0.1590133779264214,159.01337792642138,0.0223652202304832,22.3652202304832,True,27.620363247385896,27.582156768987627,0.0276203632473858,27.620363247385896,-526.447731260968,5.2551430169026006
0.1591408333333333,159.14083333333335,0.022396448865476,22.396448865476,True,27.65159188237863,27.613645552715408,0.0276515918823786,27.65159188237863,-526.447731260968,5.2551430169026006
0.1593166666666666,159.31666666666666,0.0224395308744645,22.4395308744645,True,27.694673891367195,27.657210069728052,0.0276946738913671,27.694673891367195,-526.447731260968,5.2551430169026006
0.1594925,159.4925,0.022482612883453098,22.482612883453097,True,27.737755900355765,27.70091897909397,0.0277377559003557,27.737755900355765,-526.447731260968,5.2551430169026006
0.1596321070234113,159.63210702341135,0.022516818860917397,22.516818860917397,True,27.77196187782008,27.735726311068003,0.02777196187782,27.77196187782008,-526.447731260968,5.2551430169026006
0.1596683333333333,159.66833333333332,0.0225257849330038,22.5257849330038,True,27.780927949906488,27.74477345461642,0.0277809279499064,27.780927949906488,-526.447731260968,5.2551430169026006
0.1598441666666666,159.84416666666667,0.0225693039760766,22.5693039760766,True,27.82444699297921,27.788774678534043,0.0278244469929792,27.82444699297921,-526.447731260968,5.2551430169026006
0.16002,160.01999999999998,0.022612823019149297,22.612823019149296,True,27.86796603605193,27.83292384155958,0.0278679660360519,27.86796603605193,-526.447731260968,5.2551430169026006
0.1601958333333333,160.19583333333335,0.022656342062221998,22.656342062222,True,27.91148507912466,27.87722214291888,0.0279114850791246,27.91148507912466,-526.447731260968,5.2551430169026006
0.1602508361204013,160.25083612040132,0.022669955343698,22.669955343698,True,27.925098360600664,27.8911099995704,0.0279250983606006,27.925098360600664,-526.447731260968,5.2551430169026006
0.1603716666666666,160.37166666666667,0.0227001707593073,22.7001707593073,True,27.955313776209994,27.92167079038984,0.0279553137762099,27.955313776209994,-526.447731260968,5.2551430169026006
0.1605475,160.5475,0.0227441404127506,22.7441404127506,True,27.999283429653207,27.9662710003415,0.0279992834296532,27.999283429653207,-526.447731260968,5.2551430169026006
0.1607233333333333,160.72333333333333,0.022788110066193797,22.7881100661938,True,28.043253083096413,28.0110239977732,0.0280432530830964,28.043253083096413,-526.447731260968,5.2551430169026006
0.1608695652173913,160.8695652173913,0.0228246774515836,22.8246774515836,True,28.079820468486236,28.04836010828968,0.0280798204684862,28.079820468486236,-526.447731260968,5.2551430169026006
0.1608991666666666,160.89916666666667,0.0228321579860593,22.8321579860593,True,28.08730100296198,28.055931016353835,0.0280873010029619,28.08730100296198,-526.447731260968,5.2551430169026006
0.161075,161.075,0.0228765925439673,22.8765925439673,True,28.13173556086993,28.100993298461177,0.0281317355608699,28.13173556086993,-526.447731260968,5.2551430169026006
0.1612508333333333,161.25083333333333,0.0229210271018752,22.9210271018752,True,28.17617011877789,28.14621209522129,0.0281761701187778,28.17617011877789,-526.447731260968,5.2551430169026006
0.1614266666666666,161.42666666666668,0.0229654616597832,22.965461659783198,True,28.22060467668584,28.19158866654802,0.0282206046766858,28.22060467668584,-526.447731260968,5.2551430169026006
0.1614882943143812,161.48829431438128,0.0229810354831828,22.9810354831828,True,28.236178500085494,28.20753023011113,0.0282361785000854,28.236178500085494,-526.447731260968,5.2551430169026006
0.1616025,161.60250000000002,0.0230102079639126,23.0102079639126,True,28.265350980815256,28.237124281182588,0.0282653509808152,28.265350980815256,-526.447731260968,5.2551430169026006
0.1617783333333333,161.77833333333334,0.0230551224924716,23.0551224924716,True,28.3102655093742,28.282820216733214,0.0283102655093742,28.3102655093742,-526.447731260968,5.2551430169026006
0.1619541666666666,161.95416666666668,0.023100037021030497,23.1000370210305,True,28.355180037933145,28.32867775971494,0.0283551800379331,28.355180037933145,-526.447731260968,5.2551430169026006
0.1621070234113712,162.10702341137124,0.023139082453971498,23.139082453971497,True,28.394225470874154,28.368675298209475,0.0283942254708741,28.394225470874154,-526.447731260968,5.2551430169026006
0.16213,162.13,0.023145016346001,23.145016346001,True,28.40015936290362,28.37469820558936,0.0284001593629036,28.40015936290362,-526.447731260968,5.2551430169026006
0.1623058333333333,162.30583333333334,0.023190426743168197,23.190426743168196,True,28.44556976007088,28.420882858804625,0.0284455697600708,28.44556976007088,-526.447731260968,5.2551430169026006
0.1624816666666666,162.48166666666663,0.0232358371403355,23.235837140335498,True,28.49098015723813,28.46723303283536,0.0284909801572381,28.49098015723813,-526.447731260968,5.2551430169026006
0.1626575,162.6575,0.023281247537502797,23.281247537502797,True,28.5363905544054,28.513750050222814,0.0285363905544054,28.5363905544054,-526.447731260968,5.2551430169026006
0.1627257525083612,162.72575250836118,0.0232988743062933,23.2988743062933,True,28.55401732319597,28.531851607406026,0.0285540173231959,28.55401732319597,-526.447731260968,5.2551430169026006
0.1628333333333333,162.83333333333334,0.0233269716000241,23.3269716000241,True,28.58211461692677,28.560435242614965,0.0285821146169267,28.58211461692677,-526.447731260968,5.2551430169026006
0.1630091666666666,163.0091666666667,0.0233728946612724,23.3728946612724,True,28.62803767817502,28.60728995080682,0.028628037678175,28.62803767817502,-526.447731260968,5.2551430169026006
0.163185,163.185,0.0234188177225206,23.4188177225206,True,28.673960739423254,28.65431552478068,0.0286739607394232,28.673960739423254,-526.447731260968,5.2551430169026006
0.1633444816053511,163.34448160535118,0.0234604701407036,23.4604701407036,True,28.715613157606253,28.69711683568435,0.0287156131576062,28.715613157606253,-526.447731260968,5.2551430169026006
0.1633608333333333,163.36083333333335,0.0234647901113973,23.4647901113973,True,28.719933128299974,28.70151332374661,0.0287199331282999,28.719933128299974,-526.447731260968,5.2551430169026006
0.1635366666666666,163.53666666666666,0.0235112436022949,23.5112436022949,True,28.766386619197597,28.748884716182907,0.0287663866191975,28.766386619197597,-526.447731260968,5.2551430169026006
0.1637125,163.7125,0.0235576970931926,23.557697093192598,True,28.81284011009522,28.7964310798767,0.0288128401100952,28.81284011009522,-526.447731260968,5.2551430169026006
0.1638883333333333,163.88833333333332,0.023604150584090197,23.604150584090196,True,28.859293600992835,28.844153801964577,0.0288592936009928,28.859293600992835,-526.447731260968,5.2551430169026006
0.1639632107023411,163.96321070234112,0.0236239324713678,23.623932471367798,True,28.879075488270416,28.864530065864116,0.0288790754882704,28.879075488270416,-526.447731260968,5.2551430169026006
0.1640641666666666,164.0641666666667,0.023650919428283398,23.650919428283398,True,28.90606244518608,28.892054278973376,0.028906062445186,28.90606244518608,-526.447731260968,5.2551430169026006
0.16424,164.24,0.023697922164800298,23.6979221648003,True,28.95306518170297,28.940133916860976,0.0289530651817029,28.95306518170297,-526.447731260968,5.2551430169026006
0.1644158333333333,164.41583333333335,0.0237449249013172,23.744924901317198,True,29.00006791821988,28.988394131057245,0.0290000679182198,29.00006791821988,-526.447731260968,5.2551430169026006
0.1645819397993311,164.5819397993311,0.0237893275086445,23.7893275086445,True,29.044470525547155,29.034151807433304,0.0290444705255471,29.044470525547155,-526.447731260968,5.2551430169026006
0.1645916666666666,164.59166666666667,0.023791959125283098,23.791959125283096,True,29.04710214218576,29.036836346505,0.0290471021421857,29.04710214218576,-526.447731260968,5.2551430169026006
0.1647675,164.7675,0.0238395310628514,23.8395310628514,True,29.094674079754043,29.085461997701135,0.029094674079754,29.094674079754043,-526.447731260968,5.2551430169026006
0.1649433333333333,164.94333333333333,0.0238871030004197,23.8871030004197,True,29.142246017322314,29.13427252873772,0.0291422460173223,29.142246017322314,-526.447731260968,5.2551430169026006
0.1651191666666666,165.11916666666667,0.0239346749379879,23.9346749379879,True,29.18981795489059,29.18326939334332,0.0291898179548905,29.18981795489059,-526.447731260968,5.2551430169026006
0.165200668896321,165.20066889632108,0.0239567254724759,23.9567254724759,True,29.21186848937852,29.20604401853879,0.0292118684893785,29.21186848937852,-526.447731260968,5.2551430169026006
0.165295,165.295,0.023982563610766998,23.982563610767,True,29.237706627669603,29.23245405492425,0.0292377066276696,29.237706627669603,-526.447731260968,5.2551430169026006
0.1654708333333333,165.47083333333333,0.0240307259432921,24.0307259432921,True,29.285868960194755,29.28182798660609,0.0292858689601947,29.285868960194755,-526.447731260968,5.2551430169026006
0.1656466666666666,165.64666666666668,0.0240788882758172,24.0788882758172,True,29.334031292719896,29.33139267127504,0.0293340312927198,29.334031292719896,-526.447731260968,5.2551430169026006
0.165819397993311,165.819397993311,0.0241262009407918,24.1262009407918,True,29.38134395769443,29.38027012813515,0.0293813439576944,29.38134395769443,-526.447731260968,5.2551430169026006
0.1658225,165.82250000000002,0.024127061421632397,24.127061421632398,True,29.382204438535005,29.381149601619644,0.029382204438535,29.382204438535005,-526.447731260968,5.2551430169026006
0.1659983333333333,165.9983333333333,0.024175836691848397,24.175836691848396,True,29.43097970875107,29.43110028017237,0.029430979708751,29.43097970875107,-526.447731260968,5.2551430169026006
0.1661741666666666,166.17416666666668,0.024224611962064498,24.224611962064497,True,29.479754978967147,29.481246219351387,0.0294797549789671,29.479754978967147,-526.447731260968,5.2551430169026006
0.16635,166.35,0.024273387232280598,24.273387232280598,True,29.528530249183216,29.531588941502356,0.0295285302491832,29.528530249183216,-526.447731260968,5.2551430169026006
0.166438127090301,166.438127090301,0.024297833237832,24.297833237832,True,29.552976254734617,29.55689505829189,0.0295529762547346,29.552976254734617,-526.447731260968,5.2551430169026006
0.1665258333333333,166.52583333333334,0.0243224802165329,24.3224802165329,True,29.57762323343554,29.582129978940426,0.0295776232334355,29.57762323343554,-526.447731260968,5.2551430169026006
0.1667016666666666,166.70166666666665,0.0243718924393319,24.3718924393319,True,29.627035456234555,29.632870873992115,0.0296270354562345,29.627035456234555,-526.447731260968,5.2551430169026006
0.1668775,166.8775,0.0244213046621309,24.4213046621309,True,29.676447679033583,29.68381317903754,0.0296764476790335,29.676447679033583,-526.447731260968,5.2551430169026006
0.1670533333333333,167.05333333333334,0.024470716884929997,24.47071688493,True,29.7258599018326,29.734958456552413,0.0297258599018326,29.7258599018326,-526.447731260968,5.2551430169026006
0.1670568561872909,167.05685618729098,0.0244717068681222,24.471706868122197,True,29.72684988502488,29.73598524665885,0.0297268498850248,29.72684988502488,-526.447731260968,5.2551430169026006
0.1672291666666666,167.22916666666666,0.024520778410707898,24.520778410707898,True,29.775921427610545,29.786308279150425,0.0297759214276105,29.775921427610545,-526.447731260968,5.2551430169026006
0.167405,167.405,0.0245708532113579,24.5708532113579,True,29.825996228260564,29.83786422962553,0.0298259962282605,29.825996228260564,-526.447731260968,5.2551430169026006
0.1675808333333333,167.58083333333332,0.0246209280120079,24.620928012007898,True,29.876071028910573,29.889627900994324,0.0298760710289105,29.876071028910573,-526.447731260968,5.2551430169026006
0.1676755852842809,167.67558528428094,0.0246479120028415,24.647912002841498,True,29.90305501974414,29.91760866909011,0.0299030550197441,29.90305501974414,-526.447731260968,5.2551430169026006
0.1677566666666666,167.75666666666666,0.024671320975476498,24.671320975476497,True,29.92646399237911,29.941600896538585,0.0299264639923791,29.92646399237911,-526.447731260968,5.2551430169026006
0.1679324999999999,167.93249999999998,0.024722085744985897,24.722085744985897,True,29.977228761888515,29.993784829847858,0.0299772287618885,29.977228761888515,-526.447731260968,5.2551430169026006
0.1681083333333333,168.10833333333332,0.0247728505144953,24.7728505144953,True,30.02799353139793,30.046181324862086,0.0300279935313979,30.02799353139793,-526.447731260968,5.2551430169026006
0.1682841666666666,168.28416666666666,0.0248236152840047,24.8236152840047,True,30.07875830090734,30.098792015914384,0.0300787583009073,30.07875830090734,-526.447731260968,5.2551430169026006
0.1682943143812709,168.2943143812709,0.0248265450265237,24.8265450265237,True,30.081688043426382,30.10183486242607,0.0300816880434263,30.081688043426382,-526.447731260968,5.2551430169026006
0.16846,168.46,0.0248750578419322,24.8750578419322,True,30.130200858834872,30.15161854777387,0.0301302008588348,30.130200858834872,-526.447731260968,5.2551430169026006
0.1686358333333333,168.63583333333332,0.024926541912234097,24.926541912234097,True,30.181684929136747,30.20466257568857,0.0301816849291367,30.181684929136747,-526.447731260968,5.2551430169026006
0.1688116666666666,168.81166666666667,0.024978025982535998,24.978025982535996,True,30.23316899943863,30.257925765428407,0.0302331689994386,30.23316899943863,-526.447731260968,5.2551430169026006
0.1689130434782608,168.91304347826087,0.0250077091535034,25.007709153503402,True,30.262852170406003,30.288734947433927,0.030262852170406,30.262852170406003,-526.447731260968,5.2551430169026006
0.1689874999999999,168.98749999999998,0.0250298279667306,25.0298279667306,True,30.284970983633272,30.311409793328306,0.0302849709836332,30.284970983633272,-526.447731260968,5.2551430169026006
0.1691633333333333,169.16333333333333,0.025082062808867798,25.082062808867796,True,30.33720582577048,30.36511634633136,0.0303372058257704,30.33720582577048,-526.447731260968,5.2551430169026006
0.1693391666666666,169.33916666666664,0.025134297651005,25.134297651005,True,30.38944066790769,30.419047122032044,0.0303894406679076,30.38944066790769,-526.447731260968,5.2551430169026006
0.169515,169.515,0.0251865324931422,25.1865324931422,True,30.44167551004489,30.473203828719587,0.0304416755100448,30.44167551004489,-526.447731260968,5.2551430169026006
0.1695317725752508,169.53177257525084,0.0251915151252965,25.1915151252965,True,30.446658142199183,30.478381651906425,0.0304466581421991,30.446658142199183,-526.447731260968,5.2551430169026006
0.1696908333333333,169.69083333333333,0.0252394770993387,25.2394770993387,True,30.494620116241396,30.527588185421354,0.0304946201162413,30.494620116241396,-526.447731260968,5.2551430169026006
0.1698666666666666,169.86666666666667,0.025292496548452097,25.292496548452096,True,30.547639565354768,30.58220192194638,0.0305476395653547,30.547639565354768,-526.447731260968,5.2551430169026006
0.1700424999999999,170.0425,0.025345515997565498,25.3455159975655,True,30.60065901446814,30.6370467789289,0.0306006590144681,30.60065901446814,-526.447731260968,5.2551430169026006
0.1701505016722408,170.1505016722408,0.025378082002298397,25.3780820022984,True,30.633225019201017,30.670849333918927,0.030633225019201,30.633225019201017,-526.447731260968,5.2551430169026006
0.1702183333333333,170.21833333333333,0.0253988521900246,25.3988521900246,True,30.65399520692729,30.692124507872094,0.0306539952069272,30.65399520692729,-526.447731260968,5.2551430169026006
0.1703941666666666,170.39416666666665,0.025452692701712697,25.452692701712696,True,30.707835718615318,30.747436871191745,0.0307078357186153,30.707835718615318,-526.447731260968,5.2551430169026006
0.17057,170.57,0.025506533213400698,25.506533213400697,True,30.761676230303337,30.802985642260147,0.0307616762303033,30.761676230303337,-526.447731260968,5.2551430169026006
0.1707458333333333,170.7458333333333,0.025560373725088698,25.5603737250887,True,30.81551674199136,30.85877260544995,0.0308155167419913,30.81551674199136,-526.447731260968,5.2551430169026006
0.1707692307692307,170.76923076923077,0.025567538065871098,25.567538065871098,True,30.82268108277377,30.866214005244903,0.0308226810827737,30.82268108277377,-526.447731260968,5.2551430169026006
0.1709216666666666,170.92166666666665,0.02561496017444,25.61496017444,True,30.870103191342604,30.914799556178245,0.0308701031913426,30.870103191342604,-526.447731260968,5.2551430169026006
0.1710974999999999,171.0975,0.025669661118007798,25.6696611180078,True,30.924804134910445,30.97106830095056,0.0309248041349104,30.924804134910445,-526.447731260968,5.2551430169026006
0.1712733333333333,171.27333333333334,0.0257243620615756,25.7243620615756,True,30.97950507847829,31.02758065740509,0.0309795050784782,30.97950507847829,-526.447731260968,5.2551430169026006
0.1713879598662207,171.38795986622074,0.0257600218502402,25.7600218502402,True,31.015164867142847,31.06455335492956,0.0310151648671428,31.015164867142847,-526.447731260968,5.2551430169026006
0.1714491666666666,171.44916666666666,0.0257793773534311,25.779377353431098,True,31.034520370333738,31.08433845435688,0.0310345203703337,31.034520370333738,-526.447731260968,5.2551430169026006
0.171625,171.625,0.0258349813487323,25.8349813487323,True,31.09012436563497,31.141343531842267,0.0310901243656349,31.09012436563497,-526.447731260968,5.2551430169026006
0.1718008333333333,171.80083333333332,0.025890585344033597,25.890585344033596,True,31.145728360936204,31.19859774116315,0.0311457283609362,31.145728360936204,-526.447731260968,5.2551430169026006
0.1719766666666666,171.97666666666666,0.025946189339334798,25.946189339334797,True,31.20133235623744,31.25610294493165,0.0312013323562374,31.20133235623744,-526.447731260968,5.2551430169026006
0.1720066889632106,172.00668896321068,0.0259556833277858,25.9556833277858,True,31.210826344688424,31.26594677302195,0.0312108263446884,31.210826344688424,-526.447731260968,5.2551430169026006
0.1721524999999999,172.15249999999995,0.0260025805573074,26.0025805573074,True,31.25772357421003,31.313861017114515,0.03125772357421,31.25772357421003,-526.447731260968,5.2551430169026006
0.1723283333333333,172.32833333333335,0.0260591338633702,26.0591338633702,True,31.314276880272843,31.37187384307796,0.0313142768802728,31.314276880272843,-526.447731260968,5.2551430169026006
0.1725041666666666,172.50416666666666,0.026115687169433,26.115687169433002,True,31.370830186335645,31.43014331963228,0.0313708301863356,31.370830186335645,-526.447731260968,5.2551430169026006
0.1726254180602006,172.62541806020067,0.0261546852765557,26.1546852765557,True,31.40982829345833,31.47047537446536,0.0314098282934583,31.40982829345833,-526.447731260968,5.2551430169026006
0.17268,172.68,0.0261725507883981,26.172550788398098,True,31.427693805300784,31.488671355076782,0.0314276938053007,31.427693805300784,-526.447731260968,5.2551430169026006
0.1728558333333333,172.85583333333332,0.0262301037539123,26.2301037539123,True,31.485246770814907,31.547459869244637,0.0314852467708149,31.485246770814907,-526.447731260968,5.2551430169026006
0.1730316666666666,173.03166666666667,0.0262876567194264,26.2876567194264,True,31.542799736329048,31.606510793547912,0.031542799736329,31.542799736329048,-526.447731260968,5.2551430169026006
0.1732075,173.20749999999998,0.0263452096849405,26.345209684940503,True,31.60035270184317,31.665826071022614,0.0316003527018431,31.60035270184317,-526.447731260968,5.2551430169026006
0.1732441471571906,173.24414715719064,0.026357204865456098,26.357204865456097,True,31.612347882358726,31.678222023145874,0.0316123478823587,31.612347882358726,-526.447731260968,5.2551430169026006
0.1733833333333333,173.38333333333333,0.026403597468791798,26.403597468791798,True,31.65874048569445,31.725407656373957,0.0316587404856944,31.65874048569445,-526.447731260968,5.2551430169026006
0.1735591666666666,173.55916666666664,0.0264622050569345,26.4622050569345,True,31.717348073837183,31.78525751602143,0.0317173480738371,31.717348073837183,-526.447731260968,5.2551430169026006
0.173735,173.735,0.026520812645077302,26.520812645077303,True,31.77595566197992,31.84537762814436,0.0317759556619799,31.77595566197992,-526.447731260968,5.2551430169026006
0.1738628762541806,173.8628762541806,0.026563435501029402,26.563435501029403,True,31.818578517932057,31.88927135609956,0.031818578517932,31.818578517932057,-526.447731260968,5.2551430169026006
0.1739108333333333,173.91083333333333,0.0265797242897456,26.579724289745602,True,31.83486730664826,31.905769982727108,0.0318348673066482,31.83486730664826,-526.447731260968,5.2551430169026006
0.1740866666666666,174.08666666666667,0.026639446692913897,26.639446692913896,True,31.894589709816533,31.966436581604736,0.0318945897098165,31.894589709816533,-526.447731260968,5.2551430169026006
0.1742625,174.2625,0.0266991690960822,26.6991690960822,True,31.9543121129848,32.027379438508504,0.0319543121129848,31.9543121129848,-526.447731260968,5.2551430169026006
0.1744383333333333,174.43833333333333,0.026758891499250398,26.7588914992504,True,32.014034516153075,32.08860057911154,0.032014034516153,32.014034516153075,-526.447731260968,5.2551430169026006
0.1744816053511705,174.48160535117054,0.026773588990597397,26.773588990597396,True,32.02873200750006,32.103709807877635,0.0320287320075,32.02873200750006,-526.447731260968,5.2551430169026006
0.1746141666666666,174.61416666666665,0.026819504232604,26.819504232604,True,32.07464724950665,32.150102041074646,0.0320746472495066,32.07464724950665,-526.447731260968,5.2551430169026006
0.17479,174.79,0.0268804075966255,26.880407596625503,True,32.13555061352813,32.21188587409206,0.0321355506135281,32.13555061352813,-526.447731260968,5.2551430169026006
0.1749658333333333,174.9658333333333,0.026941310960646996,26.941310960646994,True,32.1964539775496,32.2739541399374,0.0321964539775496,32.1964539775496,-526.447731260968,5.2551430169026006
0.1751003344481605,175.10033444816054,0.0269878980906429,26.9878980906429,True,32.24304110754553,32.32162563507024,0.0322430411075455,32.24304110754553,-526.447731260968,5.2551430169026006
0.1751416666666666,175.14166666666668,0.027002509076734897,27.002509076734896,True,32.25765209363753,32.336308912509736,0.0322576520936375,32.25765209363753,-526.447731260968,5.2551430169026006
0.1753175,175.3175,0.0270646663593754,27.064666359375398,True,32.319809376278016,32.39895227787952,0.032319809376278,32.319809376278016,-526.447731260968,5.2551430169026006
0.1754933333333333,175.49333333333334,0.0271268236420159,27.1268236420159,True,32.3819666589185,32.46188633433491,0.0323819666589185,32.3819666589185,-526.447731260968,5.2551430169026006
0.1756691666666666,175.66916666666663,0.027188980924656297,27.1889809246563,True,32.444123941558985,32.52511319242791,0.0324441239415589,32.444123941558985,-526.447731260968,5.2551430169026006
0.1757190635451505,175.71906354515048,0.027206619527758498,27.206619527758498,True,32.46176254466115,32.54310894098826,0.0324617625446611,32.46176254466115,-526.447731260968,5.2551430169026006
0.175845,175.845,0.027252094163742302,27.252094163742303,True,32.507237180644985,32.58863497502079,0.0325072371806449,32.507237180644985,-526.447731260968,5.2551430169026006
0.1760208333333333,176.02083333333331,0.027315586159262696,27.315586159262697,True,32.57072917616536,32.652453817332386,0.0325707291761653,32.57072917616536,-526.447731260968,5.2551430169026006
0.1761966666666666,176.19666666666666,0.027379078154783097,27.379078154783098,True,32.63422117168574,32.716571866984786,0.0326342211716857,32.63422117168574,-526.447731260968,5.2551430169026006
0.1763377926421404,176.33779264214047,0.0274300376038974,27.4300376038974,True,32.68518062080001,32.76825170050377,0.0326851806208,32.68518062080001,-526.447731260968,5.2551430169026006
0.1763725,176.37249999999997,0.0274428513441064,27.4428513441064,True,32.69799436100902,32.7809912840497,0.032697994361009,32.69799436100902,-526.447731260968,5.2551430169026006
0.1765483333333333,176.54833333333335,0.0275077679148963,27.5077679148963,True,32.76291093179892,32.84571424109527,0.0327629109317989,32.76291093179892,-526.447731260968,5.2551430169026006
0.1767241666666666,176.72416666666666,0.0275726844856862,27.5726844856862,True,32.827827502588825,32.9107429232328,0.0328278275025888,32.827827502588825,-526.447731260968,5.2551430169026006
0.1769,176.9,0.0276376010564761,27.6376010564761,True,32.89274407337873,32.97607952816356,0.0328927440733787,32.89274407337873,-526.447731260968,5.2551430169026006
0.1769565217391304,176.95652173913044,0.027658468530292697,27.658468530292698,True,32.91361154719538,32.99714778504848,0.0329136115471953,32.91361154719538,-526.447731260968,5.2551430169026006
0.1770758333333333,177.07583333333332,0.027703552413717997,27.703552413717997,True,32.95869543062062,33.041726266225695,0.0329586954306206,32.95869543062062,-526.447731260968,5.2551430169026006
0.1772516666666666,177.2516666666667,0.027769993982579996,27.769993982579997,True,33.02513699948268,33.10768536044129,0.0330251369994826,33.02513699948268,-526.447731260968,5.2551430169026006
0.1774275,177.42749999999998,0.0278364355514421,27.8364355514421,True,33.091578568344715,33.17395904656335,0.0330915785683447,33.091578568344715,-526.447731260968,5.2551430169026006
0.1775752508361204,177.5752508361204,0.027892265678565398,27.892265678565398,True,33.14740869546805,33.22989298777078,0.033147408695468,33.14740869546805,-526.447731260968,5.2551430169026006
0.1776033333333333,177.60333333333332,0.027903138695588102,27.9031386955881,True,33.15828171249071,33.24054957312308,0.0331582817124907,33.15828171249071,-526.447731260968,5.2551430169026006
0.1777791666666666,177.77916666666667,0.027971218069441,27.971218069441,True,33.22636108634366,33.307459201477094,0.0332263610863436,33.22636108634366,-526.447731260968,5.2551430169026006
0.177955,177.955,0.028039297443293996,28.039297443293997,True,33.29444046019662,33.3746902058547,0.0332944404601966,33.29444046019662,-526.447731260968,5.2551430169026006
0.1781308333333333,178.13083333333333,0.028107376817146902,28.107376817146903,True,33.362519834049564,33.44224487340537,0.0333625198340495,33.362519834049564,-526.447731260968,5.2551430169026006
0.1781939799331103,178.19397993311037,0.0281318259980404,28.131825998040398,True,33.38696901494301,33.46658504885093,0.033386969014943,33.38696901494301,-526.447731260968,5.2551430169026006
0.1783066666666666,178.30666666666667,0.0281765874883515,28.1765874883515,True,33.43173050525416,33.51012550424627,0.0334317305052541,33.43173050525416,-526.447731260968,5.2551430169026006
0.1784825,178.4825,0.0282464321080151,28.2464321080151,True,33.50157512491778,33.57833441150976,0.0335015751249177,33.50157512491778,-526.447731260968,5.2551430169026006
0.1786583333333333,178.65833333333333,0.0283162767276788,28.3162767276788,True,33.571419744581405,33.646873921391126,0.0335714197445814,33.571419744581405,-526.447731260968,5.2551430169026006
0.1788127090301003,178.81270903010034,0.028377597932376396,28.377597932376396,True,33.632740949279025,33.70732368097459,0.033632740949279,33.632740949279025,-526.447731260968,5.2551430169026006
0.1788341666666666,178.83416666666665,0.028386354447418,28.386354447418,True,33.64149746432062,33.71574637319631,0.0336414974643206,33.64149746432062,-526.447731260968,5.2551430169026006
0.17901,179.01,0.028458109191859995,28.458109191859997,True,33.71325220876267,33.78495411938978,0.0337132522087626,33.71325220876267,-526.447731260968,5.2551430169026006
0.1791858333333333,179.1858333333333,0.0285298639363021,28.5298639363021,True,33.7850069532047,33.854499525642375,0.0337850069532047,33.7850069532047,-526.447731260968,5.2551430169026006
0.1793616666666666,179.36166666666668,0.028601618680744102,28.601618680744103,True,33.85676169764675,33.92438497087937,0.0338567616976467,33.85676169764675,-526.447731260968,5.2551430169026006
0.1794314381270903,179.4314381270903,0.028630091287258096,28.630091287258097,True,33.88523430416076,33.95221059496478,0.0338852343041607,33.88523430416076,-526.447731260968,5.2551430169026006
0.1795375,179.5375,0.028674625645363,28.674625645363,True,33.929768662265644,33.99461284732855,0.0339297686622656,33.929768662265644,-526.447731260968,5.2551430169026006
0.1797133333333333,179.71333333333334,0.028748456367173,28.748456367173,True,34.003599384075656,34.06518556056835,0.0340035993840756,34.003599384075656,-526.447731260968,5.2551430169026006
0.1798891666666666,179.88916666666665,0.028822287088982997,28.822287088982996,True,34.077430105885654,34.13610552957614,0.0340774301058856,34.077430105885654,-526.447731260968,5.2551430169026006
0.1800501672240802,180.05016722408027,0.028889889671157395,28.889889671157395,True,34.14503268806003,34.20134952557198,0.03414503268806,34.14503268806003,-526.447731260968,5.2551430169026006
0.180065,180.065,0.028896309074962698,28.896309074962698,True,34.15145209186533,34.20737518677657,0.0341514520918653,34.15145209186533,-526.447731260968,5.2551430169026006
0.1802408333333333,180.2408333333333,0.028972407114548,28.972407114548,True,34.22755013145065,34.278996978089886,0.0342275501314506,34.22755013145065,-526.447731260968,5.2551430169026006
0.1804166666666666,180.41666666666663,0.0290485051541333,29.0485051541333,True,34.30364817103598,34.35097336298064,0.0343036481710359,34.30364817103598,-526.447731260968,5.2551430169026006
0.1805925,180.5925,0.0291246031937187,29.1246031937187,True,34.3797462106213,34.42330681450601,0.0343797462106213,34.3797462106213,-526.447731260968,5.2551430169026006
0.1806688963210702,180.66889632107024,0.029157666380059802,29.1576663800598,True,34.41280939696241,34.454846257422766,0.0344128093969624,34.41280939696241,-526.447731260968,5.2551430169026006
0.1807683333333333,180.76833333333332,0.0292021093699555,29.2021093699555,True,34.45725238685812,34.49599981936474,0.0344572523868581,34.45725238685812,-526.447731260968,5.2551430169026006
0.1809441666666666,180.94416666666663,0.029280697401502402,29.2806974015024,True,34.535840418405044,34.569054877945646,0.034535840418405,34.535840418405044,-526.447731260968,5.2551430169026006
0.18112,181.12,0.029359285433049297,29.359285433049298,True,34.61442844995197,34.64247450437664,0.0346144284499519,34.61442844995197,-526.447731260968,5.2551430169026006
0.1812876254180602,181.2876254180602,0.029434204968457396,29.434204968457397,True,34.689347985360016,34.71280865112651,0.03468934798536,34.689347985360016,-526.447731260968,5.2551430169026006
0.1812958333333333,181.2958333333333,0.0294380019138114,29.4380019138114,True,34.693144930714,34.716261226573565,0.034693144930714,34.693144930714,-526.447731260968,5.2551430169026006
0.1814716666666666,181.47166666666664,0.029519341637219802,29.519341637219803,True,34.77448465412243,34.790417586289166,0.0347744846541224,34.77448465412243,-526.447731260968,5.2551430169026006
0.1816475,181.6475,0.029600681360628198,29.600681360628197,True,34.85582437753085,34.86494613916225,0.0348558243775308,34.85582437753085,-526.447731260968,5.2551430169026006
0.1818233333333333,181.82333333333327,0.0296820210840366,29.6820210840366,True,34.937164100939285,34.93984945476684,0.0349371641009392,34.937164100939285,-526.447731260968,5.2551430169026006
0.1819063545150501,181.90635451505017,0.029720426316024597,29.720426316024597,True,34.975569332927265,34.97534666954066,0.0349755693329272,34.975569332927265,-526.447731260968,5.2551430169026006
0.1819991666666666,181.99916666666667,0.029764977439655296,29.764977439655297,True,35.020120456558,35.01513011666139,0.0350201204565579,35.020120456558,-526.447731260968,5.2551430169026006
0.182175,182.175,0.0298493798851897,29.849379885189702,True,35.104522902092334,35.09079072243813,0.0351045229020923,35.104522902092334,-526.447731260968,5.2551430169026006
0.1823508333333333,182.35083333333333,0.029933782330723996,29.933782330723997,True,35.18892534762667,35.16683388377251,0.0351889253476266,35.18892534762667,-526.447731260968,5.2551430169026006
0.1825250836120401,182.5250836120401,0.030017424888020096,30.017424888020095,True,35.27256790492275,35.24257240419416,0.0352725679049227,35.27256790492275,-526.447731260968,5.2551430169026006
0.1825266666666666,182.52666666666667,0.0300182157216691,30.0182157216691,True,35.273358738571744,35.24326222647272,0.0352733587385717,35.273358738571744,-526.447731260968,5.2551430169026006
0.1827025,182.7025,0.030106055341528902,30.1060553415289,True,35.361198358431565,35.32007839052918,0.0353611983584315,35.361198358431565,-526.447731260968,5.2551430169026006
0.1828783333333333,182.87833333333333,0.0301938949613888,30.1938949613888,True,35.4490379782914,35.39728503016436,0.0354490379782914,35.4490379782914,-526.447731260968,5.2551430169026006
0.1830541666666666,183.05416666666665,0.030281734581248596,30.281734581248596,True,35.53687759815122,35.47488481388239,0.0355368775981512,35.53687759815122,-526.447731260968,5.2551430169026006
0.18314381270903,183.14381270903007,0.030326518321247498,30.326518321247498,True,35.58166133815013,35.51460010186921,0.0355816613381501,35.58166133815013,-526.447731260968,5.2551430169026006
0.18323,183.23,0.030371483285208098,30.371483285208097,True,35.626626302110765,35.55288042451898,0.0356266263021107,35.626626302110765,-526.447731260968,5.2551430169026006
0.1834058333333333,183.40583333333333,0.030463217686039497,30.463217686039496,True,35.71836070294219,35.63127455929131,0.0357183607029421,35.71836070294219,-526.447731260968,5.2551430169026006
0.1835816666666666,183.58166666666668,0.030554952086871,30.554952086871,True,35.81009510377364,35.71006992984805,0.0358100951037736,35.81009510377364,-526.447731260968,5.2551430169026006
0.1837575,183.7575,0.0306466864877024,30.6466864877024,True,35.901829504605075,35.78926926231943,0.035901829504605,35.901829504605075,-526.447731260968,5.2551430169026006
0.18376254180602,183.76254180602004,0.030649316859575497,30.649316859575496,True,35.90445987647819,35.79154619134149,0.0359044598764781,35.90445987647819,-526.447731260968,5.2551430169026006
0.1839333333333333,183.9333333333333,0.030742756838752196,30.742756838752197,True,35.99789985565481,35.86887529736743,0.0359978998556548,35.99789985565481,-526.447731260968,5.2551430169026006
0.1841091666666666,184.10916666666665,0.0308389551880712,30.8389551880712,True,36.09409820497386,35.948890790235986,0.0360940982049738,36.09409820497386,-526.447731260968,5.2551430169026006
0.184285,184.285,0.0309351535373903,30.9351535373903,True,36.19029655429293,36.02931851080142,0.0361902965542929,36.19029655429293,-526.447731260968,5.2551430169026006
0.18438127090301,184.38127090301003,0.0309878233115534,30.9878233115534,True,36.242966328456085,36.0735293102785,0.036242966328456,36.242966328456085,-526.447731260968,5.2551430169026006
0.1844608333333333,184.4608333333333,0.0310336989087208,31.033698908720798,True,36.28884192562346,36.11016124362272,0.0362888419256234,36.28884192562346,-526.447731260968,5.2551430169026006
0.1846366666666666,184.63666666666668,0.031135084187373298,31.135084187373298,True,36.39022720427596,36.19142178799224,0.0363902272042759,36.39022720427596,-526.447731260968,5.2551430169026006
0.1848125,184.8125,0.031236469466025797,31.2364694660258,True,36.49161248292845,36.273102957986055,0.0364916124829284,36.49161248292845,-526.447731260968,5.2551430169026006
0.1849883333333333,184.98833333333332,0.031337854744678297,31.337854744678296,True,36.59299776158096,36.35520758251484,0.0365929977615809,36.59299776158096,-526.447731260968,5.2551430169026006
0.185,185.0,0.031344581729991695,31.344581729991695,True,36.5997247468944,36.3606703322963,0.0365997247468943,36.5997247468944,-526.447731260968,5.2551430169026006
0.1851641666666666,185.16416666666663,0.0314216499030699,31.4216499030699,False,,36.43773850537447,0.0366767929199725,36.67679291997257,-526.447731260968,5.2551430169026006
0.18534,185.34,0.0315046099829924,31.5046099829924,False,,36.52069858529697,0.036759752999895,36.75975299989506,-526.447731260968,5.2551430169026006
0.1855158333333333,185.5158333333333,0.0315880020936968,31.588002093696797,False,,36.60409069600134,0.0368431451105994,36.84314511059944,-526.447731260968,5.2551430169026006
0.1856916666666666,185.69166666666663,0.0316718291239401,31.6718291239401,False,,36.68791772624468,0.0369269721408427,36.92697214084277,-526.447731260968,5.2551430169026006
0.1858675,185.8675,0.0317560939775686,31.7560939775686,False,,36.77218257987311,0.0370112369944712,37.0112369944712,-526.447731260968,5.2551430169026006
0.1860433333333333,186.04333333333332,0.0318407995735686,31.8407995735686,False,,36.85688817587311,0.0370959425904712,37.0959425904712,-526.447731260968,5.2551430169026006
0.1862191666666666,186.21916666666667,0.0319259488461181,31.925948846118104,False,,36.94203744842263,0.0371810918630207,37.181091863020725,-526.447731260968,5.2551430169026006
0.186395,186.395,0.0320115447446381,32.011544744638094,False,,37.0276333469426,0.0372666877615407,37.2666877615407,-526.447731260968,5.2551430169026006
0.1865708333333333,186.57083333333333,0.0320975902338436,32.0975902338436,False,,37.11367883614812,0.0373527332507462,37.35273325074621,-526.447731260968,5.2551430169026006
0.1867466666666666,186.74666666666667,0.0321840882937956,32.1840882937956,False,,37.20017689610018,0.0374392313106982,37.43923131069828,-526.447731260968,5.2551430169026006
0.1869225,186.9225,0.0322710419199526,32.2710419199526,False,,37.28713052225714,0.0375261849368552,37.52618493685524,-526.447731260968,5.2551430169026006
0.1870983333333333,187.09833333333333,0.0323584541232219,32.3584541232219,False,,37.374542725526425,0.0376135971401245,37.61359714012452,-526.447731260968,5.2551430169026006
0.1872741666666666,187.27416666666664,0.0324463279300117,32.4463279300117,False,,37.46241653231623,0.0377014709469143,37.70147094691433,-526.447731260968,5.2551430169026006
0.18745,187.45,0.0325346663822829,32.5346663822829,False,,37.550754984587485,0.0377898093991855,37.78980939918558,-526.447731260968,5.2551430169026006
0.1876258333333333,187.62583333333333,0.032623472537601096,32.623472537601096,False,,37.639561139905645,0.0378786155545037,37.87861555450374,-526.447731260968,5.2551430169026006
0.1878016666666666,187.80166666666668,0.0327127494691882,32.7127494691882,False,,37.72883807149273,0.0379678924860908,37.967892486090825,-526.447731260968,5.2551430169026006
0.1879775,187.9775,0.0328025002659749,32.8025002659749,False,,37.81858886827945,0.0380576432828775,38.05764328287754,-526.447731260968,5.2551430169026006
0.1881533333333333,188.1533333333333,0.0328927280326528,32.8927280326528,False,,37.90881663495738,0.0381478710495554,38.14787104955549,-526.447731260968,5.2551430169026006
0.1883291666666666,188.32916666666665,0.032983435889726596,32.98343588972659,False,,37.99952449203116,0.0382385789066292,38.23857890662925,-526.447731260968,5.2551430169026006
0.188505,188.505,0.0330746269735663,33.074626973566296,False,,38.09071557587087,0.0383297699904689,38.32976999046896,-526.447731260968,5.2551430169026006
0.1886808333333333,188.6808333333333,0.0331663044364599,33.166304436459896,False,,38.18239303876442,0.0384214474533625,38.42144745336251,-526.447731260968,5.2551430169026006
0.1888566666666666,188.85666666666668,0.0332584714466656,33.258471446665595,False,,38.27456004897015,0.0385136144635682,38.51361446356824,-526.447731260968,5.2551430169026006
0.1890325,189.0325,0.0333511311884647,33.3511311884647,False,,38.36721979076928,0.0386062742053673,38.60627420536737,-526.447731260968,5.2551430169026006
0.1892083333333333,189.20833333333331,0.033444286862214095,33.44428686221409,False,,38.46037546451869,0.0386994298791167,38.69942987911679,-526.447731260968,5.2551430169026006
0.1893841666666666,189.38416666666663,0.033537941684399,33.537941684398994,False,,38.55403028670358,0.0387930847013016,38.79308470130167,-526.447731260968,5.2551430169026006
0.18956,189.56,0.033632098887685896,33.6320988876859,False,,38.64818748999048,0.0388872419045885,38.88724190458857,-526.447731260968,5.2551430169026006
0.1897358333333333,189.7358333333333,0.0337267617209754,33.7267617209754,False,,38.74285032327997,0.038981904737878,38.98190473787806,-526.447731260968,5.2551430169026006
0.1899116666666666,189.91166666666663,0.0338219334494552,33.8219334494552,False,,38.83802205175976,0.0390770764663578,39.077076466357845,-526.447731260968,5.2551430169026006
0.1900875,190.0875,0.0339176173546533,33.917617354653295,False,,38.93370595695781,0.0391727603715559,39.17276037155591,-526.447731260968,5.2551430169026006
0.1902633333333333,190.26333333333332,0.034013816734491,34.013816734491,False,,39.029905336795565,0.0392689597513936,39.26895975139366,-526.447731260968,5.2551430169026006
0.1904391666666666,190.4391666666667,0.0341105349033365,34.1105349033365,False,,39.12662350564101,0.0393656779202391,39.36567792023911,-526.447731260968,5.2551430169026006
0.190615,190.615,0.0342077751920577,34.207775192057696,False,,39.22386379436222,0.0394629182089603,39.46291820896032,-526.447731260968,5.2551430169026006
0.1907908333333333,190.79083333333327,0.0343055409480761,34.3055409480761,False,,39.32162955038061,0.0395606839649787,39.56068396497871,-526.447731260968,5.2551430169026006
0.1909666666666666,190.96666666666667,0.0344038355354201,34.4038355354201,False,,39.41992413772464,0.0396589785523227,39.65897855232273,-526.447731260968,5.2551430169026006
0.1911425,191.1425,0.0345026623347786,34.5026623347786,False,,39.51875093708313,0.0397578053516812,39.75780535168122,-526.447731260968,5.2551430169026006
0.1913183333333333,191.31833333333333,0.0346020247435547,34.6020247435547,False,,39.61811334585924,0.0398571677604573,39.85716776045734,-526.447731260968,5.2551430169026006
0.1914941666666666,191.49416666666667,0.0347019261759194,34.7019261759194,False,,39.71801477822397,0.039957069192822,39.95706919282206,-526.447731260968,5.2551430169026006
0.19167,191.67,0.0348023700628657,34.8023700628657,False,,39.81845866517023,0.0400575130797683,40.05751307976832,-526.447731260968,5.2551430169026006
0.1918458333333333,191.84583333333333,0.0349033598522619,34.9033598522619,False,,39.91944845456646,0.0401585028691645,40.15850286916454,-526.447731260968,5.2551430169026006
0.1920216666666666,192.02166666666668,0.035004899008906395,35.00489900890639,False,,40.02098761121098,0.040260042025809,40.26004202580907,-526.447731260968,5.2551430169026006
0.1921975,192.1975,0.0351069910145813,35.1069910145813,False,,40.12307961688583,0.0403621340314839,40.36213403148392,-526.447731260968,5.2551430169026006
0.1923733333333333,192.3733333333333,0.0352096393681065,35.2096393681065,False,,40.22572797041104,0.0404647823850091,40.46478238500914,-526.447731260968,5.2551430169026006
0.1925491666666666,192.54916666666665,0.0353128475853943,35.312847585394294,False,,40.32893618769887,0.0405679906022969,40.56799060229696,-526.447731260968,5.2551430169026006
0.192725,192.725,0.0354166191995036,35.4166191995036,False,,40.432707801808206,0.0406717622164062,40.67176221640629,-526.447731260968,5.2551430169026006
0.1929008333333333,192.9008333333333,0.0355209577606943,35.5209577606943,False,,40.53704636299888,0.0407761007775969,40.77610077759698,-526.447731260968,5.2551430169026006
0.1930766666666666,193.07666666666668,0.035625866836481695,35.6258668364817,False,,40.64195543878623,0.0408810098533843,40.88100985338432,-526.447731260968,5.2551430169026006
0.1932525,193.2525,0.0357313500116911,35.7313500116911,False,,40.74743861399568,0.0409864930285937,40.98649302859378,-526.447731260968,5.2551430169026006
0.1934283333333333,193.4283333333333,0.0358374108885129,35.8374108885129,False,,40.8534994908175,0.0410925539054155,41.09255390541559,-526.447731260968,5.2551430169026006
0.1936041666666666,193.60416666666663,0.0359440530865568,35.9440530865568,False,,40.96014168886139,0.0411991961034594,41.199196103459485,-526.447731260968,5.2551430169026006
0.19378,193.78,0.0360512802429069,36.0512802429069,False,,41.06736884521146,0.0413064232598095,41.30642325980956,-526.447731260968,5.2551430169026006
0.1939558333333333,193.9558333333333,0.0361590960121765,36.1590960121765,False,,41.17518461448108,0.0414142390290791,41.41423902907918,-526.447731260968,5.2551430169026006
0.1941316666666666,194.13166666666663,0.0362675040665634,36.2675040665634,False,,41.283592668867975,0.041522647083466,41.52264708346608,-526.447731260968,5.2551430169026006
0.1943075,194.3075,0.036376508095904696,36.3765080959047,False,,41.3925966982092,0.0416316511128073,41.6316511128073,-526.447731260968,5.2551430169026006
0.1944833333333333,194.48333333333332,0.0364861118077318,36.4861118077318,False,,41.5022004100364,0.0417412548246344,41.74125482463449,-526.447731260968,5.2551430169026006
0.1946591666666666,194.65916666666664,0.0365963189273264,36.5963189273264,False,,41.61240752963099,0.041851461944229,41.85146194422909,-526.447731260968,5.2551430169026006
0.194835,194.835,0.0367071331977751,36.7071331977751,False,,41.72322180007965,0.0419622762146777,41.96227621467774,-526.447731260968,5.2551430169026006
0.1950108333333333,195.01083333333327,0.036818558380025,36.818558380024996,False,,41.83464698232952,0.0420737013969276,42.0737013969276,-526.447731260968,5.2551430169026006
0.1951866666666666,195.18666666666667,0.036930598252939296,36.9305982529393,False,,41.9466868552439,0.0421857412698419,42.185741269842,-526.447731260968,5.2551430169026006
0.1953625,195.3625,0.0370432566133532,37.0432566133532,False,,42.05934521565773,0.0422983996302558,42.29839963025582,-526.447731260968,5.2551430169026006
0.1955383333333333,195.53833333333336,0.0371565372761288,37.156537276128795,False,,42.17262587843339,0.0424116802930314,42.41168029303148,-526.447731260968,5.2551430169026006
0.1957141666666666,195.71416666666667,0.0372704440742117,37.270444074211696,False,,42.286532676516224,0.0425255870911143,42.525587091114325,-526.447731260968,5.2551430169026006
0.19589,195.89,0.0373849808586861,37.3849808586861,False,,42.40106946099069,0.0426401238755887,42.64012387558879,-526.447731260968,5.2551430169026006
0.1960658333333333,196.06583333333333,0.0375001514988315,37.5001514988315,False,,42.51624010113602,0.0427552945157341,42.75529451573411,-526.447731260968,5.2551430169026006
0.1962416666666666,196.24166666666667,0.0376159598821778,37.6159598821778,False,,42.63204848448236,0.0428711028990804,42.871102899080455,-526.447731260968,5.2551430169026006
0.1964175,196.4175,0.037732409914562295,37.7324099145623,False,,42.748498516866825,0.0429875529314649,42.98755293146492,-526.447731260968,5.2551430169026006
0.1965933333333333,196.59333333333333,0.0378495055201852,37.8495055201852,False,,42.86559412248972,0.0431046485370878,43.10464853708781,-526.447731260968,5.2551430169026006
0.1967691666666666,196.76916666666665,0.0379672506416662,37.9672506416662,False,,42.98333924397071,0.0432223936585688,43.222393658568805,-526.447731260968,5.2551430169026006
0.196945,196.945,0.038085649240100695,38.08564924010069,False,,43.10173784240525,0.0433407922570033,43.340792257003336,-526.447731260968,5.2551430169026006
0.1971208333333333,197.1208333333333,0.0382047052951164,38.204705295116405,False,,43.2207938974209,0.043459848312019,43.459848312019005,-526.447731260968,5.2551430169026006
0.1972966666666666,197.29666666666668,0.0383244228049295,38.324422804929505,False,,43.340511407234025,0.0435795658218321,43.57956582183212,-526.447731260968,5.2551430169026006
0.1974725,197.4725,0.0384448057864016,38.4448057864016,False,,43.460894388706166,0.0436999488033042,43.69994880330426,-526.447731260968,5.2551430169026006
0.1976483333333333,197.6483333333333,0.0385658582750963,38.5658582750963,False,,43.58194687740083,0.0438210012919989,43.821001291998925,-526.447731260968,5.2551430169026006
0.1978241666666666,197.82416666666663,0.0386875843253357,38.6875843253357,False,,43.70367292764024,0.0439427273422383,43.942727342238335,-526.447731260968,5.2551430169026006
0.198,198.0,0.0388099880102577,38.8099880102577,False,,43.82607661256222,0.0440651310271603,44.06513102716031,-526.447731260968,5.2551430169026006
