z_m,B_T,target_region,z_mm,B_mT
-0.013,-0.013881926831646936,left_cubic_extension,-13.0,-13.881926831646936
-0.012908450704225352,-0.01386755504846932,left_cubic_extension,-12.908450704225352,-13.86755504846932
-0.012816901408450704,-0.013853181152238901,left_cubic_extension,-12.816901408450704,-13.853181152238902
-0.012725352112676057,-0.01383880514026184,left_cubic_extension,-12.725352112676056,-13.83880514026184
-0.012633802816901407,-0.013824427009844296,left_cubic_extension,-12.633802816901408,-13.824427009844296
-0.01254225352112676,-0.013810046758292428,left_cubic_extension,-12.54225352112676,-13.810046758292428
-0.012450704225352112,-0.013795664382912395,left_cubic_extension,-12.450704225352112,-13.795664382912395
-0.012359154929577464,-0.013781279881010362,left_cubic_extension,-12.359154929577464,-13.781279881010363
-0.012267605633802817,-0.013766893249892482,left_cubic_extension,-12.267605633802816,-13.766893249892481
-0.012176056338028169,-0.013752504486864919,left_cubic_extension,-12.17605633802817,-13.752504486864918
-0.012084507042253521,-0.013738113589233832,left_cubic_extension,-12.084507042253522,-13.738113589233832
-0.011992957746478872,-0.013723720554305378,left_cubic_extension,-11.992957746478872,-13.723720554305377
-0.011901408450704224,-0.013709325379385722,left_cubic_extension,-11.901408450704224,-13.709325379385723
-0.011809859154929577,-0.01369492806178102,left_cubic_extension,-11.809859154929576,-13.69492806178102
-0.01171830985915493,-0.013680528598797433,left_cubic_extension,-11.71830985915493,-13.680528598797432
-0.011626760563380282,-0.01366612698774112,left_cubic_extension,-11.626760563380282,-13.666126987741121
-0.011535211267605634,-0.013651723225918242,left_cubic_extension,-11.535211267605634,-13.651723225918241
-0.011443661971830985,-0.013637317310634956,left_cubic_extension,-11.443661971830984,-13.637317310634957
-0.011352112676056337,-0.013622909239197427,left_cubic_extension,-11.352112676056336,-13.622909239197426
-0.01126056338028169,-0.01360849900891181,left_cubic_extension,-11.26056338028169,-13.60849900891181
-0.011169014084507042,-0.013594086617084267,left_cubic_extension,-11.169014084507042,-13.594086617084267
-0.011077464788732394,-0.013579672061020958,left_cubic_extension,-11.077464788732394,-13.579672061020958
-0.010985915492957746,-0.013565255338028041,left_cubic_extension,-10.985915492957746,-13.565255338028042
-0.010894366197183099,-0.013550836445411678,left_cubic_extension,-10.894366197183098,-13.550836445411678
-0.010802816901408451,-0.013536415380478027,left_cubic_extension,-10.802816901408452,-13.536415380478028
-0.010711267605633802,-0.01352199214053325,left_cubic_extension,-10.711267605633802,-13.52199214053325
-0.010619718309859154,-0.013507566722883503,left_cubic_extension,-10.619718309859154,-13.507566722883503
-0.010528169014084507,-0.01349313912483495,left_cubic_extension,-10.528169014084506,-13.493139124834949
-0.010436619718309859,-0.013478709343693749,left_cubic_extension,-10.436619718309858,-13.47870934369375
-0.010345070422535211,-0.013464277376766058,left_cubic_extension,-10.345070422535212,-13.464277376766058
-0.010253521126760562,-0.013449843221358039,left_cubic_extension,-10.253521126760562,-13.449843221358039
-0.010161971830985914,-0.013435406874775851,left_cubic_extension,-10.161971830985914,-13.43540687477585
-0.010070422535211267,-0.013420968334325656,left_cubic_extension,-10.070422535211266,-13.420968334325655
-0.009978873239436619,-0.01340652759731361,left_cubic_extension,-9.978873239436618,-13.406527597313609
-0.009887323943661971,-0.013392084661045875,left_cubic_extension,-9.887323943661972,-13.392084661045875
-0.009795774647887324,-0.01337763952282861,left_cubic_extension,-9.795774647887324,-13.377639522828611
-0.009704225352112676,-0.013363192179967976,left_cubic_extension,-9.704225352112676,-13.363192179967976
-0.009612676056338029,-0.013348742629770132,left_cubic_extension,-9.612676056338028,-13.348742629770133
-0.00952112676056338,-0.013334290869541236,left_cubic_extension,-9.52112676056338,-13.334290869541237
-0.009429577464788732,-0.013319836896587452,left_cubic_extension,-9.429577464788732,-13.319836896587452
-0.009338028169014084,-0.013305380708214937,left_cubic_extension,-9.338028169014084,-13.305380708214937
-0.009246478873239436,-0.01329092230172985,left_cubic_extension,-9.246478873239436,-13.29092230172985
-0.009154929577464789,-0.013276461674438352,left_cubic_extension,-9.154929577464788,-13.276461674438352
-0.00906338028169014,-0.013261998823646605,left_cubic_extension,-9.06338028169014,-13.261998823646605
-0.008971830985915492,-0.013247533746660765,left_cubic_extension,-8.971830985915492,-13.247533746660766
-0.008880281690140844,-0.013233066440786994,left_cubic_extension,-8.880281690140844,-13.233066440786994
-0.008788732394366196,-0.01321859690333145,left_cubic_extension,-8.788732394366196,-13.21859690333145
-0.008697183098591549,-0.013204125131600294,left_cubic_extension,-8.697183098591548,-13.204125131600295
-0.008605633802816901,-0.013189651122899687,left_cubic_extension,-8.605633802816902,-13.189651122899686
-0.008514084507042254,-0.013175174874535787,left_cubic_extension,-8.514084507042254,-13.175174874535788
-0.008422535211267606,-0.013160696383814754,left_cubic_extension,-8.422535211267606,-13.160696383814754
-0.008330985915492958,-0.013146215648042747,left_cubic_extension,-8.330985915492958,-13.146215648042748
-0.00823943661971831,-0.01313173266452593,left_cubic_extension,-8.23943661971831,-13.131732664525929
-0.008147887323943661,-0.013117247430570456,left_cubic_extension,-8.147887323943662,-13.117247430570457
-0.008056338028169014,-0.013102759943482492,left_cubic_extension,-8.056338028169014,-13.102759943482493
-0.007964788732394366,-0.013088270200568191,left_cubic_extension,-7.964788732394366,-13.088270200568191
-0.007873239436619717,-0.013073778199133718,left_cubic_extension,-7.873239436619716,-13.073778199133718
-0.00778169014084507,-0.013059283936485231,left_cubic_extension,-7.78169014084507,-13.059283936485231
-0.007690140845070422,-0.01304478740992889,left_cubic_extension,-7.690140845070422,-13.04478740992889
-0.007598591549295774,-0.013030288616770852,left_cubic_extension,-7.598591549295774,-13.030288616770852
-0.007507042253521126,-0.013015787554317282,left_cubic_extension,-7.507042253521126,-13.015787554317281
-0.007415492957746479,-0.013001284219874336,left_cubic_extension,-7.415492957746479,-13.001284219874336
-0.007323943661971831,-0.012986778610748175,left_cubic_extension,-7.323943661971831,-12.986778610748175
-0.0072323943661971824,-0.012972270724244958,left_cubic_extension,-7.232394366197182,-12.972270724244959
-0.007140845070422535,-0.012957760557670846,left_cubic_extension,-7.140845070422535,-12.957760557670845
-0.007049295774647887,-0.012943248108331999,left_cubic_extension,-7.049295774647887,-12.943248108331998
-0.006957746478873239,-0.012928733373534574,left_cubic_extension,-6.957746478873239,-12.928733373534575
-0.006866197183098591,-0.012914216350584734,left_cubic_extension,-6.866197183098591,-12.914216350584734
-0.0067746478873239434,-0.012899697036788638,left_cubic_extension,-6.774647887323943,-12.899697036788638
-0.006683098591549296,-0.012885175429452445,left_cubic_extension,-6.683098591549296,-12.885175429452445
-0.006591549295774647,-0.012870651525882315,left_cubic_extension,-6.591549295774647,-12.870651525882316
-0.0065,-0.012856125323384407,left_cubic_extension,-6.5,-12.856125323384408
-0.006408450704225352,-0.012841596819264884,left_cubic_extension,-6.408450704225352,-12.841596819264884
-0.006316901408450704,-0.012827066010829901,left_cubic_extension,-6.316901408450704,-12.8270660108299
-0.006225352112676056,-0.012812532895385623,left_cubic_extension,-6.225352112676056,-12.812532895385623
-0.006133802816901408,-0.012797997470238206,left_cubic_extension,-6.133802816901408,-12.797997470238206
-0.00604225352112676,-0.01278345973269381,left_cubic_extension,-6.04225352112676,-12.78345973269381
-0.005950704225352112,-0.012768919680058596,left_cubic_extension,-5.950704225352112,-12.768919680058596
-0.005859154929577465,-0.012754377309638725,left_cubic_extension,-5.859154929577465,-12.754377309638725
-0.005767605633802817,-0.012739832618740354,left_cubic_extension,-5.767605633802817,-12.739832618740353
-0.0056760563380281685,-0.012725285604669644,left_cubic_extension,-5.676056338028168,-12.725285604669644
-0.005584507042253521,-0.012710736264732755,left_cubic_extension,-5.584507042253521,-12.710736264732756
-0.005492957746478873,-0.012696184596235848,left_cubic_extension,-5.492957746478873,-12.696184596235849
-0.005401408450704225,-0.01268163059648508,left_cubic_extension,-5.401408450704225,-12.68163059648508
-0.005309859154929577,-0.012667074262786612,left_cubic_extension,-5.309859154929577,-12.667074262786612
-0.0052183098591549295,-0.012652515592446605,left_cubic_extension,-5.218309859154929,-12.652515592446605
-0.005126760563380281,-0.012637954582771218,left_cubic_extension,-5.126760563380281,-12.637954582771219
-0.005035211267605633,-0.01262339123106661,left_cubic_extension,-5.035211267605633,-12.62339123106661
-0.004943661971830986,-0.012608825534638943,left_cubic_extension,-4.943661971830986,-12.608825534638942
-0.004852112676056338,-0.012594257490794373,left_cubic_extension,-4.852112676056338,-12.594257490794373
-0.0047605633802816905,-0.012579687096839064,left_cubic_extension,-4.76056338028169,-12.579687096839063
-0.004669014084507041,-0.012565114350079173,left_cubic_extension,-4.669014084507041,-12.565114350079172
-0.0045774647887323935,-0.012550539247820859,left_cubic_extension,-4.577464788732393,-12.55053924782086
-0.004485915492957746,-0.012535961787370285,left_cubic_extension,-4.485915492957746,-12.535961787370285
-0.004394366197183098,-0.012521381966033609,left_cubic_extension,-4.394366197183098,-12.521381966033609
-0.004302816901408451,-0.012506799781116991,left_cubic_extension,-4.302816901408451,-12.50679978111699
-0.004211267605633803,-0.012492215229926591,left_cubic_extension,-4.211267605633803,-12.492215229926591
-0.004119718309859155,-0.012477628309768568,left_cubic_extension,-4.119718309859155,-12.477628309768567
-0.004028169014084506,-0.012463039017949084,left_cubic_extension,-4.028169014084506,-12.463039017949084
-0.003936619718309858,-0.012448447351774295,left_cubic_extension,-3.936619718309858,-12.448447351774295
-0.0038450704225352107,-0.012433853308550364,left_cubic_extension,-3.8450704225352106,-12.433853308550365
-0.003753521126760563,-0.012419256885583449,left_cubic_extension,-3.753521126760563,-12.419256885583449
-0.0036619718309859155,-0.01240465808017971,left_cubic_extension,-3.6619718309859155,-12.404658080179711
-0.003570422535211268,-0.01239005688964531,left_cubic_extension,-3.570422535211268,-12.39005688964531
-0.0034788732394366202,-0.012375453311286404,left_cubic_extension,-3.4788732394366204,-12.375453311286405
-0.003387323943661971,-0.012360847342409154,left_cubic_extension,-3.3873239436619706,-12.360847342409155
-0.0032957746478873232,-0.01234623898031972,left_cubic_extension,-3.295774647887323,-12.34623898031972
-0.0032042253521126756,-0.012331628222324262,left_cubic_extension,-3.2042253521126756,-12.331628222324262
-0.003112676056338028,-0.01231701506572894,left_cubic_extension,-3.112676056338028,-12.31701506572894
-0.0030211267605633804,-0.012302399507839911,left_cubic_extension,-3.0211267605633805,-12.302399507839912
-0.0029295774647887327,-0.012287781545963338,left_cubic_extension,-2.929577464788733,-12.287781545963337
-0.002838028169014085,-0.01227316117740538,left_cubic_extension,-2.838028169014085,-12.27316117740538
-0.0027464788732394357,-0.012258538399472196,left_cubic_extension,-2.7464788732394356,-12.258538399472195
-0.002654929577464788,-0.012243913209469947,left_cubic_extension,-2.654929577464788,-12.243913209469946
-0.0025633802816901405,-0.012229285604704791,left_cubic_extension,-2.5633802816901405,-12.22928560470479
-0.002471830985915493,-0.01221465558248289,left_cubic_extension,-2.471830985915493,-12.214655582482889
-0.0023802816901408452,-0.012200023140110402,left_cubic_extension,-2.380281690140845,-12.200023140110401
-0.0022887323943661976,-0.012185388274893487,left_cubic_extension,-2.2887323943661975,-12.185388274893487
-0.0021971830985915482,-0.012170750984138305,left_cubic_extension,-2.197183098591548,-12.170750984138305
-0.0021056338028169006,-0.012156111265151016,left_cubic_extension,-2.1056338028169006,-12.156111265151017
-0.002014084507042253,-0.01214146911523778,left_cubic_extension,-2.014084507042253,-12.14146911523778
-0.0019225352112676054,-0.012126824531704756,left_cubic_extension,-1.9225352112676053,-12.126824531704756
-0.0018309859154929577,-0.012112177511858106,left_cubic_extension,-1.8309859154929577,-12.112177511858107
-0.0017394366197183101,-0.012097528053003988,left_cubic_extension,-1.7394366197183102,-12.097528053003987
-0.0016478873239436625,-0.012082876152448562,left_cubic_extension,-1.6478873239436624,-12.082876152448561
-0.0015563380281690131,-0.012068221807497986,left_cubic_extension,-1.5563380281690131,-12.068221807497986
-0.0014647887323943655,-0.012053565015458423,left_cubic_extension,-1.4647887323943656,-12.053565015458423
-0.0013732394366197179,-0.012038905773636031,left_cubic_extension,-1.3732394366197178,-12.038905773636031
-0.0012816901408450702,-0.012024244079336971,left_cubic_extension,-1.2816901408450703,-12.02424407933697
-0.0011901408450704226,-0.0120095799298674,left_cubic_extension,-1.1901408450704225,-12.0095799298674
-0.001098591549295775,-0.011994913322533482,left_cubic_extension,-1.098591549295775,-11.994913322533481
-0.0010070422535211274,-0.011980244254641373,left_cubic_extension,-1.0070422535211274,-11.980244254641374
-0.000915492957746478,-0.011965572723497233,left_cubic_extension,-0.915492957746478,-11.965572723497234
-0.0008239436619718304,-0.011950898726407226,left_cubic_extension,-0.8239436619718303,-11.950898726407226
-0.0007323943661971827,-0.011936222260677507,left_cubic_extension,-0.7323943661971828,-11.936222260677507
-0.0006408450704225351,-0.01192154332361424,left_cubic_extension,-0.6408450704225351,-11.92154332361424
-0.0005492957746478875,-0.01190686191252358,left_cubic_extension,-0.5492957746478875,-11.906861912523581
-0.00045774647887323987,-0.01189217802471169,left_cubic_extension,-0.4577464788732399,-11.89217802471169
-0.00036619718309859224,-0.011877491657484729,left_cubic_extension,-0.3661971830985922,-11.877491657484729
-0.0002746478873239429,-0.011862802808148857,left_cubic_extension,-0.27464788732394285,-11.862802808148857
-0.00018309859154929525,-0.011848111474010234,left_cubic_extension,-0.18309859154929525,-11.848111474010233
-9.154929577464763e-05,-0.01183341765237502,left_cubic_extension,-0.09154929577464763,-11.833417652375019
0.0,-0.011818697809940212,original_variable_s_data,0.0,-11.818697809940211
9.25e-05,-0.011803847779879376,original_variable_s_data,0.0925,-11.803847779879376
0.000185,-0.011788995163341262,original_variable_s_data,0.185,-11.788995163341262
0.0002775,-0.011774139958079957,original_variable_s_data,0.2775,-11.774139958079957
0.00037,-0.01175928216184674,original_variable_s_data,0.37,-11.759282161846741
0.0004625,-0.011744421772390075,original_variable_s_data,0.4625,-11.744421772390075
0.0005549999999999999,-0.011729558787455588,original_variable_s_data,0.5549999999999999,-11.729558787455588
0.0006475,-0.011714693204786105,original_variable_s_data,0.6475,-11.714693204786105
0.00074,-0.011699825022121592,original_variable_s_data,0.74,-11.699825022121592
0.0008325,-0.011684954237199174,original_variable_s_data,0.8325,-11.684954237199175
0.000925,-0.011670080847753181,original_variable_s_data,0.925,-11.670080847753182
0.0010175,-0.011655204851515036,original_variable_s_data,1.0174999999999998,-11.655204851515036
0.0011099999999999999,-0.011640326246213351,original_variable_s_data,1.1099999999999999,-11.640326246213352
0.0012025,-0.011625445029573855,original_variable_s_data,1.2025,-11.625445029573855
0.001295,-0.011610561199319424,original_variable_s_data,1.295,-11.610561199319424
0.0013875,-0.01159567475317006,original_variable_s_data,1.3875,-11.59567475317006
0.00148,-0.011580785688842911,original_variable_s_data,1.48,-11.58078568884291
0.0015725,-0.011565894004052224,original_variable_s_data,1.5724999999999998,-11.565894004052224
0.001665,-0.011550999696509395,original_variable_s_data,1.665,-11.550999696509395
0.0017575,-0.01153610276392288,original_variable_s_data,1.7574999999999998,-11.53610276392288
0.00185,-0.011521203203998284,original_variable_s_data,1.85,-11.521203203998285
0.0019425,-0.011506301014438315,original_variable_s_data,1.9425,-11.506301014438316
0.002035,-0.011491396192942748,original_variable_s_data,2.0349999999999997,-11.491396192942748
0.0021275,-0.011476488737208483,original_variable_s_data,2.1275,-11.476488737208484
0.00222,-0.011461578644929492,original_variable_s_data,2.22,-11.461578644929492
0.0023125,-0.011446665913796832,original_variable_s_data,2.3125,-11.446665913796831
0.002405,-0.011431750541498607,original_variable_s_data,2.405,-11.431750541498607
0.0024975,-0.011416832525720035,original_variable_s_data,2.4975,-11.416832525720036
0.00259,-0.011401911864143403,original_variable_s_data,2.59,-11.401911864143404
0.0026825,-0.01138698855444802,original_variable_s_data,2.6825,-11.386988554448019
0.002775,-0.011372062594310277,original_variable_s_data,2.775,-11.372062594310277
0.0028675,-0.011357133981403615,original_variable_s_data,2.8674999999999997,-11.357133981403615
0.00296,-0.011342202713398504,original_variable_s_data,2.96,-11.342202713398505
0.0030525,-0.01132726878796248,original_variable_s_data,3.0525,-11.32726878796248
0.003145,-0.011312332202760098,original_variable_s_data,3.1449999999999996,-11.312332202760098
0.0032375,-0.01129739295545294,original_variable_s_data,3.2375,-11.29739295545294
0.00333,-0.01128245104369962,original_variable_s_data,3.33,-11.28245104369962
0.0034225,-0.011267506465155765,original_variable_s_data,3.4225000000000003,-11.267506465155765
0.003515,-0.011252559217474057,original_variable_s_data,3.5149999999999997,-11.252559217474056
0.0036075,-0.011237609298304094,original_variable_s_data,3.6075,-11.237609298304093
0.0037,-0.011222656705292594,original_variable_s_data,3.7,-11.222656705292595
0.0037925,-0.011207701436083182,original_variable_s_data,3.7925,-11.207701436083182
0.003885,-0.01119274348831651,original_variable_s_data,3.885,-11.192743488316511
0.0039775,-0.011177782859630206,original_variable_s_data,3.9775,-11.177782859630206
0.00407,-0.011162819547658938,original_variable_s_data,4.069999999999999,-11.162819547658938
0.0041625,-0.011147853550034252,original_variable_s_data,4.1625000000000005,-11.147853550034252
0.004255,-0.01113288486438476,original_variable_s_data,4.255,-11.13288486438476
0.0043475,-0.011117913488335957,original_variable_s_data,4.3475,-11.117913488335956
0.00444,-0.011102939419510384,original_variable_s_data,4.44,-11.102939419510385
0.0045325,-0.011087962655527467,original_variable_s_data,4.5325,-11.087962655527468
0.004625,-0.011072983194003619,original_variable_s_data,4.625,-11.07298319400362
0.0047175,-0.011058001032552183,original_variable_s_data,4.7175,-11.058001032552182
0.00481,-0.011043016168783452,original_variable_s_data,4.81,-11.043016168783451
0.0049025,-0.011028028600304647,original_variable_s_data,4.9025,-11.028028600304646
0.004995,-0.011013038324719927,original_variable_s_data,4.995,-11.013038324719927
0.0050875,-0.010998045339630355,original_variable_s_data,5.0875,-10.998045339630355
0.00518,-0.01098304964263392,original_variable_s_data,5.18,-10.98304964263392
0.0052725,-0.010968051231325531,original_variable_s_data,5.2725,-10.96805123132553
0.005365,-0.010953050103296995,original_variable_s_data,5.365,-10.953050103296995
0.0054575,-0.010938046256137037,original_variable_s_data,5.4575,-10.938046256137037
0.00555,-0.01092303968743124,original_variable_s_data,5.55,-10.92303968743124
0.0056425,-0.010908030394762114,original_variable_s_data,5.6425,-10.908030394762115
0.005735,-0.01089301837570904,original_variable_s_data,5.734999999999999,-10.893018375709039
0.0058275,-0.010878003627848276,original_variable_s_data,5.827500000000001,-10.878003627848276
0.00592,-0.010862986148752944,original_variable_s_data,5.92,-10.862986148752944
0.0060125,-0.010847965935993064,original_variable_s_data,6.012499999999999,-10.847965935993063
0.006105,-0.010832942987135498,original_variable_s_data,6.105,-10.832942987135498
0.0061975,-0.010817917299743936,original_variable_s_data,6.1975,-10.817917299743936
0.00629,-0.010802888871378973,original_variable_s_data,6.289999999999999,-10.802888871378972
0.0063825,-0.010787857699598023,original_variable_s_data,6.3825,-10.787857699598023
0.006475,-0.010772823781955336,original_variable_s_data,6.475,-10.772823781955337
0.0065675,-0.010757787116002008,original_variable_s_data,6.567500000000001,-10.757787116002008
0.00666,-0.010742747699285932,original_variable_s_data,6.66,-10.742747699285932
0.0067525,-0.010727705529351875,original_variable_s_data,6.7524999999999995,-10.727705529351875
0.006845,-0.010712660603741368,original_variable_s_data,6.845000000000001,-10.712660603741368
0.0069375,-0.010697612919992805,original_variable_s_data,6.9375,-10.697612919992805
0.00703,-0.010682562475641331,original_variable_s_data,7.029999999999999,-10.682562475641332
0.0071225,-0.01066750926821894,original_variable_s_data,7.1225000000000005,-10.667509268218941
0.007215,-0.01065245329525438,original_variable_s_data,7.215,-10.652453295254379
0.007307499999999998,-0.0106373945542732,original_variable_s_data,7.307499999999998,-10.6373945542732
0.0074,-0.010622333042797766,original_variable_s_data,7.4,-10.622333042797766
0.0074925,-0.010607268758347162,original_variable_s_data,7.4925,-10.607268758347162
0.007584999999999998,-0.010592201698437274,original_variable_s_data,7.584999999999998,-10.592201698437274
0.0076775,-0.01057713186058075,original_variable_s_data,7.6775,-10.577131860580751
0.00777,-0.010562059242287015,original_variable_s_data,7.77,-10.562059242287015
0.007862499999999998,-0.010546983841062204,original_variable_s_data,7.862499999999998,-10.546983841062204
0.007955,-0.010531905654409228,original_variable_s_data,7.955,-10.531905654409227
0.008047499999999999,-0.010516824679827728,original_variable_s_data,8.0475,-10.516824679827728
0.008139999999999998,-0.010501740914814116,original_variable_s_data,8.139999999999999,-10.501740914814116
0.0082325,-0.010486654356861472,original_variable_s_data,8.2325,-10.486654356861472
0.008324999999999999,-0.010471565003459646,original_variable_s_data,8.325,-10.471565003459647
0.008417499999999998,-0.010456472852095194,original_variable_s_data,8.417499999999999,-10.456472852095194
0.00851,-0.010441377900251368,original_variable_s_data,8.51,-10.441377900251368
0.008602499999999999,-0.01042628014540816,original_variable_s_data,8.6025,-10.42628014540816
0.008694999999999998,-0.010411179585042209,original_variable_s_data,8.694999999999999,-10.411179585042209
0.0087875,-0.0103960762166269,original_variable_s_data,8.7875,-10.396076216626899
0.008879999999999999,-0.010380970037632291,original_variable_s_data,8.879999999999999,-10.380970037632292
0.008972499999999998,-0.010365861045525103,original_variable_s_data,8.972499999999998,-10.365861045525103
0.009065,-0.010350749237768743,original_variable_s_data,9.065,-10.350749237768744
0.0091575,-0.010335634611823298,original_variable_s_data,9.1575,-10.335634611823298
0.00925,-0.010320517165145504,original_variable_s_data,9.25,-10.320517165145505
0.0093425,-0.010305396895188756,original_variable_s_data,9.3425,-10.305396895188757
0.009435,-0.010290273799403116,original_variable_s_data,9.435,-10.290273799403115
0.0095275,-0.010275147875235272,original_variable_s_data,9.5275,-10.275147875235271
0.00962,-0.010260019120128562,original_variable_s_data,9.62,-10.260019120128563
0.0097125,-0.010244887531522962,original_variable_s_data,9.7125,-10.244887531522963
0.009805,-0.010229753106855043,original_variable_s_data,9.805,-10.229753106855043
0.0098975,-0.01021461584355804,original_variable_s_data,9.8975,-10.21461584355804
0.00999,-0.010199475739061796,original_variable_s_data,9.99,-10.199475739061796
0.0100825,-0.010184332790792701,original_variable_s_data,10.0825,-10.184332790792702
0.010175,-0.01016918699617385,original_variable_s_data,10.175,-10.16918699617385
0.0102675,-0.010154038352624836,original_variable_s_data,10.2675,-10.154038352624836
0.01036,-0.0101388868575619,original_variable_s_data,10.36,-10.1388868575619
0.0104525,-0.010123732508397853,original_variable_s_data,10.4525,-10.123732508397854
0.010545,-0.010108575302542092,original_variable_s_data,10.545,-10.108575302542093
0.0106375,-0.01009341523740054,original_variable_s_data,10.6375,-10.09341523740054
0.01073,-0.01007825231037576,original_variable_s_data,10.73,-10.07825231037576
0.0108225,-0.0100630865188668,original_variable_s_data,10.8225,-10.0630865188668
0.010915,-0.010047917860269297,original_variable_s_data,10.915,-10.047917860269298
0.0110075,-0.01003274633197543,original_variable_s_data,11.0075,-10.03274633197543
0.0111,-0.010017571931373918,original_variable_s_data,11.1,-10.017571931373919
0.0111925,-0.010002394655850004,original_variable_s_data,11.192499999999999,-10.002394655850004
0.011285,-0.009987214502785464,original_variable_s_data,11.285,-9.987214502785465
0.0113775,-0.00997203146955859,original_variable_s_data,11.377500000000001,-9.972031469558589
0.01147,-0.009956845553544192,original_variable_s_data,11.469999999999999,-9.956845553544191
0.0115625,-0.00994165675211359,original_variable_s_data,11.5625,-9.941656752113591
0.011655,-0.009926465062634582,original_variable_s_data,11.655000000000001,-9.926465062634582
0.0117475,-0.009911270482471504,original_variable_s_data,11.747499999999999,-9.911270482471503
0.01184,-0.009896073008985123,original_variable_s_data,11.84,-9.896073008985123
0.0119325,-0.009880872639532749,original_variable_s_data,11.932500000000001,-9.880872639532749
0.012025,-0.00986566937146811,original_variable_s_data,12.024999999999999,-9.86566937146811
0.0121175,-0.009850463202141427,original_variable_s_data,12.1175,-9.850463202141427
0.01221,-0.009835254128899408,original_variable_s_data,12.21,-9.835254128899408
0.0123025,-0.009820042149085162,original_variable_s_data,12.302499999999998,-9.820042149085161
0.012395,-0.009804827260038307,original_variable_s_data,12.395,-9.804827260038307
0.0124875,-0.00978960945909484,original_variable_s_data,12.4875,-9.789609459094839
0.01258,-0.009774388743587232,original_variable_s_data,12.579999999999998,-9.774388743587233
0.0126725,-0.009759165110844386,original_variable_s_data,12.6725,-9.759165110844386
0.012765,-0.00974393855819161,original_variable_s_data,12.765,-9.74393855819161
0.0128575,-0.009728709082950633,original_variable_s_data,12.8575,-9.728709082950633
0.01295,-0.009713476682439588,original_variable_s_data,12.95,-9.713476682439588
0.0130425,-0.009698241353973031,original_variable_s_data,13.0425,-9.698241353973032
0.013135,-0.009683003094861886,original_variable_s_data,13.135000000000002,-9.683003094861887
0.0132275,-0.009667761902413472,original_variable_s_data,13.2275,-9.667761902413472
0.01332,-0.009652517773931502,original_variable_s_data,13.32,-9.652517773931502
0.0134125,-0.009637270706716055,original_variable_s_data,13.412500000000001,-9.637270706716055
0.013505,-0.009622020698063588,original_variable_s_data,13.504999999999999,-9.622020698063588
0.0135975,-0.009606767745266904,original_variable_s_data,13.5975,-9.606767745266904
0.01369,-0.009591511845615165,original_variable_s_data,13.690000000000001,-9.591511845615166
0.0137825,-0.009576252996393898,original_variable_s_data,13.782499999999999,-9.5762529963939
0.013875,-0.009560991194884936,original_variable_s_data,13.875,-9.560991194884936
0.0139675,-0.009545726438366493,original_variable_s_data,13.967500000000001,-9.545726438366493
0.01406,-0.00953045872411306,original_variable_s_data,14.059999999999999,-9.53045872411306
0.0141525,-0.009515188049395504,original_variable_s_data,14.1525,-9.515188049395505
0.014244999999999997,-0.009499914411480945,original_variable_s_data,14.244999999999997,-9.499914411480944
0.0143375,-0.009484637807632855,original_variable_s_data,14.3375,-9.484637807632856
0.01443,-0.009469358235110989,original_variable_s_data,14.43,-9.469358235110988
0.014522499999999997,-0.009454075691171408,original_variable_s_data,14.522499999999997,-9.454075691171408
0.014615,-0.009438790173066416,original_variable_s_data,14.615,-9.438790173066415
0.0147075,-0.009423501678044652,original_variable_s_data,14.7075,-9.423501678044653
0.0148,-0.009408210203351017,original_variable_s_data,14.8,-9.408210203351016
0.0148925,-0.009392915746226627,original_variable_s_data,14.8925,-9.392915746226628
0.014985,-0.00937761830390892,original_variable_s_data,14.985,-9.37761830390892
0.0150775,-0.00936231787363153,original_variable_s_data,15.0775,-9.36231787363153
0.01517,-0.009347014452624385,original_variable_s_data,15.17,-9.347014452624386
0.0152625,-0.009331708038113614,original_variable_s_data,15.2625,-9.331708038113614
0.015355,-0.009316398627321571,original_variable_s_data,15.355,-9.316398627321572
0.0154475,-0.009301086217466876,original_variable_s_data,15.4475,-9.301086217466876
0.01554,-0.009285770805764306,original_variable_s_data,15.54,-9.285770805764306
0.0156325,-0.009270452389424927,original_variable_s_data,15.6325,-9.270452389424927
0.015725,-0.009255130965655896,original_variable_s_data,15.725,-9.255130965655896
0.015817499999999998,-0.00923980653166066,original_variable_s_data,15.817499999999999,-9.23980653166066
0.01591,-0.009224479084638809,original_variable_s_data,15.91,-9.224479084638809
0.0160025,-0.00920914862178612,original_variable_s_data,16.002499999999998,-9.20914862178612
0.016094999999999998,-0.009193815140294529,original_variable_s_data,16.095,-9.193815140294529
0.0161875,-0.009178478637352173,original_variable_s_data,16.1875,-9.178478637352173
0.01628,-0.009163139110143288,original_variable_s_data,16.279999999999998,-9.163139110143288
0.016372499999999998,-0.009147796555848329,original_variable_s_data,16.3725,-9.147796555848329
0.016465,-0.009132450971643847,original_variable_s_data,16.465,-9.132450971643847
0.0165575,-0.009117102354702535,original_variable_s_data,16.5575,-9.117102354702535
0.016649999999999998,-0.009101750702193233,original_variable_s_data,16.65,-9.101750702193232
0.0167425,-0.00908639601128088,original_variable_s_data,16.7425,-9.08639601128088
0.016835,-0.009071038279126545,original_variable_s_data,16.835,-9.071038279126546
0.016927499999999998,-0.009055677502887402,original_variable_s_data,16.9275,-9.055677502887402
0.01702,-0.009040313679716706,original_variable_s_data,17.02,-9.040313679716705
0.0171125,-0.009024946806763808,original_variable_s_data,17.1125,-9.024946806763808
0.017204999999999998,-0.009009576881174167,original_variable_s_data,17.205,-9.009576881174167
0.0172975,-0.008994203900089306,original_variable_s_data,17.2975,-8.994203900089307
0.01739,-0.008978827860646809,original_variable_s_data,17.39,-8.97882786064681
0.017482499999999998,-0.008963448759980324,original_variable_s_data,17.482499999999998,-8.963448759980324
0.017575,-0.008948066595219545,original_variable_s_data,17.575,-8.948066595219546
0.0176675,-0.008932681363490232,original_variable_s_data,17.6675,-8.932681363490232
0.017759999999999998,-0.008917293061914173,original_variable_s_data,17.759999999999998,-8.917293061914172
0.0178525,-0.008901901687609187,original_variable_s_data,17.8525,-8.901901687609186
0.017945,-0.00888650723768911,original_variable_s_data,17.945,-8.88650723768911
0.0180375,-0.00887110970926381,original_variable_s_data,18.0375,-8.87110970926381
0.01813,-0.00885570909943915,original_variable_s_data,18.13,-8.85570909943915
0.0182225,-0.008840305405316995,original_variable_s_data,18.2225,-8.840305405316995
0.018315,-0.008824898623995206,original_variable_s_data,18.315,-8.824898623995205
0.0184075,-0.008809488752567636,original_variable_s_data,18.4075,-8.809488752567635
0.0185,-0.008794075788124108,original_variable_s_data,18.5,-8.794075788124108
0.0185925,-0.008778659727750401,original_variable_s_data,18.5925,-8.778659727750401
0.018685,-0.008763240568528287,original_variable_s_data,18.685,-8.763240568528287
0.0187775,-0.008747818307535482,original_variable_s_data,18.7775,-8.747818307535482
0.01887,-0.008732392941845614,original_variable_s_data,18.87,-8.732392941845614
0.0189625,-0.0087169644685283,original_variable_s_data,18.9625,-8.7169644685283
0.019055,-0.00870153288464907,original_variable_s_data,19.055,-8.70153288464907
0.0191475,-0.008686098187269354,original_variable_s_data,19.1475,-8.686098187269355
0.01924,-0.008670660373446534,original_variable_s_data,19.24,-8.670660373446534
0.0193325,-0.008655219440233888,original_variable_s_data,19.3325,-8.655219440233887
0.019425,-0.00863977538468055,original_variable_s_data,19.425,-8.63977538468055
0.0195175,-0.008624328203831614,original_variable_s_data,19.517500000000002,-8.624328203831613
0.01961,-0.008608877894728025,original_variable_s_data,19.61,-8.608877894728025
0.0197025,-0.008593424454406582,original_variable_s_data,19.7025,-8.593424454406582
0.019795,-0.008577967879899985,original_variable_s_data,19.795,-8.577967879899985
0.0198875,-0.008562508168236796,original_variable_s_data,19.8875,-8.562508168236796
0.01998,-0.00854704531644141,original_variable_s_data,19.98,-8.547045316441409
0.0200725,-0.00853157932153405,original_variable_s_data,20.0725,-8.53157932153405
0.020165,-0.00851611018053081,original_variable_s_data,20.165,-8.51611018053081
0.0202575,-0.0085006378904436,original_variable_s_data,20.2575,-8.500637890443599
0.02035,-0.008485162448280136,original_variable_s_data,20.35,-8.485162448280136
0.0204425,-0.008469683851043958,original_variable_s_data,20.4425,-8.469683851043959
0.020535,-0.008454202095734399,original_variable_s_data,20.535,-8.454202095734399
0.0206275,-0.008438717179346593,original_variable_s_data,20.6275,-8.438717179346593
0.02072,-0.008423229098871483,original_variable_s_data,20.72,-8.423229098871483
0.0208125,-0.008407737851295742,original_variable_s_data,20.8125,-8.407737851295742
0.020905,-0.00839224343360184,original_variable_s_data,20.905,-8.392243433601841
0.0209975,-0.008376745842768025,original_variable_s_data,20.9975,-8.376745842768026
0.02109,-0.008361245075768254,original_variable_s_data,21.09,-8.361245075768254
0.0211825,-0.00834574112957228,original_variable_s_data,21.1825,-8.34574112957228
0.021275,-0.00833023400114557,original_variable_s_data,21.275,-8.33023400114557
0.0213675,-0.008314723687449293,original_variable_s_data,21.3675,-8.314723687449293
0.02146,-0.00829921018544039,original_variable_s_data,21.46,-8.29921018544039
0.0215525,-0.008283693492071491,original_variable_s_data,21.5525,-8.28369349207149
0.021645,-0.008268173604290888,original_variable_s_data,21.645,-8.268173604290888
0.0217375,-0.008252650519042656,original_variable_s_data,21.7375,-8.252650519042657
0.02183,-0.00823712423326649,original_variable_s_data,21.83,-8.23712423326649
0.0219225,-0.008221594743897765,original_variable_s_data,21.9225,-8.221594743897764
0.022015,-0.008206062047867555,original_variable_s_data,22.015,-8.206062047867556
0.0221075,-0.008190526142102581,original_variable_s_data,22.107499999999998,-8.190526142102582
0.0222,-0.008174987023525215,original_variable_s_data,22.2,-8.174987023525215
0.0222925,-0.008159444689053478,original_variable_s_data,22.2925,-8.159444689053478
0.022385,-0.008143899135601023,original_variable_s_data,22.384999999999998,-8.143899135601023
0.0224775,-0.00812835036007712,original_variable_s_data,22.477500000000003,-8.128350360077121
0.02257,-0.008112798359386697,original_variable_s_data,22.57,-8.112798359386696
0.0226625,-0.008097243130430233,original_variable_s_data,22.662499999999998,-8.097243130430233
0.022755,-0.00808168467010385,original_variable_s_data,22.755000000000003,-8.081684670103849
0.0228475,-0.008066122975299253,original_variable_s_data,22.8475,-8.066122975299253
0.02294,-0.008050558042903722,original_variable_s_data,22.939999999999998,-8.050558042903722
0.0230325,-0.00803498986980013,original_variable_s_data,23.032500000000002,-8.03498986980013
0.023125,-0.008019418452866887,original_variable_s_data,23.125,-8.019418452866887
0.0232175,-0.008003843788978001,original_variable_s_data,23.217499999999998,-8.003843788978001
0.02331,-0.007988265875002988,original_variable_s_data,23.310000000000002,-7.9882658750029885
0.0234025,-0.007972684707806925,original_variable_s_data,23.4025,-7.972684707806925
0.023495,-0.007957100284250425,original_variable_s_data,23.494999999999997,-7.9571002842504255
0.0235875,-0.007941512601189606,original_variable_s_data,23.587500000000002,-7.941512601189606
0.02368,-0.007925921655476108,original_variable_s_data,23.68,-7.925921655476108
0.0237725,-0.007910327443957078,original_variable_s_data,23.772499999999997,-7.910327443957078
0.023865,-0.007894729963475166,original_variable_s_data,23.865000000000002,-7.894729963475165
0.0239575,-0.007879129210868474,original_variable_s_data,23.9575,-7.879129210868474
0.02405,-0.007863525182970649,original_variable_s_data,24.049999999999997,-7.8635251829706485
0.0241425,-0.007847917876610705,original_variable_s_data,24.142500000000002,-7.847917876610706
0.024235,-0.007832307288613222,original_variable_s_data,24.235,-7.832307288613222
0.0243275,-0.007816693415798161,original_variable_s_data,24.327499999999997,-7.816693415798161
0.02442,-0.007801076254980967,original_variable_s_data,24.42,-7.801076254980966
0.0245125,-0.007785455802972483,original_variable_s_data,24.5125,-7.785455802972483
0.024605,-0.00776983205657897,original_variable_s_data,24.604999999999997,-7.76983205657897
0.0246975,-0.007754205012602158,original_variable_s_data,24.6975,-7.754205012602158
0.02479,-0.007738574667839123,original_variable_s_data,24.79,-7.738574667839123
0.0248825,-0.007722941019082372,original_variable_s_data,24.882499999999997,-7.722941019082372
0.024975,-0.007707304063119781,original_variable_s_data,24.975,-7.707304063119781
0.0250675,-0.007691663796734616,original_variable_s_data,25.0675,-7.691663796734616
0.02516,-0.007676020216705502,original_variable_s_data,25.159999999999997,-7.676020216705502
0.0252525,-0.007660373319806417,original_variable_s_data,25.2525,-7.660373319806418
0.025345,-0.007644723102806701,original_variable_s_data,25.345,-7.644723102806701
0.0254375,-0.007629069562471034,original_variable_s_data,25.4375,-7.629069562471034
0.02553,-0.00761341269555943,original_variable_s_data,25.53,-7.61341269555943
0.0256225,-0.0075977524988272045,original_variable_s_data,25.6225,-7.597752498827204
0.025715,-0.007582088969025013,original_variable_s_data,25.715,-7.582088969025013
0.0258075,-0.007566422102898786,original_variable_s_data,25.8075,-7.566422102898786
0.0259,-0.007550751897189757,original_variable_s_data,25.9,-7.550751897189757
0.0259925,-0.007535078348634451,original_variable_s_data,25.992500000000003,-7.535078348634451
0.026085,-0.007519401453964682,original_variable_s_data,26.085,-7.519401453964682
0.0261775,-0.007503721209907501,original_variable_s_data,26.1775,-7.503721209907501
0.02627,-0.0074880376131851905,original_variable_s_data,26.270000000000003,-7.488037613185191
0.0263625,-0.00747235066051537,original_variable_s_data,26.3625,-7.47235066051537
0.026455,-0.007456660348610786,original_variable_s_data,26.455,-7.456660348610786
0.0265475,-0.007440966674179485,original_variable_s_data,26.547500000000003,-7.440966674179485
0.02664,-0.007425269633924714,original_variable_s_data,26.64,-7.425269633924714
0.0267325,-0.007409569224544917,original_variable_s_data,26.732499999999998,-7.409569224544917
0.026825,-0.007393865442733729,original_variable_s_data,26.825000000000003,-7.39386544273373
0.0269175,-0.0073781582851800065,original_variable_s_data,26.9175,-7.378158285180007
0.02701,-0.0073624477485677246,original_variable_s_data,27.009999999999998,-7.362447748567725
0.0271025,-0.007346733829576099,original_variable_s_data,27.102500000000003,-7.346733829576099
0.027195,-0.00733101652487944,original_variable_s_data,27.195,-7.33101652487944
0.0272875,-0.007315295831147259,original_variable_s_data,27.287499999999998,-7.315295831147259
0.02738,-0.007299571745044161,original_variable_s_data,27.380000000000003,-7.299571745044161
0.0274725,-0.007283844263229928,original_variable_s_data,27.4725,-7.283844263229928
0.027565,-0.007268113382359417,original_variable_s_data,27.564999999999998,-7.2681133823594175
0.0276575,-0.00725237909908261,original_variable_s_data,27.657500000000002,-7.25237909908261
0.02775,-0.007236641410044598,original_variable_s_data,27.75,-7.236641410044598
0.0278425,-0.007220900311885539,original_variable_s_data,27.842499999999998,-7.220900311885539
0.027935,-0.007205155801240714,original_variable_s_data,27.935000000000002,-7.205155801240714
0.0280275,-0.007189407874740419,original_variable_s_data,28.0275,-7.189407874740419
0.02812,-0.007173656529010037,original_variable_s_data,28.119999999999997,-7.173656529010037
0.0282125,-0.007157901760670014,original_variable_s_data,28.212500000000002,-7.157901760670014
0.028305,-0.007142143566335792,original_variable_s_data,28.305,-7.1421435663357915
0.0283975,-0.007126381942617894,original_variable_s_data,28.3975,-7.126381942617893
0.02849,-0.007110616886121824,original_variable_s_data,28.490000000000002,-7.110616886121823
0.0285825,-0.0070948483934481,original_variable_s_data,28.5825,-7.0948483934481
0.028675,-0.00707907646119227,original_variable_s_data,28.675,-7.07907646119227
0.0287675,-0.007063301085944832,original_variable_s_data,28.767500000000002,-7.063301085944832
0.02886,-0.007047522264291258,original_variable_s_data,28.86,-7.047522264291258
0.0289525,-0.007031739992812036,original_variable_s_data,28.9525,-7.031739992812036
0.029045,-0.007015954268082567,original_variable_s_data,29.045,-7.015954268082567
0.0291375,-0.007000165086673207,original_variable_s_data,29.1375,-7.000165086673207
0.02923,-0.006984372445149261,original_variable_s_data,29.23,-6.984372445149261
0.0293225,-0.006968576340070948,original_variable_s_data,29.3225,-6.968576340070948
0.029415,-0.00695277676799342,original_variable_s_data,29.415,-6.95277676799342
0.0295075,-0.006936973725466712,original_variable_s_data,29.5075,-6.936973725466712
0.0296,-0.0069211672090357754,original_variable_s_data,29.6,-6.921167209035776
0.0296925,-0.006905357215240416,original_variable_s_data,29.6925,-6.905357215240416
0.029785,-0.0068895437406153595,original_variable_s_data,29.785,-6.88954374061536
0.0298775,-0.006873726781690142,original_variable_s_data,29.8775,-6.8737267816901415
0.02997,-0.006857906334989196,original_variable_s_data,29.97,-6.857906334989195
0.0300625,-0.00684208239703177,original_variable_s_data,30.0625,-6.84208239703177
0.030155,-0.006826254964331959,original_variable_s_data,30.155,-6.82625496433196
0.0302475,-0.006810424033398656,original_variable_s_data,30.2475,-6.810424033398656
0.03034,-0.006794589600735611,original_variable_s_data,30.34,-6.794589600735611
0.0304325,-0.0067787516628413135,original_variable_s_data,30.4325,-6.778751662841313
0.030525,-0.006762910216209086,original_variable_s_data,30.525,-6.762910216209086
0.0306175,-0.006747065257327005,original_variable_s_data,30.6175,-6.747065257327005
0.03071,-0.0067312167826779155,original_variable_s_data,30.71,-6.731216782677915
0.0308025,-0.006715364788739443,original_variable_s_data,30.8025,-6.715364788739444
0.030895,-0.006699509271983934,original_variable_s_data,30.895,-6.699509271983934
0.0309875,-0.006683650228878474,original_variable_s_data,30.9875,-6.683650228878474
0.03108,-0.006667787655884876,original_variable_s_data,31.08,-6.667787655884876
0.0311725,-0.006651921549459676,original_variable_s_data,31.1725,-6.651921549459677
0.031265,-0.0066360519060540725,original_variable_s_data,31.265,-6.636051906054073
0.0313575,-0.006620178722113983,original_variable_s_data,31.3575,-6.620178722113983
0.03145,-0.0066043019940800205,original_variable_s_data,31.45,-6.6043019940800205
0.0315425,-0.006588421718387445,original_variable_s_data,31.5425,-6.588421718387445
0.031635,-0.0065725378914661845,original_variable_s_data,31.635000000000005,-6.572537891466185
0.0317275,-0.006556650509740764,original_variable_s_data,31.7275,-6.556650509740765
0.03182,-0.006540759569630443,original_variable_s_data,31.82,-6.540759569630443
0.0319125,-0.006524865067548996,original_variable_s_data,31.912500000000005,-6.524865067548996
0.032005,-0.006508966999904874,original_variable_s_data,32.004999999999995,-6.508966999904874
0.0320975,-0.006493065363101146,original_variable_s_data,32.097500000000004,-6.493065363101145
0.03219,-0.006477160153535396,original_variable_s_data,32.190000000000005,-6.477160153535396
0.0322825,-0.006461251367599851,original_variable_s_data,32.2825,-6.461251367599851
0.032375,-0.006445339001681293,original_variable_s_data,32.375,-6.445339001681293
0.0324675,-0.0064294230521610585,original_variable_s_data,32.4675,-6.4294230521610585
0.03256,-0.00641350351541499,original_variable_s_data,32.559999999999995,-6.41350351541499
0.0326525,-0.0063975803878135165,original_variable_s_data,32.6525,-6.397580387813517
0.032745,-0.006381653665721556,original_variable_s_data,32.745000000000005,-6.381653665721556
0.0328375,-0.006365723345498575,original_variable_s_data,32.8375,-6.3657233454985755
0.03293,-0.006349789423498475,original_variable_s_data,32.93,-6.349789423498475
0.0330225,-0.006333851896069703,original_variable_s_data,33.0225,-6.333851896069703
0.033115,-0.006317910759555143,original_variable_s_data,33.115,-6.317910759555143
0.0332075,-0.006301966010292181,original_variable_s_data,33.2075,-6.3019660102921815
0.0333,-0.006286017644612616,original_variable_s_data,33.300000000000004,-6.286017644612617
0.0333925,-0.0062700656588427,original_variable_s_data,33.3925,-6.2700656588427
0.033485,-0.0062541100493031365,original_variable_s_data,33.485,-6.2541100493031365
0.0335775,-0.0062381508123090165,original_variable_s_data,33.5775,-6.238150812309017
0.03367,-0.006222187944169834,original_variable_s_data,33.67,-6.222187944169834
0.0337625,-0.006206221441189508,original_variable_s_data,33.7625,-6.206221441189508
0.033855,-0.00619025129966632,original_variable_s_data,33.855000000000004,-6.19025129966632
0.0339475,-0.0061742775158928976,original_variable_s_data,33.9475,-6.174277515892897
0.03404,-0.00615830008615628,original_variable_s_data,34.04,-6.15830008615628
0.0341325,-0.006142319006737806,original_variable_s_data,34.1325,-6.1423190067378055
0.034225,-0.006126334273913156,original_variable_s_data,34.225,-6.126334273913156
0.0343175,-0.0061103458839523615,original_variable_s_data,34.3175,-6.110345883952362
0.03441,-0.006094353833119728,original_variable_s_data,34.410000000000004,-6.094353833119728
0.0345025,-0.006078358117673854,original_variable_s_data,34.5025,-6.078358117673854
0.034595,-0.0060623587338676805,original_variable_s_data,34.595,-6.06235873386768
0.0346875,-0.006046355677948358,original_variable_s_data,34.6875,-6.046355677948358
0.03478,-0.006030348946157317,original_variable_s_data,34.78,-6.030348946157317
0.0348725,-0.0060143385347302784,original_variable_s_data,34.8725,-6.014338534730278
0.034965,-0.005998324439897126,original_variable_s_data,34.965,-5.998324439897126
0.0350575,-0.005982306657882029,original_variable_s_data,35.0575,-5.982306657882029
0.03515,-0.005966285184903329,original_variable_s_data,35.15,-5.966285184903329
0.0352425,-0.005950260017173595,original_variable_s_data,35.2425,-5.950260017173595
0.035335,-0.005934231150899582,original_variable_s_data,35.335,-5.934231150899582
0.0354275,-0.005918198582282197,original_variable_s_data,35.4275,-5.918198582282197
0.03552,-0.005902162307516536,original_variable_s_data,35.52,-5.902162307516536
0.0356125,-0.005886122322791816,original_variable_s_data,35.6125,-5.886122322791817
0.035705,-0.0058700786242914145,original_variable_s_data,35.705,-5.8700786242914145
0.0357975,-0.005854031208192838,original_variable_s_data,35.7975,-5.854031208192838
0.03589,-0.005837980070667688,original_variable_s_data,35.89,-5.8379800706676885
0.0359825,-0.005821925207881664,original_variable_s_data,35.9825,-5.821925207881663
0.036075,-0.005805866615994578,original_variable_s_data,36.075,-5.805866615994578
0.0361675,-0.005789804291160298,original_variable_s_data,36.1675,-5.789804291160298
0.03626,-0.005773738229526729,original_variable_s_data,36.26,-5.773738229526729
0.0363525,-0.0057576684272358895,original_variable_s_data,36.352500000000006,-5.757668427235889
0.036445,-0.005741594880423767,original_variable_s_data,36.445,-5.741594880423767
0.0365375,-0.005725517585220413,original_variable_s_data,36.5375,-5.725517585220413
0.03663,-0.005709436537749892,original_variable_s_data,36.63,-5.709436537749893
0.0367225,-0.005693351734130219,original_variable_s_data,36.7225,-5.6933517341302196
0.036815,-0.005677263170473446,original_variable_s_data,36.815,-5.677263170473446
0.0369075,-0.005661170842885591,original_variable_s_data,36.907500000000006,-5.661170842885591
0.037,-0.005645074747466591,original_variable_s_data,37.0,-5.645074747466591
0.0370925,-0.005628974880310367,original_variable_s_data,37.0925,-5.628974880310367
0.037185,-0.005612871237504762,original_variable_s_data,37.185,-5.612871237504762
0.0372775,-0.005596763815131529,original_variable_s_data,37.277499999999996,-5.5967638151315295
0.03737,-0.0055806526092663485,original_variable_s_data,37.37,-5.580652609266348
0.0374625,-0.005564537615978754,original_variable_s_data,37.462500000000006,-5.564537615978754
0.037555,-0.005548418831332222,original_variable_s_data,37.555,-5.5484188313322225
0.0376475,-0.0055322962513840255,original_variable_s_data,37.6475,-5.532296251384025
0.03774,-0.00551616987218534,original_variable_s_data,37.74,-5.51616987218534
0.0378325,-0.0055000396897811644,original_variable_s_data,37.832499999999996,-5.500039689781165
0.037925,-0.005483905700210321,original_variable_s_data,37.925,-5.483905700210321
0.0380175,-0.005467767899505444,original_variable_s_data,38.017500000000005,-5.467767899505445
0.03811,-0.005451626283692992,original_variable_s_data,38.11,-5.451626283692992
0.0382025,-0.005435480848793176,original_variable_s_data,38.2025,-5.435480848793176
0.038295,-0.005419331590819989,original_variable_s_data,38.295,-5.419331590819989
0.0383875,-0.005403178505781204,original_variable_s_data,38.387499999999996,-5.403178505781204
0.03848,-0.00538702158967831,original_variable_s_data,38.48,-5.3870215896783105
0.0385725,-0.0053708608385065375,original_variable_s_data,38.572500000000005,-5.3708608385065375
0.038665,-0.005354696248254852,original_variable_s_data,38.665,-5.354696248254853
0.0387575,-0.005338527814905911,original_variable_s_data,38.7575,-5.338527814905911
0.03885,-0.005322355534436059,original_variable_s_data,38.85,-5.322355534436059
0.0389425,-0.00530617940281532,original_variable_s_data,38.942499999999995,-5.30617940281532
0.039035,-0.005289999416007372,original_variable_s_data,39.035000000000004,-5.289999416007372
0.0391275,-0.005273815569969574,original_variable_s_data,39.127500000000005,-5.273815569969575
0.03922,-0.00525762786065288,original_variable_s_data,39.22,-5.25762786065288
0.0393125,-0.005241436284001899,original_variable_s_data,39.3125,-5.241436284001899
0.039405,-0.005225240835954824,original_variable_s_data,39.405,-5.225240835954825
0.0394975,-0.005209041512443456,original_variable_s_data,39.497499999999995,-5.209041512443456
0.03959,-0.005192838309393162,original_variable_s_data,39.59,-5.192838309393162
0.0396825,-0.005176631222722876,original_variable_s_data,39.682500000000005,-5.176631222722876
0.039775,-0.00516042024834511,original_variable_s_data,39.775,-5.16042024834511
0.0398675,-0.00514420538216588,original_variable_s_data,39.8675,-5.144205382165881
0.03996,-0.0051279866200847355,original_variable_s_data,39.96,-5.1279866200847355
0.0400525,-0.005111763957994731,original_variable_s_data,40.052499999999995,-5.111763957994731
0.040145,-0.005095537391782422,original_variable_s_data,40.145,-5.095537391782423
0.0402375,-0.00507930691732786,original_variable_s_data,40.237500000000004,-5.07930691732786
0.04033,-0.005063072530504514,original_variable_s_data,40.33,-5.063072530504513
0.0404225,-0.00504683422717936,original_variable_s_data,40.4225,-5.046834227179359
0.040515,-0.0050305920032127525,original_variable_s_data,40.515,-5.030592003212752
0.0406075,-0.005014345854458538,original_variable_s_data,40.607499999999995,-5.014345854458537
0.0407,-0.004998095776763902,original_variable_s_data,40.7,-4.998095776763901
0.0407925,-0.004981841765969466,original_variable_s_data,40.792500000000004,-4.981841765969466
0.040885,-0.00496558381790921,original_variable_s_data,40.885,-4.96558381790921
0.0409775,-0.004949321928410489,original_variable_s_data,40.9775,-4.949321928410488
0.04107,-0.00493305609329399,original_variable_s_data,41.07,-4.93305609329399
0.0411625,-0.004916786308373774,original_variable_s_data,41.162499999999994,-4.916786308373774
0.041255,-0.004900512569457157,original_variable_s_data,41.255,-4.900512569457157
0.0413475,-0.004884234872344812,original_variable_s_data,41.347500000000004,-4.884234872344813
0.04144,-0.0048679532128307005,original_variable_s_data,41.44,-4.867953212830701
0.0415325,-0.004851667586702016,original_variable_s_data,41.5325,-4.851667586702016
0.041625,-0.004835377989739262,original_variable_s_data,41.625,-4.835377989739262
0.0417175,-0.00481908441771614,original_variable_s_data,41.7175,-4.81908441771614
0.04181,-0.0048027868663996255,original_variable_s_data,41.81,-4.802786866399625
0.0419025,-0.004786485331549865,original_variable_s_data,41.9025,-4.786485331549865
0.041995,-0.004770179808920264,original_variable_s_data,41.995,-4.770179808920265
0.0420875,-0.004753870294257339,original_variable_s_data,42.0875,-4.753870294257339
0.04218,-0.0047375567833008335,original_variable_s_data,42.18,-4.737556783300834
0.0422725,-0.004721239271783601,original_variable_s_data,42.2725,-4.721239271783602
0.042365,-0.0047049177554316715,original_variable_s_data,42.365,-4.704917755431672
0.0424575,-0.004688592229964184,original_variable_s_data,42.4575,-4.6885922299641845
0.04255,-0.004672262691093375,original_variable_s_data,42.55,-4.672262691093375
0.0426425,-0.00465592913452458,original_variable_s_data,42.6425,-4.65592913452458
0.042735,-0.0046395915559562136,original_variable_s_data,42.735,-4.639591555956214
0.0428275,-0.004623249951079752,original_variable_s_data,42.8275,-4.623249951079751
0.04292,-0.00460690431557971,original_variable_s_data,42.92,-4.60690431557971
0.0430125,-0.004590554645133638,original_variable_s_data,43.0125,-4.590554645133638
0.043105,-0.004574200935412097,original_variable_s_data,43.105,-4.574200935412097
0.0431975,-0.004557843182078661,original_variable_s_data,43.1975,-4.557843182078661
0.04329,-0.004541481380789863,original_variable_s_data,43.29,-4.541481380789863
0.0433825,-0.00452511552719523,original_variable_s_data,43.3825,-4.52511552719523
0.043475,-0.004508745616937201,original_variable_s_data,43.475,-4.508745616937201
0.0435675,-0.004492371645651182,original_variable_s_data,43.5675,-4.492371645651182
0.04366,-0.004475993608965498,original_variable_s_data,43.66,-4.475993608965498
0.0437525,-0.00445961150250136,original_variable_s_data,43.7525,-4.459611502501359
0.043845,-0.004443225321872887,original_variable_s_data,43.845,-4.443225321872887
0.0439375,-0.0044268350626870566,original_variable_s_data,43.9375,-4.426835062687057
0.04403,-0.004410440720543699,original_variable_s_data,44.03,-4.410440720543699
0.0441225,-0.004394042291035473,original_variable_s_data,44.1225,-4.394042291035474
0.044215,-0.004377639769747888,original_variable_s_data,44.214999999999996,-4.377639769747888
0.0443075,-0.004361233152259249,original_variable_s_data,44.3075,-4.361233152259249
0.0444,-0.004344822434140645,original_variable_s_data,44.4,-4.344822434140645
0.0444925,-0.004328407610955924,original_variable_s_data,44.4925,-4.328407610955924
0.044585,-0.004311988678261722,original_variable_s_data,44.585,-4.311988678261722
0.0446775,-0.004295565631607409,original_variable_s_data,44.6775,-4.295565631607409
0.04477,-0.004279138466535049,original_variable_s_data,44.769999999999996,-4.279138466535049
0.0448625,-0.004262707178579465,original_variable_s_data,44.8625,-4.262707178579465
0.044955,-0.004246271763268112,original_variable_s_data,44.955000000000005,-4.246271763268112
0.0450475,-0.004229832216121178,original_variable_s_data,45.0475,-4.229832216121178
0.04514,-0.004213388532651458,original_variable_s_data,45.14,-4.213388532651458
0.0452325,-0.0041969407083644284,original_variable_s_data,45.2325,-4.196940708364428
0.045325,-0.0041804887387581645,original_variable_s_data,45.324999999999996,-4.180488738758164
0.0454175,-0.004164032619323361,original_variable_s_data,45.4175,-4.16403261932336
0.04551,-0.004147572345543273,original_variable_s_data,45.510000000000005,-4.147572345543273
0.0456025,-0.004131107912893786,original_variable_s_data,45.6025,-4.1311079128937855
0.045695,-0.004114639316843297,original_variable_s_data,45.695,-4.114639316843297
0.0457875,-0.004098166552852755,original_variable_s_data,45.7875,-4.0981665528527556
0.04588,-0.004081689616375631,original_variable_s_data,45.879999999999995,-4.081689616375631
0.0459725,-0.004065208502857904,original_variable_s_data,45.9725,-4.065208502857904
0.046065,-0.004048723207738038,original_variable_s_data,46.065000000000005,-4.048723207738038
0.0461575,-0.004032233726446964,original_variable_s_data,46.1575,-4.032233726446964
0.04625,-0.004015740054408065,original_variable_s_data,46.25,-4.015740054408065
0.0463425,-0.003999242187037193,original_variable_s_data,46.3425,-3.999242187037193
0.046435,-0.003982740119742561,original_variable_s_data,46.434999999999995,-3.982740119742561
0.0465275,-0.0039662338479248245,original_variable_s_data,46.527499999999996,-3.9662338479248245
0.04662,-0.003949723366977,original_variable_s_data,46.620000000000005,-3.9497233669769996
0.0467125,-0.00393320867228449,original_variable_s_data,46.7125,-3.93320867228449
0.046805,-0.003916689759225048,original_variable_s_data,46.805,-3.9166897592250485
0.0468975,-0.003900166623168732,original_variable_s_data,46.8975,-3.9001666231687317
0.04699,-0.0038836392594779274,original_variable_s_data,46.989999999999995,-3.883639259477927
0.0470825,-0.00386710766350732,original_variable_s_data,47.082499999999996,-3.86710766350732
0.047175,-0.0038505718306038705,original_variable_s_data,47.175000000000004,-3.8505718306038705
0.0472675,-0.003834031756106783,original_variable_s_data,47.2675,-3.834031756106783
0.04736,-0.0038174874353475263,original_variable_s_data,47.36,-3.8174874353475263
0.0474525,-0.003800938863649799,original_variable_s_data,47.4525,-3.800938863649799
0.047545,-0.0037843860363294575,original_variable_s_data,47.544999999999995,-3.7843860363294577
0.0476375,-0.0037678289486946007,original_variable_s_data,47.6375,-3.767828948694601
0.04773,-0.0037512675960454656,original_variable_s_data,47.730000000000004,-3.751267596045466
0.0478225,-0.003734701973674446,original_variable_s_data,47.8225,-3.7347019736744462
0.047915,-0.003718132076866076,original_variable_s_data,47.915,-3.718132076866076
0.0480075,-0.003701557900897,original_variable_s_data,48.0075,-3.701557900897
0.0481,-0.0036849794410359544,original_variable_s_data,48.099999999999994,-3.684979441035954
0.0481925,-0.003668396692543769,original_variable_s_data,48.1925,-3.668396692543769
0.048285,-0.0036518096506732976,original_variable_s_data,48.285000000000004,-3.6518096506732975
0.0483775,-0.003635218310669472,original_variable_s_data,48.3775,-3.635218310669472
0.04847,-0.0036186226677692424,original_variable_s_data,48.47,-3.6186226677692424
0.0485625,-0.0036020227172015233,original_variable_s_data,48.5625,-3.6020227172015233
0.048655,-0.003585418454187276,original_variable_s_data,48.654999999999994,-3.585418454187276
0.0487475,-0.00356880987393938,original_variable_s_data,48.7475,-3.5688098739393803
0.04884,-0.003552196971662677,original_variable_s_data,48.84,-3.552196971662677
0.0489325,-0.003535579742553931,original_variable_s_data,48.9325,-3.535579742553931
0.049025,-0.0035189581818018314,original_variable_s_data,49.025,-3.5189581818018314
0.0491175,-0.0035023322845869446,original_variable_s_data,49.1175,-3.5023322845869447
0.04921,-0.0034857020460817177,original_variable_s_data,49.209999999999994,-3.485702046081718
0.0493025,-0.0034690674614504375,original_variable_s_data,49.3025,-3.4690674614504373
0.049395,-0.0034524285258492353,original_variable_s_data,49.395,-3.452428525849235
0.0494875,-0.003435785234426046,original_variable_s_data,49.4875,-3.435785234426046
0.04958,-0.003419137582320608,original_variable_s_data,49.58,-3.419137582320608
0.0496725,-0.0034024855646644443,original_variable_s_data,49.6725,-3.4024855646644445
0.049765,-0.003385829176580814,original_variable_s_data,49.76499999999999,-3.385829176580814
0.0498575,-0.003369168413184719,original_variable_s_data,49.8575,-3.369168413184719
0.04995,-0.0033525032695828814,original_variable_s_data,49.95,-3.3525032695828814
0.0500425,-0.0033358337408737207,original_variable_s_data,50.0425,-3.3358337408737206
0.050135,-0.0033191598221473453,original_variable_s_data,50.135,-3.3191598221473453
0.0502275,-0.0033024815084854854,original_variable_s_data,50.2275,-3.3024815084854855
0.05032,-0.003285798794961555,original_variable_s_data,50.31999999999999,-3.285798794961555
0.0504125,-0.0032691116766405607,original_variable_s_data,50.4125,-3.2691116766405606
0.050505,-0.003252420148579104,original_variable_s_data,50.505,-3.252420148579104
0.0505975,-0.003235724205825392,original_variable_s_data,50.5975,-3.235724205825392
0.05069,-0.0032190238434191727,original_variable_s_data,50.69,-3.2190238434191727
0.0507825,-0.0032023190563917115,original_variable_s_data,50.7825,-3.2023190563917114
0.050875,-0.0031856098397658374,original_variable_s_data,50.875,-3.1856098397658372
0.0509675,-0.0031688961885558446,original_variable_s_data,50.9675,-3.1688961885558444
0.05106,-0.0031521780977675205,original_variable_s_data,51.06,-3.1521780977675204
0.0511525,-0.0031354555623981047,original_variable_s_data,51.152499999999996,-3.135455562398105
0.051245,-0.003118728577436268,original_variable_s_data,51.245,-3.118728577436268
0.0513375,-0.003101997137862137,original_variable_s_data,51.3375,-3.101997137862137
0.05143,-0.0030852612386471725,original_variable_s_data,51.43,-3.0852612386471727
0.0515225,-0.003068520874754259,original_variable_s_data,51.5225,-3.068520874754259
0.051615,-0.003051776041137634,original_variable_s_data,51.615,-3.051776041137634
0.0517075,-0.0030350267327428275,original_variable_s_data,51.7075,-3.0350267327428275
0.0518,-0.0030182729445067417,original_variable_s_data,51.8,-3.0182729445067418
0.0518925,-0.003001514671357528,original_variable_s_data,51.8925,-3.001514671357528
0.051985,-0.00298475190821464,original_variable_s_data,51.98500000000001,-2.98475190821464
0.0520775,-0.002967984649988759,original_variable_s_data,52.0775,-2.9679846499887588
0.05217,-0.0029512128915818187,original_variable_s_data,52.17,-2.9512128915818185
0.0522625,-0.0029344366278869537,original_variable_s_data,52.2625,-2.934436627886954
0.052355,-0.002917655853788482,original_variable_s_data,52.355,-2.917655853788482
0.0524475,-0.0029008705641618885,original_variable_s_data,52.4475,-2.9008705641618886
0.05254,-0.0028840807538738143,original_variable_s_data,52.540000000000006,-2.8840807538738145
0.0526325,-0.0028672864177820188,original_variable_s_data,52.6325,-2.8672864177820188
0.052725,-0.002850487550735375,original_variable_s_data,52.725,-2.850487550735375
0.0528175,-0.002833684147573814,original_variable_s_data,52.8175,-2.833684147573814
0.05291,-0.002816876203128347,original_variable_s_data,52.91,-2.8168762031283467
0.0530025,-0.002800063712221029,original_variable_s_data,53.0025,-2.800063712221029
0.053095,-0.002783246669664918,original_variable_s_data,53.095000000000006,-2.7832466696649183
0.0531875,-0.002766425070264067,original_variable_s_data,53.1875,-2.766425070264067
0.05328,-0.002749598908813516,original_variable_s_data,53.28,-2.749598908813516
0.0533725,-0.00273276818009925,original_variable_s_data,53.3725,-2.7327681800992503
0.053465,-0.00271593287889818,original_variable_s_data,53.464999999999996,-2.71593287889818
0.0535575,-0.0026990929999781287,original_variable_s_data,53.5575,-2.6990929999781286
0.05365,-0.0026822485380978106,original_variable_s_data,53.650000000000006,-2.6822485380978107
0.0537425,-0.0026653994880067935,original_variable_s_data,53.7425,-2.6653994880067935
0.053835,-0.002648545844445491,original_variable_s_data,53.835,-2.648545844445491
0.0539275,-0.0026316876021451377,original_variable_s_data,53.9275,-2.6316876021451376
0.05402,-0.002614824755827771,original_variable_s_data,54.019999999999996,-2.614824755827771
0.0541125,-0.002597957300206191,original_variable_s_data,54.112500000000004,-2.597957300206191
0.054205,-0.0025810852299839606,original_variable_s_data,54.205000000000005,-2.5810852299839606
0.0542975,-0.00256420853985537,original_variable_s_data,54.2975,-2.56420853985537
0.05439,-0.002547327224505404,original_variable_s_data,54.39,-2.547327224505404
0.0544825,-0.0025304412786097594,original_variable_s_data,54.4825,-2.5304412786097594
0.054575,-0.0025135506968347585,original_variable_s_data,54.574999999999996,-2.5135506968347587
0.0546675,-0.002496655473837397,original_variable_s_data,54.667500000000004,-2.496655473837397
0.05476,-0.002479755604265269,original_variable_s_data,54.760000000000005,-2.479755604265269
0.0548525,-0.0024628510827565658,original_variable_s_data,54.8525,-2.4628510827565657
0.054945,-0.0024459419039400384,original_variable_s_data,54.945,-2.4459419039400383
0.0550375,-0.0024290280624350035,original_variable_s_data,55.0375,-2.4290280624350036
0.05513,-0.002412109552851284,original_variable_s_data,55.129999999999995,-2.412109552851284
0.0552225,-0.0023951863697892167,original_variable_s_data,55.222500000000004,-2.395186369789217
0.055315,-0.0023782585078396105,original_variable_s_data,55.315000000000005,-2.3782585078396106
0.0554075,-0.002361325961583728,original_variable_s_data,55.4075,-2.361325961583728
0.0555,-0.002344388725593261,original_variable_s_data,55.5,-2.344388725593261
0.0555925,-0.002327446794430308,original_variable_s_data,55.5925,-2.327446794430308
0.055685,-0.0023105001626473483,original_variable_s_data,55.684999999999995,-2.3105001626473483
0.0557775,-0.0022935488247872306,original_variable_s_data,55.7775,-2.2935488247872304
0.05587,-0.002276592775383132,original_variable_s_data,55.870000000000005,-2.276592775383132
0.0559625,-0.002259632008958533,original_variable_s_data,55.9625,-2.259632008958533
0.056055,-0.0022426665200272217,original_variable_s_data,56.055,-2.2426665200272216
0.0561475,-0.0022256963030932437,original_variable_s_data,56.1475,-2.225696303093244
0.05624,-0.002208721352650861,original_variable_s_data,56.239999999999995,-2.208721352650861
0.0563325,-0.0021917416631845846,original_variable_s_data,56.3325,-2.1917416631845845
0.056425,-0.002174757229169104,original_variable_s_data,56.425000000000004,-2.174757229169104
0.0565175,-0.002157768045069269,original_variable_s_data,56.5175,-2.157768045069269
0.05661,-0.00214077410534008,original_variable_s_data,56.61,-2.14077410534008
0.0567025,-0.002123775404426655,original_variable_s_data,56.7025,-2.123775404426655
0.056795,-0.002106771936764211,original_variable_s_data,56.795,-2.106771936764211
0.0568875,-0.002089763696778013,original_variable_s_data,56.8875,-2.089763696778013
0.05698,-0.0020727506788833995,original_variable_s_data,56.980000000000004,-2.0727506788833994
0.0570725,-0.0020557328774857024,original_variable_s_data,57.0725,-2.055732877485702
0.057165,-0.002038710286980268,original_variable_s_data,57.165,-2.038710286980268
0.0572575,-0.0020216829017524005,original_variable_s_data,57.2575,-2.0216829017524005
0.05735,-0.002004650716177355,original_variable_s_data,57.35,-2.004650716177355
0.0574425,-0.0019876137246203087,original_variable_s_data,57.4425,-1.9876137246203087
0.057535,-0.0019705719214363295,original_variable_s_data,57.535000000000004,-1.9705719214363295
0.0576275,-0.0019535253009703487,original_variable_s_data,57.6275,-1.9535253009703486
0.05772,-0.0019364738575571448,original_variable_s_data,57.72,-1.9364738575571447
0.0578125,-0.001919417585521336,original_variable_s_data,57.8125,-1.919417585521336
0.057905,-0.0019023564791772964,original_variable_s_data,57.905,-1.9023564791772964
0.0579975,-0.001885290532829198,original_variable_s_data,57.9975,-1.885290532829198
0.05809,-0.0018682197407709409,original_variable_s_data,58.09,-1.8682197407709409
0.0581825,-0.001851144097286136,original_variable_s_data,58.1825,-1.8511440972861362
0.058275,-0.0018340635966481048,original_variable_s_data,58.275,-1.8340635966481047
0.0583675,-0.001816978233119816,original_variable_s_data,58.3675,-1.8169782331198159
0.05846,-0.0017998880009538788,original_variable_s_data,58.46,-1.799888000953879
0.0585525,-0.0017827928943925215,original_variable_s_data,58.5525,-1.7827928943925215
0.058645,-0.0017656929076675489,original_variable_s_data,58.645,-1.765692907667549
0.0587375,-0.001748588035000334,original_variable_s_data,58.7375,-1.748588035000334
0.05883,-0.0017314782706017856,original_variable_s_data,58.83,-1.7314782706017855
0.0589225,-0.0017143636086723187,original_variable_s_data,58.9225,-1.7143636086723186
0.059015,-0.0016972440434018098,original_variable_s_data,59.015,-1.69724404340181
0.0591075,-0.001680119568969614,original_variable_s_data,59.1075,-1.680119568969614
0.0592,-0.0016629901795445039,original_variable_s_data,59.2,-1.662990179544504
0.0592925,-0.0016458558692846559,original_variable_s_data,59.2925,-1.6458558692846559
0.059385,-0.0016287166323376142,original_variable_s_data,59.385,-1.6287166323376143
0.0594775,-0.0016115724628402784,original_variable_s_data,59.4775,-1.6115724628402783
0.05957,-0.0015944233549188562,original_variable_s_data,59.57,-1.5944233549188562
0.0596625,-0.0015772693026888567,original_variable_s_data,59.6625,-1.5772693026888567
0.059755,-0.0015601103002550586,original_variable_s_data,59.755,-1.5601103002550587
0.0598475,-0.0015429463417114663,original_variable_s_data,59.8475,-1.5429463417114664
0.05994,-0.0015257774211413055,original_variable_s_data,59.94,-1.5257774211413055
0.0600325,-0.0015086035326169732,original_variable_s_data,60.032500000000006,-1.508603532616973
0.060125,-0.0014914246702000431,original_variable_s_data,60.125,-1.491424670200043
0.0602175,-0.0014742408279412023,original_variable_s_data,60.2175,-1.4742408279412023
0.06031,-0.0014570519998802272,original_variable_s_data,60.31,-1.4570519998802272
0.0604025,-0.0014398581800459955,original_variable_s_data,60.402499999999996,-1.4398581800459955
0.060495,-0.0014226593624564066,original_variable_s_data,60.495,-1.4226593624564066
0.0605875,-0.0014054555411183883,original_variable_s_data,60.587500000000006,-1.4054555411183882
0.06068,-0.0013882467100278515,original_variable_s_data,60.68,-1.3882467100278515
0.0607725,-0.0013710328631696628,original_variable_s_data,60.7725,-1.3710328631696629
0.060865,-0.0013538139945176316,original_variable_s_data,60.865,-1.3538139945176315
0.0609575,-0.001336590098034474,original_variable_s_data,60.957499999999996,-1.3365900980344738
0.06105,-0.0013193611676717576,original_variable_s_data,61.05,-1.3193611676717576
0.0611425,-0.0013021271973699291,original_variable_s_data,61.142500000000005,-1.302127197369929
0.061235,-0.0012848881810582232,original_variable_s_data,61.235,-1.2848881810582231
0.0613275,-0.0012676441126546864,original_variable_s_data,61.3275,-1.2676441126546865
0.06142,-0.00125039498606611,original_variable_s_data,61.42,-1.25039498606611
0.0615125,-0.0012331407951880285,original_variable_s_data,61.512499999999996,-1.2331407951880284
0.061605,-0.0012158815339046653,original_variable_s_data,61.605,-1.2158815339046654
0.0616975,-0.001198617196088939,original_variable_s_data,61.697500000000005,-1.1986171960889391
0.06179,-0.001181347775602392,original_variable_s_data,61.79,-1.1813477756023918
0.0618825,-0.0011640732662951852,original_variable_s_data,61.8825,-1.1640732662951851
0.061975,-0.001146793662006066,original_variable_s_data,61.975,-1.146793662006066
0.0620675,-0.001129508956562346,original_variable_s_data,62.067499999999995,-1.129508956562346
0.06216,-0.0011122191437798478,original_variable_s_data,62.16,-1.1122191437798479
0.0622525,-0.001094924217462903,original_variable_s_data,62.252500000000005,-1.094924217462903
0.062345,-0.0010776241714043067,original_variable_s_data,62.345,-1.0776241714043067
0.0624375,-0.0010603189993852859,original_variable_s_data,62.4375,-1.060318999385286
0.06253,-0.0010430086951754764,original_variable_s_data,62.53,-1.0430086951754765
0.0626225,-0.0010256932525328883,original_variable_s_data,62.622499999999995,-1.0256932525328883
0.06271499999999999,-0.0010083726652038907,original_variable_s_data,62.714999999999996,-1.0083726652038907
0.0628075,-0.0009910469269231504,original_variable_s_data,62.807500000000005,-0.9910469269231504
0.0629,-0.0009737160314136284,original_variable_s_data,62.9,-0.9737160314136284
0.06299249999999999,-0.0009563799723865465,original_variable_s_data,62.99249999999999,-0.9563799723865465
0.063085,-0.0009390387435413331,original_variable_s_data,63.085,-0.9390387435413331
0.0631775,-0.000921692338565634,original_variable_s_data,63.177499999999995,-0.9216923385656339
0.06326999999999999,-0.000904340751135236,original_variable_s_data,63.269999999999996,-0.904340751135236
0.0633625,-0.0008869839749140739,original_variable_s_data,63.362500000000004,-0.8869839749140739
0.063455,-0.0008696220035541692,original_variable_s_data,63.455,-0.8696220035541692
0.06354749999999999,-0.0008522548306956254,original_variable_s_data,63.54749999999999,-0.8522548306956255
0.06364,-0.0008348824499665742,original_variable_s_data,63.64,-0.8348824499665742
0.0637325,-0.0008175048549831629,original_variable_s_data,63.732499999999995,-0.8175048549831628
0.06382499999999999,-0.0008001220393495139,original_variable_s_data,63.824999999999996,-0.8001220393495139
0.0639175,-0.0007827339966576785,original_variable_s_data,63.917500000000004,-0.7827339966576784
0.06401,-0.0007653407204876438,original_variable_s_data,64.00999999999999,-0.7653407204876438
0.06410249999999999,-0.0007479422044072571,original_variable_s_data,64.10249999999999,-0.7479422044072571
0.064195,-0.0007305384419722296,original_variable_s_data,64.19500000000001,-0.7305384419722296
0.0642875,-0.0007131294267260736,original_variable_s_data,64.2875,-0.7131294267260736
0.06437999999999999,-0.0006957151522001061,original_variable_s_data,64.38,-0.6957151522001062
0.0644725,-0.0006782956119133683,original_variable_s_data,64.4725,-0.6782956119133683
0.064565,-0.0006608707993726526,original_variable_s_data,64.565,-0.6608707993726526
0.06465749999999999,-0.0006434407080724158,original_variable_s_data,64.6575,-0.6434407080724158
0.06475,-0.0006260053314947792,original_variable_s_data,64.75,-0.6260053314947792
0.0648425,-0.0006085646631094904,original_variable_s_data,64.8425,-0.6085646631094904
0.06493499999999999,-0.0005911186963738748,original_variable_s_data,64.93499999999999,-0.5911186963738747
0.0650275,-0.0005736674247328188,original_variable_s_data,65.0275,-0.5736674247328188
0.06512,-0.0005562108416187384,original_variable_s_data,65.11999999999999,-0.5562108416187383
0.06521249999999999,-0.0005387489404515395,original_variable_s_data,65.21249999999999,-0.5387489404515394
0.065305,-0.0005212817146385655,original_variable_s_data,65.305,-0.5212817146385655
0.0653975,-0.0005038091575746233,original_variable_s_data,65.3975,-0.5038091575746233
0.06548999999999999,-0.0004863312626418804,original_variable_s_data,65.49,-0.4863312626418804
0.0655825,-0.00046884802320985456,original_variable_s_data,65.5825,-0.4688480232098546
0.065675,-0.00045135943263541304,original_variable_s_data,65.675,-0.45135943263541306
0.06576749999999999,-0.00043386548426269214,original_variable_s_data,65.7675,-0.43386548426269217
0.06586,-0.0004163661714231072,original_variable_s_data,65.86,-0.4163661714231072
0.0659525,-0.00039886148743526633,original_variable_s_data,65.9525,-0.39886148743526634
0.06604499999999999,-0.0003813514256049758,original_variable_s_data,66.04499999999999,-0.38135142560497576
0.0661375,-0.00036383597922520734,original_variable_s_data,66.1375,-0.36383597922520733
0.06623,-0.000346315141576039,original_variable_s_data,66.23,-0.346315141576039
0.06632249999999999,-0.00032878890592463245,original_variable_s_data,66.32249999999999,-0.32878890592463245
0.066415,-0.00031125726552520675,original_variable_s_data,66.415,-0.31125726552520677
0.0665075,-0.0002937202136189948,original_variable_s_data,66.5075,-0.2937202136189948
0.06659999999999999,-0.0002761777434341997,original_variable_s_data,66.6,-0.2761777434341997
0.0666925,-0.00025862984818597867,original_variable_s_data,66.6925,-0.2586298481859787
0.066785,-0.0002410765210764052,original_variable_s_data,66.785,-0.2410765210764052
0.06687749999999999,-0.00022351775529441987,original_variable_s_data,66.8775,-0.22351775529441986
0.06697,-0.0002059535440157875,original_variable_s_data,66.97,-0.2059535440157875
0.0670625,-0.00018838388040311288,original_variable_s_data,67.0625,-0.18838388040311288
0.06715499999999999,-0.00017080875760573823,original_variable_s_data,67.15499999999999,-0.17080875760573824
0.0672475,-0.0001532281687597482,original_variable_s_data,67.2475,-0.15322816875974818
0.06734,-0.00013564210698792676,original_variable_s_data,67.34,-0.13564210698792675
0.06743249999999999,-0.00011805056539973008,original_variable_s_data,67.43249999999999,-0.11805056539973008
0.067525,-0.00010045353709121046,original_variable_s_data,67.525,-0.10045353709121047
0.0676175,-8.285101514502733e-05,original_variable_s_data,67.61749999999999,-0.08285101514502734
0.06770999999999999,-6.524299263040917e-05,original_variable_s_data,67.71,-0.06524299263040917
0.0678025,-4.7629462603061456e-05,original_variable_s_data,67.8025,-0.04762946260306146
0.067895,-3.001041810520456e-05,original_variable_s_data,67.895,-0.03001041810520456
0.06798749999999999,-1.238585216549235e-05,original_variable_s_data,67.9875,-0.01238585216549235
0.06808,5.244242201041924e-06,original_variable_s_data,68.08,0.005244242201041924
0.0681725,2.2879871992964003e-05,original_variable_s_data,68.1725,0.022879871992964002
0.06826499999999999,4.052104422250367e-05,original_variable_s_data,68.26499999999999,0.04052104422250367
0.0683575,5.8167765915630656e-05,original_variable_s_data,68.3575,0.05816776591563066
0.06845,7.582004411202214e-05,original_variable_s_data,68.45,0.07582004411202214
0.06854249999999999,9.347788586516029e-05,original_variable_s_data,68.54249999999999,0.09347788586516029
0.068635,0.00011114129824232688,original_variable_s_data,68.635,0.11114129824232688
0.0687275,0.0001288102883246738,original_variable_s_data,68.72749999999999,0.12881028832467378
0.06881999999999999,0.0001464848632072338,original_variable_s_data,68.82,0.1464848632072338
0.0689125,0.00016416502999898574,original_variable_s_data,68.91250000000001,0.16416502999898575
0.069005,0.0001818507958228544,original_variable_s_data,69.005,0.1818507958228544
0.06909749999999999,0.0001995421678157973,original_variable_s_data,69.0975,0.19954216781579728
0.06919,0.00021723915312881023,original_variable_s_data,69.19,0.21723915312881023
0.0692825,0.00023494175892696504,original_variable_s_data,69.2825,0.23494175892696503
0.06937499999999999,0.0002526499923894585,original_variable_s_data,69.37499999999999,0.2526499923894585
0.0694675,0.0002703638607096721,original_variable_s_data,69.4675,0.27036386070967205
0.06956,0.0002880833710951445,original_variable_s_data,69.56,0.2880833710951445
0.06965249999999999,0.0003058085307677023,original_variable_s_data,69.65249999999999,0.30580853076770226
0.069745,0.0003235393469634215,original_variable_s_data,69.745,0.3235393469634215
0.0698375,0.00034127582693270925,original_variable_s_data,69.83749999999999,0.34127582693270925
0.06992999999999999,0.0003590179779403144,original_variable_s_data,69.92999999999999,0.35901797794031437
0.0700225,0.0003767658072654144,original_variable_s_data,70.02250000000001,0.37676580726541437
0.070115,0.00039451932220159914,original_variable_s_data,70.115,0.39451932220159913
0.07020749999999999,0.000412278530056941,original_variable_s_data,70.2075,0.41227853005694104
0.0703,0.0004300434381540336,original_variable_s_data,70.3,0.43004343815403356
0.0703925,0.00044781405383002886,original_variable_s_data,70.3925,0.44781405383002887
0.07048499999999999,0.00046559038443667536,original_variable_s_data,70.48499999999999,0.46559038443667533
0.0705775,0.00048337243734037293,original_variable_s_data,70.5775,0.48337243734037294
0.07067,0.0005011602199221721,original_variable_s_data,70.67,0.5011602199221721
0.07076249999999999,0.0005189537395778662,original_variable_s_data,70.76249999999999,0.5189537395778663
0.070855,0.0005367530037180031,original_variable_s_data,70.855,0.536753003718003
0.0709475,0.0005545580197679434,original_variable_s_data,70.94749999999999,0.5545580197679434
0.07103999999999999,0.0005723687951678728,original_variable_s_data,71.03999999999999,0.5723687951678728
0.0711325,0.0005901853373728717,original_variable_s_data,71.13250000000001,0.5901853373728717
0.071225,0.0006080076538529532,original_variable_s_data,71.225,0.6080076538529532
0.0713175,0.000625835752093096,original_variable_s_data,71.31750000000001,0.6258357520930959
0.07141,0.0006436696395932653,original_variable_s_data,71.41,0.6436696395932653
0.0715025,0.0006615093238685119,original_variable_s_data,71.5025,0.6615093238685119
0.071595,0.0006793548124489596,original_variable_s_data,71.595,0.6793548124489597
0.0716875,0.0006972061128798881,original_variable_s_data,71.6875,0.6972061128798881
0.07178,0.0007150632327217262,original_variable_s_data,71.78,0.7150632327217261
0.0718725,0.0007329261795501555,original_variable_s_data,71.8725,0.7329261795501555
0.071965,0.0007507949609561,original_variable_s_data,71.965,0.7507949609561
0.0720575,0.0007686695845457901,original_variable_s_data,72.05749999999999,0.76866958454579
0.07215,0.000786550057940829,original_variable_s_data,72.15,0.786550057940829
0.0722425,0.0008044363887781856,original_variable_s_data,72.2425,0.8044363887781856
0.07233499999999998,0.0008223285847102882,original_variable_s_data,72.33499999999998,0.8223285847102882
0.0724275,0.000840226653405024,original_variable_s_data,72.42750000000001,0.840226653405024
0.07252,0.0008581306025458251,original_variable_s_data,72.52,0.8581306025458251
0.07261249999999998,0.0008760404398316699,original_variable_s_data,72.61249999999998,0.8760404398316699
0.072705,0.0008939561729771688,original_variable_s_data,72.70500000000001,0.8939561729771688
0.0727975,0.0009118778097125645,original_variable_s_data,72.7975,0.9118778097125645
0.07288999999999998,0.0009298053577838189,original_variable_s_data,72.88999999999999,0.9298053577838189
0.0729825,0.0009477388249526448,original_variable_s_data,72.9825,0.9477388249526447
0.073075,0.0009656782189965192,original_variable_s_data,73.075,0.9656782189965193
0.07316749999999998,0.000983623547708766,original_variable_s_data,73.16749999999998,0.983623547708766
0.07326,0.0010015748188986035,original_variable_s_data,73.26,1.0015748188986036
0.0733525,0.0010195320403911308,original_variable_s_data,73.3525,1.0195320403911308
0.07344499999999998,0.001037495220027465,original_variable_s_data,73.44499999999998,1.037495220027465
0.0735375,0.0010554643656647067,original_variable_s_data,73.53750000000001,1.0554643656647067
0.07363,0.0010734394851760354,original_variable_s_data,73.63,1.0734394851760354
0.07372249999999998,0.0010914205864507108,original_variable_s_data,73.72249999999998,1.0914205864507107
0.073815,0.0011094076773941852,original_variable_s_data,73.81500000000001,1.1094076773941852
0.0739075,0.0011274007659280627,original_variable_s_data,73.9075,1.1274007659280627
0.07399999999999998,0.0011453998599902252,original_variable_s_data,73.99999999999999,1.145399859990225
0.0740925,0.0011634049675348429,original_variable_s_data,74.0925,1.1634049675348428
0.074185,0.001181416096532402,original_variable_s_data,74.185,1.181416096532402
0.07427749999999998,0.001199433254969796,original_variable_s_data,74.27749999999999,1.199433254969796
0.07437,0.001217456450850337,original_variable_s_data,74.37,1.2174564508503372
0.0744625,0.0012354856921938102,original_variable_s_data,74.4625,1.2354856921938102
0.07455499999999998,0.0012535209870365542,original_variable_s_data,74.55499999999998,1.2535209870365542
0.0746475,0.0012715623434314404,original_variable_s_data,74.64750000000001,1.2715623434314403
0.07474,0.0012896097694479972,original_variable_s_data,74.74,1.2896097694479973
0.07483249999999998,0.0013076632731723996,original_variable_s_data,74.83249999999998,1.3076632731723996
0.074925,0.0013257228627075559,original_variable_s_data,74.92500000000001,1.325722862707556
0.0750175,0.0013437885461731224,original_variable_s_data,75.0175,1.3437885461731225
0.07510999999999998,0.0013618603317055815,original_variable_s_data,75.10999999999999,1.3618603317055815
0.0752025,0.0013799382274582684,original_variable_s_data,75.2025,1.3799382274582683
0.075295,0.0013980222416014295,original_variable_s_data,75.295,1.3980222416014294
0.07538749999999998,0.0014161123823222827,original_variable_s_data,75.38749999999999,1.4161123823222828
0.07548,0.0014342086578250453,original_variable_s_data,75.48,1.4342086578250453
0.0755725,0.0014523110763309923,original_variable_s_data,75.5725,1.4523110763309923
0.07566499999999998,0.0014704196460785064,original_variable_s_data,75.66499999999998,1.4704196460785064
0.0757575,0.0014885343753231314,original_variable_s_data,75.75750000000001,1.4885343753231315
0.07585,0.0015066552723376047,original_variable_s_data,75.85,1.5066552723376048
0.07594249999999998,0.0015247823454119457,original_variable_s_data,75.94249999999998,1.5247823454119458
0.076035,0.0015429156028534635,original_variable_s_data,76.03500000000001,1.5429156028534634
0.0761275,0.0015610550529868144,original_variable_s_data,76.1275,1.5610550529868144
0.07621999999999998,0.001579200704154086,original_variable_s_data,76.21999999999998,1.5792007041540859
0.0763125,0.0015973525647148211,original_variable_s_data,76.3125,1.5973525647148212
0.076405,0.001615510643046049,original_variable_s_data,76.405,1.615510643046049
0.07649749999999998,0.0016336749475423884,original_variable_s_data,76.49749999999999,1.6336749475423884
0.07659,0.001651845486616053,original_variable_s_data,76.59,1.651845486616053
0.0766825,0.0016700222686969392,original_variable_s_data,76.6825,1.6700222686969393
0.07677499999999998,0.0016882053022326355,original_variable_s_data,76.77499999999998,1.6882053022326355
0.0768675,0.001706394595688505,original_variable_s_data,76.8675,1.706394595688505
0.07696,0.0017245901575477331,original_variable_s_data,76.96,1.7245901575477331
0.07705249999999998,0.0017427919963113885,original_variable_s_data,77.05249999999998,1.7427919963113885
0.077145,0.0017610001204984543,original_variable_s_data,77.14500000000001,1.7610001204984542
0.0772375,0.0017792145386458776,original_variable_s_data,77.2375,1.7792145386458775
0.07732999999999998,0.0017974352593086564,original_variable_s_data,77.32999999999998,1.7974352593086564
0.0774225,0.0018156622910598663,original_variable_s_data,77.4225,1.8156622910598663
0.077515,0.0018338956424907152,original_variable_s_data,77.515,1.8338956424907153
0.07760749999999998,0.0018521353222105909,original_variable_s_data,77.60749999999999,1.852135322210591
0.0777,0.0018703813388471604,original_variable_s_data,77.7,1.8703813388471604
0.0777925,0.0018886337010463525,original_variable_s_data,77.7925,1.8886337010463525
0.07788499999999998,0.001906892417472456,original_variable_s_data,77.88499999999998,1.906892417472456
0.0779775,0.0019251574968081784,original_variable_s_data,77.9775,1.9251574968081784
0.07807,0.0019434289477546743,original_variable_s_data,78.07000000000001,1.9434289477546742
0.07816249999999998,0.001961706779031626,original_variable_s_data,78.16249999999998,1.9617067790316258
0.078255,0.001979990999377275,original_variable_s_data,78.25500000000001,1.979990999377275
0.0783475,0.001998281617548501,original_variable_s_data,78.3475,1.9982816175485008
0.07843999999999998,0.00201657864232084,original_variable_s_data,78.43999999999998,2.01657864232084
0.0785325,0.0020348820824886006,original_variable_s_data,78.5325,2.0348820824886005
0.078625,0.002053191946864853,original_variable_s_data,78.625,2.0531919468648527
0.07871749999999998,0.002071508244281535,original_variable_s_data,78.71749999999999,2.0715082442815347
0.07881,0.0020898309835894763,original_variable_s_data,78.81,2.089830983589476
0.0789025,0.0021081601736584734,original_variable_s_data,78.9025,2.1081601736584736
0.07899499999999998,0.0021264958233773406,original_variable_s_data,78.99499999999998,2.1264958233773408
0.0790875,0.002144837941653965,original_variable_s_data,79.0875,2.144837941653965
0.07918,0.002163186537415369,original_variable_s_data,79.18,2.1631865374153687
0.07927249999999998,0.002181541619607761,original_variable_s_data,79.27249999999998,2.181541619607761
0.079365,0.0021999031971966006,original_variable_s_data,79.36500000000001,2.1999031971966008
0.0794575,0.002218271279166633,original_variable_s_data,79.4575,2.218271279166633
0.07954999999999998,0.002236645874522,original_variable_s_data,79.54999999999998,2.2366458745220004
0.0796425,0.002255026992286236,original_variable_s_data,79.6425,2.2550269922862363
0.079735,0.0022734146415023565,original_variable_s_data,79.735,2.2734146415023564
0.07982749999999998,0.002291808831232935,original_variable_s_data,79.82749999999999,2.291808831232935
0.07992,0.00231020957056012,original_variable_s_data,79.92,2.31020957056012
0.0800125,0.00232861686858572,original_variable_s_data,80.0125,2.32861686858572
0.08010499999999998,0.00234703073443126,original_variable_s_data,80.10499999999998,2.34703073443126
0.0801975,0.0023654511772380486,original_variable_s_data,80.1975,2.3654511772380484
0.08029,0.0023838782061672155,original_variable_s_data,80.29,2.3838782061672155
0.08038249999999998,0.002402311830399799,original_variable_s_data,80.38249999999998,2.4023118303997992
0.080475,0.0024207520591367814,original_variable_s_data,80.47500000000001,2.4207520591367815
0.0805675,0.002439198901599152,original_variable_s_data,80.5675,2.439198901599152
0.08065999999999998,0.0024576523670279894,original_variable_s_data,80.65999999999998,2.4576523670279893
0.0807525,0.0024761124646845182,original_variable_s_data,80.7525,2.476112464684518
0.080845,0.002494579203850136,original_variable_s_data,80.845,2.4945792038501358
0.08093749999999998,0.002513052593826516,original_variable_s_data,80.93749999999999,2.513052593826516
0.08103,0.002531532643935653,original_variable_s_data,81.03,2.531532643935653
0.0811225,0.0025500193635199153,original_variable_s_data,81.1225,2.5500193635199153
0.08121499999999998,0.0025685127619421264,original_variable_s_data,81.21499999999997,2.5685127619421264
0.0813075,0.0025870128485856124,original_variable_s_data,81.3075,2.5870128485856125
0.0814,0.002605519632854272,original_variable_s_data,81.4,2.6055196328542722
0.08149249999999998,0.0026240331241726297,original_variable_s_data,81.49249999999998,2.62403312417263
0.081585,0.002642553331985923,original_variable_s_data,81.58500000000001,2.6425533319859227
0.0816775,0.00266108026576014,original_variable_s_data,81.6775,2.6610802657601402
0.08176999999999998,0.002679613934982079,original_variable_s_data,81.76999999999998,2.679613934982079
0.0818625,0.002698154349159448,original_variable_s_data,81.86250000000001,2.6981543491594477
0.081955,0.0027167015178209,original_variable_s_data,81.955,2.7167015178209
0.08204749999999998,0.002735255450516088,original_variable_s_data,82.04749999999999,2.7352554505160884
0.08214,0.00275381615681578,original_variable_s_data,82.14,2.75381615681578
0.0822325,0.0027723836463118406,original_variable_s_data,82.2325,2.7723836463118405
0.08232499999999998,0.0027909579286173928,original_variable_s_data,82.32499999999999,2.790957928617393
0.0824175,0.002809539013366816,original_variable_s_data,82.4175,2.809539013366816
0.08251,0.002828126910215824,original_variable_s_data,82.51,2.828126910215824
0.08260249999999998,0.0028467216288415513,original_variable_s_data,82.60249999999998,2.8467216288415513
0.082695,0.0028653231789426007,original_variable_s_data,82.69500000000001,2.865323178942601
0.0827875,0.0028839315702391013,original_variable_s_data,82.7875,2.8839315702391013
0.08287999999999998,0.0029025468124728214,original_variable_s_data,82.87999999999998,2.9025468124728215
0.0829725,0.002921168915407187,original_variable_s_data,82.97250000000001,2.921168915407187
0.083065,0.0029397978888273607,original_variable_s_data,83.065,2.9397978888273606
0.08315749999999998,0.002958433742540313,original_variable_s_data,83.15749999999998,2.958433742540313
0.08325,0.0029770764863749064,original_variable_s_data,83.25,2.9770764863749064
0.0833425,0.002995726130181939,original_variable_s_data,83.3425,2.995726130181939
0.08343499999999998,0.003014382683834213,original_variable_s_data,83.43499999999999,3.014382683834213
0.0835275,0.003033046157226634,original_variable_s_data,83.5275,3.0330461572266336
0.08362,0.0030517165602762368,original_variable_s_data,83.62,3.051716560276237
0.08371249999999998,0.003070393902922292,original_variable_s_data,83.71249999999998,3.0703939029222918
0.083805,0.0030890781951263633,original_variable_s_data,83.805,3.0890781951263633
0.0838975,0.003107769446872344,original_variable_s_data,83.8975,3.1077694468723442
0.08398999999999998,0.0031264676681665928,original_variable_s_data,83.98999999999998,3.1264676681665926
0.0840825,0.0031451728690379526,original_variable_s_data,84.08250000000001,3.145172869037953
0.084175,0.003163885059537831,original_variable_s_data,84.175,3.1638850595378307
0.08426749999999998,0.0031826042497402856,original_variable_s_data,84.26749999999998,3.1826042497402858
0.08436,0.003201330449742086,original_variable_s_data,84.36,3.2013304497420862
0.0844525,0.0032200636696627792,original_variable_s_data,84.4525,3.220063669662779
0.08454499999999998,0.0032388039196447724,original_variable_s_data,84.54499999999999,3.238803919644772
0.0846375,0.0032575512098534085,original_variable_s_data,84.6375,3.2575512098534087
0.08473,0.0032763055504770057,original_variable_s_data,84.73,3.2763055504770056
0.08482249999999998,0.0032950669517269734,original_variable_s_data,84.82249999999998,3.2950669517269735
0.084915,0.003313835423837877,original_variable_s_data,84.915,3.313835423837877
0.0850075,0.0033326109770674696,original_variable_s_data,85.0075,3.3326109770674694
0.08509999999999998,0.0033513936216968275,original_variable_s_data,85.09999999999998,3.3513936216968276
0.0851925,0.003370183368030369,original_variable_s_data,85.19250000000001,3.3701833680303688
0.085285,0.003388980226395964,original_variable_s_data,85.285,3.388980226395964
0.08537749999999998,0.0034077842071449965,original_variable_s_data,85.37749999999998,3.4077842071449966
0.08547,0.003426595320652441,original_variable_s_data,85.47,3.426595320652441
0.0855625,0.0034454135773169265,original_variable_s_data,85.5625,3.4454135773169265
0.08565499999999998,0.003464238987560837,original_variable_s_data,85.65499999999999,3.464238987560837
0.0857475,0.003483071561830352,original_variable_s_data,85.7475,3.4830715618303523
0.08584,0.0035019113105955587,original_variable_s_data,85.84,3.501911310595559
0.08593249999999998,0.003520758244350503,original_variable_s_data,85.93249999999998,3.520758244350503
0.086025,0.0035396123736132824,original_variable_s_data,86.025,3.5396123736132825
0.0861175,0.003558473708926097,original_variable_s_data,86.11749999999999,3.558473708926097
0.08620999999999998,0.0035773422608553684,original_variable_s_data,86.20999999999998,3.577342260855368
0.0863025,0.0035962180399917755,original_variable_s_data,86.30250000000001,3.5962180399917756
0.086395,0.003615101056950356,original_variable_s_data,86.395,3.6151010569503557
0.08648749999999998,0.003633991322370584,original_variable_s_data,86.48749999999998,3.633991322370584
0.08658,0.0036528888469164423,original_variable_s_data,86.58,3.6528888469164422
0.0866725,0.0036717936412764846,original_variable_s_data,86.6725,3.6717936412764844
0.08676499999999998,0.0036907057161639583,original_variable_s_data,86.76499999999999,3.6907057161639583
0.0868575,0.00370962508231685,original_variable_s_data,86.8575,3.70962508231685
0.08695,0.00372855175049796,original_variable_s_data,86.95,3.7285517504979597
0.08704249999999998,0.003747485731495004,original_variable_s_data,87.04249999999998,3.747485731495004
0.087135,0.003766427036120688,original_variable_s_data,87.135,3.766427036120688
0.0872275,0.003785375675212784,original_variable_s_data,87.2275,3.7853756752127836
0.08731999999999998,0.003804331659634211,original_variable_s_data,87.31999999999998,3.804331659634211
0.0874125,0.0038232950002731296,original_variable_s_data,87.41250000000001,3.8232950002731294
0.087505,0.0038422657080429946,original_variable_s_data,87.505,3.8422657080429947
0.08759749999999998,0.00386124379388266,original_variable_s_data,87.59749999999998,3.86124379388266
0.08769,0.003880229268756479,original_variable_s_data,87.69,3.880229268756479
0.0877825,0.003899222143654332,original_variable_s_data,87.7825,3.899222143654332
0.08787499999999998,0.003918222429591766,original_variable_s_data,87.87499999999999,3.918222429591766
0.0879675,0.003937230137610036,original_variable_s_data,87.9675,3.9372301376100363
0.08806,0.003956245278776222,original_variable_s_data,88.06,3.956245278776222
0.08815249999999998,0.003975267864183293,original_variable_s_data,88.15249999999997,3.975267864183293
0.088245,0.003994297904950206,original_variable_s_data,88.245,3.994297904950206
0.0883375,0.004013335412221957,original_variable_s_data,88.3375,4.013335412221957
0.08842999999999998,0.004032380397169721,original_variable_s_data,88.42999999999998,4.032380397169721
0.0885225,0.004051432870990893,original_variable_s_data,88.52250000000001,4.051432870990893
0.088615,0.004070492844909184,original_variable_s_data,88.615,4.070492844909183
0.08870749999999998,0.00408956033017472,original_variable_s_data,88.70749999999998,4.08956033017472
0.0888,0.004108635338064129,original_variable_s_data,88.8,4.108635338064129
0.0888925,0.004127717879880593,original_variable_s_data,88.8925,4.127717879880593
0.08898499999999998,0.004146807966953985,original_variable_s_data,88.98499999999999,4.146807966953985
0.0890775,0.004165905610640943,original_variable_s_data,89.0775,4.165905610640944
0.08917,0.004185010822324915,original_variable_s_data,89.17,4.185010822324915
0.08926249999999998,0.004204123613416314,original_variable_s_data,89.26249999999997,4.204123613416314
0.089355,0.004223243995352565,original_variable_s_data,89.355,4.223243995352565
0.0894475,0.004242371979598193,original_variable_s_data,89.4475,4.242371979598193
0.08953999999999998,0.004261507577644939,original_variable_s_data,89.53999999999998,4.261507577644939
0.0896325,0.004280650801011828,original_variable_s_data,89.63250000000001,4.280650801011828
0.089725,0.004299801661245262,original_variable_s_data,89.725,4.2998016612452625
0.08981749999999998,0.0043189601699191215,original_variable_s_data,89.81749999999998,4.318960169919121
0.08991,0.0043381263386348574,original_variable_s_data,89.91000000000001,4.338126338634858
0.0900025,0.0043573001790215525,original_variable_s_data,90.0025,4.357300179021553
0.090095,0.004376481702736064,original_variable_s_data,90.095,4.376481702736064
0.0901875,0.0043956709214630725,original_variable_s_data,90.1875,4.395670921463072
0.09028000000000001,0.004414867846915188,original_variable_s_data,90.28000000000002,4.414867846915189
0.0903725,0.00443407249083306,original_variable_s_data,90.37249999999999,4.43407249083306
0.090465,0.004453284864985443,original_variable_s_data,90.465,4.453284864985442
0.09055750000000001,0.004472504981169314,original_variable_s_data,90.55750000000002,4.472504981169314
0.09065,0.004491732851209958,original_variable_s_data,90.64999999999999,4.4917328512099575
0.0907425,0.004510968486961048,original_variable_s_data,90.7425,4.510968486961048
0.09083500000000001,0.004530211900304761,original_variable_s_data,90.83500000000001,4.530211900304762
0.0909275,0.004549463103151882,original_variable_s_data,90.9275,4.549463103151882
0.09102,0.00456872210744187,original_variable_s_data,91.02000000000001,4.568722107441871
0.09111250000000001,0.004587988925142974,original_variable_s_data,91.11250000000001,4.587988925142974
0.091205,0.00460726356825231,original_variable_s_data,91.205,4.60726356825231
0.0912975,0.004626546048796009,original_variable_s_data,91.2975,4.626546048796009
0.09139000000000001,0.004645836378829247,original_variable_s_data,91.39000000000001,4.645836378829247
0.0914825,0.004665134570436385,original_variable_s_data,91.48249999999999,4.665134570436385
0.091575,0.004684440635731058,original_variable_s_data,91.575,4.6844406357310575
0.0916675,0.004703754586856281,original_variable_s_data,91.6675,4.703754586856281
0.09176,0.004723076435984526,original_variable_s_data,91.75999999999999,4.723076435984526
0.0918525,0.004742406195317861,original_variable_s_data,91.8525,4.742406195317861
0.091945,0.004761743877087996,original_variable_s_data,91.945,4.761743877087996
0.0920375,0.00478108949355644,original_variable_s_data,92.0375,4.78108949355644
0.09213,0.004800443057014571,original_variable_s_data,92.13000000000001,4.80044305701457
0.0922225,0.004819804579783728,original_variable_s_data,92.2225,4.819804579783728
0.092315,0.004839174074215333,original_variable_s_data,92.315,4.839174074215332
0.0924075,0.004858551552691021,original_variable_s_data,92.4075,4.85855155269102
0.0925,0.004877937027622644,original_variable_s_data,92.5,4.877937027622644
0.0925925,0.004897330511452513,original_variable_s_data,92.5925,4.897330511452513
0.092685,0.004916732016653374,original_variable_s_data,92.685,4.916732016653374
0.0927775,0.00493614155572861,original_variable_s_data,92.7775,4.93614155572861
0.09287,0.004955559141212272,original_variable_s_data,92.86999999999999,4.955559141212272
0.0929625,0.004974984785669228,original_variable_s_data,92.9625,4.9749847856692275
0.093055,0.004994418501695252,original_variable_s_data,93.05499999999999,4.994418501695252
0.0931475,0.005013860301917146,original_variable_s_data,93.1475,5.013860301917146
0.09324,0.005033310198992837,original_variable_s_data,93.24000000000001,5.033310198992837
0.0933325,0.005052768205611453,original_variable_s_data,93.3325,5.052768205611454
0.093425,0.005072234334493488,original_variable_s_data,93.425,5.072234334493488
0.0935175,0.005091708598390881,original_variable_s_data,93.5175,5.0917085983908805
0.09361,0.005111191010087111,original_variable_s_data,93.61,5.111191010087111
0.0937025,0.005130681582397331,original_variable_s_data,93.7025,5.13068158239733
0.093795,0.005150180328168464,original_variable_s_data,93.795,5.150180328168464
0.0938875,0.005169687260279309,original_variable_s_data,93.8875,5.169687260279309
0.09398,0.005189202391640675,original_variable_s_data,93.97999999999999,5.189202391640675
0.0940725,0.0052087257351954575,original_variable_s_data,94.0725,5.208725735195458
0.094165,0.005228257303918777,original_variable_s_data,94.16499999999999,5.228257303918777
0.0942575,0.005247797110818084,original_variable_s_data,94.2575,5.247797110818084
0.09435,0.0052673451689332585,original_variable_s_data,94.35000000000001,5.267345168933258
0.0944425,0.005286901491336737,original_variable_s_data,94.4425,5.286901491336737
0.094535,0.005306466091133631,original_variable_s_data,94.535,5.306466091133631
0.0946275,0.005326038981461833,original_variable_s_data,94.6275,5.326038981461833
0.09472,0.005345620175492108,original_variable_s_data,94.72,5.345620175492108
0.0948125,0.005365209686428249,original_variable_s_data,94.8125,5.365209686428249
0.094905,0.005384807527507183,original_variable_s_data,94.905,5.384807527507183
0.0949975,0.005404413711999057,original_variable_s_data,94.9975,5.404413711999057
0.09509,0.005424028253207383,original_variable_s_data,95.08999999999999,5.424028253207383
0.0951825,0.00544365116446916,original_variable_s_data,95.1825,5.44365116446916
0.095275,0.005463282459154958,original_variable_s_data,95.275,5.463282459154958
0.0953675,0.005482922150669073,original_variable_s_data,95.36749999999999,5.482922150669073
0.09546,0.005502570252449639,original_variable_s_data,95.46000000000001,5.502570252449639
0.0955525,0.005522226777968708,original_variable_s_data,95.5525,5.522226777968708
0.095645,0.005541891740732424,original_variable_s_data,95.645,5.541891740732424
0.0957375,0.005561565154281113,original_variable_s_data,95.7375,5.561565154281113
0.09583,0.005581247032189408,original_variable_s_data,95.83,5.581247032189409
0.0959225,0.005600937388066376,original_variable_s_data,95.9225,5.600937388066376
0.096015,0.00562063623555563,original_variable_s_data,96.015,5.620636235555629
0.0961075,0.005640343588335477,original_variable_s_data,96.1075,5.640343588335477
0.0962,0.005660059460118984,original_variable_s_data,96.19999999999999,5.660059460118984
0.0962925,0.00567978386465418,original_variable_s_data,96.2925,5.67978386465418
0.096385,0.00569951681572412,original_variable_s_data,96.385,5.69951681572412
0.0964775,0.00571925832714703,original_variable_s_data,96.47749999999999,5.719258327147029
0.09657,0.005739008412776425,original_variable_s_data,96.57000000000001,5.739008412776426
0.0966625,0.005758767086501256,original_variable_s_data,96.6625,5.758767086501257
0.096755,0.005778534362246022,original_variable_s_data,96.755,5.778534362246022
0.0968475,0.0057983102539708896,original_variable_s_data,96.8475,5.7983102539708895
0.09694,0.00581809477567181,original_variable_s_data,96.94,5.81809477567181
0.0970325,0.005837887941380704,original_variable_s_data,97.0325,5.837887941380704
0.097125,0.005857689765165521,original_variable_s_data,97.125,5.857689765165522
0.0972175,0.005877500261130414,original_variable_s_data,97.2175,5.877500261130414
0.09731,0.005897319443415849,original_variable_s_data,97.30999999999999,5.897319443415849
0.0974025,0.005917147326198744,original_variable_s_data,97.4025,5.9171473261987435
0.097495,0.005936983923692587,original_variable_s_data,97.495,5.936983923692587
0.0975875,0.005956829250147599,original_variable_s_data,97.58749999999999,5.9568292501475995
0.09768,0.0059766833198508324,original_variable_s_data,97.68,5.9766833198508325
0.0977725,0.0059965461471263165,original_variable_s_data,97.7725,5.996546147126317
0.097865,0.0060164177463351886,original_variable_s_data,97.865,6.016417746335189
0.0979575,0.006036298131875846,original_variable_s_data,97.9575,6.036298131875846
0.09805,0.006056187318184057,original_variable_s_data,98.05,6.056187318184057
0.0981425,0.0060760853197331,original_variable_s_data,98.1425,6.0760853197331
0.098235,0.0060959921510339125,original_variable_s_data,98.235,6.095992151033912
0.0983275,0.006115907826635223,original_variable_s_data,98.3275,6.115907826635223
0.09842,0.006135832361123673,original_variable_s_data,98.41999999999999,6.135832361123674
0.0985125,0.006155765769124,original_variable_s_data,98.5125,6.155765769124001
0.098605,0.0061757080652990945,original_variable_s_data,98.605,6.175708065299094
0.0986975,0.006195659264350228,original_variable_s_data,98.69749999999999,6.195659264350228
0.09879,0.0062156193810171505,original_variable_s_data,98.79,6.2156193810171505
0.0988825,0.0062355884300782155,original_variable_s_data,98.8825,6.235588430078216
0.098975,0.00625556642635056,original_variable_s_data,98.975,6.255566426350559
0.0990675,0.00627555338469022,original_variable_s_data,99.06750000000001,6.2755533846902205
0.09916,0.00629554931999227,original_variable_s_data,99.16,6.295549319992269
0.0992525,0.006315554247190982,original_variable_s_data,99.2525,6.315554247190982
0.099345,0.006335568181259985,original_variable_s_data,99.345,6.335568181259985
0.0994375,0.0063555911372123524,original_variable_s_data,99.4375,6.355591137212352
0.09953,0.006375623130100814,original_variable_s_data,99.52999999999999,6.375623130100815
0.0996225,0.0063956641750178575,original_variable_s_data,99.6225,6.395664175017857
0.099715,0.006415714287095886,original_variable_s_data,99.715,6.415714287095885
0.0998075,0.006435773481507369,original_variable_s_data,99.80749999999999,6.435773481507369
0.0999,0.006455841773465009,original_variable_s_data,99.9,6.45584177346501
0.0999925,0.006475919178221844,original_variable_s_data,99.99249999999999,6.475919178221844
0.100085,0.006496005711071447,original_variable_s_data,100.085,6.496005711071447
0.1001775,0.006516101387348039,original_variable_s_data,100.17750000000001,6.516101387348039
0.10027,0.0065362062224266606,original_variable_s_data,100.27,6.53620622242666
0.1003625,0.006556320231723319,original_variable_s_data,100.3625,6.556320231723319
0.100455,0.006576443430695139,original_variable_s_data,100.455,6.5764434306951385
0.1005475,0.0065965758348405104,original_variable_s_data,100.5475,6.59657583484051
0.10064,0.006616717459699242,original_variable_s_data,100.63999999999999,6.616717459699242
0.1007325,0.006636868320852758,original_variable_s_data,100.7325,6.636868320852758
0.100825,0.006657028433924161,original_variable_s_data,100.825,6.657028433924161
0.1009175,0.006677197814578501,original_variable_s_data,100.91749999999999,6.677197814578501
0.10101,0.00669737647852283,original_variable_s_data,101.01,6.6973764785228305
0.1011025,0.006717564441506432,original_variable_s_data,101.10249999999999,6.717564441506432
0.101195,0.006737761719320945,original_variable_s_data,101.195,6.737761719320945
0.1012875,0.006757968327800533,original_variable_s_data,101.28750000000001,6.7579683278005325
0.10138,0.006778184282822034,original_variable_s_data,101.38,6.778184282822034
0.1014725,0.0067984096003051485,original_variable_s_data,101.4725,6.798409600305148
0.101565,0.006818644296212554,original_variable_s_data,101.565,6.818644296212554
0.1016575,0.00683888838655012,original_variable_s_data,101.6575,6.83888838655012
0.10175,0.006859141887367032,original_variable_s_data,101.75,6.8591418873670325
0.1018425,0.0068794048147559775,original_variable_s_data,101.8425,6.879404814755977
0.101935,0.0068996771848532845,original_variable_s_data,101.935,6.899677184853284
0.1020275,0.006919959013839124,original_variable_s_data,102.02749999999999,6.919959013839124
0.10212,0.006940250317937652,original_variable_s_data,102.12,6.940250317937652
0.1022125,0.00696055111341718,original_variable_s_data,102.21249999999999,6.96055111341718
0.102305,0.006980861416590346,original_variable_s_data,102.30499999999999,6.980861416590346
0.1023975,0.00700118124381427,original_variable_s_data,102.39750000000001,7.00118124381427
0.10249,0.007021510611490736,original_variable_s_data,102.49,7.021510611490736
0.1025825,0.007041849536066386,original_variable_s_data,102.5825,7.041849536066386
0.102675,0.00706219803403285,original_variable_s_data,102.675,7.06219803403285
0.1027675,0.0070825561219269055,original_variable_s_data,102.7675,7.082556121926905
0.10286,0.007102923816330729,original_variable_s_data,102.86,7.102923816330729
0.1029525,0.007123301133871985,original_variable_s_data,102.9525,7.123301133871985
0.103045,0.007143688091224054,original_variable_s_data,103.045,7.143688091224054
0.1031375,0.007164084705106172,original_variable_s_data,103.13749999999999,7.164084705106172
0.10323,0.007184490992283643,original_variable_s_data,103.23,7.184490992283643
0.1033225,0.007204906969567975,original_variable_s_data,103.32249999999999,7.204906969567975
0.103415,0.00722533265381709,original_variable_s_data,103.415,7.22533265381709
0.1035075,0.007245768061935506,original_variable_s_data,103.50750000000001,7.245768061935506
0.1036,0.00726621321087447,original_variable_s_data,103.6,7.26621321087447
0.1036925,0.00728666811763221,original_variable_s_data,103.69250000000001,7.28666811763221
0.103785,0.007307132799254049,original_variable_s_data,103.785,7.307132799254049
0.1038775,0.0073276072728326435,original_variable_s_data,103.8775,7.327607272832643
0.10397,0.007348091555508106,original_variable_s_data,103.97000000000001,7.348091555508105
0.1040625,0.007368585664468258,original_variable_s_data,104.0625,7.368585664468258
0.104155,0.007389089616948755,original_variable_s_data,104.155,7.3890896169487545
0.1042475,0.0074096034302333184,original_variable_s_data,104.2475,7.409603430233318
0.10434,0.007430127121653885,original_variable_s_data,104.34,7.430127121653885
0.1044325,0.007450660708590825,original_variable_s_data,104.4325,7.450660708590825
0.104525,0.007471204208473102,original_variable_s_data,104.525,7.471204208473102
0.1046175,0.007491757638778512,original_variable_s_data,104.6175,7.491757638778512
0.10471,0.007512321017033812,original_variable_s_data,104.71,7.512321017033812
0.1048025,0.007532894360814934,original_variable_s_data,104.80250000000001,7.532894360814934
0.104895,0.007553477687747213,original_variable_s_data,104.895,7.553477687747213
0.1049875,0.007574071015505536,original_variable_s_data,104.9875,7.574071015505536
0.10508,0.00759467436181456,original_variable_s_data,105.08000000000001,7.59467436181456
0.1051725,0.007615287744448899,original_variable_s_data,105.1725,7.615287744448899
0.105265,0.007635911181233317,original_variable_s_data,105.265,7.635911181233317
0.1053575,0.007656544690042941,original_variable_s_data,105.3575,7.65654469004294
0.10545,0.007677188288803435,original_variable_s_data,105.45,7.677188288803435
0.1055425,0.007697841995491231,original_variable_s_data,105.5425,7.69784199549123
0.105635,0.007718505828133705,original_variable_s_data,105.635,7.718505828133705
0.1057275,0.007739179804809392,original_variable_s_data,105.7275,7.7391798048093925
0.10582,0.0077598639436481645,original_variable_s_data,105.82,7.759863943648164
0.1059125,0.007780558262831494,original_variable_s_data,105.91250000000001,7.780558262831494
0.106005,0.007801262780592573,original_variable_s_data,106.005,7.801262780592573
0.1060975,0.007821977515216596,original_variable_s_data,106.0975,7.821977515216596
0.10619,0.007842702485040922,original_variable_s_data,106.19000000000001,7.842702485040922
0.1062825,0.007863437708455299,original_variable_s_data,106.2825,7.863437708455299
0.106375,0.007884183203902075,original_variable_s_data,106.375,7.884183203902075
0.1064675,0.007904938989876388,original_variable_s_data,106.4675,7.9049389898763875
0.10656,0.00792570508492642,original_variable_s_data,106.56,7.92570508492642
0.1066525,0.007946481507653532,original_variable_s_data,106.6525,7.946481507653532
0.106745,0.00796726827671259,original_variable_s_data,106.745,7.9672682767125895
0.1068375,0.00798806541081206,original_variable_s_data,106.8375,7.988065410812061
0.10693,0.008008872928714321,original_variable_s_data,106.92999999999999,8.008872928714322
0.1070225,0.00802969084923581,original_variable_s_data,107.02250000000001,8.02969084923581
0.107115,0.008050519191247291,original_variable_s_data,107.115,8.050519191247291
0.1072075,0.008071357973674035,original_variable_s_data,107.2075,8.071357973674035
0.1073,0.008092207215496085,original_variable_s_data,107.30000000000001,8.092207215496085
0.1073925,0.008113066935748422,original_variable_s_data,107.3925,8.113066935748423
0.107485,0.008133937153521223,original_variable_s_data,107.485,8.133937153521222
0.1075775,0.008154817887960086,original_variable_s_data,107.5775,8.154817887960085
0.10767,0.008175709158266238,original_variable_s_data,107.67,8.175709158266239
0.1077625,0.008196610983696768,original_variable_s_data,107.7625,8.196610983696768
0.107855,0.008217523383564865,original_variable_s_data,107.855,8.217523383564865
0.1079475,0.008238446377240027,original_variable_s_data,107.9475,8.238446377240027
0.10804,0.008259379984148295,original_variable_s_data,108.03999999999999,8.259379984148294
0.1081325,0.0082803242237725,original_variable_s_data,108.13250000000001,8.2803242237725
0.108225,0.008301279115652463,original_variable_s_data,108.22500000000001,8.301279115652463
0.1083175,0.008322244679385268,original_variable_s_data,108.3175,8.322244679385268
0.10841,0.008343220934625457,original_variable_s_data,108.41000000000001,8.343220934625457
0.1085025,0.008364207901085314,original_variable_s_data,108.5025,8.364207901085313
0.108595,0.008385205598535034,original_variable_s_data,108.595,8.385205598535034
0.1086875,0.008406214046803025,original_variable_s_data,108.6875,8.406214046803026
0.10878,0.008427233265776116,original_variable_s_data,108.78,8.427233265776115
0.1088725,0.008448263275399775,original_variable_s_data,108.8725,8.448263275399775
0.108965,0.008469304095678427,original_variable_s_data,108.965,8.469304095678428
0.1090575,0.008490355746675619,original_variable_s_data,109.0575,8.490355746675618
0.10915,0.008511418248514294,original_variable_s_data,109.14999999999999,8.511418248514294
0.1092425,0.008532491621377045,original_variable_s_data,109.2425,8.532491621377044
0.109335,0.008553575885506337,original_variable_s_data,109.33500000000001,8.553575885506337
0.1094275,0.008574671061204782,original_variable_s_data,109.4275,8.574671061204782
0.10952,0.008595777168835394,original_variable_s_data,109.52000000000001,8.595777168835394
0.1096125,0.008616894228821786,original_variable_s_data,109.6125,8.616894228821787
0.109705,0.00863802226164849,original_variable_s_data,109.705,8.638022261648489
0.1097975,0.00865916128786118,original_variable_s_data,109.7975,8.65916128786118
0.10989,0.008680311328066905,original_variable_s_data,109.89,8.680311328066905
0.1099825,0.008701472402934389,original_variable_s_data,109.9825,8.701472402934389
0.110075,0.008722644533194249,original_variable_s_data,110.075,8.722644533194249
0.1101675,0.008743827739639309,original_variable_s_data,110.1675,8.74382773963931
0.11026,0.00876502204312477,original_variable_s_data,110.25999999999999,8.76502204312477
0.1103525,0.008786227464568561,original_variable_s_data,110.3525,8.786227464568562
0.110445,0.00880744402495156,original_variable_s_data,110.44500000000001,8.80744402495156
0.1105375,0.008828671745317866,original_variable_s_data,110.5375,8.828671745317866
0.11063,0.008849910646775068,original_variable_s_data,110.63000000000001,8.849910646775069
0.1107225,0.008871160750494494,original_variable_s_data,110.7225,8.871160750494495
0.110815,0.008892422077711513,original_variable_s_data,110.815,8.892422077711513
0.1109075,0.008913694649725775,original_variable_s_data,110.90750000000001,8.913694649725775
0.111,0.008934978487901507,original_variable_s_data,111.0,8.934978487901507
0.1110925,0.008956273613667763,original_variable_s_data,111.0925,8.956273613667763
0.111185,0.008977580048518716,original_variable_s_data,111.185,8.977580048518716
0.1112775,0.008998897814013942,original_variable_s_data,111.2775,8.998897814013942
0.11137,0.009020226931778666,original_variable_s_data,111.36999999999999,9.020226931778666
0.1114625,0.009041567423504048,original_variable_s_data,111.4625,9.041567423504048
0.111555,0.009062919310947527,original_variable_s_data,111.555,9.062919310947528
0.1116475,0.009084282615933005,original_variable_s_data,111.6475,9.084282615933006
0.11174,0.009105657360351202,original_variable_s_data,111.74000000000001,9.105657360351202
0.1118325,0.009127043566159903,original_variable_s_data,111.8325,9.127043566159903
0.111925,0.009148441255384289,original_variable_s_data,111.925,9.148441255384288
0.1120175,0.00916985045011716,original_variable_s_data,112.01750000000001,9.169850450117162
0.11211,0.009191271172519297,original_variable_s_data,112.11,9.191271172519297
0.1122025,0.009212703444819689,original_variable_s_data,112.2025,9.212703444819688
0.112295,0.009234147289315885,original_variable_s_data,112.295,9.234147289315885
0.1123875,0.009255602728374257,original_variable_s_data,112.3875,9.255602728374257
0.11248,0.009277069784430275,original_variable_s_data,112.47999999999999,9.277069784430275
0.1125725,0.009298548479988865,original_variable_s_data,112.5725,9.298548479988865
0.112665,0.00932003883762466,original_variable_s_data,112.665,9.32003883762466
0.1127575,0.009341540879982305,original_variable_s_data,112.7575,9.341540879982304
0.11285,0.009363054629776794,original_variable_s_data,112.85000000000001,9.363054629776794
0.1129425,0.009384580109793763,original_variable_s_data,112.9425,9.384580109793763
0.113035,0.009406117342889757,original_variable_s_data,113.035,9.406117342889758
0.1131275,0.009427666351992586,original_variable_s_data,113.12750000000001,9.427666351992585
0.11322,0.00944922716010163,original_variable_s_data,113.22,9.449227160101628
0.1133125,0.009470799790288113,original_variable_s_data,113.3125,9.470799790288114
0.113405,0.009492384265695467,original_variable_s_data,113.405,9.492384265695467
0.1134975,0.009513980609539618,original_variable_s_data,113.4975,9.513980609539619
0.11359,0.009535588845109305,original_variable_s_data,113.59,9.535588845109304
0.1136825,0.009557208995766406,original_variable_s_data,113.6825,9.557208995766405
0.113775,0.009578841084946254,original_variable_s_data,113.775,9.578841084946255
0.1138675,0.009600485136157974,original_variable_s_data,113.86749999999999,9.600485136157975
0.11396,0.009622141172984778,original_variable_s_data,113.96000000000001,9.622141172984778
0.1140525,0.009643809219084335,original_variable_s_data,114.0525,9.643809219084336
0.114145,0.009665489298189037,original_variable_s_data,114.145,9.665489298189037
0.1142375,0.009687181434106388,original_variable_s_data,114.23750000000001,9.687181434106387
0.11433,0.009708885650719331,original_variable_s_data,114.33,9.708885650719331
0.1144225,0.009730601971986516,original_variable_s_data,114.4225,9.730601971986516
0.114515,0.009752330421942722,original_variable_s_data,114.515,9.752330421942721
0.1146075,0.009774071024699153,original_variable_s_data,114.6075,9.774071024699152
0.1147,0.009795823804443772,original_variable_s_data,114.7,9.795823804443772
0.1147925,0.009817588785441651,original_variable_s_data,114.7925,9.817588785441652
0.114885,0.009839365992035314,original_variable_s_data,114.885,9.839365992035313
0.1149775,0.009861155448645097,original_variable_s_data,114.97749999999999,9.861155448645096
0.11507,0.009882957179769456,original_variable_s_data,115.07000000000001,9.882957179769456
0.1151625,0.009904771209985385,original_variable_s_data,115.1625,9.904771209985384
0.115255,0.009926597563948673,original_variable_s_data,115.255,9.926597563948674
0.1153475,0.00994843626639435,original_variable_s_data,115.34750000000001,9.948436266394351
0.11544,0.00997028734213698,original_variable_s_data,115.44,9.970287342136979
0.1155325,0.009992150816071054,original_variable_s_data,115.5325,9.992150816071055
0.115625,0.010014026713171316,original_variable_s_data,115.625,10.014026713171315
0.1157175,0.010035915058493168,original_variable_s_data,115.7175,10.035915058493169
0.11581,0.010057815877172995,original_variable_s_data,115.81,10.057815877172995
0.1159025,0.010079729194428544,original_variable_s_data,115.9025,10.079729194428543
0.115995,0.010101655035559308,original_variable_s_data,115.995,10.101655035559308
0.1160875,0.010123593425946872,original_variable_s_data,116.08749999999999,10.123593425946872
0.11618,0.010145544391055288,original_variable_s_data,116.18,10.145544391055289
0.1162725,0.01016750795643149,original_variable_s_data,116.27250000000001,10.167507956431491
0.116365,0.010189484147705588,original_variable_s_data,116.365,10.189484147705588
0.1164575,0.010211472990591325,original_variable_s_data,116.45750000000001,10.211472990591325
0.11655,0.010233474510886454,original_variable_s_data,116.55,10.233474510886454
0.1166425,0.010255488734473035,original_variable_s_data,116.6425,10.255488734473035
0.116735,0.01027751568731794,original_variable_s_data,116.735,10.27751568731794
0.1168275,0.010299555395473153,original_variable_s_data,116.8275,10.299555395473153
0.11692,0.010321607885076191,original_variable_s_data,116.92,10.32160788507619
0.1170125,0.010343673182350516,original_variable_s_data,117.0125,10.343673182350516
0.117105,0.010365751313605884,original_variable_s_data,117.105,10.365751313605884
0.1171975,0.01038784230523878,original_variable_s_data,117.19749999999999,10.38784230523878
0.11729,0.010409946183732812,original_variable_s_data,117.29,10.409946183732812
0.1173825,0.01043206297565909,original_variable_s_data,117.38250000000001,10.432062975659091
0.117475,0.01045419270767665,original_variable_s_data,117.475,10.454192707676649
0.1175675,0.010476335406532863,original_variable_s_data,117.56750000000001,10.476335406532863
0.11766,0.010498491099063844,original_variable_s_data,117.66,10.498491099063845
0.1177525,0.010520659812194825,original_variable_s_data,117.7525,10.520659812194825
0.117845,0.010542841572940633,original_variable_s_data,117.845,10.542841572940633
0.1179375,0.010565036408406068,original_variable_s_data,117.9375,10.565036408406067
0.11803,0.010587244345786303,original_variable_s_data,118.03,10.587244345786303
0.1181225,0.01060946541236736,original_variable_s_data,118.1225,10.60946541236736
0.118215,0.010631699635526496,original_variable_s_data,118.215,10.631699635526497
0.1183075,0.010653947042732625,original_variable_s_data,118.30749999999999,10.653947042732625
0.1184,0.01067620766154677,original_variable_s_data,118.4,10.676207661546771
0.1184925,0.01069848151962248,original_variable_s_data,118.4925,10.69848151962248
0.118585,0.010720768644706256,original_variable_s_data,118.585,10.720768644706256
0.1186775,0.010743069064638032,original_variable_s_data,118.67750000000001,10.743069064638032
0.11877,0.010765382807351547,original_variable_s_data,118.77,10.765382807351546
0.1188625,0.01078770990087484,original_variable_s_data,118.8625,10.78770990087484
0.118955,0.010810050373330675,original_variable_s_data,118.955,10.810050373330675
0.1190475,0.010832404252936976,original_variable_s_data,119.0475,10.832404252936975
0.11914,0.01085477156800731,original_variable_s_data,119.14,10.85477156800731
0.1192325,0.010877152346951307,original_variable_s_data,119.2325,10.877152346951307
0.119325,0.010899546618275144,original_variable_s_data,119.325,10.899546618275144
0.1194175,0.010921954410581976,original_variable_s_data,119.41749999999999,10.921954410581975
0.11951,0.010944375752572406,original_variable_s_data,119.51,10.944375752572407
0.1196025,0.010966810673044967,original_variable_s_data,119.6025,10.966810673044968
0.119695,0.010989259200896566,original_variable_s_data,119.695,10.989259200896566
0.1197875,0.01101172136512297,original_variable_s_data,119.78750000000001,11.01172136512297
0.11988,0.011034197194819255,original_variable_s_data,119.88,11.034197194819255
0.1199725,0.011056686719180323,original_variable_s_data,119.9725,11.056686719180323
0.120065,0.011079189967501336,original_variable_s_data,120.06500000000001,11.079189967501335
0.1201575,0.011101706969178214,original_variable_s_data,120.1575,11.101706969178215
0.12025,0.011124237753708143,original_variable_s_data,120.25,11.124237753708144
0.1203425,0.011146782350690016,original_variable_s_data,120.3425,11.146782350690016
0.120435,0.011169340789824964,original_variable_s_data,120.435,11.169340789824965
0.1205275,0.011191913100916832,original_variable_s_data,120.52749999999999,11.191913100916832
0.12062,0.011214499313872684,original_variable_s_data,120.62,11.214499313872684
0.1207125,0.011237099458703275,original_variable_s_data,120.7125,11.237099458703275
0.120805,0.011259713565523587,original_variable_s_data,120.80499999999999,11.259713565523587
0.1208975,0.011282341664553336,original_variable_s_data,120.89750000000001,11.282341664553336
0.12099,0.011304983786117436,original_variable_s_data,120.99,11.304983786117436
0.1210825,0.011327639960646568,original_variable_s_data,121.0825,11.327639960646568
0.121175,0.01135031021867768,original_variable_s_data,121.17500000000001,11.35031021867768
0.1212675,0.011372994590854451,original_variable_s_data,121.2675,11.372994590854452
0.12136,0.011395693107927901,original_variable_s_data,121.36,11.395693107927901
0.1214525,0.011418405800756856,original_variable_s_data,121.4525,11.418405800756856
0.121545,0.011441132700308485,original_variable_s_data,121.545,11.441132700308485
0.1216375,0.011463873837658851,original_variable_s_data,121.63749999999999,11.463873837658852
0.12173,0.011486629243993443,original_variable_s_data,121.73,11.486629243993443
0.1218225,0.011509398950607666,original_variable_s_data,121.8225,11.509398950607666
0.121915,0.011532182988907475,original_variable_s_data,121.91499999999999,11.532182988907476
0.1220075,0.01155498139040984,original_variable_s_data,122.00750000000001,11.554981390409841
0.1221,0.011577794186743316,original_variable_s_data,122.1,11.577794186743317
0.1221925,0.011600621409648628,original_variable_s_data,122.1925,11.600621409648628
0.122285,0.01162346309097918,original_variable_s_data,122.28500000000001,11.623463090979179
0.1223775,0.011646319262701647,original_variable_s_data,122.3775,11.646319262701647
0.12247,0.011669189956896508,original_variable_s_data,122.47,11.669189956896508
0.1225625,0.011692075205758663,original_variable_s_data,122.5625,11.692075205758663
0.122655,0.01171497504159794,original_variable_s_data,122.655,11.71497504159794
0.1227475,0.011737889496839711,original_variable_s_data,122.7475,11.737889496839712
0.12284,0.011760818604025475,original_variable_s_data,122.84,11.760818604025475
0.1229325,0.011783762395813392,original_variable_s_data,122.9325,11.783762395813392
0.123025,0.01180672090497892,original_variable_s_data,123.02499999999999,11.806720904978919
0.1231175,0.011829694164415372,original_variable_s_data,123.1175,11.829694164415372
0.12321,0.011852682207134521,original_variable_s_data,123.21,11.85268220713452
0.1233025,0.011875685066267192,original_variable_s_data,123.3025,11.875685066267192
0.123395,0.011898702775063868,original_variable_s_data,123.39500000000001,11.898702775063867
0.1234875,0.011921735366895288,original_variable_s_data,123.4875,11.921735366895287
0.12358,0.01194478287525306,original_variable_s_data,123.58,11.944782875253061
0.1236725,0.011967845333750265,original_variable_s_data,123.6725,11.967845333750265
0.123765,0.011990922776122069,original_variable_s_data,123.765,11.99092277612207
0.1238575,0.012014015236226376,original_variable_s_data,123.8575,12.014015236226376
0.12395,0.012037122748044415,original_variable_s_data,123.95,12.037122748044416
0.1240425,0.012060245345681364,original_variable_s_data,124.0425,12.060245345681365
0.124135,0.01208338306336703,original_variable_s_data,124.13499999999999,12.08338306336703
0.1242275,0.012106535935456424,original_variable_s_data,124.2275,12.106535935456424
0.12432,0.012129703996430454,original_variable_s_data,124.32,12.129703996430454
0.1244125,0.012152887280896543,original_variable_s_data,124.4125,12.152887280896543
0.124505,0.012176085823589276,original_variable_s_data,124.50500000000001,12.176085823589275
0.1245975,0.012199299659371067,original_variable_s_data,124.5975,12.199299659371066
0.12469,0.012222528823232796,original_variable_s_data,124.69,12.222528823232796
0.1247825,0.012245773350294498,original_variable_s_data,124.7825,12.245773350294497
0.124875,0.012269033275806012,original_variable_s_data,124.875,12.269033275806011
0.1249675,0.012292308635147657,original_variable_s_data,124.9675,12.292308635147657
0.12506,0.012315599463830892,original_variable_s_data,125.06,12.315599463830893
0.1251525,0.012338905797499022,original_variable_s_data,125.1525,12.338905797499022
0.125245,0.012362227671927876,original_variable_s_data,125.24499999999999,12.362227671927876
0.1253375,0.012385565123026465,original_variable_s_data,125.33749999999999,12.385565123026465
0.12542999999999999,0.012408918186837724,original_variable_s_data,125.42999999999999,12.408918186837724
0.1255225,0.012432286899539175,original_variable_s_data,125.52250000000001,12.432286899539175
0.125615,0.012455671297443635,original_variable_s_data,125.61500000000001,12.455671297443635
0.1257075,0.012479071416999927,original_variable_s_data,125.7075,12.479071416999927
0.1258,0.012502487294793614,original_variable_s_data,125.8,12.502487294793614
0.1258925,0.012525918967547674,original_variable_s_data,125.89249999999998,12.525918967547675
0.12598499999999999,0.012549366472123251,original_variable_s_data,125.98499999999999,12.549366472123252
0.1260775,0.01257282984552038,original_variable_s_data,126.07750000000001,12.57282984552038
0.12617,0.012596309124878696,original_variable_s_data,126.17,12.596309124878696
0.1262625,0.012619804347478204,original_variable_s_data,126.2625,12.619804347478205
0.126355,0.012643315550739996,original_variable_s_data,126.35499999999999,12.643315550739995
0.1264475,0.012666842772227007,original_variable_s_data,126.44749999999999,12.666842772227007
0.12653999999999999,0.01269038604964476,original_variable_s_data,126.53999999999999,12.69038604964476
0.1266325,0.012713945420842148,original_variable_s_data,126.63250000000001,12.713945420842148
0.126725,0.012737520923812133,original_variable_s_data,126.72500000000001,12.737520923812133
0.1268175,0.012761112596692605,original_variable_s_data,126.8175,12.761112596692605
0.12691,0.012784720477767082,original_variable_s_data,126.91,12.784720477767083
0.1270025,0.0128083446054655,original_variable_s_data,127.00249999999998,12.8083446054655
0.12709499999999999,0.01283198501836503,original_variable_s_data,127.09499999999998,12.83198501836503
0.1271875,0.01285564175519083,original_variable_s_data,127.18750000000001,12.85564175519083
0.12728,0.01287931485481685,original_variable_s_data,127.28,12.879314854816851
0.1273725,0.012903004356266642,original_variable_s_data,127.3725,12.903004356266642
0.127465,0.012926710298714148,original_variable_s_data,127.46499999999999,12.926710298714148
0.1275575,0.01295043272148454,original_variable_s_data,127.55749999999999,12.95043272148454
0.12764999999999999,0.012974171664054984,original_variable_s_data,127.64999999999999,12.974171664054984
0.1277425,0.012997927166055528,original_variable_s_data,127.7425,12.997927166055527
0.127835,0.013021699267269846,original_variable_s_data,127.83500000000001,13.021699267269847
0.1279275,0.013045488007636172,original_variable_s_data,127.9275,13.045488007636171
0.12802,0.013069293427248045,original_variable_s_data,128.01999999999998,13.069293427248045
0.1281125,0.013093115566355224,original_variable_s_data,128.11249999999998,13.093115566355223
0.12820499999999999,0.013116954465364495,original_variable_s_data,128.20499999999998,13.116954465364495
0.1282975,0.013140810164840552,original_variable_s_data,128.2975,13.140810164840552
0.12839,0.013164682705506846,original_variable_s_data,128.39000000000001,13.164682705506847
0.1284825,0.013188572128246456,original_variable_s_data,128.4825,13.188572128246456
0.128575,0.01321247847410296,original_variable_s_data,128.575,13.21247847410296
0.1286675,0.013236401784281336,original_variable_s_data,128.6675,13.236401784281336
0.12875999999999999,0.013260342100148838,original_variable_s_data,128.76,13.260342100148838
0.1288525,0.013284299463235876,original_variable_s_data,128.85250000000002,13.284299463235875
0.128945,0.01330827391523693,original_variable_s_data,128.945,13.30827391523693
0.1290375,0.013332265498011447,original_variable_s_data,129.0375,13.332265498011447
0.12913,0.013356274253584776,original_variable_s_data,129.13,13.356274253584775
0.1292225,0.013380300224149069,original_variable_s_data,129.2225,13.38030022414907
0.12931499999999999,0.013404343452064208,original_variable_s_data,129.315,13.404343452064207
0.1294075,0.013428403979858734,original_variable_s_data,129.4075,13.428403979858734
0.1295,0.01345248185023078,original_variable_s_data,129.5,13.45248185023078
0.1295925,0.013476577106049046,original_variable_s_data,129.5925,13.476577106049046
0.129685,0.013500689790353727,original_variable_s_data,129.685,13.500689790353727
0.1297775,0.013524819946357493,original_variable_s_data,129.7775,13.524819946357493
0.12986999999999999,0.013548967617446412,original_variable_s_data,129.86999999999998,13.548967617446412
0.1299625,0.013573132847181002,original_variable_s_data,129.9625,13.573132847181002
0.130055,0.013597315679297076,original_variable_s_data,130.055,13.597315679297076
0.1301475,0.013621516157706896,original_variable_s_data,130.1475,13.621516157706896
0.13024,0.013645734326500056,original_variable_s_data,130.23999999999998,13.645734326500056
0.1303325,0.013669970229944518,original_variable_s_data,130.33249999999998,13.669970229944518
0.13042499999999999,0.013694223912487624,original_variable_s_data,130.42499999999998,13.694223912487624
0.1305175,0.013718495418757089,original_variable_s_data,130.5175,13.718495418757088
0.13061,0.013742784793562062,original_variable_s_data,130.61,13.742784793562063
0.1307025,0.013767092081894111,original_variable_s_data,130.7025,13.767092081894111
0.130795,0.013791417328928322,original_variable_s_data,130.795,13.791417328928322
0.1308875,0.013815760580024278,original_variable_s_data,130.8875,13.815760580024278
0.13097999999999999,0.013840121880727172,original_variable_s_data,130.98,13.840121880727173
0.1310725,0.013864501276768837,original_variable_s_data,131.07250000000002,13.864501276768836
0.131165,0.013888898814068816,original_variable_s_data,131.165,13.888898814068815
0.1312575,0.013913314538735446,original_variable_s_data,131.2575,13.913314538735447
0.13135,0.013937748497066945,original_variable_s_data,131.35,13.937748497066945
0.1314425,0.013962200735552512,original_variable_s_data,131.4425,13.962200735552512
0.13153499999999999,0.013986671300873416,original_variable_s_data,131.535,13.986671300873416
0.1316275,0.014011160239904105,original_variable_s_data,131.6275,14.011160239904106
0.13172,0.014035667599713333,original_variable_s_data,131.72,14.035667599713333
0.1318125,0.014060193427565272,original_variable_s_data,131.8125,14.060193427565272
0.131905,0.014084737770920704,original_variable_s_data,131.905,14.084737770920704
0.1319975,0.014109300677438045,original_variable_s_data,131.9975,14.109300677438045
0.13208999999999999,0.014133882194974629,original_variable_s_data,132.08999999999997,14.133882194974628
0.1321825,0.014158482371587788,original_variable_s_data,132.1825,14.158482371587787
0.132275,0.014183101255536021,original_variable_s_data,132.275,14.183101255536021
0.1323675,0.01420773889528024,original_variable_s_data,132.3675,14.20773889528024
0.13246,0.01423239533948488,original_variable_s_data,132.46,14.23239533948488
0.1325525,0.014257070637019136,original_variable_s_data,132.55249999999998,14.257070637019135
0.13264499999999999,0.014281764836958144,original_variable_s_data,132.64499999999998,14.281764836958144
0.1327375,0.014306477988584232,original_variable_s_data,132.7375,14.306477988584232
0.13283,0.014331210141388075,original_variable_s_data,132.83,14.331210141388075
0.1329225,0.014355961345070037,original_variable_s_data,132.92249999999999,14.355961345070037
0.133015,0.014380731649541288,original_variable_s_data,133.015,14.380731649541287
0.1331075,0.014405521104925155,original_variable_s_data,133.1075,14.405521104925155
0.13319999999999999,0.014430329761558317,original_variable_s_data,133.2,14.430329761558317
0.1332925,0.014455157669992124,original_variable_s_data,133.29250000000002,14.455157669992124
0.133385,0.01448000488099382,original_variable_s_data,133.385,14.480004880993821
0.1334775,0.014504871445547903,original_variable_s_data,133.4775,14.504871445547904
0.13357,0.014529757414857378,original_variable_s_data,133.57,14.529757414857379
0.1336625,0.014554662840345076,original_variable_s_data,133.6625,14.554662840345076
0.13375499999999999,0.01457958777365498,original_variable_s_data,133.755,14.57958777365498
0.1338475,0.014604532266653562,original_variable_s_data,133.8475,14.604532266653562
0.13394,0.014629496371431086,original_variable_s_data,133.94,14.629496371431086
0.1340325,0.014654480140303012,original_variable_s_data,134.0325,14.654480140303011
0.134125,0.01467948362581131,original_variable_s_data,134.125,14.67948362581131
0.1342175,0.014704506880725896,original_variable_s_data,134.2175,14.704506880725896
0.13430999999999998,0.014729549958045924,original_variable_s_data,134.30999999999997,14.729549958045924
0.1344025,0.014754612911001271,original_variable_s_data,134.4025,14.75461291100127
0.134495,0.014779695793053856,original_variable_s_data,134.495,14.779695793053856
0.1345875,0.014804798657899127,original_variable_s_data,134.5875,14.804798657899127
0.13468,0.01482992155946746,original_variable_s_data,134.68,14.82992155946746
0.1347725,0.014855064551925604,original_variable_s_data,134.77249999999998,14.855064551925604
0.13486499999999998,0.014880227689678087,original_variable_s_data,134.86499999999998,14.880227689678087
0.1349575,0.014905411027368736,original_variable_s_data,134.9575,14.905411027368736
0.13505,0.01493061461988213,original_variable_s_data,135.05,14.93061461988213
0.1351425,0.014955838522345067,original_variable_s_data,135.1425,14.955838522345067
0.135235,0.014981082790128072,original_variable_s_data,135.23499999999999,14.981082790128072
0.1353275,0.01500634747884692,original_variable_s_data,135.3275,15.00634747884692
0.13541999999999998,0.015031632644364107,original_variable_s_data,135.42,15.031632644364107
0.1355125,0.015056938342790456,original_variable_s_data,135.51250000000002,15.056938342790456
0.135605,0.015082264630486567,original_variable_s_data,135.605,15.082264630486566
0.1356975,0.015107611564064472,original_variable_s_data,135.6975,15.107611564064472
0.13579,0.015132979200389132,original_variable_s_data,135.79,15.132979200389132
0.1358825,0.015158367596580036,original_variable_s_data,135.8825,15.158367596580035
0.13597499999999998,0.015183776810012824,original_variable_s_data,135.975,15.183776810012823
0.1360675,0.015209206898320851,original_variable_s_data,136.0675,15.20920689832085
0.13616,0.015234657919396832,original_variable_s_data,136.16,15.234657919396831
0.1362525,0.015260129931394468,original_variable_s_data,136.2525,15.260129931394468
0.136345,0.015285622992730088,original_variable_s_data,136.345,15.285622992730088
0.1364375,0.015311137162084336,original_variable_s_data,136.4375,15.311137162084336
0.13652999999999998,0.01533667249840381,original_variable_s_data,136.52999999999997,15.33667249840381
0.1366225,0.015362229060902732,original_variable_s_data,136.6225,15.362229060902733
0.136715,0.015387806909064718,original_variable_s_data,136.715,15.387806909064718
0.1368075,0.015413406102644418,original_variable_s_data,136.8075,15.413406102644418
0.1369,0.0154390267016693,original_variable_s_data,136.9,15.4390267016693
0.1369925,0.01546466876644135,original_variable_s_data,136.99249999999998,15.464668766441351
0.13708499999999998,0.015490332357538867,original_variable_s_data,137.08499999999998,15.490332357538867
0.1371775,0.015516017535818204,original_variable_s_data,137.1775,15.516017535818204
0.13727,0.015541724362415549,original_variable_s_data,137.27,15.541724362415549
0.1373625,0.015567452898748764,original_variable_s_data,137.3625,15.567452898748764
0.137455,0.015593203206519166,original_variable_s_data,137.45499999999998,15.593203206519167
0.1375475,0.015618975347713369,original_variable_s_data,137.54749999999999,15.618975347713368
0.13763999999999998,0.01564476938460515,original_variable_s_data,137.64,15.64476938460515
0.1377325,0.015670585379757258,original_variable_s_data,137.73250000000002,15.670585379757258
0.137825,0.01569642339602332,original_variable_s_data,137.82500000000002,15.69642339602332
0.1379175,0.01572228349654978,original_variable_s_data,137.9175,15.72228349654978
0.13801,0.01574816574477772,original_variable_s_data,138.01,15.74816574477772
0.1381025,0.01577407020444483,original_variable_s_data,138.1025,15.77407020444483
0.13819499999999998,0.015799996939587373,original_variable_s_data,138.195,15.799996939587373
0.1382875,0.015825946014542094,original_variable_s_data,138.2875,15.825946014542094
0.13838,0.015851917493948195,original_variable_s_data,138.38,15.851917493948195
0.1384725,0.015877911442749363,original_variable_s_data,138.4725,15.877911442749364
0.138565,0.01590392792619576,original_variable_s_data,138.565,15.903927926195761
0.1386575,0.015929967009846054,original_variable_s_data,138.6575,15.929967009846054
0.13874999999999998,0.01595602875956939,original_variable_s_data,138.74999999999997,15.95602875956939
0.1388425,0.015982113241547597,original_variable_s_data,138.8425,15.982113241547598
0.138935,0.016008220522277083,original_variable_s_data,138.935,16.00822052227708
0.1390275,0.016034350668571073,original_variable_s_data,139.0275,16.034350668571072
0.13912,0.01606050374756165,original_variable_s_data,139.12,16.060503747561647
0.1392125,0.016086679826701904,original_variable_s_data,139.21249999999998,16.086679826701904
0.13930499999999998,0.016112878973768095,original_variable_s_data,139.30499999999998,16.112878973768094
0.1393975,0.016139101256861767,original_variable_s_data,139.3975,16.139101256861768
0.13949,0.016165346744411977,original_variable_s_data,139.49,16.165346744411977
0.1395825,0.0161916155051775,original_variable_s_data,139.5825,16.1916155051775
0.139675,0.016217907608249035,original_variable_s_data,139.67499999999998,16.217907608249035
0.1397675,0.016244223123051453,original_variable_s_data,139.76749999999998,16.24422312305145
0.13985999999999998,0.01627056211934606,original_variable_s_data,139.85999999999999,16.27056211934606
0.1399525,0.016296924667232905,original_variable_s_data,139.95250000000001,16.296924667232904
0.140045,0.016323310837152986,original_variable_s_data,140.04500000000002,16.323310837152988
0.1401375,0.01634972069989071,original_variable_s_data,140.1375,16.34972069989071
0.14023,0.016376154326576124,original_variable_s_data,140.23,16.376154326576124
0.1403225,0.01640261178868734,original_variable_s_data,140.3225,16.402611788687338
0.14041499999999998,0.016429093158052865,original_variable_s_data,140.415,16.429093158052865
0.1405075,0.016455598506854102,original_variable_s_data,140.5075,16.455598506854102
0.1406,0.016482127907627625,original_variable_s_data,140.6,16.482127907627625
0.1406925,0.01650868143326777,original_variable_s_data,140.6925,16.50868143326777
0.140785,0.01653525915702901,original_variable_s_data,140.785,16.53525915702901
0.1408775,0.016561861152528525,original_variable_s_data,140.8775,16.561861152528525
0.14096999999999998,0.01658848749374862,original_variable_s_data,140.96999999999997,16.58848749374862
0.1410625,0.016615138255039352,original_variable_s_data,141.0625,16.61513825503935
0.141155,0.01664181351112101,original_variable_s_data,141.155,16.641813511121008
0.1412475,0.016668513337086754,original_variable_s_data,141.2475,16.668513337086754
0.14134,0.016695237808405188,original_variable_s_data,141.34,16.69523780840519
0.1414325,0.016721987000923,original_variable_s_data,141.43249999999998,16.721987000922997
0.14152499999999998,0.016748760990867598,original_variable_s_data,141.52499999999998,16.7487609908676
0.1416175,0.01677555985484982,original_variable_s_data,141.6175,16.775559854849817
0.14171,0.01680238366986657,original_variable_s_data,141.71,16.80238366986657
0.1418025,0.016829232513303607,original_variable_s_data,141.8025,16.82923251330361
0.141895,0.016856106462938267,original_variable_s_data,141.89499999999998,16.856106462938268
0.1419875,0.01688300559694224,original_variable_s_data,141.98749999999998,16.88300559694224
0.14207999999999998,0.016909929993884326,original_variable_s_data,142.07999999999998,16.909929993884326
0.1421725,0.01693687973273335,original_variable_s_data,142.1725,16.936879732733352
0.142265,0.016963854892860914,original_variable_s_data,142.26500000000001,16.963854892860915
0.1423575,0.01699085555404433,original_variable_s_data,142.3575,16.99085555404433
0.14245,0.01701788179646953,original_variable_s_data,142.45,17.01788179646953
0.1425425,0.01704493370073396,original_variable_s_data,142.5425,17.04493370073396
0.142635,0.017072011347849532,original_variable_s_data,142.63500000000002,17.072011347849532
0.1427275,0.017099114819245677,original_variable_s_data,142.72750000000002,17.099114819245678
0.14282,0.017126244196772254,original_variable_s_data,142.82,17.126244196772255
0.1429125,0.017153399562702672,original_variable_s_data,142.9125,17.153399562702674
0.143005,0.017180580999736923,original_variable_s_data,143.005,17.18058099973692
0.1430975,0.017207788591004664,original_variable_s_data,143.0975,17.207788591004665
0.14319,0.017235022420068396,original_variable_s_data,143.19,17.235022420068397
0.1432825,0.01726228257092654,original_variable_s_data,143.2825,17.26228257092654
0.143375,0.017289569128016696,original_variable_s_data,143.375,17.289569128016694
0.1434675,0.017316882176218802,original_variable_s_data,143.4675,17.3168821762188
0.14356,0.0173442218008584,original_variable_s_data,143.56,17.3442218008584
0.1436525,0.017371588087709944,original_variable_s_data,143.65249999999997,17.371588087709945
0.143745,0.017398981123000035,original_variable_s_data,143.745,17.398981123000034
0.1438375,0.017426400993410807,original_variable_s_data,143.8375,17.426400993410805
0.14393,0.01745384778608328,original_variable_s_data,143.93,17.45384778608328
0.1440225,0.01748132158862078,original_variable_s_data,144.0225,17.48132158862078
0.144115,0.017508822489092322,original_variable_s_data,144.11499999999998,17.50882248909232
0.1442075,0.01753635057603615,original_variable_s_data,144.20749999999998,17.53635057603615
0.1443,0.017563905938463204,original_variable_s_data,144.3,17.563905938463204
0.1443925,0.01759148866586057,original_variable_s_data,144.3925,17.59148866586057
0.144485,0.017619098848195205,original_variable_s_data,144.485,17.619098848195204
0.1445775,0.017646736575917425,original_variable_s_data,144.5775,17.646736575917423
0.14467,0.01767440193996457,original_variable_s_data,144.67,17.67440193996457
0.1447625,0.01770209503176468,original_variable_s_data,144.7625,17.702095031764678
0.144855,0.0177298159432402,original_variable_s_data,144.85500000000002,17.7298159432402
0.1449475,0.017757564766811715,original_variable_s_data,144.94750000000002,17.757564766811715
0.14504,0.017785341595401745,original_variable_s_data,145.04,17.785341595401746
0.1451325,0.01781314652243854,original_variable_s_data,145.1325,17.81314652243854
0.145225,0.017840979641859964,original_variable_s_data,145.225,17.840979641859963
0.1453175,0.017868841048117357,original_variable_s_data,145.3175,17.868841048117357
0.14541,0.01789673083617948,original_variable_s_data,145.41000000000003,17.89673083617948
0.1455025,0.01792464910153646,original_variable_s_data,145.5025,17.92464910153646
0.145595,0.01795259594020385,original_variable_s_data,145.595,17.95259594020385
0.1456875,0.017980571448726626,original_variable_s_data,145.6875,17.980571448726625
0.14578,0.018008575724183296,original_variable_s_data,145.78,18.008575724183295
0.1458725,0.018036608864190017,original_variable_s_data,145.8725,18.03660886419002
0.145965,0.018064670966904783,original_variable_s_data,145.965,18.064670966904785
0.1460575,0.018092762131031625,original_variable_s_data,146.0575,18.092762131031623
0.14615,0.018120882455824838,original_variable_s_data,146.15,18.120882455824837
0.1462425,0.018149032041093315,original_variable_s_data,146.2425,18.149032041093314
0.146335,0.018177210987204883,original_variable_s_data,146.33499999999998,18.177210987204884
0.1464275,0.018205419395090686,original_variable_s_data,146.42749999999998,18.205419395090686
0.14652,0.018233657366249576,original_variable_s_data,146.52,18.233657366249577
0.1466125,0.0182619250027526,original_variable_s_data,146.6125,18.261925002752598
0.146705,0.01829022240724756,original_variable_s_data,146.705,18.290222407247562
0.1467975,0.018318549682963488,original_variable_s_data,146.79749999999999,18.31854968296349
0.14689,0.018346906933715375,original_variable_s_data,146.89,18.346906933715374
0.1469825,0.018375294263908725,original_variable_s_data,146.9825,18.375294263908724
0.147075,0.01840371177854431,original_variable_s_data,147.07500000000002,18.40371177854431
0.1471675,0.018432159583222873,original_variable_s_data,147.16750000000002,18.432159583222873
0.14726,0.018460637784149997,original_variable_s_data,147.26,18.46063778415
0.1473525,0.01848914648814091,original_variable_s_data,147.3525,18.48914648814091
0.147445,0.018517685802625417,original_variable_s_data,147.445,18.517685802625415
0.1475375,0.018546255835652788,original_variable_s_data,147.5375,18.546255835652786
0.14763,0.01857485669589687,original_variable_s_data,147.63000000000002,18.57485669589687
0.1477225,0.018603488492661,original_variable_s_data,147.7225,18.603488492661
0.147815,0.018632151335883244,original_variable_s_data,147.815,18.632151335883243
0.1479075,0.018660845336141475,original_variable_s_data,147.9075,18.660845336141474
0.148,0.01868957060465864,original_variable_s_data,148.0,18.68957060465864
0.1480925,0.018718327253307975,original_variable_s_data,148.0925,18.718327253307976
0.148185,0.018747115394618392,original_variable_s_data,148.185,18.74711539461839
0.1482775,0.0187759351417798,original_variable_s_data,148.2775,18.7759351417798
0.14837,0.01880478660864857,original_variable_s_data,148.37,18.80478660864857
0.1484625,0.01883366990975305,original_variable_s_data,148.4625,18.833669909753052
0.148555,0.018862585160299105,original_variable_s_data,148.555,18.862585160299105
0.1486475,0.018891532476175695,original_variable_s_data,148.64749999999998,18.891532476175694
0.14874,0.01892051197396064,original_variable_s_data,148.74,18.92051197396064
0.1488325,0.0189495237709262,original_variable_s_data,148.8325,18.949523770926202
0.148925,0.018978567985045026,original_variable_s_data,148.925,18.978567985045025
0.1490175,0.019007644734995943,original_variable_s_data,149.01749999999998,19.007644734995942
0.14911,0.019036754140169896,original_variable_s_data,149.10999999999999,19.036754140169897
0.1492025,0.019065896320675887,original_variable_s_data,149.2025,19.065896320675886
0.149295,0.019095071397347063,original_variable_s_data,149.29500000000002,19.095071397347063
0.1493875,0.019124279491746825,original_variable_s_data,149.38750000000002,19.124279491746826
0.14948,0.01915352072617504,original_variable_s_data,149.48,19.153520726175042
0.1495725,0.019182795223674207,original_variable_s_data,149.5725,19.182795223674205
0.149665,0.019212103108035887,original_variable_s_data,149.665,19.212103108035887
0.1497575,0.01924144450380697,original_variable_s_data,149.7575,19.241444503806967
0.14985,0.019270819536296217,original_variable_s_data,149.85000000000002,19.270819536296216
0.1499425,0.01930022833158074,original_variable_s_data,149.9425,19.30022833158074
0.150035,0.019329671016512652,original_variable_s_data,150.035,19.329671016512652
0.1501275,0.019359147718725687,original_variable_s_data,150.1275,19.359147718725687
0.15022,0.019388658566641976,original_variable_s_data,150.22,19.388658566641976
0.1503125,0.019418203689478837,original_variable_s_data,150.3125,19.418203689478837
0.150405,0.01944778321725572,original_variable_s_data,150.405,19.44778321725572
0.1504975,0.019477397280801143,original_variable_s_data,150.4975,19.477397280801142
0.15059,0.01950704601175978,original_variable_s_data,150.59,19.50704601175978
0.1506825,0.019536729542599537,original_variable_s_data,150.6825,19.536729542599538
0.150775,0.019566448006618827,original_variable_s_data,150.775,19.566448006618828
0.1508675,0.019596201537953807,original_variable_s_data,150.86749999999998,19.596201537953807
0.15096,0.01962599027158581,original_variable_s_data,150.96,19.62599027158581
0.1510525,0.019655814343348742,original_variable_s_data,151.0525,19.65581434334874
0.151145,0.01968567388993669,original_variable_s_data,151.145,19.68567388993669
0.1512375,0.01971556904891152,original_variable_s_data,151.23749999999998,19.71556904891152
0.15133,0.01974549995871057,original_variable_s_data,151.32999999999998,19.745499958710568
0.1514225,0.019775466758654495,original_variable_s_data,151.42249999999999,19.775466758654495
0.151515,0.019805469588955172,original_variable_s_data,151.51500000000001,19.805469588955173
0.1516075,0.01983550859072364,original_variable_s_data,151.60750000000002,19.835508590723638
0.1517,0.019865583905978194,original_variable_s_data,151.7,19.865583905978195
0.1517925,0.019895695677652588,original_variable_s_data,151.7925,19.89569567765259
0.151885,0.019925844049604284,original_variable_s_data,151.885,19.925844049604283
0.1519775,0.0199560291666228,original_variable_s_data,151.9775,19.9560291666228
0.15207,0.019986251174438172,original_variable_s_data,152.07000000000002,19.986251174438173
0.1521625,0.020016510219729552,original_variable_s_data,152.1625,20.01651021972955
0.152255,0.020046806450133795,original_variable_s_data,152.255,20.046806450133793
0.1523475,0.020077140014254317,original_variable_s_data,152.3475,20.077140014254315
0.15244,0.020107511061669848,original_variable_s_data,152.44,20.107511061669847
0.1525325,0.02013791974294353,original_variable_s_data,152.5325,20.13791974294353
0.152625,0.020168366209631895,original_variable_s_data,152.625,20.168366209631895
0.1527175,0.020198850614294047,original_variable_s_data,152.7175,20.19885061429405
0.15281,0.020229373110501023,original_variable_s_data,152.81,20.229373110501022
0.1529025,0.020259933852845167,original_variable_s_data,152.9025,20.259933852845165
0.152995,0.020290532996949613,original_variable_s_data,152.995,20.29053299694961
0.1530875,0.020321170699477947,original_variable_s_data,153.08749999999998,20.321170699477946
0.15318,0.020351847118144,original_variable_s_data,153.18,20.351847118144
0.1532725,0.020382562411721598,original_variable_s_data,153.2725,20.382562411721597
0.153365,0.020413316740054612,original_variable_s_data,153.365,20.41331674005461
0.1534575,0.020444110264067127,original_variable_s_data,153.4575,20.444110264067128
0.15355,0.02047494314577356,original_variable_s_data,153.54999999999998,20.47494314577356
0.1536425,0.020505815548289053,original_variable_s_data,153.64249999999998,20.505815548289053
0.153735,0.020536727635839972,original_variable_s_data,153.735,20.536727635839974
0.1538275,0.02056767957377449,original_variable_s_data,153.82750000000001,20.56767957377449
0.15392,0.02059867152857336,original_variable_s_data,153.92,20.598671528573362
0.1540125,0.02062970366786072,original_variable_s_data,154.0125,20.62970366786072
0.154105,0.02066077616041517,original_variable_s_data,154.105,20.66077616041517
0.1541975,0.020691889176180873,original_variable_s_data,154.1975,20.691889176180872
0.15429,0.02072304288627887,original_variable_s_data,154.29000000000002,20.723042886278872
0.1543825,0.020754237463018445,original_variable_s_data,154.3825,20.754237463018445
0.154475,0.020785473079908728,original_variable_s_data,154.475,20.785473079908726
0.1545675,0.0208167499116704,original_variable_s_data,154.5675,20.816749911670403
0.15466,0.020848068134247555,original_variable_s_data,154.66,20.848068134247555
0.1547525,0.02087942792481968,original_variable_s_data,154.7525,20.87942792481968
0.154845,0.02091082946181388,original_variable_s_data,154.845,20.910829461813883
0.1549375,0.020942272924917012,original_variable_s_data,154.9375,20.942272924917013
0.15503,0.020973758495088427,original_variable_s_data,155.03,20.973758495088425
0.1551225,0.02100528635457235,original_variable_s_data,155.1225,21.00528635457235
0.155215,0.02103685668691081,original_variable_s_data,155.215,21.03685668691081
0.1553075,0.02106846967695656,original_variable_s_data,155.30749999999998,21.06846967695656
0.1554,0.021100125510886136,original_variable_s_data,155.4,21.100125510886137
0.1554925,0.021131824376213245,original_variable_s_data,155.4925,21.131824376213245
0.155585,0.021163566461802143,original_variable_s_data,155.585,21.163566461802144
0.1556775,0.021195351957881324,original_variable_s_data,155.6775,21.195351957881325
0.15577,0.021227181056057302,original_variable_s_data,155.76999999999998,21.2271810560573
0.1558625,0.0212590539493286,original_variable_s_data,155.86249999999998,21.2590539493286
0.155955,0.02129097083209997,original_variable_s_data,155.955,21.290970832099973
0.1560475,0.02132293190019667,original_variable_s_data,156.0475,21.32293190019667
0.15614,0.02135493735087912,original_variable_s_data,156.14000000000001,21.35493735087912
0.1562325,0.02138698738285755,original_variable_s_data,156.2325,21.38698738285755
0.156325,0.021419082196307,original_variable_s_data,156.325,21.419082196307002
0.1564175,0.021451221992882432,original_variable_s_data,156.4175,21.45122199288243
0.15651,0.021483406975734056,original_variable_s_data,156.51000000000002,21.483406975734056
0.1566025,0.021515637349522904,original_variable_s_data,156.6025,21.515637349522905
0.156695,0.021547913320436547,original_variable_s_data,156.695,21.547913320436546
0.1567875,0.02158023509620508,original_variable_s_data,156.7875,21.58023509620508
0.15688,0.02161260288611731,original_variable_s_data,156.88,21.61260288611731
0.1569725,0.021645016901037088,original_variable_s_data,156.9725,21.64501690103709
0.157065,0.02167747735342004,original_variable_s_data,157.065,21.67747735342004
0.1571575,0.021709984457330272,original_variable_s_data,157.1575,21.709984457330272
0.15725,0.021742538428457588,original_variable_s_data,157.25,21.74253842845759
0.1573425,0.02177513948413467,original_variable_s_data,157.3425,21.77513948413467
0.157435,0.0218077878433547,original_variable_s_data,157.435,21.8077878433547
0.1575275,0.02184048372678915,original_variable_s_data,157.52749999999997,21.840483726789152
0.15762,0.021873227356805764,original_variable_s_data,157.62,21.873227356805764
0.1577125,0.021906018957486856,original_variable_s_data,157.7125,21.906018957486857
0.157805,0.021938858754647895,original_variable_s_data,157.805,21.938858754647896
0.1578975,0.021971746975856243,original_variable_s_data,157.8975,21.97174697585624
0.15799,0.022004683850450228,original_variable_s_data,157.98999999999998,22.004683850450228
0.1580825,0.02203766960955845,original_variable_s_data,158.08249999999998,22.037669609558453
0.158175,0.022070704486119433,original_variable_s_data,158.175,22.070704486119432
0.1582675,0.022103788714901436,original_variable_s_data,158.2675,22.103788714901437
0.15836,0.02213692253252264,original_variable_s_data,158.36,22.13692253252264
0.1584525,0.02217010617747159,original_variable_s_data,158.4525,22.17010617747159
0.158545,0.022203339890127897,original_variable_s_data,158.545,22.203339890127896
0.1586375,0.02223662391278329,original_variable_s_data,158.6375,22.23662391278329
0.15873,0.02226995848966296,original_variable_s_data,158.73000000000002,22.269958489662958
0.1588225,0.022303343866947135,original_variable_s_data,158.82250000000002,22.303343866947134
0.158915,0.02233678029279309,original_variable_s_data,158.915,22.33678029279309
0.1590075,0.022370268017357385,original_variable_s_data,159.0075,22.370268017357386
0.1591,0.02240380729281844,original_variable_s_data,159.1,22.403807292818442
0.1591925,0.02243739837339948,original_variable_s_data,159.1925,22.43739837339948
0.159285,0.022471041515391792,original_variable_s_data,159.285,22.471041515391793
0.1593775,0.02250473697717828,original_variable_s_data,159.3775,22.50473697717828
0.15947,0.022538485019257395,original_variable_s_data,159.47,22.538485019257394
0.1595625,0.022572285904267526,original_variable_s_data,159.5625,22.572285904267527
0.159655,0.022606139897011546,original_variable_s_data,159.655,22.606139897011545
0.1597475,0.02264004726448185,original_variable_s_data,159.74749999999997,22.64004726448185
0.15984,0.02267400827588581,original_variable_s_data,159.84,22.67400827588581
0.1599325,0.022708023202671457,original_variable_s_data,159.9325,22.708023202671455
0.160025,0.022742092318553755,original_variable_s_data,160.025,22.742092318553755
0.1601175,0.022776215899541,original_variable_s_data,160.1175,22.776215899541
0.16021,0.022810394223961902,original_variable_s_data,160.20999999999998,22.810394223961904
0.1603025,0.02284462757249289,original_variable_s_data,160.30249999999998,22.84462757249289
0.160395,0.022878916228185903,original_variable_s_data,160.395,22.878916228185904
0.1604875,0.022913260476496587,original_variable_s_data,160.4875,22.913260476496585
0.16058,0.022947660605312906,original_variable_s_data,160.58,22.947660605312905
0.1606725,0.022982116904984275,original_variable_s_data,160.67249999999999,22.982116904984274
0.160765,0.023016629668350972,original_variable_s_data,160.765,23.016629668350973
0.1608575,0.023051199190774283,original_variable_s_data,160.8575,23.051199190774284
0.16095,0.023085825770166764,original_variable_s_data,160.95000000000002,23.085825770166764
0.1610425,0.02312050970702324,original_variable_s_data,161.04250000000002,23.12050970702324
0.161135,0.023155251304452246,original_variable_s_data,161.135,23.155251304452246
0.1612275,0.02319005086820784,original_variable_s_data,161.2275,23.190050868207837
0.16132,0.02322490870672205,original_variable_s_data,161.32,23.22490870672205
0.1614125,0.023259825131137755,original_variable_s_data,161.4125,23.259825131137756
0.161505,0.023294800455342095,original_variable_s_data,161.505,23.294800455342095
0.1615975,0.023329834996000463,original_variable_s_data,161.5975,23.329834996000464
0.16169,0.023364929072591,original_variable_s_data,161.69,23.364929072591
0.1617825,0.023400083007439624,original_variable_s_data,161.7825,23.400083007439623
0.161875,0.02343529712575567,original_variable_s_data,161.875,23.43529712575567
0.1619675,0.02347057175566804,original_variable_s_data,161.96749999999997,23.47057175566804
0.16206,0.02350590722826207,original_variable_s_data,162.06,23.505907228262068
0.1621525,0.023541303877616757,original_variable_s_data,162.1525,23.541303877616755
0.162245,0.02357676204084288,original_variable_s_data,162.245,23.57676204084288
0.1623375,0.023612282058121537,original_variable_s_data,162.3375,23.612282058121536
0.16243,0.02364786427274341,original_variable_s_data,162.42999999999998,23.64786427274341
0.1625225,0.0236835090311486,original_variable_s_data,162.52249999999998,23.6835090311486
0.162615,0.023719216682967253,original_variable_s_data,162.615,23.719216682967254
0.1627075,0.023754987581060656,original_variable_s_data,162.7075,23.754987581060657
0.1628,0.023790822081563297,original_variable_s_data,162.8,23.7908220815633
0.1628925,0.02382672054392533,original_variable_s_data,162.89249999999998,23.82672054392533
0.162985,0.023862683330956015,original_variable_s_data,162.98499999999999,23.862683330956017
0.1630775,0.023898710808867667,original_variable_s_data,163.0775,23.898710808867666
0.16317,0.023934803347320496,original_variable_s_data,163.17000000000002,23.934803347320496
0.1632625,0.023970961319468184,original_variable_s_data,163.26250000000002,23.970961319468184
0.163355,0.02400718510200417,original_variable_s_data,163.355,24.00718510200417
0.1634475,0.02404347507520883,original_variable_s_data,163.4475,24.043475075208832
0.16354,0.024079831622997382,original_variable_s_data,163.54,24.079831622997382
0.1636325,0.02411625513296865,original_variable_s_data,163.6325,24.11625513296865
0.163725,0.02415274599645468,original_variable_s_data,163.72500000000002,24.15274599645468
0.1638175,0.02418930460857116,original_variable_s_data,163.8175,24.18930460857116
0.16391,0.024225931368268873,original_variable_s_data,163.91,24.225931368268874
0.1640025,0.024262626678385826,original_variable_s_data,164.0025,24.262626678385825
0.164095,0.024299390945700487,original_variable_s_data,164.095,24.299390945700488
0.1641875,0.02433622458098587,original_variable_s_data,164.1875,24.33622458098587
0.16428,0.024373127999064607,original_variable_s_data,164.28,24.373127999064607
0.1643725,0.02441010161886493,original_variable_s_data,164.3725,24.410101618864932
0.164465,0.02444714586347783,original_variable_s_data,164.465,24.447145863477832
0.1645575,0.024484261160214977,original_variable_s_data,164.5575,24.484261160214977
0.16465,0.02452144794066796,original_variable_s_data,164.64999999999998,24.521447940667958
0.1647425,0.024558706640768365,original_variable_s_data,164.74249999999998,24.558706640768364
0.164835,0.02459603770084915,original_variable_s_data,164.835,24.596037700849152
0.1649275,0.024633441565706862,original_variable_s_data,164.9275,24.633441565706864
0.16502,0.02467091868466533,original_variable_s_data,165.02,24.67091868466533
0.1651125,0.02470846951164032,original_variable_s_data,165.11249999999998,24.70846951164032
0.165205,0.024746094505205343,original_variable_s_data,165.20499999999998,24.746094505205342
0.16529749999999999,0.02478379412865881,original_variable_s_data,165.29749999999999,24.783794128658812
0.16539,0.024821568850092426,original_variable_s_data,165.39000000000001,24.821568850092426
0.1654825,0.02485941914246074,original_variable_s_data,165.48250000000002,24.859419142460737
0.165575,0.02489734548365212,original_variable_s_data,165.575,24.89734548365212
0.1656675,0.024935348356561055,original_variable_s_data,165.6675,24.935348356561054
0.16576,0.024973428249161714,original_variable_s_data,165.76,24.973428249161714
0.16585249999999999,0.02501158565458307,original_variable_s_data,165.8525,25.011585654583072
0.165945,0.025049821071185262,original_variable_s_data,165.94500000000002,25.049821071185264
0.1660375,0.025088135002637606,original_variable_s_data,166.0375,25.088135002637607
0.16613,0.02512652795799797,original_variable_s_data,166.13,25.12652795799797
0.1662225,0.025165000451793783,original_variable_s_data,166.2225,25.165000451793784
0.166315,0.02520355300410451,original_variable_s_data,166.315,25.20355300410451
0.16640749999999999,0.02524218614064585,original_variable_s_data,166.4075,25.24218614064585
0.1665,0.02528090039285547,original_variable_s_data,166.5,25.280900392855468
0.1665925,0.025319696297980452,original_variable_s_data,166.5925,25.319696297980453
0.166685,0.025358574399166577,original_variable_s_data,166.685,25.358574399166578
0.1667775,0.025397535245549167,original_variable_s_data,166.7775,25.397535245549168
0.16687,0.025436579392346,original_variable_s_data,166.87,25.436579392346
0.16696249999999999,0.025475707400951807,original_variable_s_data,166.96249999999998,25.475707400951805
0.167055,0.025514919839034908,original_variable_s_data,167.055,25.514919839034906
0.1671475,0.025554217280635536,original_variable_s_data,167.1475,25.554217280635537
0.16724,0.02559360030626648,original_variable_s_data,167.24,25.593600306266477
0.1673325,0.025633069503015526,original_variable_s_data,167.33249999999998,25.633069503015527
0.167425,0.025672625464650017,original_variable_s_data,167.42499999999998,25.672625464650018
0.16751749999999999,0.0257122687917237,original_variable_s_data,167.51749999999998,25.7122687917237
0.16761,0.025752000091685687,original_variable_s_data,167.61,25.752000091685687
0.1677025,0.025791819978991555,original_variable_s_data,167.70250000000001,25.791819978991555
0.167795,0.025831729075217077,original_variable_s_data,167.795,25.831729075217076
0.1678875,0.025871728009173957,original_variable_s_data,167.8875,25.871728009173957
0.16798,0.0259118174170283,original_variable_s_data,167.98,25.911817417028303
0.16807249999999999,0.025951997942421416,original_variable_s_data,168.0725,25.951997942421418
0.168165,0.025992270236593288,original_variable_s_data,168.16500000000002,25.99227023659329
0.1682575,0.02603263495850848,original_variable_s_data,168.2575,26.03263495850848
0.16835,0.026073092774985034,original_variable_s_data,168.35,26.073092774985035
0.1684425,0.026113644360825933,original_variable_s_data,168.4425,26.113644360825933
0.168535,0.02615429039895349,original_variable_s_data,168.535,26.15429039895349
0.16862749999999999,0.026195031580546535,original_variable_s_data,168.6275,26.195031580546534
0.16872,0.026235868605180835,original_variable_s_data,168.72,26.235868605180833
0.1688125,0.026276802180972305,original_variable_s_data,168.8125,26.276802180972304
0.168905,0.02631783302472364,original_variable_s_data,168.905,26.31783302472364
0.1689975,0.026358961862074065,original_variable_s_data,168.9975,26.358961862074064
0.16909,0.02640018942765235,original_variable_s_data,169.09,26.40018942765235
0.16918249999999999,0.026441516465233444,original_variable_s_data,169.18249999999998,26.441516465233445
0.169275,0.026482943727898473,original_variable_s_data,169.275,26.482943727898473
0.1693675,0.02652447197819836,original_variable_s_data,169.3675,26.52447197819836
0.16946,0.02656610198832132,original_variable_s_data,169.46,26.566101988321318
0.1695525,0.026607834540263935,original_variable_s_data,169.5525,26.607834540263934
0.169645,0.026649670426006414,original_variable_s_data,169.64499999999998,26.649670426006413
0.16973749999999999,0.02669161044769168,original_variable_s_data,169.73749999999998,26.69161044769168
0.16983,0.026733655417808675,original_variable_s_data,169.83,26.733655417808674
0.1699225,0.02677580615938007,original_variable_s_data,169.9225,26.77580615938007
0.170015,0.02681806350615413,original_variable_s_data,170.015,26.81806350615413
0.1701075,0.026860428302801335,original_variable_s_data,170.1075,26.860428302801335
0.1702,0.026902901405115507,original_variable_s_data,170.2,26.902901405115507
0.17029249999999999,0.026945483680219737,original_variable_s_data,170.2925,26.945483680219738
0.170385,0.02698817600677732,original_variable_s_data,170.38500000000002,26.98817600677732
0.1704775,0.02703097927520764,original_variable_s_data,170.4775,27.030979275207642
0.17057,0.02707389438790741,original_variable_s_data,170.57,27.07389438790741
0.1706625,0.027116922259477236,original_variable_s_data,170.6625,27.116922259477235
0.170755,0.02716006381695362,original_variable_s_data,170.755,27.16006381695362
0.17084749999999999,0.027203320000046816,original_variable_s_data,170.8475,27.203320000046816
0.17094,0.027246691761384563,original_variable_s_data,170.94,27.246691761384565
0.1710325,0.02729018006676164,original_variable_s_data,171.0325,27.29018006676164
0.171125,0.027333785895395993,original_variable_s_data,171.125,27.333785895395994
0.1712175,0.02737751024019108,original_variable_s_data,171.2175,27.37751024019108
0.17131,0.027421354108004854,original_variable_s_data,171.31,27.421354108004852
0.17140249999999999,0.027465318519925674,original_variable_s_data,171.40249999999997,27.465318519925674
0.171495,0.027509404511555237,original_variable_s_data,171.495,27.509404511555235
0.1715875,0.027553613133298637,original_variable_s_data,171.5875,27.553613133298636
0.17168,0.027597945450662242,original_variable_s_data,171.68,27.59794545066224
0.1717725,0.027642402544558936,original_variable_s_data,171.7725,27.642402544558937
0.171865,0.027686985511621607,original_variable_s_data,171.86499999999998,27.686985511621607
0.17195749999999999,0.0277316954645248,original_variable_s_data,171.95749999999998,27.7316954645248
0.17205,0.02777653353231489,original_variable_s_data,172.05,27.77653353231489
0.1721425,0.027821500860748888,original_variable_s_data,172.1425,27.821500860748888
0.172235,0.027866598612642655,original_variable_s_data,172.23499999999999,27.866598612642655
0.1723275,0.027911827968228137,original_variable_s_data,172.3275,27.91182796822814
0.17242,0.027957190125520524,original_variable_s_data,172.42,27.957190125520523
0.17251249999999999,0.028002686300695263,original_variable_s_data,172.5125,28.002686300695263
0.172605,0.02804831772847549,original_variable_s_data,172.60500000000002,28.048317728475492
0.1726975,0.02809408566253012,original_variable_s_data,172.6975,28.09408566253012
0.17279,0.02813999137588304,original_variable_s_data,172.79,28.13999137588304
0.1728825,0.028186036161333597,original_variable_s_data,172.8825,28.186036161333597
0.172975,0.028232221331889108,original_variable_s_data,172.975,28.232221331889107
0.17306749999999999,0.0282785482212094,original_variable_s_data,173.0675,28.278548221209398
0.17316,0.0283250181840641,original_variable_s_data,173.16,28.325018184064103
0.1732525,0.02837163259680305,original_variable_s_data,173.2525,28.37163259680305
0.173345,0.02841839285784019,original_variable_s_data,173.345,28.41839285784019
0.1734375,0.02846530038815156,original_variable_s_data,173.4375,28.465300388151558
0.17353,0.028512356631787857,original_variable_s_data,173.53,28.512356631787856
0.17362249999999999,0.028559563056401917,original_variable_s_data,173.62249999999997,28.559563056401917
0.173715,0.02860692115379194,original_variable_s_data,173.715,28.60692115379194
0.1738075,0.028654432440460852,original_variable_s_data,173.8075,28.65443244046085
0.1739,0.028702098458192455,original_variable_s_data,173.9,28.702098458192456
0.1739925,0.028749920774644833,original_variable_s_data,173.9925,28.74992077464483
0.174085,0.028797900983961996,original_variable_s_data,174.08499999999998,28.797900983961995
0.17417749999999999,0.028846040707404062,original_variable_s_data,174.17749999999998,28.84604070740406
0.17427,0.028894341593996984,original_variable_s_data,174.27,28.894341593996984
0.1743625,0.02894280532120219,original_variable_s_data,174.3625,28.94280532120219
0.174455,0.028991433595607432,original_variable_s_data,174.455,28.991433595607432
0.1745475,0.029040228153639203,original_variable_s_data,174.54749999999999,29.0402281536392
0.17464,0.029089190762297584,original_variable_s_data,174.64,29.089190762297584
0.17473249999999999,0.0291383232199148,original_variable_s_data,174.7325,29.1383232199148
0.174825,0.029187627356937956,original_variable_s_data,174.82500000000002,29.187627356937956
0.1749175,0.02923710503673704,original_variable_s_data,174.9175,29.23710503673704
0.17501,0.029286758156439417,original_variable_s_data,175.01,29.286758156439415
0.1751025,0.029336588647791647,original_variable_s_data,175.1025,29.336588647791647
0.175195,0.029386598478049655,original_variable_s_data,175.195,29.386598478049656
0.17528749999999998,0.029436789650898767,original_variable_s_data,175.2875,29.436789650898767
0.17538,0.02948716420740444,original_variable_s_data,175.38,29.48716420740444
0.1754725,0.029537724226995157,original_variable_s_data,175.4725,29.537724226995156
0.175565,0.0295884718284789,original_variable_s_data,175.565,29.5884718284789
0.1756575,0.02963940917109441,original_variable_s_data,175.6575,29.63940917109441
0.17575,0.02969053845559884,original_variable_s_data,175.75,29.69053845559884
0.17584249999999998,0.02974186192539317,original_variable_s_data,175.84249999999997,29.74186192539317
0.175935,0.0297933818676874,original_variable_s_data,175.935,29.793381867687398
0.1760275,0.029845100614706743,original_variable_s_data,176.0275,29.845100614706745
0.17612,0.02989702054494104,original_variable_s_data,176.12,29.89702054494104
0.1762125,0.029949144084438994,original_variable_s_data,176.2125,29.949144084438995
0.176305,0.03000147370814928,original_variable_s_data,176.30499999999998,30.00147370814928
0.17639749999999998,0.030054011941310788,original_variable_s_data,176.39749999999998,30.054011941310787
0.17649,0.030106761360893988,original_variable_s_data,176.49,30.106761360893987
0.1765825,0.03015972459709592,original_variable_s_data,176.5825,30.15972459709592
0.176675,0.030212904334891055,original_variable_s_data,176.675,30.212904334891054
0.1767675,0.030266303315640907,original_variable_s_data,176.76749999999998,30.266303315640908
0.17686,0.030319924338764768,original_variable_s_data,176.85999999999999,30.319924338764768
0.17695249999999998,0.030373770263474757,original_variable_s_data,176.9525,30.373770263474757
0.177045,0.030427844010578055,original_variable_s_data,177.04500000000002,30.427844010578056
0.1771375,0.030482148564349543,original_variable_s_data,177.13750000000002,30.482148564349544
0.17723,0.030536686974478287,original_variable_s_data,177.23,30.536686974478286
0.1773225,0.030591462358091483,original_variable_s_data,177.3225,30.591462358091484
0.177415,0.030646477901859516,original_variable_s_data,177.415,30.646477901859516
0.17750749999999998,0.030701736864186327,original_variable_s_data,177.5075,30.701736864186326
0.1776,0.030757242577489335,original_variable_s_data,177.6,30.757242577489336
0.1776925,0.030812998450573035,original_variable_s_data,177.6925,30.812998450573033
0.177785,0.030869007971101863,original_variable_s_data,177.785,30.869007971101862
0.1778775,0.030925274708176447,original_variable_s_data,177.8775,30.925274708176445
0.17797,0.030981802315019395,original_variable_s_data,177.97,30.981802315019394
0.17806249999999998,0.031038594531775866,original_variable_s_data,178.06249999999997,31.038594531775864
0.178155,0.031095655188435097,original_variable_s_data,178.155,31.095655188435096
0.1782475,0.03115298820787959,original_variable_s_data,178.2475,31.15298820787959
0.17834,0.03121059760906848,original_variable_s_data,178.34,31.21059760906848
0.1784325,0.031268487510362486,original_variable_s_data,178.4325,31.268487510362487
0.178525,0.03132666213299837,original_variable_s_data,178.52499999999998,31.32666213299837
0.17861749999999998,0.031385125804721005,original_variable_s_data,178.61749999999998,31.385125804721007
0.17871,0.03144388296358207,original_variable_s_data,178.71,31.443882963582066
0.1788025,0.03150293816191449,original_variable_s_data,178.8025,31.50293816191449
0.178895,0.03156229607049316,original_variable_s_data,178.895,31.562296070493158
0.1789875,0.0316219614828922,original_variable_s_data,178.98749999999998,31.621961482892203
0.17908,0.031681939320050534,original_variable_s_data,179.07999999999998,31.681939320050535
0.17917249999999998,0.03174223463505809,original_variable_s_data,179.17249999999999,31.74223463505809
0.179265,0.03180285261817574,original_variable_s_data,179.26500000000001,31.802852618175738
0.1793575,0.03186379860210276,original_variable_s_data,179.35750000000002,31.86379860210276
0.17945,0.03192507806750769,original_variable_s_data,179.45,31.92507806750769
0.1795425,0.03198669664883795,original_variable_s_data,179.5425,31.98669664883795
0.179635,0.03204866014042618,original_variable_s_data,179.635,32.04866014042618
0.17972749999999998,0.03211097450291188,original_variable_s_data,179.7275,32.11097450291188
0.17982,0.03217364586999842,original_variable_s_data,179.82000000000002,32.173645869998424
0.1799125,0.032236680555567096,original_variable_s_data,179.9125,32.2366805555671
0.180005,0.03230008506117168,original_variable_s_data,180.005,32.30008506117168
0.1800975,0.032363866083938306,original_variable_s_data,180.0975,32.363866083938305
0.18019,0.03242803052489845,original_variable_s_data,180.19,32.428030524898446
0.1802825,0.032492585497783485,original_variable_s_data,180.2825,32.49258549778349
0.180375,0.032557538338313395,original_variable_s_data,180.375,32.55753833831339
0.1804675,0.0326228966140131,original_variable_s_data,180.4675,32.6228966140131
0.18056,0.032688668134594374,original_variable_s_data,180.56,32.68866813459437
0.1806525,0.03275486096294306,original_variable_s_data,180.6525,32.75486096294306
0.180745,0.032821483426755366,original_variable_s_data,180.74499999999998,32.821483426755364
0.1808375,0.03288854413087109,original_variable_s_data,180.8375,32.88854413087109
0.18093,0.032956051970355046,original_variable_s_data,180.93,32.95605197035505
0.1810225,0.03302401614438323,original_variable_s_data,181.0225,33.02401614438323
0.181115,0.03309244617099502,original_variable_s_data,181.115,33.09244617099502
0.1812075,0.03316135190277789,original_variable_s_data,181.20749999999998,33.161351902777895
0.1813,0.03323074354355873,original_variable_s_data,181.29999999999998,33.23074354355873
0.1813925,0.03330063166618057,original_variable_s_data,181.3925,33.30063166618057
0.181485,0.03337102723145343,original_variable_s_data,181.485,33.37102723145343
0.1815775,0.033441941608374645,original_variable_s_data,181.57750000000001,33.44194160837465
0.18167,0.03351338659572465,original_variable_s_data,181.67,33.51338659572465
0.1817625,0.03358537444515403,original_variable_s_data,181.7625,33.58537444515403
0.181855,0.03365791788588994,original_variable_s_data,181.855,33.65791788588994
0.1819475,0.03373103015120261,original_variable_s_data,181.94750000000002,33.73103015120261
0.18204,0.033804725006787946,original_variable_s_data,182.04000000000002,33.80472500678795
0.1821325,0.033879016781238204,original_variable_s_data,182.1325,33.87901678123821
0.182225,0.03395392039879213,original_variable_s_data,182.225,33.95392039879213
0.1823175,0.03402945141457585,original_variable_s_data,182.3175,34.029451414575846
0.18241,0.034105626052570386,original_variable_s_data,182.41,34.105626052570386
0.1825025,0.03418246124656838,original_variable_s_data,182.5025,34.18246124656838
0.182595,0.034259974684412164,original_variable_s_data,182.595,34.259974684412164
0.1826875,0.03433818485584063,original_variable_s_data,182.6875,34.33818485584063
0.18278,0.034417111104311865,original_variable_s_data,182.78,34.417111104311864
0.1828725,0.034496773683211725,original_variable_s_data,182.8725,34.49677368321173
0.182965,0.03457719381691203,original_variable_s_data,182.96499999999997,34.57719381691203
0.1830575,0.034658393767198765,original_variable_s_data,183.0575,34.65839376719877
0.18315,0.03474039690565972,original_variable_s_data,183.15,34.74039690565972
0.1832425,0.03482322779269778,original_variable_s_data,183.2425,34.82322779269778
0.183335,0.03490691226392704,original_variable_s_data,183.335,34.90691226392704
0.1834275,0.034991477524812145,original_variable_s_data,183.42749999999998,34.99147752481215
0.18352,0.03507695225453347,original_variable_s_data,183.51999999999998,35.076952254533474
0.1836125,0.03516336672020126,original_variable_s_data,183.6125,35.16336672020126
0.183705,0.03525075290270855,original_variable_s_data,183.705,35.25075290270855
0.1837975,0.03533914463570432,original_variable_s_data,183.7975,35.339144635704315
0.18389,0.035428577759400434,original_variable_s_data,183.89,35.42857775940043
0.1839825,0.035519090291193066,original_variable_s_data,183.9825,35.519090291193066
0.184075,0.035610722615401956,original_variable_s_data,184.075,35.610722615401954
0.1841675,0.03570351769481238,original_variable_s_data,184.16750000000002,35.703517694812376
0.18426,0.0357975213071628,original_variable_s_data,184.26000000000002,35.7975213071628
0.1843525,0.035892782310269544,original_variable_s_data,184.3525,35.892782310269546
0.184445,0.03598935294014555,original_variable_s_data,184.445,35.989352940145544
0.1845375,0.03608728914727354,original_variable_s_data,184.5375,36.087289147273545
0.18463,0.036186650977178006,original_variable_s_data,184.63,36.186650977178004
0.1847225,0.03628750300264342,original_variable_s_data,184.72250000000003,36.28750300264342
0.184815,0.036389914816413016,original_variable_s_data,184.815,36.38991481641302
0.1849075,0.0364939615950433,original_variable_s_data,184.9075,36.493961595043295
0.185,0.03659972474689442,original_variable_s_data,185.0,36.599724746894424
0.18509219858156029,0.03642305508617394,right_cubic_extension,185.0921985815603,36.42305508617394
0.18518439716312057,0.03650583307439015,right_cubic_extension,185.18439716312056,36.50583307439015
0.18527659574468086,0.0365889750970938,right_cubic_extension,185.27659574468086,36.5889750970938
0.18536879432624112,0.0366724825218514,right_cubic_extension,185.36879432624113,36.6724825218514
0.1854609929078014,0.03675635671623034,right_cubic_extension,185.4609929078014,36.75635671623034
0.1855531914893617,0.03684059904779691,right_cubic_extension,185.5531914893617,36.84059904779691
0.18564539007092198,0.03692521088411849,right_cubic_extension,185.645390070922,36.925210884118485
0.18573758865248227,0.0370101935927607,right_cubic_extension,185.73758865248226,37.0101935927607
0.18582978723404256,0.03709554854129227,right_cubic_extension,185.82978723404256,37.09554854129227
0.18592198581560285,0.03718127709727881,right_cubic_extension,185.92198581560285,37.18127709727881
0.1860141843971631,0.03726738062828705,right_cubic_extension,186.01418439716312,37.26738062828705
0.1861063829787234,0.03735386050188372,right_cubic_extension,186.1063829787234,37.353860501883716
0.18619858156028368,0.03744071808563576,right_cubic_extension,186.19858156028369,37.44071808563576
0.18629078014184397,0.037527954747111236,right_cubic_extension,186.29078014184398,37.52795474711124
0.18638297872340426,0.037615571853874874,right_cubic_extension,186.38297872340425,37.615571853874876
0.18647517730496455,0.037703570773494954,right_cubic_extension,186.47517730496455,37.70357077349495
0.18656737588652483,0.03779195287353798,right_cubic_extension,186.56737588652484,37.79195287353798
0.1866595744680851,0.03788071952157024,right_cubic_extension,186.65957446808508,37.88071952157024
0.18675177304964538,0.037969872085158674,right_cubic_extension,186.75177304964538,37.96987208515867
0.18684397163120567,0.03805941193187001,right_cubic_extension,186.84397163120568,38.05941193187002
0.18693617021276596,0.03814934042927254,right_cubic_extension,186.93617021276594,38.14934042927254
0.18702836879432624,0.038239658944930754,right_cubic_extension,187.02836879432624,38.23965894493075
0.18712056737588653,0.038330368846413165,right_cubic_extension,187.12056737588654,38.330368846413165
0.18721276595744682,0.038421471501286275,right_cubic_extension,187.2127659574468,38.42147150128628
0.18730496453900708,0.038512968277116144,right_cubic_extension,187.30496453900707,38.512968277116144
0.18739716312056737,0.03860486054146972,right_cubic_extension,187.39716312056737,38.60486054146972
0.18748936170212765,0.038697149661914176,right_cubic_extension,187.48936170212767,38.697149661914175
0.18758156028368794,0.038789837006017125,right_cubic_extension,187.58156028368793,38.78983700601712
0.18767375886524823,0.03888292394134374,right_cubic_extension,187.67375886524823,38.88292394134374
0.18776595744680852,0.038976411835461855,right_cubic_extension,187.76595744680853,38.97641183546185
0.1878581560283688,0.03907030205593842,right_cubic_extension,187.8581560283688,39.07030205593842
0.18795035460992907,0.039164595970338834,right_cubic_extension,187.95035460992906,39.16459597033884
0.18804255319148935,0.03925929494623204,right_cubic_extension,188.04255319148936,39.25929494623204
0.18813475177304964,0.039354400351182095,right_cubic_extension,188.13475177304963,39.35440035118209
0.18822695035460993,0.039449913552759286,right_cubic_extension,188.22695035460993,39.449913552759284
0.18831914893617022,0.03954583591852745,right_cubic_extension,188.31914893617022,39.54583591852745
0.1884113475177305,0.03964216881605509,right_cubic_extension,188.4113475177305,39.64216881605509
0.1885035460992908,0.03973891361290871,right_cubic_extension,188.5035460992908,39.73891361290871
0.18859574468085105,0.039836071676653706,right_cubic_extension,188.59574468085106,39.8360716766537
0.18868794326241134,0.03993364437485947,right_cubic_extension,188.68794326241135,39.93364437485947
0.18878014184397163,0.04003163307509028,right_cubic_extension,188.78014184397162,40.03163307509028
0.18887234042553191,0.04013003914491442,right_cubic_extension,188.87234042553192,40.13003914491442
0.1889645390070922,0.04022886395189795,right_cubic_extension,188.9645390070922,40.22886395189795
0.1890567375886525,0.04032810886360849,right_cubic_extension,189.05673758865248,40.32810886360849
0.18914893617021278,0.04042777524761276,right_cubic_extension,189.14893617021278,40.427775247612765
0.18924113475177307,0.04052786447147616,right_cubic_extension,189.24113475177307,40.527864471476164
0.18933333333333333,0.04062837790276763,right_cubic_extension,189.33333333333331,40.62837790276763
0.1894255319148936,0.040729316909051905,right_cubic_extension,189.4255319148936,40.7293169090519
0.1895177304964539,0.04083068285789726,right_cubic_extension,189.5177304964539,40.83068285789726
0.1896099290780142,0.04093247711686976,right_cubic_extension,189.60992907801418,40.93247711686976
0.18970212765957448,0.04103470105353679,right_cubic_extension,189.70212765957447,41.03470105353679
0.18979432624113476,0.04113735603546531,right_cubic_extension,189.79432624113477,41.13735603546531
0.18988652482269502,0.041240443430220264,right_cubic_extension,189.88652482269504,41.24044343022027
0.1899787234042553,0.041343964605371264,right_cubic_extension,189.9787234042553,41.34396460537126
0.1900709219858156,0.04144792092848282,right_cubic_extension,190.0709219858156,41.447920928482816
0.1901631205673759,0.041552313767122984,right_cubic_extension,190.1631205673759,41.55231376712298
0.19025531914893618,0.04165714448885849,right_cubic_extension,190.25531914893617,41.65714448885849
0.19034751773049646,0.04176241446125495,right_cubic_extension,190.34751773049646,41.76241446125495
0.19043971631205675,0.04186812505188042,right_cubic_extension,190.43971631205676,41.868125051880426
0.19053191489361704,0.04197427762830164,right_cubic_extension,190.53191489361703,41.974277628301635
0.1906241134751773,0.042080873558084875,right_cubic_extension,190.6241134751773,42.080873558084875
0.19071631205673759,0.04218791420879775,right_cubic_extension,190.7163120567376,42.18791420879775
0.19080851063829787,0.042295400948005435,right_cubic_extension,190.80851063829786,42.29540094800544
0.19090070921985816,0.04240333514327688,right_cubic_extension,190.90070921985816,42.40333514327688
0.19099290780141845,0.042511718162176804,right_cubic_extension,190.99290780141845,42.511718162176805
0.19108510638297874,0.042620551372274385,right_cubic_extension,191.08510638297875,42.620551372274385
0.191177304964539,0.04272983614113368,right_cubic_extension,191.177304964539,42.72983614113368
0.19126950354609928,0.04283957383632431,right_cubic_extension,191.2695035460993,42.839573836324305
0.19136170212765957,0.042949765825410546,right_cubic_extension,191.36170212765958,42.949765825410545
0.19145390070921986,0.0430604134759609,right_cubic_extension,191.45390070921985,43.0604134759609
0.19154609929078015,0.04317151815554188,right_cubic_extension,191.54609929078015,43.171518155541875
0.19163829787234044,0.04328308123171909,right_cubic_extension,191.63829787234044,43.28308123171909
0.19173049645390072,0.0433951040720606,right_cubic_extension,191.7304964539007,43.3951040720606
0.191822695035461,0.04350758804413335,right_cubic_extension,191.822695035461,43.50758804413335
0.19191489361702127,0.043620534515503184,right_cubic_extension,191.91489361702128,43.62053451550318
0.19200709219858156,0.04373394485373727,right_cubic_extension,192.00709219858155,43.73394485373727
0.19209929078014185,0.043847820426403006,right_cubic_extension,192.09929078014184,43.847820426403004
0.19219148936170213,0.04396216260106689,right_cubic_extension,192.19148936170214,43.96216260106689
0.19228368794326242,0.04407697274529476,right_cubic_extension,192.2836879432624,44.07697274529476
0.1923758865248227,0.04419225222665468,right_cubic_extension,192.3758865248227,44.19225222665468
0.192468085106383,0.044308002412713376,right_cubic_extension,192.468085106383,44.30800241271338
0.19256028368794326,0.044424224671036905,right_cubic_extension,192.56028368794327,44.4242246710369
0.19265248226950354,0.044540920369193104,right_cubic_extension,192.65248226950354,44.5409203691931
0.19274468085106383,0.044658090874746925,right_cubic_extension,192.74468085106383,44.658090874746925
0.19283687943262412,0.04477573755526687,right_cubic_extension,192.83687943262413,44.77573755526687
0.1929290780141844,0.044893861778319666,right_cubic_extension,192.9290780141844,44.89386177831967
0.1930212765957447,0.045012464911471595,right_cubic_extension,193.0212765957447,45.0124649114716
0.19311347517730498,0.04513154832228983,right_cubic_extension,193.113475177305,45.13154832228983
0.19320567375886524,0.04525111337833976,right_cubic_extension,193.20567375886523,45.25111337833976
0.19329787234042553,0.04537116144719078,right_cubic_extension,193.29787234042553,45.37116144719078
0.19339007092198582,0.04549169389640717,right_cubic_extension,193.39007092198582,45.49169389640717
0.1934822695035461,0.045612712093558105,right_cubic_extension,193.4822695035461,45.6127120935581
0.1935744680851064,0.04573421740620787,right_cubic_extension,193.5744680851064,45.73421740620787
0.19366666666666668,0.04585621120192518,right_cubic_extension,193.66666666666669,45.85621120192518
0.19375886524822697,0.04597869484827655,right_cubic_extension,193.75886524822698,45.97869484827655
0.19385106382978723,0.04610166971282803,right_cubic_extension,193.85106382978722,46.10166971282803
0.19394326241134752,0.046225137163147245,right_cubic_extension,193.94326241134752,46.225137163147245
0.1940354609929078,0.04634909856679981,right_cubic_extension,194.03546099290782,46.34909856679981
0.1941276595744681,0.046473555291353774,right_cubic_extension,194.12765957446808,46.473555291353776
0.19421985815602838,0.04659850870437565,right_cubic_extension,194.21985815602838,46.598508704375654
0.19431205673758867,0.046723960173431944,right_cubic_extension,194.31205673758868,46.72396017343195
0.19440425531914896,0.046849911066090044,right_cubic_extension,194.40425531914894,46.849911066090044
0.19449645390070922,0.0469763627499149,right_cubic_extension,194.4964539007092,46.9763627499149
0.1945886524822695,0.04710331659247635,right_cubic_extension,194.5886524822695,47.103316592476354
0.1946808510638298,0.04723077396133912,right_cubic_extension,194.68085106382978,47.230773961339125
0.19477304964539008,0.047358736224070164,right_cubic_extension,194.77304964539007,47.358736224070164
0.19486524822695037,0.04748720474823709,right_cubic_extension,194.86524822695037,47.48720474823709
0.19495744680851065,0.04761618090140507,right_cubic_extension,194.95744680851067,47.61618090140507
0.19504964539007094,0.047745666051143276,right_cubic_extension,195.04964539007094,47.745666051143274
0.1951418439716312,0.047875661565016214,right_cubic_extension,195.1418439716312,47.875661565016216
0.1952340425531915,0.04800616881059305,right_cubic_extension,195.2340425531915,48.00616881059305
0.19532624113475178,0.048137189155438964,right_cubic_extension,195.32624113475177,48.13718915543896
0.19541843971631206,0.04826872396712023,right_cubic_extension,195.41843971631207,48.26872396712023
0.19551063829787235,0.04840077461320624,right_cubic_extension,195.51063829787236,48.400774613206245
0.19560283687943264,0.0485333424612604,right_cubic_extension,195.60283687943263,48.533342461260396
0.19569503546099293,0.04866642887885164,right_cubic_extension,195.69503546099293,48.66642887885164
0.1957872340425532,0.0488000352335467,right_cubic_extension,195.7872340425532,48.8000352335467
0.19587943262411348,0.048934162892912525,right_cubic_extension,195.87943262411346,48.934162892912525
0.19597163120567376,0.049068813224514285,right_cubic_extension,195.97163120567376,49.06881322451429
0.19606382978723405,0.049203987595920484,right_cubic_extension,196.06382978723406,49.20398759592048
0.19615602836879434,0.04933968737469785,right_cubic_extension,196.15602836879435,49.339687374697846
0.19624822695035463,0.04947591392841244,right_cubic_extension,196.24822695035462,49.47591392841244
0.1963404255319149,0.049612668624630984,right_cubic_extension,196.34042553191492,49.612668624630984
0.19643262411347517,0.049749952830920874,right_cubic_extension,196.43262411347519,49.749952830920876
0.19652482269503546,0.04988776791484861,right_cubic_extension,196.52482269503545,49.88776791484861
0.19661702127659575,0.050026115243981595,right_cubic_extension,196.61702127659575,50.02611524398159
0.19670921985815604,0.05016499618588566,right_cubic_extension,196.70921985815605,50.164996185885656
0.19680141843971632,0.05030441210812864,right_cubic_extension,196.80141843971631,50.30441210812864
0.1968936170212766,0.05044436437827571,right_cubic_extension,196.8936170212766,50.44436437827571
0.1969858156028369,0.05058485436389493,right_cubic_extension,196.9858156028369,50.58485436389493
0.19707801418439716,0.05072588343255413,right_cubic_extension,197.07801418439715,50.72588343255413
0.19717021276595745,0.05086745295181805,right_cubic_extension,197.17021276595744,50.86745295181805
0.19726241134751774,0.05100956428925474,right_cubic_extension,197.26241134751774,51.00956428925474
0.19735460992907802,0.051152218812429595,right_cubic_extension,197.354609929078,51.152218812429595
0.1974468085106383,0.051295417888911565,right_cubic_extension,197.4468085106383,51.295417888911565
0.1975390070921986,0.05143916288626538,right_cubic_extension,197.5390070921986,51.43916288626538
0.1976312056737589,0.051583455172059756,right_cubic_extension,197.6312056737589,51.58345517205976
0.19772340425531915,0.05172829611386032,right_cubic_extension,197.72340425531914,51.72829611386032
0.19781560283687943,0.05187368707923379,right_cubic_extension,197.81560283687944,51.87368707923379
0.19790780141843972,0.05201962943574778,right_cubic_extension,197.90780141843973,52.01962943574778
0.198,0.052166124550967696,right_cubic_extension,198.0,52.166124550967695
