z_m,z_mm,B_T,B_mT,in_original_range,B_original_interp_mT,B_degree6_unanchored_mT
-0.013,-13.0,0.004462539839358589,4.462539839358589,False,,4.5215191236478365
-0.012824166666666666,-12.824166666666667,0.004468529278430019,4.468529278430019,False,,4.527508562719267
-0.012648333333333333,-12.648333333333333,0.004474681185593016,4.474681185593016,False,,4.533660469882261
-0.0124725,-12.472499999999998,0.004480994021182476,4.480994021182476,False,,4.539973305471723
-0.012296666666666666,-12.296666666666665,0.004487466255960743,4.487466255960743,False,,4.54644554024999
-0.012120833333333332,-12.120833333333332,0.004494096371074769,4.494096371074769,False,,4.553075655364015
-0.011944999999999999,-11.944999999999999,0.00450088285801341,4.5008828580134095,False,,4.559862142302656
-0.011769166666666666,-11.769166666666665,0.004507824218564759,4.507824218564759,False,,4.566803502854005
-0.011593333333333332,-11.593333333333332,0.004514918964773592,4.514918964773592,False,,4.5738982490628395
-0.011417499999999999,-11.417499999999999,0.00452216561889889,4.522165618898891,False,,4.581144903188136
-0.011241666666666665,-11.241666666666665,0.0045295627133714236,4.529562713371424,False,,4.588541997660669
-0.011065833333333332,-11.065833333333332,0.004537108790751454,4.537108790751454,False,,4.596088075040701
-0.01089,-10.89,0.004544802403686503,4.544802403686504,False,,4.603781687975751
-0.010714166666666667,-10.714166666666667,0.004552642114869191,4.552642114869191,False,,4.611621399158439
-0.010538333333333334,-10.538333333333334,0.004560626496995188,4.560626496995188,False,,4.6196057812844336
-0.0103625,-10.3625,0.004568754132721222,4.568754132721223,False,,4.62773341701047
-0.010186666666666667,-10.186666666666667,0.004577023614623194,4.577023614623194,False,,4.636002898912441
-0.010010833333333333,-10.010833333333334,0.004585433545154347,4.585433545154347,False,,4.644412829443593
-0.009835,-9.835,0.0045939825366035445,4.593982536603544,False,,4.652961820892791
-0.009659166666666667,-9.659166666666666,0.004602669211053631,4.602669211053631,False,,4.661648495342878
-0.009483333333333333,-9.483333333333333,0.004611492200339859,4.6114922003398595,False,,4.670471484629107
-0.0093075,-9.3075,0.0046204501460084,4.6204501460084,False,,4.679429430297647
-0.009131666666666666,-9.131666666666666,0.0046295416992749635,4.629541699274964,False,,4.688520983564211
-0.008955833333333333,-8.955833333333333,0.004638765520983483,4.638765520983483,False,,4.697744805272729
-0.00878,-8.78,0.0046481202815648655,4.648120281564865,False,,4.7070995658541115
-0.008604166666666666,-8.604166666666666,0.004657604660995867,4.657604660995867,False,,4.716583945285114
-0.008428333333333333,-8.428333333333333,0.0046672173487580255,4.667217348758025,False,,4.726196633047273
-0.0082525,-8.2525,0.004676957043796668,4.676957043796668,False,,4.7359363280859155
-0.008076666666666666,-8.076666666666666,0.004686822454480025,4.686822454480025,False,,4.745801738769271
-0.007900833333333333,-7.900833333333333,0.004696812298558407,4.696812298558407,False,,4.755791582847654
-0.007724999999999999,-7.725,0.004706925303123494,4.706925303123494,False,,4.76590458741274
-0.007549166666666666,-7.5491666666666655,0.004717160204567668,4.717160204567668,False,,4.7761394888569155
-0.0073733333333333324,-7.373333333333332,0.004727515748543463,4.727515748543463,False,,4.7864950328327085
-0.007197499999999999,-7.197499999999999,0.004737990689923073,4.737990689923072,False,,4.79696997421232
-0.007021666666666666,-7.021666666666666,0.004748583792757973,4.748583792757973,False,,4.807563077047218
-0.006845833333333332,-6.845833333333332,0.004759293830238586,4.759293830238586,False,,4.818273114527831
-0.006669999999999999,-6.669999999999999,0.004770119584654073,4.770119584654073,False,,4.82909886894332
-0.0064941666666666654,-6.494166666666666,0.0047810598473521735,4.781059847352173,False,,4.84003913164142
-0.006318333333333332,-6.3183333333333325,0.004792113418699144,4.792113418699143,False,,4.851092702988391
-0.006142499999999999,-6.142499999999998,0.004803279108039788,4.803279108039788,False,,4.862258392329035
-0.005966666666666665,-5.966666666666665,0.004814555733657548,4.8145557336575475,False,,4.873535017946794
-0.005790833333333333,-5.790833333333333,0.004825942122734695,4.825942122734696,False,,4.884921407023943
-0.005614999999999999,-5.614999999999999,0.00483743711131261,4.83743711131261,False,,4.896416395601856
-0.005439166666666666,-5.439166666666666,0.004849039544252131,4.849039544252131,False,,4.908018828541378
-0.0052633333333333325,-5.263333333333333,0.004860748275193982,4.860748275193982,False,,4.919727559483228
-0.005087499999999998,-5.087499999999999,0.004872562166519311,4.872562166519311,False,,4.931541450808557
-0.004911666666666665,-4.911666666666665,0.004884480089310273,4.884480089310273,False,,4.94345937359952
-0.0047358333333333315,-4.735833333333331,0.004896500923310754,4.896500923310754,False,,4.955480207600002
-0.00456,-4.56,0.004908623556887095,4.908623556887094,False,,4.96760284117634
-0.004384166666666666,-4.384166666666666,0.00492084688698898,4.92084688698898,False,,4.979826171278227
-0.004208333333333333,-4.208333333333333,0.004933169819110362,4.933169819110362,False,,4.9921491033996075
-0.0040325,-4.0325,0.0049455912672504935,4.945591267250493,False,,5.004570551539739
-0.0038566666666666662,-3.856666666666666,0.00495811015387501,4.95811015387501,False,,5.0170894381642555
-0.003680833333333333,-3.6808333333333327,0.004970725409877143,4.970725409877143,False,,5.029704694166391
-0.0035049999999999994,-3.5049999999999994,0.004983435974538984,4.983435974538984,False,,5.042415258828229
-0.003329166666666666,-3.329166666666666,0.004996240795492822,4.996240795492822,False,,5.055220079782069
-0.0031533333333333326,-3.1533333333333324,0.005009138828682614,5.009138828682613,False,,5.068118112971861
-0.0029774999999999992,-2.977499999999999,0.005022129038325473,5.022129038325473,False,,5.08110832261472
-0.002801666666666666,-2.801666666666666,0.005035210396873298,5.035210396873298,False,,5.094189681162545
-0.0026258333333333325,-2.6258333333333326,0.005048381884974451,5.048381884974451,False,,5.107361169263696
-0.002449999999999999,-2.449999999999999,0.005061642491435531,5.061642491435531,False,,5.120621775724777
-0.0022741666666666657,-2.2741666666666656,0.005074991213183227,5.074991213183227,False,,5.1339704974724745
-0.0020983333333333323,-2.0983333333333323,0.005088427055226269,5.088427055226269,False,,5.147406339515516
-0.0019224999999999989,-1.9224999999999988,0.0051019490306174285,5.101949030617429,False,,5.160928314906674
-0.0017466666666666655,-1.7466666666666655,0.005115556160415645,5.115556160415645,False,,5.17453544470489
-0.001570833333333332,-1.570833333333332,0.005129247473648195,5.129247473648196,False,,5.188226757937441
-0.0013949999999999987,-1.3949999999999987,0.005143022007272987,5.143022007272987,False,,5.202001291562232
-0.0012191666666666653,-1.2191666666666652,0.005156878806140899,5.156878806140899,False,,5.215858090430146
-0.0010433333333333319,-1.043333333333332,0.005170816922958224,5.170816922958224,False,,5.229796207247469
-0.0008674999999999985,-0.8674999999999985,0.005184835418249196,5.184835418249196,False,,5.243814702538444
-0.0006916666666666651,-0.6916666666666651,0.005198933360318585,5.198933360318585,False,,5.257912644607832
-0.0005158333333333317,-0.5158333333333317,0.0052131098252144025,5.213109825214403,False,,5.272089109503648
-0.0003399999999999983,-0.3399999999999983,0.005227363896690649,5.227363896690649,False,,5.286343180979896
-0.0001641666666666649,-0.1641666666666649,0.005241694666170209,5.2416946661702095,False,,5.300673950459457
0.0,0.0,0.005255143016902623,5.255143016902623,True,5.255143016902623,5.314122301191869
1.1666666666668504e-05,0.011666666666668504,0.005256297022196394,5.256297022196394,True,5.256297022196394,5.315080516996994
0.0001875000000000019,0.1875000000000019,0.00527368953055252,5.27368953055252,True,5.27368953055252,5.329561987242009
0.0003633333333333353,0.3633333333333353,0.005291082038908645,5.2910820389086455,True,5.2910820389086455,5.344117475401923
0.0005391666666666687,0.5391666666666687,0.0053084745472647705,5.308474547264771,True,5.308474547264771,5.358746103205285
0.0006187290969899666,0.6187290969899666,0.005316344444331491,5.316344444331491,True,5.316344444331491,5.365389178850584
0.0007150000000000021,0.7150000000000021,0.005325882600597026,5.3258826005970255,True,5.3258826005970255,5.373446999865027
0.0008908333333333355,0.8908333333333355,0.005343303500968642,5.343303500968642,True,5.343303500968642,5.388219302041834
0.0010666666666666689,1.0666666666666689,0.005360724401340258,5.360724401340258,True,5.360724401340258,5.403062153807579
0.0012374581939799331,1.2374581939799332,0.005377645778676602,5.377645778676602,True,5.377645778676602,5.417546144448289
0.0012425000000000005,1.2425000000000006,0.005378146119818206,5.378146119818206,True,5.378146119818206,5.417974706608845
0.001418333333333334,1.418333333333334,0.0053955955517046945,5.3955955517046945,True,5.3955955517046945,5.4329561192305365
0.0015941666666666673,1.5941666666666674,0.005413044983591183,5.413044983591183,True,5.413044983591183,5.448005557759561
0.0017700000000000007,1.7700000000000007,0.0054304944154776715,5.430494415477671,True,5.430494415477671,5.46312219554861
0.0018561872909699,1.8561872909699,0.005439047510813749,5.439047510813749,True,5.439047510813749,5.470556130958534
0.0019458333333333341,1.9458333333333342,0.005447958465443985,5.4479584654439845,True,5.4479584654439845,5.478305213180015
0.0021216666666666675,2.1216666666666675,0.005465436569490834,5.4654365694908345,True,5.4654365694908345,5.49355379842968
0.002297500000000001,2.2975000000000008,0.005482914673537684,5.482914673537684,True,5.482914673537684,5.5088671462311165
0.0024733333333333343,2.4733333333333345,0.005500392777584534,5.500392777584534,True,5.500392777584534,5.524244458639541
0.0024749163879598662,2.4749163879598663,0.005500550135651687,5.500550135651687,True,5.500550135651687,5.524383191078591
0.0026491666666666695,2.6491666666666696,0.005517899436179978,5.517899436179978,True,5.517899436179978,5.539684944796073
0.002825000000000003,2.825000000000003,0.005535406354191996,5.535406354191996,True,5.535406354191996,5.555187820892
0.0030008333333333363,3.000833333333336,0.005552913272204013,5.552913272204013,True,5.552913272204013,5.570752310133143
0.003093645484949833,3.0936454849498327,0.005562154152178624,5.562154152178624,True,5.562154152178624,5.578992477740331
0.0031766666666666697,3.17666666666667,0.005570433862479184,5.5704338624791845,True,5.5704338624791845,5.586377642704291
0.003352500000000003,3.352500000000003,0.0055879697374339315,5.587969737433932,True,5.587969737433932,5.602063055733727
0.0035283333333333364,3.5283333333333364,0.005605505612388679,5.605505612388679,True,5.605505612388679,5.617807793257843
0.00370416666666667,3.7041666666666697,0.005623041487343427,5.623041487343428,True,5.623041487343428,5.633611106185816
0.0037123745819397994,3.7123745819397995,0.0056238600635095054,5.623860063509506,True,5.623860063509506,5.634350224779422
0.0038799999999999998,3.88,0.005640605104962653,5.640605104962653,True,5.640605104962653,5.649472252264387
0.004055833333333333,4.055833333333333,0.005658170081024066,5.658170081024066,True,5.658170081024066,5.665390496042731
0.0042316666666666666,4.2316666666666665,0.005675735057085478,5.675735057085478,True,5.675735057085478,5.681365108837378
0.004331103678929766,4.331103678929766,0.005685668376933932,5.685668376933932,True,5.685668376933932,5.69042372776283
0.0044075,4.4075,0.005693312740195837,5.693312740195837,True,5.693312740195837,5.6973953686972525
0.004583333333333333,4.583333333333333,0.005710906962728045,5.710906962728044,True,5.710906962728044,5.713480560368778
0.004759166666666667,4.759166666666666,0.005728501185260252,5.728501185260252,True,5.728501185260252,5.729619975261059
0.004935,4.9350000000000005,0.005746095407792459,5.746095407792459,True,5.746095407792459,5.745812911411168
0.0049498327759197325,4.949832775919733,0.005747579603964794,5.747579603964794,True,5.747579603964794,5.747181324974657
0.0051108333333333335,5.110833333333334,0.005763716543863813,5.763716543863813,True,5.763716543863813,5.762058673449495
0.005286666666666667,5.286666666666667,0.0057813401594451865,5.781340159445186,True,5.781340159445186,5.778356572565193
0.0054625,5.4625,0.005798963775026561,5.798963775026561,True,5.798963775026561,5.7947059264717025
0.005568561872909699,5.568561872909699,0.005809594260387704,5.809594260387704,True,5.809594260387704,5.804592378560293
0.005638333333333334,5.638333333333334,0.005816599112552957,5.816599112552957,True,5.816599112552957,5.811106059372356
0.005814166666666667,5.814166666666667,0.005834252268990347,5.8342522689903475,True,5.8342522689903475,5.8275563019260685
0.0059900000000000005,5.99,0.0058519054254277374,5.851905425427738,True,5.851905425427738,5.844055991213127
0.006165833333333334,6.1658333333333335,0.005869558581865128,5.869558581865127,True,5.869558581865127,5.860604470701022
0.006187290969899666,6.187290969899665,0.005871712866311093,5.871712866311093,True,5.871712866311093,5.862627255828878
0.006341666666666667,6.341666666666668,0.005887237805031792,5.887237805031792,True,5.887237805031792,5.8772010902104155
0.006517500000000001,6.517500000000001,0.005904920651374999,5.904920651374999,True,5.904920651374999,5.8938452058811555
0.006693333333333334,6.693333333333334,0.0059226034977182054,5.922603497718206,True,5.922603497718206,5.910536180138376
0.006806020066889632,6.806020066889632,0.0059339359462171285,5.933935946217129,True,5.933935946217129,5.921257310714089
0.0068691666666666675,6.8691666666666675,0.005940297060505031,5.940297060505031,True,5.940297060505031,5.9272733816587
0.007045000000000001,7.045000000000001,0.0059580097470614815,5.958009747061482,True,5.958009747061482,5.944056185336513
0.007220833333333334,7.220833333333334,0.005975722433617932,5.975722433617932,True,5.975722433617932,5.96088397225032
0.007396666666666668,7.396666666666667,0.005993435120174382,5.993435120174381,True,5.993435120174381,5.977756129629187
0.007424749163879599,7.424749163879599,0.0059962640290133675,5.996264029013368,True,5.996264029013368,5.980454865393262
0.007572500000000001,7.572500000000001,0.006011173008508209,6.011173008508209,True,6.011173008508209,5.994672050819265
0.0077483333333333345,7.748333333333335,0.006028915686857859,6.028915686857859,True,6.028915686857859,6.011631135250402
0.007924166666666668,7.924166666666668,0.00604665836520751,6.04665836520751,True,6.04665836520751,6.0286327884028355
0.008043478260869565,8.043478260869565,0.006058697648085193,6.058697648085193,True,6.058697648085193,6.040193192064797
0.008100000000000001,8.100000000000001,0.006064410733577952,6.064410733577952,True,6.064410733577952,6.045676421773963
0.008275833333333335,8.275833333333335,0.006082183556588437,6.082183556588437,True,6.082183556588437,6.062761452845209
0.008451666666666668,8.451666666666668,0.006099956379598923,6.099956379598923,True,6.099956379598923,6.079887305048959
0.008627500000000001,8.627500000000001,0.006117729202609408,6.117729202609408,True,6.117729202609408,6.097053407735592
0.008662207357859534,8.662207357859534,0.006121237341349118,6.121237341349118,True,6.121237341349118,6.100446494883933
0.008803333333333335,8.803333333333335,0.006135526343831179,6.135526343831179,True,6.135526343831179,6.114259196140582
0.008979166666666668,8.979166666666668,0.006153329465673165,6.153329465673165,True,6.153329465673165,6.131504111351696
0.009155000000000002,9.155000000000001,0.00617113258751515,6.17113258751515,True,6.17113258751515,6.148787600276278
0.009280936454849498,9.280936454849499,0.006183883651306809,6.183883651306809,True,6.183883651306809,6.161189892056782
0.009330833333333335,9.330833333333334,0.006188944351492934,6.188944351492934,True,6.188944351492934,6.166109115608588
0.009506666666666668,9.506666666666668,0.006206777927655723,6.206777927655724,True,6.206777927655724,6.183468115797262
0.009682500000000002,9.682500000000001,0.006224611503818513,6.224611503818513,True,6.224611503818513,6.200864065012831
0.009858333333333335,9.858333333333336,0.006242445079981302,6.2424450799813025,True,6.2424450799813025,6.218296433115332
0.009899665551839465,9.899665551839465,0.0062466371251000095,6.246637125100009,True,6.246637125100009,6.222399398092738
0.010034166666666669,10.03416666666667,0.006260302071687637,6.260302071687637,True,6.260302071687637,6.235764695622004
0.010210000000000002,10.210000000000003,0.006278166258995017,6.278166258995017,True,6.278166258995017,6.253268333675052
0.010385833333333335,10.385833333333336,0.006296030446302396,6.296030446302396,True,6.296030446302396,6.270806834009532
0.010518394648829432,10.518394648829432,0.006309498314566292,6.309498314566292,True,6.309498314566292,6.284051906215169
0.010561666666666669,10.56166666666667,0.0063139022058402135,6.313902205840214,True,6.313902205840214,6.288379688921259
0.010737500000000002,10.737500000000002,0.006331797162466545,6.331797162466545,True,6.331797162466545,6.305986396234865
0.010913333333333336,10.913333333333336,0.006349692119092877,6.349692119092877,True,6.349692119092877,6.323626459271893
0.011089166666666669,11.089166666666669,0.006367587075719208,6.367587075719208,True,6.367587075719208,6.341299386818991
0.011137123745819398,11.137123745819398,0.006372467776295684,6.372467776295684,True,6.372467776295684,6.346125170930454
0.011265000000000002,11.265000000000002,0.006385504525616391,6.3855045256163905,True,6.3855045256163905,6.359004693096198
0.011440833333333336,11.440833333333336,0.006403430411102944,6.403430411102944,True,6.403430411102944,6.376741897725288
0.01161666666666667,11.616666666666669,0.006421356296589497,6.421356296589497,True,6.421356296589497,6.39451052569823
0.011755852842809365,11.755852842809364,0.006435546071688144,6.435546071688144,True,6.435546071688144,6.4085977907553
0.011792500000000003,11.792500000000002,0.006439288661804419,6.439288661804419,True,6.439288661804419,6.412310107345706
0.011968333333333336,11.968333333333335,0.006457245637075974,6.457245637075974,True,6.457245637075974,6.43014017830572
0.01214416666666667,12.144166666666669,0.00647520261234753,6.4752026123475295,True,6.4752026123475295,6.4480002794923
0.012320000000000003,12.320000000000002,0.0064931595876190846,6.493159587619084,True,6.493159587619084,6.465889957064265
0.012374581939799331,12.37458193979933,0.006498733767011976,6.498733767011976,True,6.498733767011976,6.47144919110244
0.012495833333333336,12.495833333333335,0.006511138113764038,6.511138113764038,True,6.511138113764038,6.483808762394091
0.01267166666666667,12.67166666666667,0.006529126341145736,6.529126341145736,True,6.529126341145736,6.5017562520368575
0.012847500000000003,12.847500000000004,0.006547114568527434,6.547114568527434,True,6.547114568527434,6.519731987699264
0.012993311036789296,12.993311036789295,0.006562031433463133,6.562031433463133,True,6.562031433463133,6.534659607324587
0.013023333333333336,13.023333333333337,0.006565108159943528,6.565108159943528,True,6.565108159943528,6.537735536208755
0.01319916666666667,13.19916666666667,0.006583127803177991,6.583127803177991,True,6.583127803177991,6.555766469482704
0.013375000000000003,13.375000000000004,0.006601147446412455,6.601147446412455,True,6.601147446412455,6.57382436449769
0.013550833333333337,13.550833333333337,0.006619167089646917,6.6191670896469175,True,6.6191670896469175,6.5919088032588675
0.013612040133779264,13.612040133779264,0.00662543964722545,6.62543964722545,True,6.62543964722545,6.5982100679167415
0.01372666666666667,13.72666666666667,0.006637207320695621,6.637207320695621,True,6.637207320695621,6.610019372769404
0.013902500000000003,13.902500000000003,0.006655258544960346,6.655258544960346,True,6.655258544960346,6.628155665000008
0.014078333333333337,14.078333333333337,0.006673309769225071,6.673309769225071,True,6.673309769225071,6.64631727685854
0.01423076923076923,14.230769230769232,0.0066889589895318576,6.688958989531858,True,6.688958989531858,6.6620823778768195
0.01425416666666667,14.25416666666667,0.0066913652180235214,6.691365218023521,True,6.691365218023521,6.664503810159707
0.014430000000000004,14.430000000000003,0.006709448189948541,6.709448189948541,True,6.709448189948541,6.682714871594846
0.014605833333333337,14.605833333333337,0.006727531161873561,6.727531161873561,True,6.727531161873561,6.700950072701772
0.01478166666666667,14.78166666666667,0.00674561413379858,6.74561413379858,True,6.74561413379858,6.719209029834739
0.014849498327759196,14.849498327759196,0.006752590046726525,6.7525900467265245,True,6.7525900467265245,6.726259102224585
0.014957500000000004,14.957500000000003,0.006763716709262206,6.763716709262206,True,6.763716709262206,6.737491364134455
0.015133333333333337,15.133333333333336,0.006781831596948035,6.7818315969480345,True,6.7818315969480345,6.755796701498199
0.015309166666666667,15.309166666666668,0.006799946484633863,6.799946484633863,True,6.799946484633863,6.774124672550012
0.015468227424749164,15.468227424749164,0.006816333410328008,6.816333410328007,True,6.816333410328007,6.790723549678912
0.015485,15.485000000000001,0.006818064432910865,6.818064432910865,True,6.818064432910865,6.7924749126109845
0.015660833333333332,15.660833333333333,0.006836211405946735,6.8362114059467345,True,6.8362114059467345,6.810847061669607
0.015836666666666666,15.836666666666666,0.0068543583789826045,6.854358378982605,True,6.854358378982605,6.829240764352219
0.0160125,16.0125,0.006872505352018474,6.872505352018474,True,6.872505352018474,6.847655669893541
0.01608695652173913,16.08695652173913,0.0068801896770934205,6.88018967709342,True,6.88018967709342,6.855459756493362
0.016188333333333332,16.188333333333333,0.006890670922527522,6.890670922527522,True,6.890670922527522,6.866091432107276
0.016364166666666666,16.364166666666666,0.0069088501520099006,6.908850152009901,True,6.908850152009901,6.884547709356821
0.01654,16.54,0.006927029381492279,6.927029381492279,True,6.927029381492279,6.90302416452603
0.016705685618729097,16.705685618729095,0.006944159449083593,6.944159449083593,True,6.944159449083593,6.920452470450081
0.016715833333333333,16.715833333333332,0.006945210482525012,6.945210482525012,True,6.945210482525012,6.921520464990083
0.016891666666666666,16.891666666666666,0.00696342214107643,6.96342214107643,True,6.96342214107643,6.9400362825864335
0.0170675,17.0675,0.0069816337996278476,6.981633799627848,True,6.981633799627848,6.9585712935858295
0.017243333333333333,17.243333333333332,0.006999845458179265,6.999845458179265,True,6.999845458179265,6.977125178663432
0.017324414715719064,17.324414715719065,0.007008243333729326,7.008243333729326,True,7.008243333729326,6.985687135012016
0.017419166666666666,17.419166666666666,0.007018074685756024,7.018074685756024,True,7.018074685756024,6.995697622870011
0.017595,17.595,0.007036318947544191,7.036318947544191,True,7.036318947544191,7.014288315603216
0.017770833333333333,17.770833333333332,0.007054563209332358,7.054563209332358,True,7.054563209332358,7.032896950578951
0.01794314381270903,17.94314381270903,0.00707244194389866,7.07244194389866,True,7.07244194389866,7.051149873633457
0.017946666666666666,17.946666666666665,0.007072808127853346,7.072808127853346,True,7.072808127853346,7.051523225802807
0.0181225,18.1225,0.007091085168610591,7.091085168610591,True,7.091085168610591,7.070166843541606
0.01829833333333334,18.29833333333334,0.0071093622093678374,7.109362209367838,True,7.109362209367838,7.088827510294998
0.018474166666666673,18.474166666666672,0.007127639250125083,7.127639250125083,True,7.127639250125083,7.1075049367671665
0.018561872909699,18.561872909699,0.007136755897965272,7.136755897965272,True,7.136755897965272,7.116827474228883
0.018650000000000007,18.650000000000006,0.007145932808464731,7.145932808464731,True,7.145932808464731,7.126198837838601
0.01882583333333334,18.82583333333334,0.00716424280550775,7.16424280550775,True,7.16424280550775,7.144908932537969
0.019001666666666674,19.001666666666672,0.007182552802550771,7.182552802550771,True,7.182552802550771,7.163634944014058
0.019177500000000007,19.177500000000006,0.007200862799593791,7.200862799593791,True,7.200862799593791,7.182376599507799
0.019180602006688963,19.180602006688964,0.007201185819877974,7.201185819877974,True,7.201185819877974,7.182707373800142
0.01935333333333334,19.35333333333334,0.007219205347280872,7.219205347280872,True,7.219205347280872,7.201133630324385
0.019529166666666674,19.529166666666672,0.007237548479530797,7.237548479530797,True,7.237548479530797,7.2199057718054656
0.019705000000000007,19.70500000000001,0.007255891611780722,7.255891611780722,True,7.255891611780722,7.238692763301432
0.019799331103678926,19.799331103678927,0.007265732339231321,7.265732339231321,True,7.265732339231321,7.248777643221949
0.01988083333333334,19.880833333333342,0.007274250186541403,7.274250186541403,True,7.274250186541403,7.25749434814377
0.020056666666666674,20.056666666666676,0.0072926266345441975,7.292626634544198,True,7.292626634544198,7.276310273617517
0.020232500000000007,20.23250000000001,0.007311003082546992,7.311003082546992,True,7.311003082546992,7.295140290933779
0.02040833333333334,20.408333333333342,0.007329379530549785,7.329379530549785,True,7.329379530549785,7.313984155202359
0.020418060200668896,20.418060200668897,0.007330396091337398,7.3303960913373984,True,7.3303960913373984,7.315026972185697
0.020584166666666674,20.584166666666675,0.007347787623435025,7.347787623435025,True,7.347787623435025,7.3328416254044395
0.02076,20.76,0.007366197569382223,7.366197569382224,True,7.366197569382224,7.351712464365374
0.020935833333333334,20.935833333333335,0.007384607515329423,7.384607515329423,True,7.384607515329423,7.370596438727544
0.021036789297658863,21.036789297658864,0.00739517771729879,7.39517771729879,True,7.39517771729879,7.381444654301581
0.021111666666666667,21.111666666666668,0.0074030318044316585,7.4030318044316585,True,7.4030318044316585,7.3894933189233045
0.0212875,21.2875,0.007421475432181438,7.421475432181437,True,7.421475432181437,7.408402879148022
0.021463333333333334,21.463333333333335,0.007439919059931217,7.439919059931217,True,7.439919059931217,7.427324897333174
0.021639166666666668,21.639166666666668,0.007458362687680996,7.458362687680996,True,7.458362687680996,7.446259155119563
0.02165551839464883,21.65551839464883,0.007460077864082713,7.460077864082713,True,7.460077864082713,7.4480205723590664
0.021815,21.815,0.0074768370332648545,7.476837033264855,True,7.476837033264855,7.465205437830587
0.021990833333333334,21.990833333333335,0.007495314528363456,7.495314528363456,True,7.495314528363456,7.484163534445601
0.022166666666666668,22.166666666666668,0.007513792023462056,7.513792023462056,True,7.513792023462056,7.503133237573374
0.0222742474916388,22.2742474916388,0.007525097184596422,7.525097184596422,True,7.525097184596422,7.51474518374565
0.0223425,22.3425,0.007532282737397849,7.532282737397849,True,7.532282737397849,7.522114343425607
0.022518333333333335,22.518333333333334,0.007550794287101359,7.5507942871013585,True,7.5507942871013585,7.541106651790558
0.022694166666666668,22.694166666666668,0.007569305836804868,7.569305836804868,True,7.569305836804868,7.560109966006734
0.02287,22.87,0.0075878173865083776,7.587817386508378,True,7.587817386508378,7.57912409293667
0.02289297658862876,22.89297658862876,0.007590236337763837,7.590236337763837,True,7.590236337763837,7.581609506023947
0.023045833333333335,23.045833333333334,0.00760635870510752,7.60635870510752,True,7.60635870510752,7.5981488429408
0.023221666666666668,23.221666666666668,0.007624904498404002,7.624904498404002,True,7.624904498404002,7.617184029851395
0.0233975,23.3975,0.0076434502917004845,7.643450291700485,True,7.643450291700485,7.636229470946606
0.02351170568561873,23.51170568561873,0.00765549598860343,7.65549598860343,True,7.65549598860343,7.648605102667116
0.023573333333333335,23.573333333333334,0.007662008153852513,7.662008153852513,True,7.662008153852513,7.655284986924562
0.02374916666666667,23.749166666666667,0.007680588381484539,7.680588381484538,True,7.680588381484538,7.674350401877585
0.023925000000000002,23.925,0.007699168609116565,7.6991686091165645,True,7.6991686091165645,7.6934255432664616
0.024100833333333335,24.100833333333334,0.0077177488367485905,7.717748836748591,True,7.717748836748591,7.712510241894806
0.024130434782608692,24.130434782608692,0.0077208768083074945,7.720876808307494,True,7.720876808307494,7.715724068952573
0.02427666666666667,24.276666666666667,0.007736357861823177,7.736357861823177,True,7.736357861823177,7.7316043318835135
0.024452500000000002,24.4525,0.007754972716310691,7.754972716310691,True,7.754972716310691,7.750707650645288
0.024628333333333335,24.628333333333334,0.007773587570798206,7.773587570798206,True,7.773587570798206,7.76982003885926
0.024749163879598662,24.74916387959866,0.007786379474322618,7.786379474322618,True,7.786379474322618,7.782959018014054
0.02480416666666667,24.804166666666667,0.0077922133177695165,7.792213317769517,True,7.792213317769517,7.788941340445677
0.024980000000000002,24.980000000000004,0.007810862993433127,7.810862993433126,True,7.810862993433126,7.8080714025407
0.025155833333333336,25.155833333333337,0.007829512669096737,7.8295126690967365,True,7.8295126690967365,7.827210075471245
0.02533166666666667,25.33166666666667,0.007848162344760346,7.848162344760346,True,7.848162344760346,7.846357212729962
0.02536789297658863,25.367892976588628,0.00785200467043163,7.852004670431629,True,7.852004670431629,7.850303067051973
0.025507500000000002,25.507500000000004,0.007866839823252139,7.866839823252139,True,7.866839823252139,7.865512670950235
0.025683333333333336,25.683333333333337,0.00788552451623677,7.88552451623677,True,7.88552451623677,7.884676309881322
0.02585916666666667,25.85916666666667,0.0079042092092214,7.904209209221399,True,7.904209209221399,7.903847992363533
0.025986622073578595,25.986622073578594,0.007917753086836834,7.917753086836834,True,7.917753086836834,7.91774982370211
0.026035000000000003,26.035000000000004,0.007922903591176,7.922903591176,True,7.922903591176,7.923027584303536
0.026210833333333336,26.210833333333337,0.007941623499474979,7.941623499474979,True,7.941623499474979,7.942214954649691
0.02638666666666667,26.38666666666667,0.007960343407773955,7.960343407773955,True,7.960343407773955,7.961409975367529
0.026562500000000003,26.562500000000004,0.007979063316072933,7.979063316072933,True,7.979063316072933,7.98061252141527
0.02660535117056856,26.605351170568557,0.007983625420244765,7.983625420244765,True,7.983625420244765,7.985293372562622
0.026738333333333336,26.738333333333337,0.007997810008754675,7.9978100087546755,True,7.9978100087546755,7.9998224707194305
0.02691416666666667,26.91416666666667,0.00801656533223419,8.01656533223419,True,8.01656533223419,8.019039704150542
0.027090000000000003,27.090000000000003,0.008035320655713706,8.035320655713706,True,8.035320655713706,8.03826410549891
0.02722408026755853,27.224080267558527,0.008049622373952266,8.049622373952266,True,8.049622373952266,8.052928261879373
0.027265833333333336,27.265833333333337,0.008054084436728538,8.05408443672854,True,8.05408443672854,8.057495561450507
0.02744166666666667,27.44166666666667,0.008072875377152552,8.072875377152553,True,8.072875377152553,8.076733961562889
0.027617500000000003,27.617500000000003,0.008091666317576568,8.091666317576568,True,8.091666317576568,8.095979198241263
0.027793333333333337,27.793333333333337,0.008110457258000584,8.110457258000585,True,8.110457258000585,8.115231166714569
0.02784280936454849,27.84280936454849,0.008115744657934123,8.115744657934123,True,8.115744657934123,8.120649490389567
0.02796916666666667,27.96916666666667,0.008129273939837091,8.129273939837091,True,8.129273939837091,8.134489765011706
0.028145000000000003,28.145000000000003,0.00814810070089266,8.14810070089266,True,8.14810070089266,8.1537548939378
0.028320833333333337,28.320833333333336,0.008166927461948227,8.166927461948227,True,8.166927461948227,8.173026457050572
0.02846153846153846,28.461538461538463,0.008181992988932177,8.181992988932176,True,8.181992988932176,8.188452494323727
0.02849666666666667,28.49666666666667,0.00818576142037695,8.18576142037695,True,8.18576142037695,8.19230436063679
0.028672500000000004,28.672500000000003,0.008204624207699969,8.204624207699968,True,8.204624207699968,8.211588513688804
0.028848333333333337,28.848333333333336,0.008223486995022986,8.223486995022986,True,8.223486995022986,8.230878827881154
0.02902416666666667,29.02416666666667,0.008242349782346005,8.242349782346006,True,8.242349782346006,8.250175217547277
0.02908026755852843,29.08026755852843,0.008248368090545929,8.24836809054593,True,8.24836809054593,8.256333134565967
0.029200000000000004,29.200000000000003,0.008261237242867469,8.261237242867468,True,8.261237242867468,8.269477599656291
0.029375833333333337,29.375833333333336,0.008280136264068903,8.280136264068902,True,8.280136264068902,8.288785893789845
0.02955166666666667,29.55166666666667,0.008299035285270337,8.299035285270337,True,8.299035285270337,8.308100022119097
0.029698996655518395,29.698996655518396,0.008314870693324834,8.314870693324833,True,8.314870693324833,8.324287683972605
0.029727500000000004,29.727500000000003,0.008317940214119432,8.317940214119432,True,8.317940214119432,8.327419909381721
0.029903333333333337,29.903333333333336,0.00833687567881195,8.33687567881195,True,8.33687567881195,8.34674548285904
0.03007916666666667,30.07916666666667,0.00835581114350447,8.35581114350447,True,8.35581114350447,8.366076672353215
0.030255000000000004,30.255000000000003,0.008374746608196988,8.374746608196988,True,8.374746608196988,8.385413410164539
0.03031772575250836,30.317725752508363,0.008381501534862014,8.381501534862014,True,8.381501534862014,8.392312814849072
0.030430833333333338,30.430833333333336,0.008393705651884999,8.393705651884998,True,8.393705651884998,8.404755631068792
0.03060666666666667,30.60666666666667,0.008412677771710125,8.412677771710126,True,8.412677771710126,8.424103272294698
0.030782500000000004,30.782500000000006,0.008431649891535251,8.431649891535251,True,8.431649891535251,8.44345627350146
0.030936454849498328,30.93645484949833,0.008448261359889799,8.448261359889798,True,8.448261359889798,8.460405586585178
0.030958333333333338,30.95833333333334,0.008450626598852965,8.450626598852965,True,8.450626598852965,8.462814576756374
0.03113416666666667,31.134166666666673,0.008469635587508649,8.469635587508648,True,8.469635587508648,8.48217812651253
0.031310000000000004,31.310000000000006,0.008488644576164335,8.488644576164335,True,8.488644576164335,8.501546869586592
0.03148583333333334,31.48583333333334,0.008507653564820021,8.507653564820021,True,8.507653564820021,8.52092075513667
0.03155518394648829,31.55518394648829,0.008515150920376763,8.515150920376763,True,8.515150920376763,8.52856343344865
0.03166166666666667,31.661666666666672,0.008526685011506835,8.526685011506835,True,8.526685011506835,8.54029973464027
0.031837500000000005,31.837500000000006,0.00854573108477556,8.54573108477556,True,8.54573108477556,8.559683761872325
0.03201333333333334,32.013333333333335,0.008564777158044287,8.564777158044286,True,8.564777158044286,8.579072792883315
0.03217391304347826,32.17391304347826,0.008582170975626606,8.582170975626605,True,8.582170975626605,8.59678415253702
0.03218916666666667,32.18916666666667,0.008583826467322931,8.58382646732293,True,8.58382646732293,8.598466785977468
0.032365000000000005,32.365,0.008602909843100276,8.602909843100276,True,8.602909843100276,8.617865701691038
0.03254083333333334,32.54083333333334,0.008621993218877622,8.621993218877622,True,8.621993218877622,8.637269502770678
0.03271666666666667,32.71666666666667,0.008641076594654967,8.641076594654967,True,8.641076594654967,8.656678154151896
0.03279264214046823,32.79264214046823,0.008649322292378666,8.649322292378665,True,8.649322292378665,8.665065891887837
0.032892500000000005,32.892500000000005,0.008660181279936579,8.660181279936578,True,8.660181279936578,8.676091622937573
0.03306833333333334,33.068333333333335,0.008679302178260314,8.679302178260315,True,8.679302178260315,8.695509878376601
0.03324416666666667,33.24416666666667,0.00869842307658405,8.69842307658405,True,8.69842307658405,8.714932891842567
0.033411371237458194,33.41137123745819,0.008716605644910317,8.716605644910317,True,8.716605644910317,8.733407138747165
0.033420000000000005,33.42,0.008717545827176237,8.717545827176238,True,8.717545827176238,8.734360636812543
0.03359583333333334,33.59583333333334,0.008736704470255914,8.736704470255914,True,8.736704470255914,8.753793088845958
0.03377166666666667,33.771666666666675,0.00875586311333559,8.75586311333559,True,8.75586311333559,8.773230225563546
0.033947500000000005,33.947500000000005,0.008775021756415266,8.775021756415267,True,8.775021756415267,8.792672026626379
0.03403010033444816,34.03010033444816,0.008784021815141072,8.784021815141072,True,8.784021815141072,8.801806707996437
0.03412333333333334,34.12333333333334,0.008794200532078886,8.794200532078886,True,8.794200532078886,8.812118473714992
0.03429916666666667,34.29916666666667,0.008813397144325977,8.813397144325977,True,8.813397144325977,8.831569550508565
0.034475000000000006,34.47500000000001,0.00883259375657307,8.83259375657307,True,8.83259375657307,8.851025242664237
0.03464882943143813,34.64882943143813,0.008851571592738661,8.851571592738662,True,8.851571592738662,8.870263730737612
0.03465083333333334,34.65083333333334,0.008851790804122486,8.851790804122485,True,8.851790804122485,8.870485537796455
0.03482666666666667,34.826666666666675,0.008871025612181047,8.871025612181047,True,8.871025612181047,8.889950425456421
0.035002500000000006,35.002500000000005,0.008890260420239608,8.890260420239608,True,8.890260420239608,8.909419897111643
0.03517833333333334,35.17833333333334,0.008909495228298168,8.909495228298168,True,8.909495228298168,8.928893946125546
0.0352675585284281,35.2675585284281,0.0089192557752269,8.9192557752269,True,8.9192557752269,8.93877764303665
0.03535416666666667,35.35416666666667,0.00892874896276471,8.92874896276471,True,8.92874896276471,8.948372567737174
0.035530000000000006,35.53000000000001,0.0089480221955426,8.948022195542599,True,8.948022195542599,8.967855759040964
0.03570583333333334,35.70583333333334,0.00896729542832049,8.96729542832049,True,8.96729542832049,8.987343518966643
0.03588166666666667,35.881666666666675,0.00898656866109838,8.98656866109838,True,8.98656866109838,9.006835848259142
0.03588628762541806,35.88628762541806,0.00898707516809557,8.987075168095569,True,8.987075168095569,9.007348174825298
0.036057500000000006,36.057500000000005,0.009005879533908476,9.005879533908477,True,9.005879533908477,9.026332749458668
0.03623333333333334,36.23333333333334,0.00902519142260914,9.02519142260914,True,9.02519142260914,9.045834226880798
0.03640916666666667,36.40916666666667,0.009044503311309803,9.044503311309803,True,9.044503311309803,9.065340286596689
0.03650501672240802,36.505016722408016,0.009055030584912244,9.055030584912243,True,9.055030584912243,9.07597533896123
0.036585000000000006,36.58500000000001,0.009063832890092029,9.063832890092028,True,9.063832890092028,9.08485093641337
0.03676083333333334,36.76083333333334,0.009083183668246862,9.083183668246862,True,9.083183668246862,9.104366185854095
0.03693666666666667,36.936666666666675,0.009102534446401694,9.102534446401695,True,9.102534446401695,9.123886046138809
0.03711250000000001,37.112500000000004,0.009121885224556526,9.121885224556525,True,9.121885224556525,9.143410530164685
0.037123745819397994,37.123745819397996,0.009123122847436183,9.123122847436182,True,9.123122847436182,9.144659420446457
0.03728833333333334,37.28833333333334,0.009141272625707601,9.1412726257076,True,9.1412726257076,9.16293965248673
0.03746416666666667,37.46416666666667,0.009160662529208894,9.160662529208894,True,9.160662529208894,9.182473429298495
0.03764000000000001,37.64000000000001,0.009180052432710188,9.180052432710188,True,9.180052432710188,9.20201187841287
0.03774247491638796,37.742474916387955,0.009191352785734257,9.191352785734257,True,9.191352785734257,9.2134009658041
0.03781583333333334,37.81583333333334,0.009199458758887214,9.199458758887214,True,9.199458758887214,9.221555019242933
0.037991666666666674,37.991666666666674,0.009218888026021704,9.218888026021704,True,9.218888026021704,9.241102872782923
0.03816750000000001,38.167500000000004,0.009238317293156193,9.238317293156193,True,9.238317293156193,9.260655461589257
0.03834333333333334,38.34333333333334,0.009257746560290681,9.25774656029068,True,9.25774656029068,9.28021280976167
0.03836120401337793,38.36120401337793,0.009259721238298992,9.259721238298992,True,9.259721238298992,9.282200772613457
0.038519166666666674,38.51916666666667,0.009277211406617462,9.277211406617463,True,9.277211406617463,9.2997749429244
0.03869500000000001,38.69500000000001,0.009296680278100499,9.2966802781005,True,9.2966802781005,9.319341888207486
0.03887083333333334,38.87083333333334,0.009316149149583534,9.316149149583534,True,9.316149149583534,9.338913674228126
0.03897993311036789,38.97993311036789,0.009328229052168823,9.328229052168824,True,9.328229052168824,9.351059879203392
0.039046666666666674,39.046666666666674,0.009335633144292388,9.335633144292387,True,9.335633144292387,9.358490331072144
0.03922250000000001,39.22250000000001,0.009355141863302725,9.355141863302725,True,9.355141863302725,9.37807189027552
0.03939833333333334,39.39833333333334,0.00937465058231306,9.37465058231306,True,9.37465058231306,9.397658384806004
0.039574166666666674,39.57416666666668,0.009394159301323398,9.394159301323398,True,9.394159301323398,9.41724984904483
0.03959866220735785,39.598662207357854,0.009396877083050509,9.396877083050509,True,9.396877083050509,9.419979554504057
0.03975000000000001,39.75000000000001,0.009413702528108877,9.413702528108876,True,9.413702528108876,9.43684631876849
0.03992583333333334,39.925833333333344,0.009433251340324111,9.43325134032411,True,9.43325134032411,9.45644783113062
0.040101666666666674,40.101666666666674,0.009452800152539347,9.452800152539346,True,9.452800152539346,9.476054424643937
0.04021739130434783,40.21739130434783,0.00946566619544383,9.46566619544383,True,9.46566619544383,9.488961288056911
0.04027750000000001,40.27750000000001,0.009472362755484347,9.472362755484347,True,9.472362755484347,9.495666139162289
0.04045333333333334,40.45333333333334,0.00949195190911703,9.49195190911703,True,9.49195190911703,9.515283015862762
0.040629166666666675,40.62916666666668,0.009511541062749714,9.511541062749714,True,9.511541062749714,9.534905097227902
0.04080500000000001,40.80500000000001,0.009531130216382397,9.531130216382397,True,9.531130216382397,9.554532427027981
0.04083612040133779,40.836120401337794,0.009534597262768653,9.534597262768653,True,9.534597262768653,9.558006780183089
0.04098083333333334,40.980833333333344,0.009550752777881567,9.550752777881568,True,9.550752777881568,9.574165050303385
0.041156666666666675,41.15666666666667,0.00957038252371595,9.57038252371595,True,9.57038252371595,9.593803013347054
0.04133250000000001,41.33250000000001,0.009590012269550332,9.590012269550332,True,9.590012269550332,9.613446363687027
0.04145484949832776,41.45484949832776,0.009603671167494244,9.603671167494243,True,9.603671167494243,9.627117932310064
0.04150833333333334,41.50833333333334,0.009609654439531087,9.609654439531088,True,9.609654439531088,9.633095150069062
0.041684166666666675,41.68416666666668,0.009629325030960605,9.629325030960604,True,9.629325030960604,9.652749422439342
0.04186000000000001,41.86000000000001,0.009648995622390123,9.648995622390123,True,9.648995622390123,9.672409231927254
0.04203583333333334,42.03583333333334,0.00966866621381964,9.66866621381964,True,9.66866621381964,9.692074630828266
0.042073578595317726,42.07357859531773,0.009672888801271175,9.672888801271176,True,9.672888801271176,9.696296837456618
0.042211666666666675,42.21166666666667,0.009688369083802505,9.688369083802506,True,9.688369083802506,9.711745672586883
0.04238750000000001,42.38750000000001,0.009708080776867918,9.708080776867918,True,9.708080776867918,9.731422411779674
0.04256333333333334,42.56333333333334,0.00972779246993333,9.72779246993333,True,9.72779246993333,9.751104904098412
0.042692307692307696,42.69230769230769,0.009742251065065526,9.742251065065526,True,9.742251065065526,9.765545770876193
0.042739166666666675,42.73916666666668,0.009747515185392207,9.747515185392206,True,9.747515185392206,9.770793206333256
0.04291500000000001,42.915000000000006,0.009767268238820499,9.767268238820499,True,9.767268238820499,9.79048737635606
0.04309083333333334,43.09083333333334,0.009787021292248791,9.787021292248792,True,9.787021292248792,9.81018747310372
0.043266666666666675,43.26666666666667,0.009806774345677083,9.806774345677082,True,9.806774345677082,9.829893556561656
0.04331103678929766,43.31103678929766,0.009811758869295754,9.811758869295753,True,9.811758869295753,9.834867180858478
0.0434425,43.4425,0.009826558517991786,9.826558517991785,True,9.826558517991785,9.849605687747324
0.043618333333333335,43.61833333333333,0.00984635319323578,9.84635319323578,True,9.84635319323578,9.869323928693865
0.04379416666666667,43.79416666666667,0.009866147868479776,9.866147868479777,True,9.866147868479777,9.889048342433771
0.043929765886287615,43.92976588628761,0.009881413133972112,9.881413133972112,True,9.881413133972112,9.904263679689384
0.04397,43.97,0.009885952128069656,9.885952128069656,True,9.885952128069656,9.90877899298272
0.044145833333333336,44.145833333333336,0.009905788689348395,9.905788689348395,True,9.905788689348395,9.928515945323404
0.04432166666666667,44.321666666666665,0.009925625250627134,9.925625250627133,True,9.925625250627133,9.94825926538952
0.0444975,44.4975,0.009945461811905872,9.945461811905872,True,9.945461811905872,9.968009020049777
0.04454849498327759,44.54849498327759,0.00995121478883873,9.95121478883873,True,9.95121478883873,9.9737380347693
0.044673333333333336,44.67333333333334,0.009965328301062924,9.965328301062923,True,9.965328301062923,9.987765277092043
0.04484916666666667,44.84916666666667,0.00998520701540281,9.98520701540281,True,9.98520701540281,10.007528105207532
0.045025,45.025000000000006,0.010005085729742695,10.005085729742696,True,10.005085729742696,10.027297573975105
0.04516722408026756,45.16722408026756,0.010021164773518384,10.021164773518384,True,10.021164773518384,10.043293159889677
0.045200833333333336,45.200833333333335,0.010024972552916064,10.024972552916063,True,10.024972552916063,10.047073753845632
0.04537666666666667,45.37666666666667,0.010044893690192805,10.044893690192804,True,10.044893690192804,10.066856716126455
0.0455525,45.5525,0.010064814827469544,10.064814827469544,True,10.064814827469544,10.086646532965926
0.045728333333333336,45.72833333333334,0.010084735964746286,10.084735964746285,True,10.084735964746285,10.106443277338016
0.045785953177257525,45.785953177257525,0.010091264037660095,10.091264037660094,True,10.091264037660094,10.11293210666794
0.04590416666666667,45.90416666666667,0.010104685806524781,10.104685806524781,True,10.104685806524781,10.126247023027046
0.04608,46.080000000000005,0.010124649639506137,10.124649639506137,True,10.124649639506137,10.14605784461245
0.046255833333333336,46.255833333333335,0.010144613472487492,10.144613472487492,True,10.144613472487492,10.165875817453658
0.04640468227424749,46.40468227424749,0.010161513541089549,10.16151354108955,True,10.16151354108955,10.182658056140717
0.04643166666666667,46.43166666666667,0.010164583900107726,10.164583900107726,True,10.164583900107726,10.185701017675058
0.0466075,46.6075,0.010184590704497076,10.184590704497076,True,10.184590704497076,10.205533522151022
0.046783333333333336,46.78333333333334,0.010204597508886427,10.204597508886428,True,10.204597508886428,10.225373408491038
0.04695916666666667,46.95916666666667,0.010224604313275777,10.224604313275776,True,10.224604313275776,10.24522075502491
0.04702341137123746,47.02341137123746,0.010231914253962408,10.231914253962408,True,10.231914253962408,10.252474310515375
0.047135,47.135000000000005,0.010244638565352689,10.24463856535269,True,10.24463856535269,10.265075640788059
0.04731083333333334,47.310833333333335,0.010264688619833463,10.264688619833464,True,10.264688619833464,10.284938145506871
0.04748666666666667,47.48666666666667,0.01028473867431424,10.284738674314239,True,10.284738674314239,10.304808349584183
0.04764214046822743,47.64214046822743,0.010302467156920648,10.302467156920647,True,10.302467156920647,10.322384285079881
0.047662500000000003,47.6625,0.010304793769290197,10.304793769290198,True,10.304793769290198,10.324686334084797
0.04783833333333334,47.83833333333334,0.010324887355571178,10.324887355571178,True,10.324887355571178,10.344572180721123
0.04801416666666667,48.01416666666667,0.010344980941852159,10.344980941852159,True,10.344980941852159,10.364465971838868
0.048190000000000004,48.190000000000005,0.01036507452813314,10.36507452813314,True,10.36507452813314,10.384367790402836
0.04826086956521739,48.26086956521739,0.010373173241251952,10.373173241251951,True,10.373173241251951,10.392391500270996
0.04836583333333334,48.365833333333335,0.010385194270736744,10.385194270736744,True,10.385194270736744,10.404277719982796
0.04854166666666667,48.54166666666667,0.010405331673598217,10.405331673598218,True,10.405331673598218,10.424195844739447
0.048717500000000004,48.7175,0.010425469076459692,10.425469076459692,True,10.425469076459692,10.444122249410444
0.04887959866220736,48.879598662207364,0.01044403350905216,10.44403350905216,True,10.44403350905216,10.462499573900775
0.04889333333333334,48.89333333333334,0.010445609924404691,10.44560992440469,True,10.44560992440469,10.464057019296531
0.04906916666666667,49.06916666666667,0.010465791431745565,10.465791431745565,True,10.465791431745565,10.484000240247743
0.049245000000000004,49.245000000000005,0.010485972939086438,10.48597293908644,True,10.48597293908644,10.503951998649706
0.04942083333333334,49.420833333333334,0.010506154446427312,10.506154446427312,True,10.506154446427312,10.523912381409989
0.049498327759197325,49.49832775919732,0.010515048973391013,10.515048973391012,True,10.515048973391012,10.532712213541378
0.04959666666666668,49.59666666666668,0.010526360783015876,10.526360783015877,True,10.526360783015877,10.543881475944584
0.04977250000000001,49.77250000000001,0.010546586685901688,10.546586685901689,True,10.546586685901689,10.563859370164428
0.049948333333333345,49.948333333333345,0.010566812588787501,10.566812588787501,True,10.566812588787501,10.583846152462048
0.050117056856187295,50.1170568561873,0.010586220658481128,10.586220658481128,True,10.586220658481128,10.603033209068233
0.05012416666666668,50.124166666666675,0.010587040298703798,10.587040298703798,True,10.587040298703798,10.603841911698234
0.05030000000000001,50.30000000000001,0.010607310891415702,10.607310891415702,True,10.607310891415702,10.623846737188867
0.050475833333333345,50.47583333333335,0.010627581484127603,10.627581484127603,True,10.627581484127603,10.643860718691766
0.05065166666666668,50.65166666666668,0.010647852076839505,10.647852076839504,True,10.647852076839504,10.663883946393657
0.05073578595317726,50.735785953177256,0.01065754959985034,10.65754959985034,True,10.65754959985034,10.673466425361468
0.05082750000000001,50.827500000000015,0.010668146134806475,10.668146134806475,True,10.668146134806475,10.68391651089721
0.051003333333333345,51.003333333333345,0.010688461714891186,10.688461714891186,True,10.688461714891186,10.70395850320817
0.05117916666666668,51.17916666666668,0.010708777294975895,10.708777294975896,True,10.708777294975896,10.724010014722545
0.051354515050167214,51.354515050167215,0.010729036844517486,10.729036844517486,True,10.729036844517486,10.744015795165714
0.05135500000000001,51.35500000000001,0.010729092999965948,10.729092999965948,True,10.729092999965948,10.744071137213918
0.051530833333333345,51.53083333333335,0.010749453868286712,10.749453868286713,True,10.749453868286713,10.764141962820814
0.05170666666666668,51.70666666666668,0.010769814736607475,10.769814736607476,True,10.769814736607476,10.78422258403415
0.05188250000000001,51.882500000000014,0.01079017560492824,10.79017560492824,True,10.79017560492824,10.804313093684785
0.05197324414715719,51.97324414715719,0.010800683451171732,10.800683451171732,True,10.800683451171732,10.814685312108194
0.052058333333333345,52.058333333333344,0.010810558536335158,10.810558536335158,True,10.810558536335158,10.824413584931142
0.05223416666666668,52.23416666666668,0.010830964997123734,10.830964997123735,True,10.830964997123735,10.844524151246912
0.05241000000000001,52.41000000000001,0.010851371457912313,10.851371457912313,True,10.851371457912313,10.864644886408849
0.052585833333333346,52.58583333333335,0.010871777918700889,10.87177791870089,True,10.87177791870089,10.884775884484645
0.05259197324414716,52.59197324414716,0.01087249049035549,10.87249049035549,True,10.87249049035549,10.885479023875146
0.05276166666666668,52.76166666666668,0.010892228676827742,10.892228676827742,True,10.892228676827742,10.904917239820882
0.05293750000000001,52.937500000000014,0.010912681037737439,10.912681037737439,True,10.912681037737439,10.925069047031082
0.053113333333333346,53.113333333333344,0.010933133398647137,10.933133398647136,True,10.933133398647136,10.945231400983818
0.05321070234113712,53.210702341137115,0.010944459044651052,10.944459044651053,True,10.944459044651053,10.95640102554655
0.05328916666666668,53.28916666666668,0.01095360638098567,10.95360638098567,True,10.95360638098567,10.965404396790944
0.05346500000000001,53.46500000000001,0.010974104953145459,10.974104953145458,True,10.974104953145458,10.98558812979586
0.053640833333333346,53.64083333333335,0.010994603525305246,10.994603525305246,True,10.994603525305246,11.005782695561908
0.05381666666666668,53.81666666666668,0.011015102097465035,11.015102097465036,True,11.015102097465036,11.025988189860817
0.05382943143812709,53.82943143812709,0.011016590208871012,11.016590208871012,True,11.016590208871012,11.0274554530892
0.05399250000000001,53.992500000000014,0.01103564381794649,11.03564381794649,True,11.03564381794649,11.046204708661252
0.054168333333333346,54.168333333333344,0.011056188916016235,11.056188916016234,True,11.056188916016234,11.066432348117438
0.05434416666666668,54.34416666666668,0.01107673401408598,11.07673401408598,True,11.07673401408598,11.086671204557865
0.05444816053511706,54.448160535117054,0.011088885090252607,11.088885090252607,True,11.088885090252607,11.098646477008076
0.05452,54.519999999999996,0.01109729825107047,11.09729825107047,True,11.09729825107047,11.106921374474078
0.05469583333333333,54.69583333333333,0.011117890193297276,11.117890193297276,True,11.117890193297276,11.127182954509564
0.054871666666666666,54.87166666666666,0.011138482135524083,11.138482135524082,True,11.138482135524082,11.147456041448699
0.0550475,55.0475,0.011159074077750889,11.159074077750889,True,11.159074077750889,11.167740732205788
0.055066889632107034,55.066889632107035,0.011161344808655991,11.161344808655992,True,11.161344808655992,11.169978296156028
0.05522333333333333,55.22333333333333,0.011179707984894849,11.179707984894849,True,11.179707984894849,11.188037123814203
0.055399166666666666,55.399166666666666,0.011200347093170578,11.200347093170578,True,11.200347093170578,11.208345313415576
0.055575,55.575,0.01122098620144631,11.22098620144631,True,11.22098620144631,11.22866539824911
0.05568561872909699,55.68561872909699,0.01123397049676663,11.23397049676663,True,11.23397049676663,11.241455131701807
0.05575083333333333,55.75083333333333,0.011241642923838353,11.241642923838352,True,11.241642923838352,11.248997475640936
0.055926666666666666,55.92666666666667,0.011262329523758342,11.262329523758343,True,11.262329523758343,11.26934164299358
0.0561025,56.1025,0.011283016123678331,11.283016123678332,True,11.283016123678332,11.289697997775512
0.05627833333333333,56.278333333333336,0.01130370272359832,11.30370272359832,True,11.30370272359832,11.310066637510756
0.05630434782608695,56.30434782608695,0.011306763300301916,11.306763300301917,True,11.306763300301917,11.31308122125639
0.056454166666666666,56.454166666666666,0.011324430069417205,11.324430069417204,True,11.324430069417204,11.330447659768614
0.05663,56.63,0.011345164490340178,11.345164490340178,True,11.345164490340178,11.350841162153452
0.05680583333333333,56.80583333333333,0.011365898911263153,11.365898911263153,True,11.365898911263153,11.37124724229457
0.05692307692307692,56.92307692307693,0.011379724378222,11.379724378221999,True,11.379724378221999,11.384860813157639
0.05698166666666667,56.98166666666667,0.011386649377729792,11.386649377729793,True,11.386649377729793,11.391665997836178
0.0571575,57.1575,0.011407431952839064,11.407431952839064,True,11.407431952839064,11.412097526427418
0.05733333333333333,57.333333333333336,0.011428214527948335,11.428214527948334,True,11.428214527948334,11.432541925712506
0.05750916666666667,57.509166666666665,0.011448997103057607,11.448997103057607,True,11.448997103057607,11.452999293320936
0.05754180602006689,57.541806020066886,0.01145285490294514,11.452854902945141,True,11.452854902945141,11.456798160913266
0.057685,57.685,0.011469819168153787,11.469819168153787,True,11.469819168153787,11.473469726857768
0.057860833333333334,57.86083333333333,0.011490650234519709,11.490650234519709,True,11.490650234519709,11.493953323894017
0.05803666666666667,58.03666666666667,0.01151148130088563,11.51148130088563,True,11.51148130088563,11.514450181957095
0.05816053511705686,58.16053511705686,0.01152615606056746,11.52615606056746,True,11.52615606056746,11.528897517802138
0.0582125,58.2125,0.011532326798892887,11.532326798892887,True,11.532326798892887,11.534960398521372
0.058388333333333334,58.388333333333335,0.01155320669753664,11.55320669753664,True,11.55320669753664,11.555484070998787
0.05856416666666667,58.564166666666665,0.011574086596180394,11.574086596180393,True,11.574086596180393,11.57602129672957
0.05874,58.74,0.011594966494824147,11.594966494824147,True,11.594966494824147,11.596572172973028
0.05877926421404681,58.77926421404681,0.011599629051087412,11.599629051087412,True,11.599629051087412,11.601163131633875
0.058915833333333334,58.91583333333333,0.011615884589312052,11.615884589312053,True,11.615884589312053,11.61713679689842
0.05909166666666667,59.09166666666667,0.011636813665270794,11.636813665270795,True,11.636813665270795,11.637715265575928
0.0592675,59.2675,0.011657742741229535,11.657742741229535,True,11.657742741229535,11.658307675967688
0.05939799331103679,59.39799331103679,0.011673275088635013,11.673275088635013,True,11.673275088635013,11.673599239666792
0.059443333333333334,59.443333333333335,0.011678684587973017,11.678684587973017,True,11.678684587973017,11.67891412491892
0.05961916666666667,59.619166666666665,0.011699663190366388,11.699663190366389,True,11.699663190366389,11.69953470914915
0.059795,59.795,0.01172064179275976,11.720641792759759,True,11.720641792759759,11.720169525243483
0.059970833333333334,59.97083333333333,0.011741620395153132,11.741620395153133,True,11.741620395153133,11.740818669643993
0.06001672240802676,60.01672240802676,0.011747095401705888,11.747095401705888,True,11.747095401705888,11.746210063684144
0.06014666666666667,60.14666666666667,0.011762635859619964,11.762635859619964,True,11.762635859619964,11.761482238641184
0.0603225,60.3225,0.01178366434171805,11.783664341718051,True,11.783664341718051,11.78216032836553
0.060498333333333335,60.498333333333335,0.011804692823816135,11.804692823816135,True,11.804692823816135,11.802853034779098
0.06063545150501672,60.635451505016725,0.0118210912334004,11.8210912334004,True,11.8210912334004,11.818999805228689
0.06067416666666667,60.674166666666665,0.011825732367190684,11.825732367190684,True,11.825732367190684,11.823560453667275
0.06085,60.85,0.011846811086483411,11.846811086483411,True,11.846811086483411,11.844282680630535
0.061025833333333335,61.02583333333334,0.011867889805776138,11.867889805776137,True,11.867889805776137,11.865019811076346
0.06120166666666667,61.20166666666667,0.011888968525068865,11.888968525068865,True,11.888968525068865,11.885771940211107
0.061254180602006686,61.254180602006684,0.011895263841667853,11.895263841667854,True,11.895263841667854,11.891972640995597
0.0613775,61.377500000000005,0.01191008273157587,11.91008273157587,True,11.91008273157587,11.906539163032205
0.061553333333333335,61.553333333333335,0.011931212049843928,11.931212049843928,True,11.931212049843928,11.92732157432014
0.06172916666666667,61.72916666666667,0.011952341368111987,11.952341368111988,True,11.952341368111988,11.948119268630737
0.061872909698996656,61.87290969899666,0.01196961449955606,11.96961449955606,True,11.96961449955606,11.965132718383634
0.061905,61.905,0.01197347998772232,11.97347998772232,True,11.97347998772232,11.968932340287434
0.062080833333333335,62.08083333333334,0.011994660271109596,11.994660271109595,True,11.994660271109595,11.989760883373664
0.06225666666666667,62.25666666666667,0.012015840554496872,12.015840554496872,True,12.015840554496872,12.010604991725321
0.0624325,62.432500000000005,0.01203702083788415,12.03702083788415,True,12.03702083788415,12.031464758923297
0.06249163879598663,62.49163879598663,0.012044144495466211,12.044144495466211,True,12.044144495466211,12.038484151204711
0.06260833333333334,62.608333333333334,0.012058235191010578,12.058235191010578,True,12.058235191010578,12.052340278286113
0.06278416666666667,62.78416666666667,0.012079466810098197,12.079466810098197,True,12.079466810098197,12.073231642862629
0.06296,62.96,0.012100698429185819,12.100698429185819,True,12.100698429185819,12.094138945424842
0.06311036789297658,63.11036789297658,0.01211885513341342,12.11885513341342,True,12.11885513341342,12.11203101555171
0.06313583333333334,63.13583333333334,0.012121937537400353,12.121937537400353,True,12.121937537400353,12.11506227846076
0.06331166666666667,63.31166666666667,0.012143220867282313,12.143220867282313,True,12.143220867282313,12.136001734167365
0.0634875,63.487500000000004,0.012164504197164274,12.164504197164273,True,12.164504197164273,12.156957404443663
0.06366333333333334,63.663333333333334,0.012185787527046235,12.185787527046235,True,12.185787527046235,12.177929380883796
0.06372909698996655,63.72909698996655,0.01219374773329288,12.19374773329288,True,12.19374773329288,12.185777345824674
0.06383916666666667,63.83916666666667,0.012207103464978237,12.207103464978237,True,12.207103464978237,12.198917754770278
0.064015,64.015,0.01222843888533874,12.22843888533874,True,12.22843888533874,12.21992261706727
0.06419083333333334,64.19083333333333,0.012249774305699242,12.249774305699242,True,12.249774305699242,12.240944058413968
0.06434782608695652,64.34782608695652,0.012268823631151964,12.268823631151964,True,12.268823631151964,12.25972713091527
0.06436666666666667,64.36666666666667,0.012271115348749344,12.271115348749344,True,12.271115348749344,12.261982169118061
0.0645425,64.5425,0.012292503243941818,12.292503243941818,True,12.292503243941818,12.283037039149278
0.06471833333333334,64.71833333333333,0.012313891139134293,12.313891139134293,True,12.313891139134293,12.304108758133015
0.06489416666666667,64.89416666666666,0.012335279034326766,12.335279034326767,True,12.335279034326767,12.325197415344057
0.06496655518394649,64.9665551839465,0.0123440841794683,12.3440841794683,True,12.3440841794683,12.333884310549609
0.06507,65.07000000000001,0.012356698029993599,12.356698029993598,True,12.356698029993598,12.34630309970035
0.06524583333333334,65.24583333333334,0.012378138789121484,12.378138789121484,True,12.378138789121484,12.367425899756908
0.06542166666666667,65.42166666666667,0.012399579548249369,12.399579548249369,True,12.399579548249369,12.388565903699751
0.06558528428093646,65.58528428093646,0.012419530747434038,12.419530747434038,True,12.419530747434038,12.408252771789364
0.0655975,65.5975,0.01242102400737647,12.42102400737647,True,12.42102400737647,12.409723199339972
0.06577333333333334,65.77333333333334,0.012442518024375815,12.442518024375815,True,12.442518024375815,12.430897874107846
0.06594916666666667,65.94916666666667,0.012464012041375159,12.464012041375158,True,12.464012041375158,12.452090015047057
0.066125,66.125,0.012485506058374504,12.485506058374504,True,12.485506058374504,12.473299708808987
0.06620401337792642,66.20401337792642,0.0124951647212465,12.4951647212465,True,12.4951647212465,12.482836345691213
0.06630083333333334,66.30083333333333,0.012507029620634583,12.507029620634583,True,12.507029620634583,12.494527041647101
0.06647666666666667,66.47666666666667,0.012528577294358488,12.528577294358488,True,12.528577294358488,12.515772099411398
0.0666525,66.6525,0.012550124968082395,12.550124968082395,True,12.550124968082395,12.537034967542972
0.06682274247491639,66.82274247491638,0.012570987504405324,12.570987504405323,True,12.570987504405323,12.557638804124606
0.06682833333333334,66.82833333333333,0.012571674360735521,12.571674360735521,True,12.571674360735521,12.558315731068626
0.06700416666666667,67.00416666666668,0.012593276095040497,12.593276095040498,True,12.593276095040498,12.5796144745956
0.06718,67.18,0.01261487782934547,12.61487782934547,True,12.61487782934547,12.600931282306354
0.06735583333333334,67.35583333333334,0.012636479563650447,12.636479563650447,True,12.636479563650447,12.622266237953456
0.06744147157190636,67.44147157190636,0.012647000518016326,12.647000518016327,True,12.647000518016327,12.632663856747845
0.06753166666666667,67.53166666666667,0.012658109238529964,12.658109238529963,True,12.658109238529963,12.643619424854542
0.0677075,67.70750000000001,0.012679765442364242,12.679765442364241,True,12.679765442364241,12.664990925887363
0.06788333333333334,67.88333333333334,0.012701421646198521,12.70142164619852,True,12.70142164619852,12.68638082348491
0.06805916666666667,68.05916666666667,0.012723077850032799,12.723077850032798,True,12.723077850032798,12.70778919963064
0.06806020066889631,68.06020066889631,0.012723205201102279,12.723205201102278,True,12.723205201102278,12.707915148142483
0.068235,68.235,0.012744788614778837,12.744788614778837,True,12.744788614778837,12.729216135853754
0.06841083333333334,68.41083333333334,0.012766499702272704,12.766499702272704,True,12.766499702272704,12.750661713224595
0.06858666666666667,68.58666666666667,0.012788210789766571,12.788210789766572,True,12.788210789766572,12.7721260123501
0.06867892976588628,68.67892976588628,0.012799603010920764,12.799603010920764,True,12.799603010920764,12.78339625510605
0.0687625,68.7625,0.012809948161753518,12.809948161753518,True,12.809948161753518,12.793609113369348
0.06893833333333334,68.93833333333333,0.012831714552311715,12.831714552311714,True,12.831714552311714,12.815111095949195
0.06911416666666667,69.11416666666668,0.012853480942869911,12.853480942869911,True,12.853480942869911,12.836632039279984
0.06929,69.29,0.012875247333428107,12.875247333428108,True,12.875247333428108,12.85817202207134
0.06929765886287625,69.29765886287626,0.012876195423289319,12.87619542328932,True,12.87619542328932,12.859110684103086
0.06946583333333334,69.46583333333334,0.01289706702445827,12.89706702445827,True,12.89706702445827,12.879731122548055
0.06964166666666667,69.64166666666667,0.012918889142854516,12.918889142854516,True,12.918889142854516,12.901309418446052
0.0698175,69.81750000000001,0.012940711261250763,12.940711261250764,True,12.940711261250764,12.922906987008423
0.06991638795986622,69.91638795986623,0.012952983932918046,12.952983932918047,True,12.952983932918047,12.935061868874511
0.06999333333333334,69.99333333333334,0.012962557954647451,12.962557954647451,True,12.962557954647451,12.944523904981569
0.07016916666666667,70.16916666666667,0.012984436231121171,12.98443623112117,True,12.98443623112117,12.966160248611413
0.070345,70.345,0.01300631450759489,13.00631450759489,True,13.00631450759489,12.987816093639688
0.07052083333333334,70.52083333333334,0.013028192784068608,13.028192784068608,True,13.028192784068608,13.00949151530034
0.0705351170568562,70.5351170568562,0.013029970053749977,13.029970053749977,True,13.029970053749977,13.011253168205293
0.07069666666666667,70.69666666666667,0.013050123057051242,13.050123057051243,True,13.050123057051243,13.03118658831596
0.0708725,70.8725,0.013072057927406523,13.072057927406522,True,13.072057927406522,13.052901386894355
0.07104833333333334,71.04833333333333,0.013093992797761805,13.093992797761805,True,13.093992797761805,13.074635984725173
0.07115384615384615,71.15384615384615,0.013107155319309303,13.107155319309303,True,13.107155319309303,13.08768786385045
0.07122416666666667,71.22416666666668,0.013115950478099119,13.11595047809912,True,13.11595047809912,13.096390454976618
0.0714,71.4,0.013137942383806013,13.137942383806013,True,13.137942383806013,13.118164870292238
0.07157583333333334,71.57583333333334,0.013159934289512905,13.159934289512904,True,13.159934289512904,13.139959302787826
0.07175166666666667,71.75166666666667,0.013181926195219797,13.181926195219797,True,13.181926195219797,13.16177382404836
0.07177257525083612,71.77257525083613,0.013184541283057821,13.184541283057822,True,13.184541283057822,13.164369158619374
0.0719275,71.92750000000001,0.013203968748183768,13.203968748183769,True,13.203968748183769,13.183608505125076
0.07210333333333334,72.10333333333334,0.013226018136481946,13.226018136481946,True,13.226018136481946,13.20546341653257
0.07227916666666667,72.27916666666667,0.013248067524780124,13.248067524780124,True,13.248067524780124,13.227338628246043
0.07239130434782609,72.3913043478261,0.013262129518759696,13.262129518759696,True,13.262129518759696,13.241300174618459
0.072455,72.45500000000001,0.013270137900297012,13.270137900297012,True,13.270137900297012,13.249234209698583
0.07263083333333334,72.63083333333334,0.013292245224301901,13.292245224301901,True,13.292245224301901,13.271150229778545
0.07280666666666667,72.80666666666667,0.013314352548306789,13.314352548306788,True,13.314352548306788,13.293086756827018
0.0729825,72.9825,0.013336459872311678,13.336459872311679,True,13.336459872311679,13.315043858635377
0.07301003344481603,73.01003344481603,0.013339921620854912,13.339921620854913,True,13.339921620854913,13.318483951652055
0.07315833333333334,73.15833333333335,0.013358616447178917,13.358616447178917,True,13.358616447178917,13.337021602442915
0.07333416666666667,73.33416666666668,0.013380782165990325,13.380782165990325,True,13.380782165990325,13.359020054934545
0.07351,73.51,0.013402947884801732,13.402947884801732,True,13.402947884801732,13.381039282238623
0.07362876254180602,73.62876254180601,0.013417919204841543,13.417919204841544,True,13.417919204841544,13.39592344578176
0.07368583333333334,73.68583333333333,0.01342513270799362,13.425132707993619,True,13.425132707993619,13.403079349924798
0.07386166666666667,73.86166666666668,0.013447357286806986,13.447357286806985,True,13.447357286806985,13.425140323002013
0.0740375,74.03750000000001,0.013469581865620353,13.469581865620352,True,13.469581865620352,13.447222265916519
0.07421333333333334,74.21333333333334,0.01349180644443372,13.491806444433719,True,13.491806444433719,13.46932524255003
0.07424749163879599,74.24749163879599,0.013496123907667192,13.496123907667192,True,13.496123907667192,13.473621528043992
0.07438916666666667,74.38916666666667,0.013514078828623764,13.514078828623765,True,13.514078828623765,13.49144931621793
0.074565,74.56500000000001,0.013536362738844076,13.536362738844076,True,13.536362738844076,13.513594549667571
0.07474083333333334,74.74083333333334,0.013558646649064386,13.558646649064386,True,13.558646649064386,13.535761005076663
0.07486622073578596,74.86622073578596,0.01357453738812986,13.574537388129858,True,13.574537388129858,13.551580983325922
0.07491666666666667,74.91666666666667,0.0135809477183045,13.5809477183045,True,13.5809477183045,13.557948744051727
0.0750925,75.0925,0.01360329143766295,13.60329143766295,True,13.60329143766295,13.58015782762665
0.07526833333333334,75.26833333333335,0.0136256351570214,13.6256351570214,True,13.6256351570214,13.602388316261322
0.07544416666666667,75.44416666666667,0.013647978876379849,13.647978876379849,True,13.647978876379849,13.624640269840349
0.07548494983277591,75.48494983277591,0.01365316132728844,13.65316132728844,True,13.65316132728844,13.629804509399694
0.07562,75.62,0.013670368904490585,13.670368904490585,True,13.670368904490585,13.64691374767184
0.07579583333333334,75.79583333333333,0.013692772917164064,13.692772917164064,True,13.692772917164064,13.669208808486315
0.07597166666666667,75.97166666666668,0.013715176929837543,13.715176929837543,True,13.715176929837543,13.691525510435643
0.07610367892976588,76.10367892976588,0.013731997428883208,13.731997428883208,True,13.731997428883208,13.708294716114994
0.0761475,76.14750000000001,0.01373759609107537,13.737596091075371,True,13.737596091075371,13.713863911092114
0.07632333333333334,76.32333333333334,0.0137600608878089,13.760060887808901,True,13.760060887808901,13.736224067447552
0.07649916666666667,76.49916666666667,0.01378252568454243,13.78252568454243,True,13.78252568454243,13.758606035912546
0.07667500000000001,76.67500000000001,0.01380499048127596,13.80499048127596,True,13.80499048127596,13.781009872315751
0.07672240802675585,76.72240802675586,0.01381104741976662,13.81104741976662,True,13.81104741976662,13.7870541247499
0.07685083333333334,76.85083333333334,0.013827500036845014,13.827500036845015,True,13.827500036845015,13.803435631903254
0.07702666666666667,77.02666666666667,0.013850026115077156,13.850026115077156,True,13.850026115077156,13.825883369338053
0.07720250000000001,77.2025,0.013872552193309295,13.872552193309296,True,13.872552193309296,13.848353138699606
0.07734113712374582,77.34113712374582,0.013890313050344615,13.890313050344615,True,13.890313050344615,13.866085167520092
0.07737833333333334,77.37833333333334,0.013895091341850723,13.895091341850723,True,13.895091341850723,13.870844993483464
0.07755416666666667,77.55416666666667,0.013917679205842089,13.917679205842088,True,13.917679205842088,13.893358986600983
0.07773000000000001,77.73,0.013940267069833454,13.940267069833455,True,13.940267069833455,13.915895170379128
0.07790583333333334,77.90583333333333,0.01396285493382482,13.96285493382482,True,13.96285493382482,13.938453596560352
0.0779598662207358,77.95986622073579,0.013969796095028842,13.969796095028842,True,13.969796095028842,13.945390187246351
0.07808166666666667,78.08166666666668,0.013985485951176371,13.98548595117637,True,13.98548595117637,13.961034316302568
0.07825750000000001,78.25750000000001,0.014008136112141351,14.00813611214135,True,14.00813611214135,13.983637380179196
0.07843333333333334,78.43333333333334,0.01403078627310633,14.03078627310633,True,14.03078627310633,14.006262838179296
0.07857859531772576,78.57859531772576,0.014049498352700153,14.049498352700153,True,14.049498352700153,14.024971437180401
0.07860916666666667,78.60916666666668,0.01405344735548028,14.05344735548028,True,14.05344735548028,14.028910739707788
0.07878500000000001,78.78500000000001,0.014076160331722015,14.076160331722015,True,14.076160331722015,14.051581133585746
0.07896083333333334,78.96083333333334,0.01409887330796375,14.09887330796375,True,14.09887330796375,14.074274068050789
0.07913666666666667,79.13666666666667,0.014121586284205484,14.121586284205485,True,14.121586284205485,14.096989590757541
0.07919732441471573,79.19732441471574,0.01412942164718358,14.12942164718358,True,14.12942164718358,14.104831080989044
0.07931250000000001,79.31250000000001,0.014144340750387641,14.144340750387641,True,14.144340750387641,14.119727748778189
0.07948833333333334,79.48833333333334,0.014167117067436426,14.167117067436426,True,14.167117067436426,14.142488588603111
0.07966416666666667,79.66416666666667,0.014189893384485211,14.189893384485211,True,14.189893384485211,14.165272156141592
0.07981605351170569,79.81605351170569,0.014209567827735343,14.209567827735343,True,14.209567827735343,14.184971192896636
0.07984000000000001,79.84,0.014212678400402023,14.212678400402023,True,14.212678400402023,14.18807849672263
0.08001583333333334,80.01583333333335,0.014235518591157166,14.235518591157165,True,14.235518591157165,14.210907655095818
0.08019166666666667,80.19166666666668,0.01425835878191231,14.25835878191231,True,14.25835878191231,14.23375967543231
0.08036750000000001,80.3675,0.014281198972667452,14.281198972667452,True,14.281198972667452,14.256634601325871
0.08043478260869566,80.43478260869566,0.014289938769542024,14.289938769542024,True,14.289938769542024,14.265393757985887
0.08054333333333334,80.54333333333334,0.014304078929485653,14.304078929485653,True,14.304078929485653,14.279532475794017
0.08071916666666668,80.71916666666668,0.014326983534360961,14.326983534360961,True,14.326983534360961,14.30245334127922
0.08089500000000001,80.89500000000001,0.014349888139236272,14.349888139236272,True,14.349888139236272,14.325397239650224
0.08105351170568562,81.05351170568562,0.01437053637423252,14.37053637423252,True,14.37053637423252,14.346100672656938
0.08107083333333334,81.07083333333334,0.01437279914364333,14.37279914364333,True,14.37279914364333,14.348364212203423
0.08124666666666668,81.24666666666667,0.014395768710716303,14.395768710716304,True,14.395768710716304,14.37135429966432
0.08142250000000001,81.42250000000001,0.014418738277789276,14.418738277789277,True,14.418738277789277,14.394367542189098
0.08159833333333334,81.59833333333334,0.01444170784486225,14.441707844862249,True,14.441707844862249,14.417403979366233
0.08167224080267559,81.67224080267559,0.01445136257040301,14.45136257040301,True,14.45136257040301,14.427093745244822
0.08177416666666668,81.77416666666667,0.014464715391014583,14.464715391014582,True,14.464715391014582,14.440463650218227
0.08195000000000001,81.95,0.014487750476179423,14.487750476179423,True,14.487750476179423,14.463546593203402
0.08212583333333334,82.12583333333335,0.014510785561344264,14.510785561344264,True,14.510785561344264,14.486652846217789
0.08229096989966556,82.29096989966555,0.014532419314155404,14.532419314155405,True,14.532419314155405,14.508374696795183
0.08230166666666668,82.30166666666668,0.014533824666584896,14.533824666584895,True,14.533824666584895,14.509782446597088
0.08247750000000001,82.4775,0.014556925833709489,14.556925833709489,True,14.556925833709489,14.532935431118736
0.08265333333333334,82.65333333333334,0.014580027000834082,14.580027000834082,True,14.580027000834082,14.556111836004018
0.08282916666666668,82.82916666666668,0.014603128167958675,14.603128167958674,True,14.603128167958674,14.579311696920309
0.0829096989966555,82.9096989966555,0.014613708589649697,14.613708589649697,True,14.613708589649697,14.589945161998354
0.08300500000000001,83.00500000000001,0.014626265461279417,14.626265461279417,True,14.626265461279417,14.60253504898336
0.08318083333333334,83.18083333333334,0.01464943328236637,14.64943328236637,True,14.64943328236637,14.62578192675969
0.08335666666666668,83.35666666666667,0.014672601103453321,14.67260110345332,True,14.67260110345332,14.649052364269052
0.08352842809364547,83.52842809364547,0.014695232409670671,14.695232409670671,True,14.695232409670671,14.671806690281748
0.08353250000000001,83.53250000000001,0.01469577048153533,14.695770481535328,True,14.695770481535328,14.672346394986985
0.08370833333333334,83.70833333333334,0.014719005536887236,14.719005536887236,True,14.719005536887236,14.695664051847452
0.08388416666666668,83.88416666666667,0.014742240592239143,14.742240592239144,True,14.742240592239144,14.719005367245556
0.08406000000000001,84.06000000000002,0.01476547564759105,14.76547564759105,True,14.76547564759105,14.74237037304034
0.08414715719063545,84.14715719063545,0.014776992816209427,14.776992816209427,True,14.776992816209427,14.753960747060548
0.08423583333333334,84.23583333333335,0.01478874490740922,14.788744907409221,True,14.788744907409221,14.765759100557677
0.08441166666666668,84.41166666666668,0.014812047785798248,14.812047785798248,True,14.812047785798248,14.789171580593237
0.08458750000000001,84.5875,0.014835350664187275,14.835350664187276,True,14.835350664187276,14.812607843415538
0.08476333333333334,84.76333333333335,0.014858653542576303,14.858653542576302,True,14.858653542576302,14.836067918769084
0.08476588628762542,84.76588628762542,0.0148589918810601,14.858991881060101,True,14.858991881060101,14.836408715146728
0.08493916666666668,84.93916666666668,0.014882023848009997,14.882023848009997,True,14.882023848009997,14.859551835877578
0.08511500000000001,85.11500000000001,0.014905395146851968,14.905395146851967,True,14.905395146851967,14.88305962344724
0.08529083333333334,85.29083333333334,0.01492876644569394,14.92876644569394,True,14.92876644569394,14.906591309670167
0.08538461538461539,85.38461538461539,0.014941231706432476,14.941231706432475,True,14.941231706432475,14.91915189631642
0.08546666666666668,85.46666666666668,0.014952169955314124,14.952169955314124,True,14.952169955314124,14.93014692222783
0.08564250000000001,85.64250000000001,0.01497561028084722,14.97561028084722,True,14.97561028084722,14.953726488294608
0.08581833333333334,85.81833333333334,0.014999050606380316,14.999050606380315,True,14.999050606380315,14.977330034541428
0.08599416666666668,85.99416666666667,0.01502249093191341,15.02249093191341,True,15.02249093191341,15.000957587139489
0.08600334448160535,86.00334448160535,0.015023714425580776,15.023714425580776,True,15.023714425580776,15.002191513035543
0.08617000000000001,86.17000000000002,0.015045997264343965,15.045997264343965,True,15.045997264343965,15.02460917176406
0.08634583333333334,86.34583333333335,0.015069507231812202,15.069507231812203,True,15.069507231812203,15.048284813598372
0.08652166666666668,86.52166666666668,0.01509301719928044,15.093017199280439,True,15.093017199280439,15.071984537337578
0.08662207357859533,86.62207357859533,0.015106442203449325,15.106442203449324,True,15.106442203449324,15.085528710343816
0.08669750000000001,86.6975,0.015116557308593754,15.116557308593753,True,15.116557308593753,15.095708367192813
0.08687333333333334,86.87333333333335,0.015140137542435416,15.140137542435415,True,15.140137542435415,15.119456326895333
0.08704916666666668,87.04916666666668,0.01516371777627708,15.16371777627708,True,15.16371777627708,15.143228439700728
0.08722500000000001,87.22500000000001,0.015187298010118741,15.187298010118742,True,15.187298010118742,15.167024728393226
0.08724080267558527,87.24080267558527,0.015189417237335563,15.189417237335563,True,15.189417237335563,15.169164557897027
0.08740083333333334,87.40083333333334,0.015210942772143672,15.210942772143671,True,15.210942772143671,15.19084521529008
0.08757666666666668,87.57666666666668,0.015234593906184818,15.234593906184818,True,15.234593906184818,15.214689922246045
0.08775250000000001,87.75250000000001,0.015258245040225963,15.258245040225964,True,15.258245040225964,15.238558870657924
0.08785953177257523,87.85953177257522,0.015272641757571013,15.272641757571012,True,15.272641757571012,15.253100052167687
0.08792833333333334,87.92833333333334,0.01528192416845957,15.28192416845957,True,15.28192416845957,15.2624520814692
0.08810416666666668,88.10416666666667,0.01530564684611281,15.30564684611281,True,15.30564684611281,15.286369575174772
0.08828000000000001,88.28000000000002,0.015329369523766049,15.329369523766049,True,15.329369523766049,15.310311371825744
0.08845583333333334,88.45583333333335,0.015353092201419288,15.353092201419289,True,15.353092201419289,15.334277491034314
0.08847826086956521,88.47826086956522,0.01535611802822072,15.356118028220719,True,15.356118028220719,15.337336118803943
0.08863166666666668,88.63166666666667,0.015376877867186457,15.376877867186456,True,15.376877867186456,15.358267951978753
0.08880750000000001,88.8075,0.015400672741655214,15.400672741655214,True,15.400672741655214,15.382282773408448
0.08898333333333334,88.98333333333335,0.01542446761612397,15.42446761612397,True,15.42446761612397,15.406321973649051
0.08909698996655518,89.09698996655518,0.015439848347802008,15.439848347802009,True,15.439848347802009,15.42187361514684
0.08915916666666668,89.15916666666668,0.015448288254738247,15.448288254738246,True,15.448288254738246,15.430385570607681
0.08933500000000001,89.33500000000001,0.01547215598922658,15.47215598922658,True,15.47215598922658,15.454473581778252
0.08951083333333335,89.51083333333335,0.015496023723714914,15.496023723714913,True,15.496023723714913,15.478586024246837
0.08968666666666668,89.68666666666668,0.015519891458203247,15.519891458203247,True,15.519891458203247,15.502722914697157
0.08971571906354515,89.71571906354515,0.01552383505002284,15.52383505002284,True,15.52383505002284,15.506713332905912
0.08986250000000001,89.86250000000001,0.015543820576429099,15.543820576429098,True,15.543820576429098,15.526884269416122
0.09003833333333335,90.03833333333334,0.01556776184435741,15.56776184435741,True,15.56776184435741,15.551070104299477
0.09021416666666668,90.21416666666669,0.015591703112285719,15.59170311228572,True,15.59170311228572,15.575280434857516
0.09033444816053512,90.33444816053512,0.01560808050454082,15.60808050454082,True,15.60808050454082,15.591856000993065
0.09039000000000001,90.39000000000001,0.015615667828028888,15.615667828028888,True,15.615667828028888,15.599515276220899
0.09056583333333335,90.56583333333334,0.015639683313255593,15.639683313255594,True,15.639683313255594,15.623774643146517
0.09074166666666668,90.74166666666667,0.015663698798482294,15.663698798482294,True,15.663698798482294,15.648058550023489
0.09091750000000001,90.91750000000002,0.015687714283709,15.687714283709,True,15.687714283709,15.672367010879192
0.0909531772575251,90.9531772575251,0.015692587117743254,15.692587117743253,True,15.692587117743253,15.677302288514802
0.09109333333333335,91.09333333333335,0.0157117894808624,15.711789480862398,True,15.711789480862398,15.696700039385426
0.09126916666666668,91.26916666666668,0.015735879877911866,15.735879877911866,True,15.735879877911866,15.721057648864608
0.09144500000000001,91.44500000000001,0.015759970274961337,15.759970274961336,True,15.759970274961336,15.74543985229609
0.09157190635451504,91.57190635451504,0.015777357333549208,15.777357333549208,True,15.777357333549208,15.763052807922756
0.09162083333333335,91.62083333333335,0.015784081713092115,15.784081713092116,True,15.784081713092116,15.769846662322552
0.09179666666666668,91.79666666666668,0.01580824772738902,15.808247727389022,True,15.808247727389022,15.794278091256459
0.09197250000000001,91.97250000000001,0.01583241374168593,15.832413741685931,True,15.832413741685931,15.81873415108663
0.09214833333333335,92.14833333333334,0.015856579755982838,15.856579755982837,True,15.856579755982837,15.843214853484868
0.09219063545150502,92.19063545150502,0.01586239363423417,15.862393634234172,True,15.862393634234172,15.849108118322555
0.09232416666666668,92.32416666666668,0.015880803739645805,15.880803739645806,True,15.880803739645806,15.867720209812683
0.09250000000000001,92.50000000000001,0.01590504608775615,15.90504608775615,True,15.90504608775615,15.892250231128102
0.09267583333333335,92.67583333333334,0.01592928843586649,15.92928843586649,True,15.92928843586649,15.916804928192544
0.09280936454849496,92.80936454849497,0.01594769854127812,15.94769854127812,True,15.94769854127812,15.935468728940965
0.09285166666666668,92.85166666666667,0.015953549323556235,15.953549323556235,True,15.953549323556235,15.941384311477812
0.09302750000000001,93.02750000000002,0.01597786873343525,15.97786873343525,True,15.97786873343525,15.965988391173129
0.09320333333333335,93.20333333333335,0.016002188143314267,16.002188143314267,True,16.002188143314267,15.990617177192288
0.09337916666666668,93.37916666666668,0.016026507553193285,16.026507553193284,True,16.026507553193284,16.015270679180862
0.09342809364548495,93.42809364548495,0.016033274616237967,16.033274616237968,True,16.033274616237968,16.02213510275143
0.09355500000000001,93.555,0.01605088311561078,16.05088311561078,True,16.05088311561078,16.039948906523538
0.09373083333333335,93.73083333333335,0.016075280326858007,16.075280326858007,True,16.075280326858007,16.06465186835146
0.09390666666666668,93.90666666666668,0.016099677538105237,16.099677538105237,True,16.099677538105237,16.089379573549756
0.09404682274247492,94.04682274247492,0.016119124461645006,16.119124461645004,True,16.119124461645004,16.109107660257845
0.09408250000000001,94.08250000000001,0.016124090688031893,16.12409068803189,True,16.12409068803189,16.11413203076503
0.09425833333333335,94.25833333333334,0.016148566452153616,16.148566452153617,True,16.148566452153617,16.13890924841307
0.09443416666666668,94.43416666666668,0.01617304221627534,16.17304221627534,True,16.17304221627534,16.163711234686502
0.09461000000000001,94.61000000000001,0.016197517980397064,16.197517980397063,True,16.197517980397063,16.188537997562666
0.09466555183946487,94.66555183946487,0.016205250721928455,16.205250721928454,True,16.205250721928454,16.196386783436708
0.09478583333333335,94.78583333333334,0.016222048002228956,16.222048002228956,True,16.222048002228956,16.213389544811427
0.09496166666666668,94.96166666666669,0.01624660308290829,16.24660308290829,True,16.24660308290829,16.238265884003223
0.09513750000000001,95.13750000000002,0.016271158163587623,16.271158163587625,True,16.271158163587625,16.263167022517077
0.09528428093645484,95.28428093645485,0.016291656084365842,16.291656084365844,True,16.291656084365844,16.283972819837576
0.09531333333333335,95.31333333333335,0.016295726477734904,16.295726477734902,True,16.295726477734902,16.28809296754873
0.09548916666666668,95.48916666666668,0.016320361651109852,16.320361651109852,True,16.320361651109852,16.313043726118906
0.09566500000000001,95.66500000000002,0.0163449968244848,16.3449968244848,True,16.3449968244848,16.338019305081573
0.09584083333333335,95.84083333333335,0.016369631997859752,16.369631997859752,True,16.369631997859752,16.363019711132363
0.0959030100334448,95.9030100334448,0.016378343280061426,16.378343280061426,True,16.378343280061426,16.371866086841816
0.09601666666666668,96.01666666666668,0.01639431945214924,16.39431945214924,True,16.39431945214924,16.38804495081702
0.09619250000000001,96.19250000000001,0.016419035507098913,16.419035507098915,True,16.419035507098915,16.41309503053998
0.09636833333333335,96.36833333333335,0.016443751562048588,16.443751562048586,True,16.443751562048586,16.438169956572995
0.09652173913043478,96.52173913043478,0.016465315084953372,16.46531508495337,True,16.46531508495337,16.46006687607972
0.09654416666666668,96.54416666666668,0.016468478035724852,16.468478035724853,True,16.468478035724853,16.463269735063875
0.09672000000000001,96.72000000000001,0.01649327577416424,16.493275774164243,True,16.493275774164243,16.488394372045253
0.09689583333333335,96.89583333333334,0.016518073512603634,16.518073512603635,True,16.518073512603635,16.51354387344353
0.09707166666666668,97.07166666666669,0.016542871251043024,16.542871251043024,True,16.542871251043024,16.538718245087807
0.09714046822742477,97.14046822742476,0.016552574320850992,16.552574320850994,True,16.552574320850994,16.548575458005892
0.09724750000000001,97.24750000000002,0.01656771920741696,16.56771920741696,True,16.56771920741696,16.563917492718954
0.09742333333333335,97.42333333333335,0.016592599444600526,16.592599444600527,True,16.592599444600527,16.589141621998763
0.09759916666666668,97.59916666666668,0.016617479681784092,16.617479681784094,True,16.617479681784094,16.614390638519144
0.09775919732441472,97.75919732441473,0.01664012385650303,16.64012385650303,True,16.64012385650303,16.637392086632985
0.09777500000000001,97.77500000000002,0.016642367407876665,16.642367407876666,True,16.642367407876666,16.63966454781146
0.09795083333333335,97.95083333333335,0.016667330972711055,16.667330972711056,True,16.667330972711056,16.664963355355898
0.09812666666666668,98.12666666666668,0.01669229453754545,16.69229453754545,True,16.69229453754545,16.69028706659096
0.09830250000000001,98.30250000000001,0.016717258102379843,16.717258102379844,True,16.717258102379844,16.715635686922997
0.0983779264214047,98.3779264214047,0.01672796660869811,16.72796660869811,True,16.72796660869811,16.726517004423773
0.09847833333333335,98.47833333333335,0.01674226973149775,16.74226973149775,True,16.74226973149775,16.74100922173587
0.09865416666666668,98.65416666666668,0.01676731746686405,16.76731746686405,True,16.76731746686405,16.766407676400657
0.09883000000000002,98.83000000000001,0.01679236520223035,16.79236520223035,True,16.79236520223035,16.79183105628548
0.09899665551839465,98.99665551839465,0.016816105543398595,16.816105543398596,True,16.816105543398596,16.815950447341468
0.09900583333333335,99.00583333333334,0.016817417375712337,16.81741737571234,True,16.81741737571234,16.817279366765376
0.09918166666666668,99.18166666666669,0.01684255013879812,16.84255013879812,True,16.84255013879812,16.842752613232285
0.09935750000000002,99.35750000000002,0.016867682901883906,16.867682901883907,True,16.867682901883907,16.868250801105102
0.09953333333333335,99.53333333333335,0.016892815664969692,16.892815664969692,True,16.892815664969692,16.89377393583981
0.09961538461538462,99.61538461538461,0.016904543676909103,16.904543676909103,True,16.904543676909103,16.905692650058466
0.09970916666666667,99.70916666666666,0.016917994243239653,16.917994243239654,True,16.917994243239654,16.919322022939717
0.099885,99.885,0.016943212905881282,16.943212905881282,True,16.943212905881282,16.944895067965767
0.10006083333333333,100.06083333333333,0.016968431568522912,16.968431568522913,True,16.968431568522913,16.9704930765469
0.10023411371237458,100.23411371237458,0.01699328407708095,16.99328407708095,True,16.99328407708095,16.9957438513233
0.10023666666666667,100.23666666666666,0.016993651491231065,16.993651491231066,True,16.993651491231066,16.996116054390576
0.1004125,100.41250000000001,0.01701895694026657,17.01895694026657,True,17.01895694026657,17.02176400729328
0.10058833333333334,100.58833333333334,0.017044262389302074,17.044262389302073,True,17.044262389302073,17.047436941151215
0.10076416666666667,100.76416666666667,0.01706956783833758,17.06956783833758,True,17.06956783833758,17.07313486197097
0.10085284280936455,100.85284280936455,0.01708232986455392,17.08232986455392,True,17.08232986455392,17.086104299486006
0.10094,100.94,0.017094916752918906,17.094916752918905,True,17.094916752918905,17.098857775880386
0.10111583333333334,101.11583333333334,0.017120309890551886,17.120309890551887,True,17.120309890551887,17.1246056891394
0.10129166666666667,101.29166666666667,0.017145703028184866,17.145703028184865,True,17.145703028184865,17.150378608151044
0.1014675,101.4675,0.017171096165817846,17.171096165817847,True,17.171096165817847,17.176176539472507
0.10147157190635452,101.47157190635451,0.01717168421403674,17.171684214036738,True,17.171684214036738,17.176774258181744
0.10164333333333334,101.64333333333333,0.017196575858063636,17.196575858063635,True,17.196575858063635,17.201999489826257
0.10181916666666667,101.81916666666667,0.01722205760223857,17.22205760223857,True,17.22205760223857,17.227847466111275
0.101995,101.995,0.017247539346413505,17.247539346413504,True,17.247539346413504,17.253720475414383
0.10209030100334449,102.09030100334448,0.017261350355627755,17.261350355627755,True,17.261350355627755,17.26775401217277
0.10217083333333334,102.17083333333333,0.01727306210052768,17.273062100527678,True,17.273062100527678,17.279618525021593
0.10234666666666667,102.34666666666666,0.017298633385317137,17.298633385317135,True,17.298633385317135,17.305541622429622
0.1025225,102.52250000000001,0.017324204670106595,17.324204670106596,True,17.324204670106596,17.331489775357433
0.10269833333333334,102.69833333333334,0.01734977595489605,17.34977595489605,True,17.34977595489605,17.35746299175787
0.10270903010033444,102.70903010033445,0.017351331576177444,17.351331576177444,True,17.351331576177444,17.359043873348725
0.10287416666666667,102.87416666666667,0.017375432225894848,17.375432225894848,True,17.375432225894848,17.38346127982941
0.10305,103.05,0.017401094001898987,17.401094001898986,True,17.401094001898986,17.40948464802794
0.10322583333333334,103.22583333333334,0.017426755777903122,17.42675577790312,True,17.42675577790312,17.435533105078665
0.1033277591973244,103.3277591973244,0.017441631220694215,17.441631220694216,True,17.441631220694216,17.45064418688522
0.10340166666666667,103.40166666666667,0.01745245599647664,17.45245599647664,True,17.45245599647664,17.461606659988078
0.1035775,103.5775,0.017478209231235567,17.478209231235567,True,17.478209231235567,17.487705322056037
0.10375333333333334,103.75333333333333,0.017503962465994494,17.503962465994494,True,17.503962465994494,17.51382910088787
0.10392916666666667,103.92916666666667,0.01752971570075342,17.529715700753417,True,17.529715700753417,17.53997800640665
0.10394648829431438,103.94648829431438,0.01753225269379542,17.532252693795417,True,17.532252693795417,17.542555337560795
0.104105,104.105,0.017555552272397492,17.55555227239749,True,17.55555227239749,17.56615204886545
0.10428083333333334,104.28083333333333,0.017581397950816913,17.581397950816914,True,17.581397950816914,17.592351238859788
0.10445666666666667,104.45666666666666,0.017607243629236335,17.607243629236336,True,17.607243629236336,17.618575587340057
0.10456521739130437,104.56521739130437,0.017623199461205136,17.623199461205136,True,17.623199461205136,17.634777756232115
0.1046325,104.63250000000001,0.017633125064901077,17.633125064901076,True,17.633125064901076,17.644825105624108
0.10480833333333334,104.80833333333334,0.01765906418969182,17.65906418969182,True,17.65906418969182,17.6710998054099
0.10498416666666667,104.98416666666667,0.017685003314482563,17.685003314482564,True,17.685003314482564,17.697399698788203
0.10516,105.16,0.017710942439273302,17.710942439273303,True,17.710942439273303,17.723724798255432
0.10518394648829432,105.18394648829432,0.01771447505130079,17.71447505130079,True,17.71447505130079,17.727311926467554
0.10533583333333334,105.33583333333334,0.017736963166034146,17.736963166034148,True,17.736963166034148,17.750075116726517
0.10551166666666667,105.51166666666667,0.017762996758166057,17.762996758166057,True,17.762996758166057,17.7764506675479
0.1056875,105.6875,0.017789030350297972,17.78903035029797,True,17.78903035029797,17.802851464510564
0.10580267558528428,105.80267558528428,0.01780608305671036,17.80608305671036,True,17.80608305671036,17.820158391339085
0.10586333333333334,105.86333333333334,0.017815096889777216,17.815096889777216,True,17.815096889777216,17.82927752186322
0.10603916666666667,106.03916666666667,0.017841225988948096,17.841225988948096,True,17.841225988948096,17.855728854325495
0.106215,106.215,0.017867355088118975,17.867355088118977,True,17.867355088118977,17.882205477101262
0.10639083333333334,106.39083333333333,0.017893484187289855,17.893484187289854,True,17.893484187289854,17.908707405892027
0.10642140468227423,106.42140468227423,0.017898027135962447,17.898027135962447,True,17.898027135962447,17.91331776037246
0.10656666666666667,106.56666666666668,0.017919693062923698,17.9196930629237,True,17.9196930629237,17.9352346569104
0.1067425,106.7425,0.017945918728043773,17.94591872804377,True,17.94591872804377,17.96178724689367
0.10691833333333334,106.91833333333334,0.017972144393163848,17.97214439316385,True,17.97214439316385,17.98836519311743
0.1070401337792642,107.04013377926421,0.0179903110151911,17.9903110151911,True,17.9903110151911,18.006790716655747
0.10709416666666667,107.09416666666667,0.01799840006407462,17.99840006407462,True,17.99840006407462,18.01496851340933
0.10727,107.27000000000001,0.0180247233737673,18.0247233737673,True,18.0247233737673,18.041597226162843
0.10744583333333334,107.44583333333334,0.018051046683459984,18.051046683459983,True,18.051046683459983,18.068251350351208
0.10762166666666667,107.62166666666667,0.01807736999315267,18.077369993152672,True,18.077369993152672,18.094930905541375
0.10765886287625416,107.65886287625416,0.018082938489897876,18.082938489897874,True,18.082938489897874,18.100578024106145
0.1077975,107.7975,0.018103771157848312,18.10377115784831,True,18.10377115784831,18.12163591190808
0.10797333333333334,107.97333333333334,0.018130193210967843,18.130193210967843,True,18.130193210967843,18.14836639024798
0.10814916666666667,108.14916666666667,0.018156615264087374,18.156615264087375,True,18.156615264087375,18.175122361993882
0.10827759197324414,108.27759197324414,0.01817591342677334,18.17591342677334,True,18.17591342677334,18.19468053489517
0.108325,108.325,0.018183064242192754,18.183064242192753,True,18.183064242192753,18.201903849229062
0.10850083333333334,108.50083333333333,0.018209586158359447,18.209586158359446,True,18.209586158359446,18.228710874701644
0.10867666666666667,108.67666666666668,0.018236108074526136,18.236108074526136,True,18.236108074526136,18.25554346183909
0.1088525,108.8525,0.01826262999069283,18.26262999069283,True,18.26262999069283,18.282401634762756
0.10889632107023411,108.89632107023411,0.01826923976558051,18.269239765580508,True,18.269239765580508,18.289099197032105
0.10902833333333334,109.02833333333334,0.018289227738697962,18.289227738697964,True,18.289227738697964,18.309285418302537
0.10920416666666667,109.20416666666667,0.018315850658851805,18.315850658851804,True,18.315850658851804,18.336194838011586
0.10938,109.38000000000001,0.01834247357900565,18.34247357900565,True,18.34247357900565,18.363129920181148
0.10951505016722408,109.51505016722409,0.01836292152110292,18.36292152110292,True,18.36292152110292,18.383835062105817
0.10955583333333334,109.55583333333334,0.018369120195954023,18.36912019595402,True,18.36912019595402,18.39009069185542
0.10973166666666667,109.73166666666667,0.0183958452829274,18.3958452829274,True,18.3958452829274,18.417077180846565
0.1099075,109.9075,0.01842257036990078,18.42257036990078,True,18.42257036990078,18.44408941574974
0.11008333333333334,110.08333333333334,0.018449295456874154,18.449295456874154,True,18.449295456874154,18.47112742595827
0.11013377926421404,110.13377926421404,0.01845696278515988,18.456962785159877,True,18.456962785159877,18.47888929318485
0.11025916666666667,110.25916666666667,0.01847609424463991,18.47609424463991,True,18.47609424463991,18.498191241678843
0.110435,110.435,0.01850292268375026,18.50292268375026,True,18.50292268375026,18.525280893946867
0.11061083333333334,110.61083333333333,0.01852975112286061,18.52975112286061,True,18.52975112286061,18.552396414641812
0.110752508361204,110.752508361204,0.018551367728691995,18.551367728691996,True,18.551367728691996,18.574263172875895
0.11078666666666667,110.78666666666668,0.018556599874452316,18.556599874452317,True,18.556599874452317,18.579537836502727
0.1109625,110.9625,0.018583532874115558,18.58353287411556,True,18.58353287411556,18.606705193143785
0.11113833333333334,111.13833333333334,0.018610465873778802,18.610465873778804,True,18.610465873778804,18.633898519069934
0.11131416666666667,111.31416666666668,0.018637398873442044,18.637398873442045,True,18.637398873442045,18.661117849692612
0.11137123745819398,111.37123745819397,0.01864614060391969,18.64614060391969,True,18.64614060391969,18.66995811154051
0.11149,111.49000000000001,0.018664403328329447,18.664403328329445,True,18.664403328329445,18.688363221345583
0.11166583333333334,111.66583333333334,0.018691442120695144,18.691442120695143,True,18.691442120695143,18.71563467130081
0.11184166666666667,111.84166666666667,0.01871848091306084,18.71848091306084,True,18.71848091306084,18.742932237784427
0.11198996655518396,111.98996655518397,0.018741285746578237,18.741285746578235,True,18.741285746578235,18.765975655670204
0.1120175,112.01750000000001,0.018745536468086833,18.745536468086833,True,18.745536468086833,18.770255959992852
0.11219333333333335,112.19333333333336,0.01877268230969591,18.77268230969591,True,18.77268230969591,18.797605878108858
0.11236916666666667,112.36916666666667,0.018799828151304983,18.799828151304983,True,18.799828151304983,18.824982033317852
0.11254500000000002,112.54500000000002,0.01882697399291406,18.82697399291406,True,18.82697399291406,18.852384467824184
0.1126086956521739,112.6086956521739,0.01883680757823216,18.83680757823216,True,18.83680757823216,18.862317496419834
0.11272083333333334,112.72083333333335,0.0188541889225105,18.8541889225105,True,18.8541889225105,18.87981322486751
0.11289666666666669,112.89666666666669,0.018881443094976663,18.881443094976664,True,18.881443094976664,18.907268348739315
0.1130725,113.0725,0.01890869726744282,18.908697267442818,True,18.908697267442818,18.93474988479944
0.11322742474916388,113.22742474916387,0.01893271060867309,18.93271060867309,True,18.93271060867309,18.958985478299333
0.11324833333333335,113.24833333333335,0.018935964477144455,18.935964477144456,True,18.935964477144456,18.962257879492743
0.11342416666666667,113.42416666666668,0.01896332828786023,18.96332828786023,True,18.96332828786023,18.989792380365824
0.11360000000000002,113.60000000000002,0.01899069209857601,18.99069209857601,True,18.99069209857601,19.017353436083845
0.11377583333333334,113.77583333333334,0.01901805590929178,19.01805590929178,True,19.01805590929178,19.044941096447406
0.11384615384615385,113.84615384615385,0.01902899943840414,19.028999438404142,True,19.028999438404142,19.0559816080237
0.11395166666666669,113.95166666666668,0.01904548631139054,19.04548631139054,True,19.04548631139054,19.072555412409553
0.1141275,114.12750000000001,0.019072961094259117,19.072961094259117,True,19.072961094259117,19.100196436092816
0.11430333333333335,114.30333333333336,0.019100435877127703,19.1004358771277,True,19.1004358771277,19.127864220806373
0.1144648829431438,114.4648829431438,0.019125678761215167,19.125678761215166,True,19.125678761215166,19.153308063521376
0.11447916666666667,114.47916666666667,0.019127919785331803,19.1279197853318,True,19.1279197853318,19.15555882106325
0.11465500000000002,114.65500000000002,0.01915550690152579,19.15550690152579,True,19.15550690152579,19.18328029259768
0.11483083333333334,114.83083333333335,0.019183094017719775,19.183094017719775,True,19.183094017719775,19.21102869238245
0.11500666666666669,115.00666666666669,0.019210681133913762,19.210681133913763,True,19.210681133913763,19.238804078646425
0.11508361204013377,115.08361204013377,0.01922275336685268,19.22275336685268,True,19.22275336685268,19.250967203100938
0.11518250000000001,115.1825,0.019238332207215166,19.238332207215166,True,19.238332207215166,19.26660651089207
0.11535833333333335,115.35833333333335,0.01926603304596348,19.266033045963482,True,19.266033045963482,19.294436049913127
0.11553416666666667,115.53416666666668,0.019293733884711794,19.293733884711795,True,19.293733884711795,19.32229275781233
0.11570234113712374,115.70234113712374,0.01932022814378884,19.32022814378884,True,19.32022814378884,19.348961574776038
0.11571000000000002,115.71000000000002,0.01932143973870084,19.32143973870084,True,19.32143973870084,19.35017669801923
0.11588583333333334,115.88583333333334,0.019349255718105075,19.349255718105073,True,19.349255718105073,19.378087935308063
0.11606166666666669,116.06166666666668,0.019377071697509317,19.377071697509315,True,19.377071697509315,19.40602653581577
0.11623750000000001,116.23750000000001,0.019404887676913552,19.404887676913553,True,19.404887676913553,19.433992567060027
0.11632107023411371,116.32107023411372,0.019418108082094106,19.418108082094104,True,19.418108082094104,19.44729392574875
0.11641333333333335,116.41333333333336,0.019432764832512592,19.432764832512593,True,19.432764832512593,19.461986097957418
0.11658916666666667,116.58916666666667,0.019460697400394168,19.460697400394167,True,19.460697400394167,19.49000719884163
0.11676500000000002,116.76500000000001,0.019488629968275748,19.48862996827575,True,19.48862996827575,19.51805594148182
0.11693979933110368,116.93979933110369,0.01951639827641816,19.51639827641816,True,19.51639827641816,19.545967212051178
0.11694083333333334,116.94083333333334,0.01951656323045933,19.51656323045933,True,19.51656323045933,19.546132399100944
0.11711666666666669,117.11666666666669,0.019544613865238848,19.544613865238848,True,19.544613865238848,19.5742366463943
0.11729250000000001,117.2925,0.019572664500018367,19.572664500018366,True,19.572664500018366,19.602368759548057
0.11746833333333336,117.46833333333336,0.01960071513479789,19.600715134797888,True,19.600715134797888,19.63052881625791
0.11755852842809364,117.55852842809364,0.019615103929084287,19.615103929084288,True,19.615103929084288,19.644984608345407
0.11764416666666667,117.64416666666668,0.01962882400853002,19.62882400853002,True,19.62882400853002,19.658716895747798
0.11782000000000002,117.82000000000002,0.019656994220140393,19.656994220140394,True,19.656994220140394,19.686933078788762
0.11799583333333334,117.99583333333334,0.019685164431750758,19.68516443175076,True,19.68516443175076,19.715177447717767
0.11817166666666669,118.1716666666667,0.019713334643361127,19.713334643361126,True,19.713334643361126,19.743450086456765
0.1181772575250836,118.17725752508359,0.01971423035330248,19.71423035330248,True,19.71423035330248,19.744349517881794
0.11834750000000001,118.34750000000001,0.01974162212304659,19.74162212304659,True,19.74162212304659,19.771751080531693
0.11852333333333336,118.52333333333335,0.019769913453881457,19.769913453881458,True,19.769913453881458,19.800080517091665
0.11869916666666668,118.69916666666667,0.01979820478471632,19.79820478471632,True,19.79820478471632,19.828438484928178
0.11879598662207357,118.79598662207357,0.01981378297650684,19.81378297650684,True,19.81378297650684,19.844065582615517
0.11887500000000002,118.87500000000003,0.019826551250441176,19.826551250441177,True,19.826551250441177,19.856825074494438
0.11905083333333334,119.05083333333334,0.019854965276340404,19.854965276340405,True,19.854965276340405,19.885240377924724
0.11922666666666669,119.22666666666669,0.019883379302239632,19.883379302239632,True,19.883379302239632,19.913684489053956
0.11940250000000001,119.4025,0.019911793328138857,19.911793328138856,True,19.911793328138856,19.94215750343714
0.11941471571906354,119.41471571906354,0.019913767343823306,19.913767343823306,True,19.913767343823306,19.944136693481497
0.11957833333333336,119.57833333333336,0.01994032302351023,19.94032302351023,True,19.94032302351023,19.970659518369125
0.11975416666666668,119.75416666666668,0.019968861354784172,19.96886135478417,True,19.96886135478417,19.999190632904245
0.11993000000000002,119.93000000000002,0.019997399686058116,19.997399686058117,True,19.997399686058117,20.02775094787621
0.12003344481605352,120.03344481605352,0.020014189121673888,20.014189121673887,True,20.014189121673887,20.04456700082763
0.12010583333333334,120.10583333333334,0.020025989869969604,20.025989869969603,True,20.025989869969603,20.05634056591795
0.12028166666666669,120.2816666666667,0.020054654152464057,20.054654152464057,True,20.054654152464057,20.084959591481613
0.12045750000000001,120.45750000000001,0.020083318434958506,20.083318434958507,True,20.083318434958507,20.113608130858637
0.12063333333333336,120.63333333333335,0.02011198271745296,20.11198271745296,True,20.11198271745296,20.142286292199902
0.12065217391304348,120.65217391304347,0.020115054101524067,20.115054101524066,True,20.115054101524066,20.14536092500631
0.12080916666666668,120.80916666666667,0.02014076095767721,20.14076095767721,True,20.14076095767721,20.170994185535932
0.12098500000000002,120.98500000000003,0.02016955287388104,20.16955287388104,True,20.16955287388104,20.19973192279725
0.12116083333333334,121.16083333333334,0.020198344790084866,20.198344790084867,True,20.198344790084867,20.228499617834736
0.12127090301003345,121.27090301003345,0.020216368203780404,20.216368203780405,True,20.216368203780405,20.246523167124327
0.12133666666666669,121.33666666666669,0.020227185086146304,20.227185086146303,True,20.227185086146303,20.25729738644015
0.12151250000000001,121.5125,0.020256106356343874,20.256106356343874,True,20.256106356343874,20.286125346366664
0.12168833333333336,121.68833333333336,0.020285027626541448,20.28502762654145,True,20.28502762654145,20.314983617349526
0.12186416666666668,121.86416666666668,0.02031394889673902,20.31394889673902,True,20.31394889673902,20.343872321126785
0.1218896321070234,121.8896321070234,0.020318137481845695,20.318137481845696,True,20.318137481845696,20.348058719951013
0.12204,122.03999999999999,0.02034298229144812,20.34298229144812,True,20.34298229144812,20.372791581460117
0.12221583333333334,122.21583333333334,0.02037203467491875,20.37203467491875,True,20.37203467491875,20.401741524155714
0.12239166666666666,122.39166666666667,0.02040108705838938,20.40108705838938,True,20.40108705838938,20.43072227708526
0.12250836120401336,122.50836120401335,0.020420368126339655,20.420368126339657,True,20.420368126339657,20.449972878984767
0.12256750000000001,122.56750000000001,0.020430184145003527,20.430184145003526,True,20.430184145003526,20.45973397020702
0.12274333333333333,122.74333333333333,0.0204593694412703,20.4593694412703,True,20.4593694412703,20.48877673558696
0.12291916666666668,122.91916666666668,0.02048855473753708,20.48855473753708,True,20.48855473753708,20.51785070742001
0.123095,123.095,0.02051774003380385,20.51774003380385,True,20.51774003380385,20.546956022051337
0.12312709030100334,123.12709030100334,0.020523066469493364,20.523066469493365,True,20.523066469493365,20.55227125367787
0.12327083333333334,123.27083333333334,0.020547035490804243,20.54703549080424,True,20.54703549080424,20.5760928179978
0.12344666666666666,123.44666666666666,0.020576355540934767,20.576355540934767,True,20.576355540934767,20.605261235969376
0.12362250000000001,123.62250000000002,0.020605675591065294,20.605675591065296,True,20.605675591065296,20.63446141889077
0.12374581939799333,123.74581939799333,0.02062623898972632,20.62623898972632,True,20.62623898972632,20.65495977881962
0.12379833333333333,123.79833333333333,0.020635036449102338,20.635036449102337,True,20.635036449102337,20.66369351192304
0.12397416666666668,123.97416666666668,0.020664493137064012,20.664493137064014,True,20.664493137064014,20.692957662485338
0.12415,124.14999999999999,0.02069394982502568,20.69394982502568,True,20.69394982502568,20.722254020276715
0.12432583333333334,124.32583333333335,0.020723406512987354,20.723406512987353,True,20.723406512987353,20.751582737298044
0.12436454849498328,124.36454849498328,0.020729892316415456,20.729892316415455,True,20.729892316415455,20.75804472607779
0.12450166666666666,124.50166666666667,0.020752971257433195,20.752971257433195,True,20.752971257433195,20.78094396787397
0.12467750000000001,124.67750000000001,0.020782566511505885,20.782566511505884,True,20.782566511505884,20.810337868675028
0.12485333333333333,124.85333333333332,0.020812161765578572,20.812161765578573,True,20.812161765578573,20.839764598739706
0.12498327759197324,124.98327759197323,0.020834033234866167,20.834033234866165,True,20.834033234866165,20.861532715698434
0.12502916666666666,125.02916666666667,0.02084179369789952,20.84179369789952,True,20.84179369789952,20.86922431949678
0.12520499999999998,125.20499999999998,0.0208715294921486,20.8715294921486,True,20.8715294921486,20.898717194787565
0.12538083333333333,125.38083333333333,0.020901265286397686,20.901265286397685,True,20.901265286397685,20.92824339088832
0.12555666666666665,125.55666666666664,0.020931001080646765,20.931001080646766,True,20.931001080646766,20.957803076532755
0.1256020066889632,125.60200668896321,0.020938668691495632,20.938668691495632,True,20.938668691495632,20.96543072836395
0.1257325,125.7325,0.020960842675827606,20.960842675827607,True,20.960842675827607,20.98739642293458
0.12590833333333332,125.90833333333332,0.020990721031640593,20.990721031640593,True,20.990721031640593,21.017023603810163
0.12608416666666666,126.08416666666666,0.021020599387453584,21.020599387453583,True,21.020599387453583,21.04668479540126
0.12622073578595316,126.22073578595317,0.021043805799239985,21.043805799239987,True,21.043805799239987,21.069746117209515
0.12625999999999998,126.25999999999998,0.02105051004008352,21.05051004008352,True,21.05051004008352,21.076380176497818
0.12643583333333333,126.43583333333333,0.021080533027773605,21.080533027773605,True,21.080533027773605,21.106109928460917
0.12661166666666665,126.61166666666665,0.021110556015463685,21.110556015463686,True,21.110556015463686,21.135874235245698
0.1267875,126.7875,0.02114057900315377,21.140579003153768,True,21.140579003153768,21.16567328342448
0.12683946488294315,126.83946488294315,0.021149451843196908,21.149451843196907,True,21.149451843196907,21.17448661999784
0.12696333333333332,126.96333333333331,0.02117070537306582,21.170705373065818,True,21.170705373065818,21.195507262209862
0.12713916666666666,127.13916666666667,0.021200875113545976,21.200875113545976,True,21.200875113545976,21.225376363478013
0.12731499999999998,127.31499999999998,0.021231044854026125,21.231044854026123,True,21.231044854026123,21.25528078179193
0.1274581939799331,127.4581939799331,0.021255614286516566,21.25561428651657,True,21.25561428651657,21.27966037145218
0.12749083333333333,127.49083333333333,0.021261242239150942,21.261242239150942,True,21.261242239150942,21.2852207144249
0.12766666666666665,127.66666666666666,0.02129156090568241,21.29156090568241,True,21.29156090568241,21.31519636138391
0.1278425,127.8425,0.02132187957221388,21.321879572213877,True,21.321879572213877,21.345207925433293
0.12801833333333332,128.01833333333332,0.021352198238745346,21.352198238745345,True,21.352198238745345,21.375255612118316
0.1280769230769231,128.0769230769231,0.02136230077655423,21.362300776554232,True,21.362300776554232,21.385275915747755
0.12819416666666666,128.19416666666666,0.021382617692637055,21.382617692637055,True,21.382617692637055,21.40533962978896
0.12836999999999998,128.36999999999998,0.021413087512656297,21.413087512656297,True,21.413087512656297,21.435460189623694
0.12854583333333333,128.54583333333332,0.021443557332675542,21.443557332675542,True,21.443557332675542,21.46561750565342
0.12869565217391304,128.69565217391303,0.021469519151298983,21.469519151298982,True,21.469519151298982,21.491342219161414
0.12872166666666665,128.72166666666666,0.021474049853657605,21.474049853657604,True,21.474049853657604,21.495811794785414
0.1288975,128.8975,0.02150467311068603,21.50467311068603,True,21.50467311068603,21.526043276827437
0.12907333333333332,129.07333333333332,0.021535296367714455,21.535296367714455,True,21.535296367714455,21.556312174511852
0.12924916666666666,129.24916666666667,0.021565919624742882,21.565919624742882,True,21.565919624742882,21.586618713519876
0.129314381270903,129.314381270903,0.0215772774460938,21.5772774460938,True,21.5772774460938,21.59786868287968
0.12942499999999998,129.42499999999998,0.021596640883849938,21.596640883849936,True,21.596640883849936,21.616963122505886
0.12960083333333333,129.60083333333333,0.021627419919491086,21.627419919491086,True,21.627419919491086,21.647345633121844
0.12977666666666665,129.77666666666664,0.02165819895513223,21.65819895513223,True,21.65819895513223,21.677766480041736
0.12993311036789298,129.933110367893,0.021685583900663292,21.685583900663293,True,21.685583900663293,21.704865155965066
0.1299525,129.9525,0.021688995433765963,21.688995433765964,True,21.688995433765964,21.7082259009862
0.13012833333333332,130.12833333333333,0.02171993264979507,21.71993264979507,True,21.71993264979507,21.738724136747123
0.13030416666666667,130.30416666666667,0.02175086986582418,21.75086986582418,True,21.75086986582418,21.769261431212417
0.13047999999999998,130.48,0.02178180708185329,21.781807081853287,True,21.781807081853287,21.799838031390802
0.13055183946488294,130.55183946488293,0.021794446966466555,21.794446966466555,True,21.794446966466555,21.812341948480718
0.13065583333333333,130.65583333333333,0.021812839308566565,21.812839308566566,True,21.812839308566566,21.83045418743674
0.13083166666666665,130.83166666666665,0.02184393716911778,21.84393716911778,True,21.84393716911778,21.861110152675394
0.1310075,131.0075,0.021875035029669,21.875035029669,True,21.875035029669,21.89180618362771
0.13117056856187292,131.17056856187293,0.02190387531439362,21.90387531439362,True,21.90387531439362,21.920309844773406
0.13118333333333332,131.1833333333333,0.021906144735926125,21.906144735926123,True,21.906144735926123,21.922542540035572
0.13135916666666667,131.35916666666665,0.021937405769783026,21.937405769783027,True,21.937405769783027,21.953319484887032
0.13153499999999999,131.535,0.021968666803639923,21.968666803639923,True,21.968666803639923,21.9841372844416
0.13171083333333333,131.71083333333334,0.021999927837496824,21.999927837496823,True,21.999927837496823,22.014996208255734
0.13178929765886288,131.7892976588629,0.02201387784282538,22.01387784282538,True,22.01387784282538,22.028780116914803
0.13188666666666665,131.88666666666666,0.02203128066723926,22.031280667239262,True,22.031280667239262,22.045896529208193
0.1320625,132.0625,0.022062707470234675,22.062707470234674,True,22.062707470234674,22.076838523525733
0.13223833333333332,132.23833333333332,0.022094134273230082,22.094134273230082,True,22.094134273230082,22.107822470808674
0.13240802675585284,132.40802675585283,0.022124463686078257,22.124463686078258,True,22.124463686078258,22.13776453830111
0.13241416666666667,132.41416666666666,0.022125566957778273,22.125566957778272,True,22.125566957778272,22.13884865405669
0.13258999999999999,132.58999999999997,0.022157162195309874,22.157162195309873,True,22.157162195309873,22.169917359694573
0.13276583333333333,132.76583333333332,0.022188757432841485,22.188757432841484,True,22.188757432841484,22.201028877598194
0.13294166666666665,132.94166666666666,0.022220352670373086,22.220352670373085,True,22.220352670373085,22.23218350112044
0.13302675585284282,133.02675585284283,0.02223564222325616,22.23564222325616,True,22.23564222325616,22.247275397410988
0.1331175,133.1175,0.022252036246499515,22.252036246499515,True,22.252036246499515,22.26338152711733
0.13329333333333332,133.29333333333332,0.022283802656168115,22.283802656168113,True,22.283802656168113,22.294623255974102
0.13346916666666667,133.46916666666667,0.022315569065836722,22.315569065836723,True,22.315569065836723,22.325908991631533
0.13364499999999999,133.64499999999998,0.022347335475505322,22.34733547550532,True,22.34733547550532,22.357239041612175
0.13364548494983275,133.64548494983273,0.02234742308753408,22.34742308753408,True,22.34742308753408,22.35732551172176
0.13382083333333333,133.82083333333333,0.022379275390031844,22.379275390031843,True,22.379275390031843,22.38861371704683
0.13399666666666665,133.99666666666664,0.022411215784409674,22.411215784409674,True,22.411215784409674,22.420033332700974
0.1341725,134.1725,0.022443156178787504,22.443156178787504,True,22.443156178787504,22.45149820700137
0.13426421404682273,134.26421404682273,0.022459816175899382,22.459816175899384,True,22.459816175899384,22.467928241784072
0.13434833333333332,134.34833333333333,0.02247518119086501,22.475181190865012,True,22.475181190865012,22.4830086620627
0.13452416666666667,134.52416666666667,0.022507298460402045,22.507298460402044,True,22.507298460402044,22.514565023714322
0.1347,134.7,0.022539415729939075,22.539415729939076,True,22.539415729939076,22.54616762152705
0.13487583333333333,134.87583333333333,0.022571532999476108,22.57153299947611,True,22.57153299947611,22.577816788840106
0.13488294314381272,134.88294314381272,0.022572831659378612,22.57283165937861,True,22.57283165937861,22.579097505454698
0.13505166666666665,135.05166666666665,0.02260382284346857,22.603822843468567,True,22.603822843468567,22.60951286278806
0.1352275,135.2275,0.022636119959545273,22.636119959545272,True,22.636119959545272,22.641256184327943
0.13540333333333332,135.4033333333333,0.022668417075621974,22.668417075621974,True,22.668417075621974,22.673047098266366
0.13550167224080267,135.50167224080266,0.022686479993779665,22.686479993779667,True,22.686479993779667,22.690847792287766
0.13557916666666667,135.57916666666668,0.022700794801499932,22.70079480149993,True,22.70079480149993,22.704885953286784
0.135755,135.755,0.022733274819635652,22.733274819635653,True,22.733274819635653,22.736773101976777
0.13593083333333333,135.93083333333334,0.02276575483777138,22.76575483777138,True,22.76575483777138,22.768708900855515
0.13610666666666665,136.10666666666665,0.022798234855907103,22.798234855907104,True,22.798234855907104,22.800693710401166
0.13612040133779263,136.12040133779263,0.022800771930981567,22.80077193098157,True,22.80077193098157,22.803194178084333
0.1362825,136.2825,0.022830886386803223,22.830886386803222,True,22.830886386803222,22.832727895078555
0.13645833333333332,136.45833333333331,0.022863552450029995,22.863552450029996,True,22.863552450029996,22.864811823366736
0.13663416666666667,136.63416666666666,0.022896218513256766,22.896218513256766,True,22.896218513256766,22.896945867786776
0.1367391304347826,136.73913043478262,0.022915718530806317,22.915718530806316,True,22.915718530806316,22.91615233960016
0.13681,136.80999999999997,0.02292896086539489,22.928960865394888,True,22.928960865394888,22.929130404929566
0.13698583333333333,136.98583333333335,0.02296181620780714,22.96181620780714,True,22.96181620780714,22.961365815483727
0.13716166666666665,137.16166666666666,0.022994671550219385,22.994671550219387,True,22.994671550219387,22.993652484263578
0.1373375,137.3375,0.023027526892631635,23.027526892631634,True,23.027526892631634,23.025990800237242
0.13735785953177257,137.35785953177256,0.02303133117350978,23.03133117350978,True,23.03133117350978,23.02973856941194
0.13751333333333332,137.51333333333332,0.023060552541263636,23.060552541263636,True,23.060552541263636,23.05838115655476
0.13768916666666667,137.68916666666667,0.023093600491755233,23.093600491755232,True,23.093600491755232,23.09082395057636
0.137865,137.86499999999998,0.023126648442246822,23.12664844224682,True,23.12664844224682,23.123319583900763
0.13797658862876255,137.97658862876256,0.02314762157293177,23.147621572931772,True,23.147621572931772,23.14396979094175
0.13804083333333333,138.04083333333332,0.02315976801884017,23.15976801884017,True,23.15976801884017,23.155868462393595
0.13821666666666665,138.21666666666664,0.02319301200504098,23.19301200504098,True,23.19301200504098,23.188470996215855
0.1383925,138.3925,0.023226255991241795,23.226255991241796,True,23.226255991241796,23.221127599852515
0.13856833333333332,138.56833333333333,0.023259499977442605,23.259499977442605,True,23.259499977442605,23.253838692141155
0.1385953177257525,138.59531772575252,0.023264601790348127,23.264601790348127,True,23.264601790348127,23.258863573639843
0.13874416666666667,138.74416666666667,0.0232929129032897,23.2929129032897,True,23.2929129032897,23.286604696300707
0.13892,138.92,0.023326356455714865,23.326356455714865,True,23.326356455714865,23.31942603996027
0.13909583333333334,139.09583333333333,0.023359800008140034,23.359800008140034,True,23.359800008140034,23.35230315518802
0.13921404682274247,139.21404682274246,0.023382284249071312,23.38228424907131,True,23.38228424907131,23.37443814832582
0.13927166666666665,139.27166666666665,0.023393310149661794,23.393310149661794,True,23.393310149661794,23.385236478520206
0.1394475,139.4475,0.02342695690608788,23.42695690608788,True,23.42695690608788,23.418226450990204
0.13962333333333332,139.62333333333333,0.023460603662513964,23.460603662513964,True,23.460603662513964,23.451273518157684
0.13979916666666667,139.79916666666668,0.023494250418940054,23.494250418940055,True,23.494250418940055,23.484378130137845
0.13983277591973245,139.83277591973246,0.02350068174984944,23.500681749849438,True,23.500681749849438,23.490712422688027
0.139975,139.975,0.023528064571348557,23.52806457134856,True,23.52806457134856,23.517540741630732
0.14015083333333334,140.15083333333334,0.023561918281432,23.561918281432,True,23.561918281432,23.550761811950657
0.14032666666666666,140.32666666666665,0.02359577199151544,23.59577199151544,True,23.59577199151544,23.584041805055644
0.1404515050167224,140.4515050167224,0.023619807487117808,23.619807487117807,True,23.619807487117807,23.607705996941334
0.1405025,140.5025,0.02362968684339601,23.62968684339601,True,23.62968684339601,23.617381189577085
0.14067833333333332,140.6783333333333,0.02366375137355042,23.66375137355042,True,23.66375137355042,23.650780438849285
0.14085416666666667,140.85416666666666,0.023697815903704837,23.697815903704836,True,23.697815903704836,23.684240030939304
0.14103,141.03,0.02373188043385925,23.73188043385925,True,23.73188043385925,23.71776044867669
0.1410702341137124,141.0702341137124,0.023739675066161387,23.739675066161386,True,23.739675066161386,23.72543917964323
0.14120583333333334,141.20583333333335,0.023766110620037473,23.766110620037473,True,23.766110620037473,23.75134217968348
0.14138166666666666,141.38166666666666,0.023800389958587787,23.800389958587786,True,23.800389958587786,23.784985716404076
0.1415575,141.5575,0.02383466929713811,23.83466929713811,True,23.83466929713811,23.818691556135427
0.14168896321070235,141.68896321070235,0.023860298521251343,23.86029852125134,True,23.86029852125134,23.843933003668194
0.14173333333333332,141.73333333333332,0.02386900387941386,23.86900387941386,True,23.86900387941386,23.852460201057095
0.14190916666666667,141.90916666666666,0.02390350214204674,23.90350214204674,True,23.90350214204674,23.886292158261565
0.142085,142.08499999999998,0.02393800040467961,23.93800040467961,True,23.93800040467961,23.92018793978451
0.14226083333333334,142.26083333333332,0.023972498667312485,23.972498667312486,True,23.972498667312486,23.954148062635245
0.1423076923076923,142.3076923076923,0.0239816923348242,23.9816923348242,True,23.9816923348242,23.96320924234044
0.14243666666666666,142.43666666666667,0.024007160628039474,24.007160628039475,True,24.007160628039475,23.98817304882717
0.1426125,142.6125,0.02404188206357104,24.04188206357104,True,24.04188206357104,24.022263425408383
0.14278833333333332,142.78833333333333,0.024076603499102605,24.076603499102603,True,24.076603499102603,24.056419724492308
0.14292642140468229,142.9264214046823,0.024103871457777606,24.103871457777608,True,24.103871457777608,24.08329042572496
0.14296416666666667,142.96416666666667,0.024111373784005335,24.111373784005334,True,24.111373784005334,24.09064248328845
0.14314,143.14,0.02414632278048922,24.14632278048922,True,24.14632278048922,24.124932244133205
0.14331583333333334,143.31583333333333,0.02418127177697311,24.181271776973112,True,24.181271776973112,24.159289554520782
0.14349166666666666,143.49166666666665,0.024216220773456996,24.216220773456996,True,24.216220773456996,24.193714967134177
0.14354515050167224,143.54515050167225,0.02422685133096347,24.22685133096347,True,24.22685133096347,24.204199857076855
0.1436675,143.6675,0.02425133126760231,24.25133126760231,True,24.25133126760231,24.228209039876262
0.14384333333333332,143.84333333333333,0.024286512358802737,24.28651235880274,True,24.28651235880274,24.26277233590091
0.14401916666666667,144.01916666666668,0.02432169345000317,24.321693450003167,True,24.321693450003167,24.29740542364429
0.1441638795986622,144.1638795986622,0.024350647907965726,24.350647907965726,True,24.350647907965726,24.325961629449033
0.144195,144.195,0.02435691644862451,24.35691644862451,True,24.35691644862451,24.332108876856115
0.14437083333333334,144.37083333333334,0.02439233432088154,24.39233432088154,True,24.39233432088154,24.366883274631128
0.14454666666666666,144.54666666666665,0.024427752193138568,24.427752193138566,True,24.427752193138566,24.40172920144052
0.1447225,144.7225,0.0244631700653956,24.4631700653956,True,24.4631700653956,24.436647247163577
0.14478260869565218,144.7826086956522,0.02447527767925804,24.47527767925804,True,24.47527767925804,24.44860064245822
0.14489833333333332,144.8983333333333,0.024498746964536237,24.498746964536238,True,24.498746964536238,24.471638007119246
0.14507416666666667,145.07416666666668,0.024534406464052555,24.534406464052555,True,24.534406464052555,24.506702082097974
0.14525,145.25,0.024570065963568866,24.570065963568865,True,24.570065963568865,24.54184007839344
0.1454013377926421,145.40133779264212,0.02460075769784482,24.60075769784482,True,24.60075769784482,24.572142619209238
0.14542583333333334,145.42583333333334,0.024605759822931124,24.605759822931123,True,24.605759822931123,24.577052607834535
0.14560166666666666,145.60166666666666,0.02464166596351245,24.64166596351245,True,24.64166596351245,24.612340287817307
0.1457775,145.7775,0.024677572104093784,24.677572104093784,True,24.677572104093784,24.64770374133705
0.14595333333333332,145.95333333333332,0.02471347824467511,24.71347824467511,True,24.71347824467511,24.683143597020464
0.14602006688963207,146.02006688963206,0.02472710560649855,24.727105606498547,True,24.727105606498547,24.696614123377692
0.14612916666666667,146.12916666666666,0.02474954063932394,24.749540639323943,True,24.749540639323943,24.71866048915789
0.146305,146.30499999999998,0.024785698610608156,24.785698610608158,True,24.785698610608158,24.75425505773563
0.14648083333333334,146.48083333333335,0.024821856581892378,24.821856581892376,True,24.821856581892376,24.78992794846837
0.14663879598662208,146.63879598662209,0.0248543396667166,24.8543396667166,True,24.8543396667166,24.822042576450887
0.14665666666666666,146.65666666666667,0.02485804069399359,24.85804069399359,True,24.85804069399359,24.82567981283164
0.1468325,146.8325,0.02489445587020665,24.89445587020665,True,24.89445587020665,24.861511308094435
0.14700833333333332,147.00833333333333,0.0249308710464197,24.930871046419703,True,24.930871046419703,24.897423097351815
0.14718416666666667,147.18416666666667,0.02496728622263276,24.96728622263276,True,24.96728622263276,24.933415849557697
0.14725752508361203,147.25752508361202,0.024982478789531963,24.982478789531964,True,24.982478789531964,24.94845627512709
0.14736,147.35999999999999,0.025003854541868323,25.003854541868325,True,25.003854541868325,24.96949023955765
0.14753583333333334,147.53583333333333,0.025040532491148917,25.040532491148916,True,25.040532491148916,25.005646948121818
0.14771166666666666,147.71166666666664,0.025077210440429508,25.077210440429507,True,25.077210440429507,25.041886661977877
0.147876254180602,147.876254180602,0.025111542568325273,25.111542568325273,True,25.111542568325273,25.07588440887318
0.1478875,147.88750000000002,0.02511390556511801,25.11390556511801,True,25.11390556511801,25.078210073844176
0.14806333333333332,148.06333333333333,0.025150852059456733,25.15085205945673,True,25.15085205945673,25.11461788246281
0.14823916666666667,148.23916666666668,0.025187798553795465,25.187798553795464,True,25.187798553795464,25.151110792632945
0.148415,148.415,0.025224745048134187,25.22474504813419,True,25.22474504813419,25.187689515244077
0.14849498327759195,148.49498327759196,0.02524155131379908,25.241551313799082,True,25.241551313799082,25.204357077640516
0.14859083333333334,148.59083333333334,0.025261841194757363,25.261841194757363,True,25.261841194757363,25.224354767309475
0.14876666666666666,148.76666666666665,0.025299062220600653,25.299062220600653,True,25.299062220600653,25.261107271999645
0.1489425,148.9425,0.025336283246443946,25.336283246443948,True,25.336283246443948,25.297947758675964
0.14911371237458193,149.11371237458192,0.02537252609129137,25.37252609129137,True,25.37252609129137,25.333905309739205
0.14911833333333332,149.1183333333333,0.025373511650326284,25.373511650326282,True,25.373511650326282,25.33487696292425
0.14929416666666667,149.29416666666668,0.02541101341990025,25.41101341990025,True,25.41101341990025,25.37189562658858
0.14947,149.47,0.025448515189474212,25.44851518947421,True,25.44851518947421,25.40900449780506
0.14964583333333334,149.64583333333334,0.02548601695904818,25.486016959048182,True,25.486016959048182,25.44620433103579
0.14973244147157191,149.73244147157192,0.02550448876062232,25.50448876062232,True,25.50448876062232,25.4645610798706
0.14982166666666666,149.82166666666666,0.025523664462801156,25.523664462801158,True,25.523664462801158,25.483495887102787
0.1499975,149.9975,0.02556145342621594,25.561453426215937,True,25.561453426215937,25.52087993322213
0.15017333333333333,150.17333333333332,0.025599242389630714,25.599242389630714,True,25.599242389630714,25.558357243038067
0.15034916666666667,150.34916666666666,0.025637031353045497,25.637031353045497,True,25.637031353045497,25.59592859665727
0.15035117056856187,150.35117056856188,0.025637462018687607,25.637462018687607,True,25.637462018687607,25.596357327318223
0.150525,150.525,0.025675110861846175,25.675110861846175,True,25.675110861846175,25.633594780683172
0.15070083333333334,150.70083333333335,0.025713193720047735,25.713193720047734,True,25.713193720047734,25.67135658825038
0.15087666666666666,150.87666666666667,0.02575127657824929,25.75127657824929,True,25.75127657824929,25.709214819059127
0.15096989966555183,150.96989966555182,0.025771469445033647,25.77146944503365,True,25.77146944503365,25.72932797429694
0.1510525,151.0525,0.025789500770136555,25.789500770136556,True,25.789500770136556,25.747170279409904
0.15122833333333333,151.22833333333332,0.025827884488779363,25.827884488779365,True,25.827884488779365,25.785223782238084
0.15140416666666667,151.40416666666667,0.025866268207422178,25.866268207422177,True,25.866268207422177,25.823376147148657
0.15158,151.57999999999998,0.025904651926064986,25.904651926064986,True,25.904651926064986,25.861628200451076
0.1515886287625418,151.58862876254182,0.02590653555067337,25.906535550673368,True,25.906535550673368,25.863507944460462
0.15175583333333334,151.75583333333333,0.02594332863055354,25.94332863055354,True,25.94332863055354,25.899980775194177
0.15193166666666666,151.93166666666667,0.025982020454875708,25.98202045487571,True,25.98202045487571,25.93843471120112
0.1521075,152.10750000000002,0.026020712279197885,26.020712279197884,True,26.020712279197884,25.976990855104532
0.15220735785953177,152.20735785953175,0.0260426858304293,26.042685830429303,True,26.042685830429303,25.998933181567185
0.15228333333333333,152.28333333333333,0.026059540490572138,26.059540490572136,True,26.059540490572136,26.015650060381606
0.15245916666666667,152.45916666666668,0.02609854796136273,26.09854796136273,True,26.09854796136273,26.054413187389393
0.152635,152.635,0.026137555432153313,26.137555432153313,True,26.137555432153313,26.093281103400088
0.15281083333333334,152.81083333333333,0.0261765629029439,26.1765629029439,True,26.1765629029439,26.13225468263646
0.15282608695652175,152.82608695652175,0.02617994681912005,26.179946819120048,True,26.179946819120048,26.135640668304344
0.15298666666666666,152.98666666666665,0.026215865809930065,26.215865809930065,True,26.215865809930065,26.171334806307353
0.1531625,153.1625,0.02625519678068842,26.255196780688422,True,26.255196780688422,26.210522362643236
0.15333833333333333,153.33833333333334,0.026294527751446774,26.294527751446775,True,26.294527751446775,26.249818246931866
0.1534448160535117,153.44481605351172,0.026318346151941216,26.318346151941217,True,26.318346151941217,26.273668445270452
0.15351416666666667,153.51416666666668,0.026333989542298625,26.333989542298625,True,26.333989542298625,26.289223361554086
0.15369,153.69,0.02637365219769623,26.373652197696227,True,26.373652197696227,26.32873861601956
0.15386583333333334,153.86583333333334,0.026413314853093832,26.413314853093834,True,26.413314853093834,26.36836492700275
0.15404166666666666,154.04166666666666,0.026452977508491436,26.452977508491436,True,26.452977508491436,26.408103218378887
0.15406354515050166,154.06354515050165,0.02645791262942965,26.45791262942965,True,26.45791262942965,26.413055630116126
0.1542175,154.2175,0.026492938051524428,26.492938051524426,True,26.492938051524426,26.447954421260054
0.15439333333333333,154.39333333333332,0.026532940927292217,26.532940927292216,True,26.532940927292216,26.48791947403133
0.15456916666666667,154.56916666666666,0.02657294380306001,26.57294380306001,True,26.57294380306001,26.527999322387057
0.15468227424749165,154.68227424749165,0.026598676287443727,26.598676287443727,True,26.598676287443727,26.55384243684318
0.154745,154.745,0.02661307122492145,26.613071224921452,True,26.613071224921452,26.56819491936714
0.15492083333333334,154.92083333333335,0.0266534232292995,26.6534232292995,True,26.6534232292995,26.60850722539349
0.15509666666666666,155.09666666666666,0.026693775233677542,26.693775233677542,True,26.693775233677542,26.648937208306478
0.1552725,155.2725,0.02673412723805559,26.73412723805559,True,26.73412723805559,26.689485843401545
0.1553010033444816,155.30100334448161,0.02674066847264124,26.74066847264124,True,26.74066847264124,26.69607019526203
0.15544833333333333,155.44833333333332,0.026774779571494024,26.774779571494026,True,26.774779571494026,26.730154113465847
0.15562416666666667,155.62416666666667,0.02681549000839621,26.81549000839621,True,26.81549000839621,26.77094300881501
0.1558,155.79999999999998,0.026856200445298392,26.85620044529839,True,26.85620044529839,26.811853527329927
0.15591973244147156,155.91973244147155,0.026883921923992263,26.88392192399226,True,26.88392192399226,26.839781370607465
0.15597583333333334,155.97583333333336,0.02689702834539571,26.897028345395707,True,26.897028345395707,26.85288667449371
0.15615166666666666,156.15166666666667,0.026938106939460076,26.938106939460077,True,26.938106939460077,26.89404346342865
0.1563275,156.32750000000001,0.02697918553352445,26.97918553352445,True,26.97918553352445,26.93532491493333
0.15650333333333333,156.50333333333333,0.027020264127588817,27.020264127588817,True,27.020264127588817,26.976732057519722
0.15653846153846154,156.53846153846155,0.027028470860927235,27.028470860927236,True,27.028470860927236,26.985019583312713
0.15667916666666667,156.67916666666667,0.027061645468129676,27.061645468129676,True,27.061645468129676,27.01826592745053
0.156855,156.855,0.027103102391845522,27.10310239184552,True,27.10310239184552,27.059927568776402
0.15703083333333334,157.03083333333333,0.027144559315561378,27.144559315561377,True,27.144559315561377,27.101718033373444
0.15715719063545147,157.15719063545149,0.027174351078792763,27.174351078792764,True,27.174351078792764,27.131829628941784
0.15720666666666666,157.20666666666665,0.0271861256904096,27.1861256904096,True,27.1861256904096,27.14363838098064
0.1573825,157.38250000000002,0.027227971593535683,27.22797159353568,True,27.22797159353568,27.185689679237477
0.15755833333333333,157.55833333333334,0.027269817496661755,27.269817496661755,True,27.269817496661755,27.227873003721562
0.15773416666666668,157.73416666666668,0.027311663399787838,27.31166339978784,True,27.31166339978784,27.27018943798644
0.15777591973244148,157.77591973244148,0.027321600052369617,27.321600052369618,True,27.321600052369618,27.280257498280267
0.15791,157.91,0.02735381442516357,27.35381442516357,True,27.35381442516357,27.312640073599308
0.15808583333333334,158.08583333333334,0.027396060466678463,27.396060466678463,True,27.396060466678463,27.355226010179063
0.15826166666666666,158.26166666666666,0.027438306508193344,27.438306508193342,True,27.438306508193342,27.397948355434156
0.15839464882943144,158.39464882943145,0.027470257048300833,27.470257048300834,True,27.470257048300834,27.43035039758422
0.1584375,158.4375,0.02748065291681855,27.48065291681855,True,27.48065291681855,27.4408082252008
0.15861333333333333,158.61333333333332,0.027523310799674752,27.523310799674753,True,27.523310799674753,27.483806743481026
0.15878916666666668,158.7891666666667,0.027565968682530962,27.56596868253096,True,27.56596868253096,27.526945042481003
0.158965,158.965,0.027608626565387165,27.608626565387166,True,27.608626565387166,27.570224262649315
0.1590133779264214,159.01337792642138,0.027620363247385895,27.620363247385896,True,27.620363247385896,27.582156768987627
0.15914083333333334,159.14083333333335,0.027651591882378628,27.65159188237863,True,27.65159188237863,27.613645552715408
0.15931666666666666,159.31666666666666,0.027694673891367195,27.694673891367195,True,27.694673891367195,27.657210069728055
0.1594925,159.4925,0.027737755900355765,27.737755900355765,True,27.737755900355765,27.70091897909397
0.15963210702341135,159.63210702341135,0.02777196187782008,27.77196187782008,True,27.77196187782008,27.735726311068003
0.15966833333333333,159.66833333333332,0.027780927949906487,27.780927949906488,True,27.780927949906488,27.74477345461642
0.15984416666666668,159.84416666666667,0.027824446992979215,27.824446992979215,True,27.824446992979215,27.788774678534043
0.16002,160.01999999999998,0.027867966036051933,27.867966036051932,True,27.867966036051932,27.83292384155958
0.16019583333333334,160.19583333333335,0.027911485079124658,27.91148507912466,True,27.91148507912466,27.877222142918882
0.1602508361204013,160.25083612040132,0.027925098360600663,27.925098360600664,True,27.925098360600664,27.891109999570396
0.16037166666666666,160.37166666666667,0.027955313776209995,27.955313776209994,True,27.955313776209994,27.92167079038984
0.1605475,160.5475,0.02799928342965321,27.999283429653207,True,27.999283429653207,27.9662710003415
0.16072333333333333,160.72333333333333,0.028043253083096412,28.043253083096413,True,28.043253083096413,28.0110239977732
0.16086956521739132,160.8695652173913,0.028079820468486234,28.079820468486233,True,28.079820468486233,28.04836010828968
0.16089916666666668,160.89916666666667,0.02808730100296198,28.08730100296198,True,28.08730100296198,28.055931016353835
0.161075,161.075,0.028131735560869932,28.13173556086993,True,28.13173556086993,28.100993298461177
0.16125083333333334,161.25083333333333,0.028176170118777887,28.176170118777886,True,28.176170118777886,28.146212095221294
0.16142666666666666,161.42666666666668,0.02822060467668584,28.220604676685838,True,28.220604676685838,28.19158866654802
0.16148829431438128,161.48829431438128,0.028236178500085495,28.236178500085494,True,28.236178500085494,28.207530230111132
0.1616025,161.60250000000002,0.028265350980815257,28.265350980815256,True,28.265350980815256,28.237124281182588
0.16177833333333333,161.77833333333334,0.0283102655093742,28.3102655093742,True,28.3102655093742,28.282820216733214
0.16195416666666668,161.95416666666668,0.028355180037933147,28.355180037933145,True,28.355180037933145,28.32867775971494
0.16210702341137123,162.10702341137124,0.028394225470874154,28.394225470874154,True,28.394225470874154,28.368675298209475
0.16213,162.13,0.028400159362903618,28.40015936290362,True,28.40015936290362,28.374698205589358
0.16230583333333334,162.30583333333334,0.02844556976007088,28.44556976007088,True,28.44556976007088,28.420882858804625
0.16248166666666666,162.48166666666665,0.028490980157238135,28.490980157238134,True,28.490980157238134,28.467233032835356
0.1626575,162.6575,0.0285363905544054,28.536390554405397,True,28.536390554405397,28.513750050222818
0.1627257525083612,162.72575250836118,0.02855401732319597,28.55401732319597,True,28.55401732319597,28.531851607406022
0.16283333333333333,162.83333333333334,0.02858211461692677,28.58211461692677,True,28.58211461692677,28.560435242614965
0.16300916666666668,163.0091666666667,0.028628037678175018,28.62803767817502,True,28.62803767817502,28.60728995080682
0.163185,163.185,0.028673960739423257,28.673960739423258,True,28.673960739423258,28.654315524780678
0.16334448160535117,163.34448160535118,0.028715613157606252,28.715613157606253,True,28.715613157606253,28.69711683568435
0.16336083333333334,163.36083333333335,0.028719933128299978,28.719933128299978,True,28.719933128299978,28.70151332374661
0.16353666666666666,163.53666666666666,0.028766386619197594,28.766386619197593,True,28.766386619197593,28.748884716182907
0.1637125,163.7125,0.02881284011009522,28.81284011009522,True,28.81284011009522,28.7964310798767
0.16388833333333333,163.88833333333332,0.028859293600992836,28.859293600992835,True,28.859293600992835,28.844153801964577
0.16396321070234113,163.96321070234112,0.028879075488270418,28.879075488270416,True,28.879075488270416,28.864530065864113
0.16406416666666668,164.06416666666667,0.028906062445186075,28.906062445186077,True,28.906062445186077,28.892054278973376
0.16424,164.24,0.028953065181702972,28.95306518170297,True,28.95306518170297,28.940133916860976
0.16441583333333334,164.41583333333335,0.029000067918219876,29.000067918219877,True,29.000067918219877,28.988394131057245
0.1645819397993311,164.5819397993311,0.029044470525547154,29.044470525547155,True,29.044470525547155,29.034151807433304
0.16459166666666666,164.59166666666667,0.02904710214218576,29.04710214218576,True,29.04710214218576,29.036836346505
0.1647675,164.7675,0.02909467407975404,29.094674079754043,True,29.094674079754043,29.085461997701138
0.16494333333333333,164.94333333333333,0.029142246017322314,29.142246017322314,True,29.142246017322314,29.134272528737718
0.16511916666666668,165.11916666666667,0.02918981795489059,29.18981795489059,True,29.18981795489059,29.183269393343316
0.16520066889632107,165.20066889632108,0.02921186848937852,29.211868489378517,True,29.211868489378517,29.20604401853879
0.165295,165.295,0.029237706627669603,29.237706627669603,True,29.237706627669603,29.232454054924254
0.16547083333333334,165.47083333333333,0.029285868960194753,29.285868960194755,True,29.285868960194755,29.281827986606086
0.16564666666666666,165.64666666666668,0.029334031292719897,29.334031292719896,True,29.334031292719896,29.331392671275037
0.16581939799331102,165.81939799331101,0.02938134395769443,29.38134395769443,True,29.38134395769443,29.38027012813515
0.1658225,165.82250000000002,0.029382204438535005,29.382204438535005,True,29.382204438535005,29.381149601619644
0.16599833333333333,165.99833333333333,0.02943097970875107,29.43097970875107,True,29.43097970875107,29.431100280172366
0.16617416666666668,166.17416666666668,0.029479754978967147,29.479754978967147,True,29.479754978967147,29.481246219351387
0.16635,166.35,0.029528530249183216,29.528530249183216,True,29.528530249183216,29.531588941502353
0.166438127090301,166.438127090301,0.029552976254734617,29.552976254734617,True,29.552976254734617,29.556895058291886
0.16652583333333335,166.52583333333334,0.02957762323343554,29.57762323343554,True,29.57762323343554,29.582129978940422
0.16670166666666666,166.70166666666665,0.029627035456234557,29.627035456234555,True,29.627035456234555,29.632870873992115
0.1668775,166.8775,0.02967644767903358,29.676447679033583,True,29.676447679033583,29.68381317903754
0.16705333333333333,167.05333333333334,0.0297258599018326,29.7258599018326,True,29.7258599018326,29.734958456552413
0.16705685618729096,167.05685618729098,0.02972684988502488,29.72684988502488,True,29.72684988502488,29.735985246658846
0.16722916666666665,167.22916666666666,0.029775921427610545,29.775921427610545,True,29.775921427610545,29.786308279150422
0.167405,167.405,0.029825996228260564,29.825996228260564,True,29.825996228260564,29.83786422962553
0.16758083333333332,167.58083333333332,0.029876071028910572,29.876071028910573,True,29.876071028910573,29.889627900994324
0.16767558528428095,167.67558528428094,0.02990305501974414,29.90305501974414,True,29.90305501974414,29.91760866909011
0.16775666666666667,167.75666666666666,0.02992646399237911,29.92646399237911,True,29.92646399237911,29.941600896538585
0.16793249999999998,167.93249999999998,0.029977228761888516,29.977228761888515,True,29.977228761888515,29.993784829847858
0.16810833333333333,168.10833333333332,0.030027993531397932,30.027993531397932,True,30.027993531397932,30.046181324862086
0.16828416666666665,168.28416666666666,0.030078758300907338,30.07875830090734,True,30.07875830090734,30.098792015914384
0.1682943143812709,168.2943143812709,0.030081688043426383,30.081688043426382,True,30.081688043426382,30.10183486242607
0.16846,168.46,0.03013020085883487,30.130200858834872,True,30.130200858834872,30.15161854777387
0.16863583333333332,168.63583333333332,0.030181684929136747,30.181684929136747,True,30.181684929136747,30.204662575688566
0.16881166666666667,168.81166666666667,0.03023316899943863,30.23316899943863,True,30.23316899943863,30.257925765428407
0.16891304347826086,168.91304347826087,0.030262852170406,30.262852170406003,True,30.262852170406003,30.288734947433927
0.16898749999999998,168.98749999999998,0.030284970983633273,30.284970983633272,True,30.284970983633272,30.311409793328306
0.16916333333333333,169.16333333333333,0.030337205825770482,30.337205825770482,True,30.337205825770482,30.365116346331362
0.16933916666666665,169.33916666666664,0.030389440667907688,30.38944066790769,True,30.38944066790769,30.419047122032044
0.169515,169.515,0.030441675510044897,30.441675510044895,True,30.441675510044895,30.473203828719587
0.16953177257525084,169.53177257525084,0.030446658142199184,30.446658142199183,True,30.446658142199183,30.478381651906425
0.16969083333333332,169.69083333333333,0.03049462011624139,30.494620116241393,True,30.494620116241393,30.527588185421354
0.16986666666666667,169.86666666666667,0.030547639565354768,30.547639565354768,True,30.547639565354768,30.58220192194638
0.17004249999999999,170.0425,0.030600659014468137,30.60065901446814,True,30.60065901446814,30.6370467789289
0.1701505016722408,170.1505016722408,0.030633225019201016,30.633225019201017,True,30.633225019201017,30.670849333918927
0.17021833333333333,170.21833333333333,0.030653995206927295,30.653995206927295,True,30.653995206927295,30.692124507872098
0.17039416666666665,170.39416666666665,0.030707835718615312,30.707835718615314,True,30.707835718615314,30.747436871191745
0.17057,170.57,0.030761676230303337,30.761676230303337,True,30.761676230303337,30.802985642260147
0.17074583333333332,170.7458333333333,0.03081551674199136,30.81551674199136,True,30.81551674199136,30.85877260544995
0.17076923076923078,170.76923076923077,0.030822681082773768,30.82268108277377,True,30.82268108277377,30.866214005244906
0.17092166666666667,170.92166666666665,0.030870103191342604,30.870103191342604,True,30.870103191342604,30.914799556178245
0.17109749999999999,171.0975,0.030924804134910444,30.924804134910445,True,30.924804134910445,30.971068300950556
0.17127333333333333,171.27333333333334,0.03097950507847829,30.97950507847829,True,30.97950507847829,31.02758065740509
0.17138795986622074,171.38795986622074,0.03101516486714285,31.015164867142847,True,31.015164867142847,31.06455335492956
0.17144916666666665,171.44916666666666,0.03103452037033374,31.034520370333738,True,31.034520370333738,31.084338454356878
0.171625,171.625,0.031090124365634974,31.090124365634974,True,31.090124365634974,31.141343531842267
0.17180083333333332,171.80083333333332,0.031145728360936202,31.145728360936204,True,31.145728360936204,31.19859774116315
0.17197666666666667,171.97666666666666,0.03120133235623744,31.20133235623744,True,31.20133235623744,31.256102944931655
0.17200668896321067,172.00668896321068,0.031210826344688424,31.210826344688424,True,31.210826344688424,31.26594677302195
0.17215249999999999,172.15249999999997,0.03125772357421003,31.25772357421003,True,31.25772357421003,31.313861017114515
0.17232833333333333,172.32833333333335,0.03131427688027284,31.314276880272843,True,31.314276880272843,31.371873843077957
0.17250416666666665,172.50416666666666,0.031370830186335644,31.370830186335645,True,31.370830186335645,31.43014331963228
0.17262541806020068,172.62541806020067,0.03140982829345833,31.40982829345833,True,31.40982829345833,31.47047537446536
0.17268,172.68,0.031427693805300784,31.427693805300784,True,31.427693805300784,31.488671355076782
0.17285583333333332,172.85583333333332,0.031485246770814906,31.485246770814907,True,31.485246770814907,31.547459869244634
0.17303166666666667,173.03166666666667,0.03154279973632905,31.542799736329048,True,31.542799736329048,31.606510793547912
0.1732075,173.20749999999998,0.03160035270184317,31.60035270184317,True,31.60035270184317,31.665826071022618
0.17324414715719064,173.24414715719064,0.03161234788235873,31.612347882358726,True,31.612347882358726,31.678222023145874
0.17338333333333333,173.38333333333333,0.031658740485694455,31.658740485694455,True,31.658740485694455,31.725407656373953
0.17355916666666665,173.55916666666664,0.031717348073837186,31.717348073837186,True,31.717348073837186,31.78525751602143
0.173735,173.735,0.03177595566197992,31.775955661979918,True,31.775955661979918,31.84537762814436
0.1738628762541806,173.8628762541806,0.03181857851793206,31.818578517932057,True,31.818578517932057,31.889271356099556
0.17391083333333332,173.91083333333333,0.03183486730664826,31.83486730664826,True,31.83486730664826,31.905769982727108
0.17408666666666667,174.08666666666667,0.03189458970981653,31.894589709816533,True,31.894589709816533,31.966436581604736
0.1742625,174.2625,0.0319543121129848,31.954312112984802,True,31.954312112984802,32.027379438508504
0.17443833333333333,174.43833333333333,0.032014034516153075,32.014034516153075,True,32.014034516153075,32.08860057911154
0.17448160535117055,174.48160535117054,0.03202873200750006,32.02873200750006,True,32.02873200750006,32.103709807877635
0.17461416666666665,174.61416666666665,0.03207464724950665,32.07464724950665,True,32.07464724950665,32.150102041074646
0.17479,174.79,0.03213555061352813,32.13555061352813,True,32.13555061352813,32.21188587409206
0.17496583333333332,174.9658333333333,0.032196453977549604,32.1964539775496,True,32.1964539775496,32.2739541399374
0.17510033444816053,175.10033444816054,0.03224304110754553,32.24304110754553,True,32.24304110754553,32.32162563507024
0.17514166666666667,175.14166666666668,0.03225765209363753,32.25765209363753,True,32.25765209363753,32.336308912509736
0.1753175,175.3175,0.032319809376278014,32.319809376278016,True,32.319809376278016,32.398952277879516
0.17549333333333333,175.49333333333334,0.0323819666589185,32.3819666589185,True,32.3819666589185,32.46188633433491
0.17566916666666665,175.66916666666665,0.03244412394155898,32.444123941558985,True,32.444123941558985,32.52511319242791
0.1757190635451505,175.71906354515048,0.03246176254466115,32.46176254466115,True,32.46176254466115,32.54310894098826
0.175845,175.845,0.032507237180644986,32.507237180644985,True,32.507237180644985,32.58863497502079
0.17602083333333332,176.02083333333331,0.03257072917616536,32.57072917616536,True,32.57072917616536,32.652453817332386
0.17619666666666667,176.19666666666666,0.03263422117168574,32.63422117168574,True,32.63422117168574,32.716571866984786
0.17633779264214047,176.33779264214047,0.03268518062080001,32.68518062080001,True,32.68518062080001,32.76825170050377
0.1763725,176.37249999999997,0.03269799436100902,32.69799436100902,True,32.69799436100902,32.7809912840497
0.17654833333333333,176.54833333333335,0.03276291093179892,32.76291093179892,True,32.76291093179892,32.84571424109527
0.17672416666666665,176.72416666666666,0.03282782750258882,32.827827502588825,True,32.827827502588825,32.9107429232328
0.1769,176.9,0.03289274407337873,32.89274407337873,True,32.89274407337873,32.97607952816356
0.17695652173913043,176.95652173913044,0.03291361154719538,32.91361154719538,True,32.91361154719538,32.997147785048476
0.17707583333333332,177.07583333333332,0.032958695430620626,32.95869543062062,True,32.95869543062062,33.041726266225695
0.17725166666666667,177.25166666666667,0.033025136999482674,33.025136999482676,True,33.025136999482676,33.10768536044129
0.1774275,177.42749999999998,0.033091578568344715,33.091578568344715,True,33.091578568344715,33.17395904656335
0.1775752508361204,177.5752508361204,0.033147408695468054,33.14740869546805,True,33.14740869546805,33.22989298777078
0.17760333333333334,177.60333333333332,0.03315828171249071,33.15828171249071,True,33.15828171249071,33.24054957312308
0.17777916666666665,177.77916666666667,0.03322636108634366,33.22636108634366,True,33.22636108634366,33.307459201477094
0.177955,177.955,0.03329444046019662,33.29444046019662,True,33.29444046019662,33.3746902058547
0.17813083333333332,178.13083333333333,0.033362519834049566,33.362519834049564,True,33.362519834049564,33.44224487340537
0.17819397993311037,178.19397993311037,0.033386969014943015,33.38696901494301,True,33.38696901494301,33.46658504885093
0.17830666666666667,178.30666666666667,0.03343173050525416,33.43173050525416,True,33.43173050525416,33.51012550424627
0.1784825,178.4825,0.033501575124917776,33.50157512491778,True,33.50157512491778,33.57833441150976
0.17865833333333334,178.65833333333333,0.03357141974458141,33.571419744581405,True,33.571419744581405,33.646873921391126
0.17881270903010033,178.81270903010034,0.033632740949279025,33.632740949279025,True,33.632740949279025,33.70732368097459
0.17883416666666666,178.83416666666665,0.03364149746432062,33.64149746432062,True,33.64149746432062,33.71574637319631
0.17901,179.01,0.033713252208762666,33.71325220876267,True,33.71325220876267,33.78495411938978
0.17918583333333332,179.18583333333333,0.0337850069532047,33.7850069532047,True,33.7850069532047,33.854499525642375
0.17936166666666667,179.36166666666668,0.03385676169764675,33.85676169764675,True,33.85676169764675,33.92438497087937
0.1794314381270903,179.4314381270903,0.03388523430416076,33.88523430416076,True,33.88523430416076,33.95221059496478
0.1795375,179.5375,0.033929768662265644,33.929768662265644,True,33.929768662265644,33.99461284732855
0.17971333333333334,179.71333333333334,0.034003599384075656,34.003599384075656,True,34.003599384075656,34.06518556056835
0.17988916666666666,179.88916666666665,0.03407743010588565,34.077430105885654,True,34.077430105885654,34.13610552957614
0.18005016722408027,180.05016722408027,0.034145032688060024,34.14503268806003,True,34.14503268806003,34.20134952557198
0.180065,180.065,0.034151452091865334,34.15145209186533,True,34.15145209186533,34.20737518677657
0.18024083333333332,180.2408333333333,0.03422755013145065,34.22755013145065,True,34.22755013145065,34.278996978089886
0.18041666666666667,180.41666666666666,0.03430364817103598,34.30364817103598,True,34.30364817103598,34.35097336298064
0.1805925,180.5925,0.0343797462106213,34.3797462106213,True,34.3797462106213,34.42330681450601
0.18066889632107025,180.66889632107024,0.03441280939696241,34.41280939696241,True,34.41280939696241,34.454846257422766
0.18076833333333334,180.76833333333335,0.03445725238685812,34.45725238685812,True,34.45725238685812,34.49599981936474
0.18094416666666666,180.94416666666666,0.034535840418405045,34.535840418405044,True,34.535840418405044,34.569054877945646
0.18112,181.12,0.034614428449951974,34.61442844995197,True,34.61442844995197,34.64247450437664
0.1812876254180602,181.2876254180602,0.03468934798536002,34.689347985360016,True,34.689347985360016,34.71280865112651
0.18129583333333332,181.29583333333332,0.034693144930714,34.693144930714,True,34.693144930714,34.716261226573565
0.18147166666666667,181.47166666666666,0.03477448465412243,34.77448465412243,True,34.77448465412243,34.790417586289166
0.1816475,181.64749999999998,0.034855824377530854,34.85582437753085,True,34.85582437753085,34.86494613916225
0.18182333333333334,181.82333333333332,0.034937164100939284,34.937164100939285,True,34.937164100939285,34.93984945476684
0.18190635451505016,181.90635451505017,0.03497556933292727,34.975569332927265,True,34.975569332927265,34.97534666954066
0.18199916666666666,181.99916666666667,0.035020120456557995,35.020120456558,True,35.020120456558,35.01513011666139
0.182175,182.175,0.03510452290209234,35.104522902092334,True,35.104522902092334,35.09079072243813
0.18235083333333332,182.35083333333333,0.03518892534762667,35.18892534762667,True,35.18892534762667,35.16683388377251
0.18252508361204012,182.5250836120401,0.03527256790492275,35.27256790492275,True,35.27256790492275,35.242572404194156
0.18252666666666667,182.52666666666667,0.03527335873857174,35.273358738571744,True,35.273358738571744,35.243262226472716
0.1827025,182.7025,0.035361198358431566,35.361198358431565,True,35.361198358431565,35.32007839052918
0.18287833333333334,182.87833333333333,0.0354490379782914,35.4490379782914,True,35.4490379782914,35.39728503016436
0.18305416666666666,183.05416666666665,0.035536877598151224,35.53687759815122,True,35.53687759815122,35.47488481388239
0.18314381270903007,183.14381270903007,0.035581661338150126,35.58166133815013,True,35.58166133815013,35.51460010186921
0.18323,183.23000000000002,0.03562662630211076,35.626626302110765,True,35.626626302110765,35.55288042451898
0.18340583333333332,183.40583333333333,0.035718360702942195,35.71836070294219,True,35.71836070294219,35.63127455929131
0.18358166666666667,183.58166666666668,0.03581009510377364,35.81009510377364,True,35.81009510377364,35.71006992984805
0.1837575,183.7575,0.035901829504605076,35.901829504605075,True,35.901829504605075,35.78926926231943
0.18376254180602003,183.76254180602004,0.035904459876478195,35.90445987647819,True,35.90445987647819,35.79154619134149
0.18393333333333334,183.93333333333334,0.03599789985565481,35.99789985565481,True,35.99789985565481,35.86887529736743
0.18410916666666666,184.10916666666665,0.03609409820497386,36.09409820497386,True,36.09409820497386,35.948890790235986
0.184285,184.285,0.03619029655429293,36.19029655429293,True,36.19029655429293,36.02931851080142
0.18438127090301004,184.38127090301003,0.03624296632845608,36.242966328456085,True,36.242966328456085,36.0735293102785
0.18446083333333332,184.4608333333333,0.036288841925623455,36.28884192562346,True,36.28884192562346,36.11016124362272
0.18463666666666667,184.63666666666668,0.03639022720427596,36.39022720427596,True,36.39022720427596,36.19142178799224
0.1848125,184.8125,0.036491612482928454,36.49161248292845,True,36.49161248292845,36.273102957986055
0.18498833333333334,184.98833333333334,0.03659299776158096,36.59299776158096,True,36.59299776158096,36.35520758251484
0.185,185.0,0.036599724746894394,36.599724746894395,True,36.599724746894395,36.3606703322963
0.18516416666666666,185.16416666666666,0.03667679291997257,36.67679291997257,False,,36.43773850537447
0.18534,185.34,0.03675975299989506,36.75975299989506,False,,36.52069858529697
0.18551583333333332,185.51583333333332,0.03684314511059944,36.84314511059944,False,,36.60409069600134
0.18569166666666667,185.69166666666666,0.03692697214084277,36.92697214084277,False,,36.68791772624468
0.1858675,185.86749999999998,0.0370112369944712,37.011236994471204,False,,36.77218257987311
0.18604333333333334,186.04333333333335,0.037095942590471206,37.0959425904712,False,,36.85688817587311
0.18621916666666666,186.21916666666667,0.037181091863020724,37.181091863020725,False,,36.94203744842263
0.186395,186.395,0.0372666877615407,37.2666877615407,False,,37.0276333469426
0.18657083333333332,186.57083333333333,0.037352733250746215,37.35273325074621,False,,37.11367883614812
0.18674666666666667,186.74666666666667,0.037439231310698276,37.439231310698275,False,,37.20017689610018
0.1869225,186.92249999999999,0.037526184936855236,37.52618493685524,False,,37.28713052225714
0.18709833333333334,187.09833333333333,0.03761359714012452,37.61359714012452,False,,37.374542725526425
0.18727416666666666,187.27416666666664,0.037701470946914326,37.70147094691433,False,,37.46241653231623
0.18745,187.45000000000002,0.03778980939918558,37.78980939918558,False,,37.550754984587485
0.18762583333333333,187.62583333333333,0.03787861555450374,37.87861555450374,False,,37.639561139905645
0.18780166666666667,187.80166666666668,0.03796789248609082,37.967892486090825,False,,37.72883807149273
0.1879775,187.9775,0.03805764328287754,38.05764328287754,False,,37.81858886827945
0.18815333333333334,188.15333333333334,0.038147871049555485,38.147871049555484,False,,37.90881663495738
0.18832916666666666,188.32916666666665,0.03823857890662925,38.23857890662925,False,,37.99952449203116
0.188505,188.505,0.038329769990468956,38.329769990468954,False,,38.09071557587087
0.18868083333333333,188.68083333333334,0.03842144745336251,38.42144745336251,False,,38.18239303876442
0.18885666666666667,188.85666666666668,0.03851361446356824,38.51361446356824,False,,38.274560048970145
0.1890325,189.0325,0.03860627420536737,38.60627420536737,False,,38.367219790769276
0.18920833333333334,189.20833333333334,0.03869942987911679,38.699429879116785,False,,38.46037546451869
0.18938416666666666,189.38416666666666,0.038793084701301675,38.79308470130167,False,,38.55403028670358
0.18956,189.56,0.038887241904588574,38.88724190458857,False,,38.648187489990484
0.18973583333333333,189.73583333333332,0.03898190473787806,38.98190473787806,False,,38.74285032327997
0.18991166666666667,189.91166666666666,0.039077076466357843,39.077076466357845,False,,38.83802205175976
0.1900875,190.0875,0.03917276037155591,39.17276037155591,False,,38.93370595695781
0.19026333333333334,190.26333333333335,0.03926895975139366,39.26895975139366,False,,39.029905336795565
0.19043916666666666,190.43916666666667,0.03936567792023911,39.36567792023911,False,,39.126623505641014
0.190615,190.615,0.03946291820896032,39.46291820896032,False,,39.22386379436222
0.19079083333333333,190.79083333333332,0.03956068396497871,39.56068396497871,False,,39.321629550380614
0.19096666666666667,190.96666666666667,0.03965897855232273,39.65897855232273,False,,39.419924137724635
0.1911425,191.14249999999998,0.03975780535168122,39.75780535168122,False,,39.51875093708313
0.19131833333333334,191.31833333333333,0.039857167760457335,39.85716776045734,False,,39.61811334585924
0.19149416666666666,191.49416666666667,0.03995706919282206,39.95706919282206,False,,39.718014778223974
0.19167,191.67000000000002,0.04005751307976832,40.05751307976832,False,,39.818458665170226
0.19184583333333333,191.84583333333333,0.040158502869164545,40.15850286916454,False,,39.91944845456646
0.19202166666666667,192.02166666666668,0.04026004202580907,40.26004202580907,False,,40.02098761121098
0.1921975,192.1975,0.04036213403148392,40.36213403148392,False,,40.123079616885825
0.19237333333333334,192.37333333333333,0.04046478238500914,40.46478238500914,False,,40.22572797041104
0.19254916666666666,192.54916666666665,0.04056799060229696,40.56799060229696,False,,40.328936187698865
0.192725,192.725,0.040671762216406296,40.67176221640629,False,,40.432707801808206
0.19290083333333333,192.90083333333334,0.04077610077759698,40.77610077759698,False,,40.53704636299888
0.19307666666666667,193.07666666666668,0.04088100985338432,40.88100985338432,False,,40.64195543878623
0.1932525,193.2525,0.04098649302859378,40.98649302859378,False,,40.74743861399568
0.19342833333333334,193.42833333333334,0.041092553905415594,41.09255390541559,False,,40.8534994908175
0.19360416666666666,193.60416666666666,0.041199196103459484,41.199196103459485,False,,40.96014168886139
0.19378,193.78,0.04130642325980956,41.306423259809556,False,,41.06736884521146
0.19395583333333333,193.95583333333332,0.041414239029079175,41.41423902907918,False,,41.17518461448108
0.19413166666666667,194.13166666666666,0.04152264708346608,41.522647083466076,False,,41.283592668867975
0.1943075,194.3075,0.0416316511128073,41.6316511128073,False,,41.3925966982092
0.19448333333333334,194.48333333333335,0.04174125482463449,41.74125482463449,False,,41.5022004100364
0.19465916666666666,194.65916666666666,0.04185146194422909,41.851461944229094,False,,41.61240752963099
0.194835,194.835,0.04196227621467774,41.96227621467774,False,,41.72322180007965
0.19501083333333333,195.01083333333332,0.04207370139692761,42.0737013969276,False,,41.83464698232952
0.19518666666666667,195.18666666666667,0.042185741269841995,42.185741269842,False,,41.9466868552439
0.1953625,195.36249999999998,0.04229839963025582,42.29839963025582,False,,42.05934521565773
0.19553833333333334,195.53833333333336,0.04241168029303148,42.41168029303148,False,,42.17262587843339
0.19571416666666666,195.71416666666667,0.04252558709111433,42.525587091114325,False,,42.286532676516224
0.19589,195.89000000000001,0.042640123875588784,42.640123875588785,False,,42.40106946099069
0.19606583333333333,196.06583333333333,0.04275529451573411,42.75529451573411,False,,42.51624010113602
0.19624166666666668,196.24166666666667,0.04287110289908046,42.871102899080455,False,,42.63204848448236
0.1964175,196.4175,0.04298755293146492,42.98755293146492,False,,42.748498516866825
0.19659333333333334,196.59333333333333,0.043104648537087814,43.10464853708781,False,,42.86559412248972
0.19676916666666666,196.76916666666665,0.04322239365856881,43.222393658568805,False,,42.98333924397071
0.196945,196.94500000000002,0.04334079225700334,43.340792257003336,False,,43.10173784240525
0.19712083333333333,197.12083333333334,0.043459848312019,43.459848312019005,False,,43.220793897420904
0.19729666666666668,197.29666666666668,0.04357956582183212,43.57956582183212,False,,43.340511407234025
0.1974725,197.4725,0.04369994880330426,43.69994880330426,False,,43.460894388706166
0.19764833333333334,197.64833333333334,0.04382100129199892,43.821001291998925,False,,43.58194687740083
0.19782416666666666,197.82416666666666,0.043942727342238336,43.942727342238335,False,,43.70367292764024
0.198,198.0,0.04406513102716031,44.06513102716031,False,,43.82607661256222
